Workbook

Sheet Лист1

Sheet Биаксплен Новосибирск
A1: =T37 -> 174135.18
A2: ="Отчет по хранению товара за " & TEXT(B5,"ММММ ГГГГ") -> Отчет по хранению товара за Март 2026
A3: № | B3: дата | D3: Выгрузка кол-во | E3: Загрузка кол-во | F3: Хранение | G3: Резервирование 70 т | H3: Мин. Суточный резерв 0 т | I3: переконсолидация (тонн) | J3: Паллетирование | K3: Ночная загруска выгрузка | L3: стоимость ночной загруски | M3: стоимость выгрузки | N3: стоимость загрузки | O3: стоимость хранения | P3: Стоимость резервирования | Q3: Стоимость мин.суточной бработки | R3: стоимость переконс. | S3: Стоимость паллетирования | T3: итого
A5: 1 | B5: 46082 | F5: =60.367+D5-E5 -> 60.367 | G5: =IF(OR(B5="",NOT(ISERROR(SEARCH("KPI",$A$2))),NOT(ISERROR(SEARCH("Полиом",$A$2)))),0,IF(70-F5<=0,0,70-F5)) -> 9.633 | L5: =SUM(K5*240) -> 0 | M5: =SUM(D5*120) -> 0 | N5: =SUM(E5*120) -> 0 | O5: =SUM(F5*54) -> 3259.818 | P5: =SUM(G5*54) -> 520.182 | Q5: =SUM(H5*120) -> 0 | R5: =SUM(I5*1000) -> 0 | S5: =SUM(J5*140) -> 0 | T5: =SUM(L5:S5) -> 3780
A6: 2 | B6: 46083 | E6: 1.5455 | F6: =F5-E6+D6 -> 58.8215 | G6: =IF(OR(B6="",NOT(ISERROR(SEARCH("KPI",$A$2))),NOT(ISERROR(SEARCH("Полиом",$A$2)))),0,IF(70-F6<=0,0,70-F6)) -> 11.1785 | L6: =SUM(K6*240) -> 0 | M6: =SUM(D6*120) -> 0 | N6: =SUM(E6*120) -> 185.46 | O6: =SUM(F6*54) -> 3176.361 | P6: =SUM(G6*54) -> 603.639 | Q6: =SUM(H6*120) -> 0 | R6: =SUM(I6*1000) -> 0 | S6: =SUM(J6*140) -> 0 | T6: =SUM(L6:S6) -> 3965.46
A7: 3 | B7: 46084 | D7: 36.0673 | F7: =F6-E7+D7 -> 94.8888 | G7: =IF(OR(B7="",NOT(ISERROR(SEARCH("KPI",$A$2))),NOT(ISERROR(SEARCH("Полиом",$A$2)))),0,IF(70-F7<=0,0,70-F7)) -> 0 | L7: =SUM(K7*240) -> 0 | M7: =SUM(D7*120) -> 4328.076 | N7: =SUM(E7*120) -> 0 | O7: =SUM(F7*54) -> 5123.9952 | P7: =SUM(G7*54) -> 0 | Q7: =SUM(H7*120) -> 0 | R7: =SUM(I7*1000) -> 0 | S7: =SUM(J7*140) -> 0 | T7: =SUM(L7:S7) -> 9452.0712
A8: 4 | B8: 46085 | F8: =F7-E8+D8 -> 94.8888 | G8: =IF(OR(B8="",NOT(ISERROR(SEARCH("KPI",$A$2))),NOT(ISERROR(SEARCH("Полиом",$A$2)))),0,IF(70-F8<=0,0,70-F8)) -> 0 | L8: =SUM(K8*240) -> 0 | M8: =SUM(D8*120) -> 0 | N8: =SUM(E8*120) -> 0 | O8: =SUM(F8*54) -> 5123.9952 | P8: =SUM(G8*54) -> 0 | Q8: =SUM(H8*120) -> 0 | R8: =SUM(I8*1000) -> 0 | S8: =SUM(J8*140) -> 0 | T8: =SUM(L8:S8) -> 5123.9952
A9: 5 | B9: 46086 | E9: 2.0196 | F9: =F8-E9+D9 -> 92.8692 | G9: =IF(OR(B9="",NOT(ISERROR(SEARCH("KPI",$A$2))),NOT(ISERROR(SEARCH("Полиом",$A$2)))),0,IF(70-F9<=0,0,70-F9)) -> 0 | L9: =SUM(K9*240) -> 0 | M9: =SUM(D9*120) -> 0 | N9: =SUM(E9*120) -> 242.352 | O9: =SUM(F9*54) -> 5014.9368 | P9: =SUM(G9*54) -> 0 | Q9: =SUM(H9*120) -> 0 | R9: =SUM(I9*1000) -> 0 | S9: =SUM(J9*140) -> 0 | T9: =SUM(L9:S9) -> 5257.2888
A10: 6 | B10: 46087 | E10: 8.3232 | F10: =F9-E10+D10 -> 84.546 | G10: =IF(OR(B10="",NOT(ISERROR(SEARCH("KPI",$A$2))),NOT(ISERROR(SEARCH("Полиом",$A$2)))),0,IF(70-F10<=0,0,70-F10)) -> 0 | L10: =SUM(K10*240) -> 0 | M10: =SUM(D10*120) -> 0 | N10: =SUM(E10*120) -> 998.784 | O10: =SUM(F10*54) -> 4565.484 | P10: =SUM(G10*54) -> 0 | Q10: =SUM(H10*120) -> 0 | R10: =SUM(I10*1000) -> 0 | S10: =SUM(J10*140) -> 0 | T10: =SUM(L10:S10) -> 5564.268
A11: 7 | B11: 46088 | F11: =F10-E11+D11 -> 84.546 | G11: =IF(OR(B11="",NOT(ISERROR(SEARCH("KPI",$A$2))),NOT(ISERROR(SEARCH("Полиом",$A$2)))),0,IF(70-F11<=0,0,70-F11)) -> 0 | L11: =SUM(K11*240) -> 0 | M11: =SUM(D11*120) -> 0 | N11: =SUM(E11*120) -> 0 | O11: =SUM(F11*54) -> 4565.484 | P11: =SUM(G11*54) -> 0 | Q11: =SUM(H11*120) -> 0 | R11: =SUM(I11*1000) -> 0 | S11: =SUM(J11*140) -> 0 | T11: =SUM(L11:S11) -> 4565.484
A12: 8 | B12: 46089 | F12: =F11-E12+D12 -> 84.546 | G12: =IF(OR(B12="",NOT(ISERROR(SEARCH("KPI",$A$2))),NOT(ISERROR(SEARCH("Полиом",$A$2)))),0,IF(70-F12<=0,0,70-F12)) -> 0 | L12: =SUM(K12*240) -> 0 | M12: =SUM(D12*120) -> 0 | N12: =SUM(E12*120) -> 0 | O12: =SUM(F12*54) -> 4565.484 | P12: =SUM(G12*54) -> 0 | Q12: =SUM(H12*120) -> 0 | R12: =SUM(I12*1000) -> 0 | S12: =SUM(J12*140) -> 0 | T12: =SUM(L12:S12) -> 4565.484
A13: 9 | B13: 46090 | F13: =F12-E13+D13 -> 84.546 | G13: =IF(OR(B13="",NOT(ISERROR(SEARCH("KPI",$A$2))),NOT(ISERROR(SEARCH("Полиом",$A$2)))),0,IF(70-F13<=0,0,70-F13)) -> 0 | L13: =SUM(K13*240) -> 0 | M13: =SUM(D13*120) -> 0 | N13: =SUM(E13*120) -> 0 | O13: =SUM(F13*54) -> 4565.484 | P13: =SUM(G13*54) -> 0 | Q13: =SUM(H13*120) -> 0 | R13: =SUM(I13*1000) -> 0 | S13: =SUM(J13*140) -> 0 | T13: =SUM(L13:S13) -> 4565.484
A14: 10 | B14: 46091 | F14: =F13-E14+D14 -> 84.546 | G14: =IF(OR(B14="",NOT(ISERROR(SEARCH("KPI",$A$2))),NOT(ISERROR(SEARCH("Полиом",$A$2)))),0,IF(70-F14<=0,0,70-F14)) -> 0 | L14: =SUM(K14*240) -> 0 | M14: =SUM(D14*120) -> 0 | N14: =SUM(E14*120) -> 0 | O14: =SUM(F14*54) -> 4565.484 | P14: =SUM(G14*54) -> 0 | Q14: =SUM(H14*120) -> 0 | R14: =SUM(I14*1000) -> 0 | S14: =SUM(J14*140) -> 0 | T14: =SUM(L14:S14) -> 4565.484
A15: 11 | B15: 46092 | E15: 11.5747 | F15: =F14-E15+D15 -> 72.9713 | G15: =IF(OR(B15="",NOT(ISERROR(SEARCH("KPI",$A$2))),NOT(ISERROR(SEARCH("Полиом",$A$2)))),0,IF(70-F15<=0,0,70-F15)) -> 0 | L15: =SUM(K15*240) -> 0 | M15: =SUM(D15*120) -> 0 | N15: =SUM(E15*120) -> 1388.964 | O15: =SUM(F15*54) -> 3940.4502 | P15: =SUM(G15*54) -> 0 | Q15: =SUM(H15*120) -> 0 | R15: =SUM(I15*1000) -> 0 | S15: =SUM(J15*140) -> 0 | T15: =SUM(L15:S15) -> 5329.4142
A16: 12 | B16: 46093 | F16: =F15-E16+D16 -> 72.9713 | G16: =IF(OR(B16="",NOT(ISERROR(SEARCH("KPI",$A$2))),NOT(ISERROR(SEARCH("Полиом",$A$2)))),0,IF(70-F16<=0,0,70-F16)) -> 0 | L16: =SUM(K16*240) -> 0 | M16: =SUM(D16*120) -> 0 | N16: =SUM(E16*120) -> 0 | O16: =SUM(F16*54) -> 3940.4502 | P16: =SUM(G16*54) -> 0 | Q16: =SUM(H16*120) -> 0 | R16: =SUM(I16*1000) -> 0 | S16: =SUM(J16*140) -> 0 | T16: =SUM(L16:S16) -> 3940.4502
A17: 13 | B17: 46094 | E17: 35.9265 | F17: =F16-E17+D17 -> 37.0448 | G17: =IF(OR(B17="",NOT(ISERROR(SEARCH("KPI",$A$2))),NOT(ISERROR(SEARCH("Полиом",$A$2)))),0,IF(70-F17<=0,0,70-F17)) -> 32.9552 | L17: =SUM(K17*240) -> 0 | M17: =SUM(D17*120) -> 0 | N17: =SUM(E17*120) -> 4311.18 | O17: =SUM(F17*54) -> 2000.4192 | P17: =SUM(G17*54) -> 1779.5808 | Q17: =SUM(H17*120) -> 0 | R17: =SUM(I17*1000) -> 0 | S17: =SUM(J17*140) -> 0 | T17: =SUM(L17:S17) -> 8091.18
A18: 14 | B18: 46095 | F18: =F17-E18+D18 -> 37.0448 | G18: =IF(OR(B18="",NOT(ISERROR(SEARCH("KPI",$A$2))),NOT(ISERROR(SEARCH("Полиом",$A$2)))),0,IF(70-F18<=0,0,70-F18)) -> 32.9552 | L18: =SUM(K18*240) -> 0 | M18: =SUM(D18*120) -> 0 | N18: =SUM(E18*120) -> 0 | O18: =SUM(F18*54) -> 2000.4192 | P18: =SUM(G18*54) -> 1779.5808 | Q18: =SUM(H18*120) -> 0 | R18: =SUM(I18*1000) -> 0 | S18: =SUM(J18*140) -> 0 | T18: =SUM(L18:S18) -> 3780
A19: 15 | B19: 46096 | F19: =F18-E19+D19 -> 37.0448 | G19: =IF(OR(B19="",NOT(ISERROR(SEARCH("KPI",$A$2))),NOT(ISERROR(SEARCH("Полиом",$A$2)))),0,IF(70-F19<=0,0,70-F19)) -> 32.9552 | L19: =SUM(K19*240) -> 0 | M19: =SUM(D19*120) -> 0 | N19: =SUM(E19*120) -> 0 | O19: =SUM(F19*54) -> 2000.4192 | P19: =SUM(G19*54) -> 1779.5808 | Q19: =SUM(H19*120) -> 0 | R19: =SUM(I19*1000) -> 0 | S19: =SUM(J19*140) -> 0 | T19: =SUM(L19:S19) -> 3780
A20: 16 | B20: 46097 | F20: =F19-E20+D20 -> 37.0448 | G20: =IF(OR(B20="",NOT(ISERROR(SEARCH("KPI",$A$2))),NOT(ISERROR(SEARCH("Полиом",$A$2)))),0,IF(70-F20<=0,0,70-F20)) -> 32.9552 | L20: =SUM(K20*240) -> 0 | M20: =SUM(D20*120) -> 0 | N20: =SUM(E20*120) -> 0 | O20: =SUM(F20*54) -> 2000.4192 | P20: =SUM(G20*54) -> 1779.5808 | Q20: =SUM(H20*120) -> 0 | R20: =SUM(I20*1000) -> 0 | S20: =SUM(J20*140) -> 0 | T20: =SUM(L20:S20) -> 3780
A21: 17 | B21: 46098 | E21: 0.9532 | F21: =F20-E21+D21 -> 36.0916 | G21: =IF(OR(B21="",NOT(ISERROR(SEARCH("KPI",$A$2))),NOT(ISERROR(SEARCH("Полиом",$A$2)))),0,IF(70-F21<=0,0,70-F21)) -> 33.9084 | L21: =SUM(K21*240) -> 0 | M21: =SUM(D21*120) -> 0 | N21: =SUM(E21*120) -> 114.384 | O21: =SUM(F21*54) -> 1948.9464 | P21: =SUM(G21*54) -> 1831.0536 | Q21: =SUM(H21*120) -> 0 | R21: =SUM(I21*1000) -> 0 | S21: =SUM(J21*140) -> 0 | T21: =SUM(L21:S21) -> 3894.384
A22: 18 | B22: 46099 | E22: 3.3398 | F22: =F21-E22+D22 -> 32.7518 | G22: =IF(OR(B22="",NOT(ISERROR(SEARCH("KPI",$A$2))),NOT(ISERROR(SEARCH("Полиом",$A$2)))),0,IF(70-F22<=0,0,70-F22)) -> 37.2482 | L22: =SUM(K22*240) -> 0 | M22: =SUM(D22*120) -> 0 | N22: =SUM(E22*120) -> 400.776 | O22: =SUM(F22*54) -> 1768.5972 | P22: =SUM(G22*54) -> 2011.4028 | Q22: =SUM(H22*120) -> 0 | R22: =SUM(I22*1000) -> 0 | S22: =SUM(J22*140) -> 0 | T22: =SUM(L22:S22) -> 4180.776
A23: 19 | B23: 46100 | F23: =F22-E23+D23 -> 32.7518 | G23: =IF(OR(B23="",NOT(ISERROR(SEARCH("KPI",$A$2))),NOT(ISERROR(SEARCH("Полиом",$A$2)))),0,IF(70-F23<=0,0,70-F23)) -> 37.2482 | L23: =SUM(K23*240) -> 0 | M23: =SUM(D23*120) -> 0 | N23: =SUM(E23*120) -> 0 | O23: =SUM(F23*54) -> 1768.5972 | P23: =SUM(G23*54) -> 2011.4028 | Q23: =SUM(H23*120) -> 0 | R23: =SUM(I23*1000) -> 0 | S23: =SUM(J23*140) -> 0 | T23: =SUM(L23:S23) -> 3780
A24: 20 | B24: 46101 | F24: =F23-E24+D24 -> 32.7518 | G24: =IF(OR(B24="",NOT(ISERROR(SEARCH("KPI",$A$2))),NOT(ISERROR(SEARCH("Полиом",$A$2)))),0,IF(70-F24<=0,0,70-F24)) -> 37.2482 | L24: =SUM(K24*240) -> 0 | M24: =SUM(D24*120) -> 0 | N24: =SUM(E24*120) -> 0 | O24: =SUM(F24*54) -> 1768.5972 | P24: =SUM(G24*54) -> 2011.4028 | Q24: =SUM(H24*120) -> 0 | R24: =SUM(I24*1000) -> 0 | S24: =SUM(J24*140) -> 0 | T24: =SUM(L24:S24) -> 3780
A25: 21 | B25: 46102 | F25: =F24-E25+D25 -> 32.7518 | G25: =IF(OR(B25="",NOT(ISERROR(SEARCH("KPI",$A$2))),NOT(ISERROR(SEARCH("Полиом",$A$2)))),0,IF(70-F25<=0,0,70-F25)) -> 37.2482 | L25: =SUM(K25*240) -> 0 | M25: =SUM(D25*120) -> 0 | N25: =SUM(E25*120) -> 0 | O25: =SUM(F25*54) -> 1768.5972 | P25: =SUM(G25*54) -> 2011.4028 | Q25: =SUM(H25*120) -> 0 | R25: =SUM(I25*1000) -> 0 | S25: =SUM(J25*140) -> 0 | T25: =SUM(L25:S25) -> 3780
A26: 22 | B26: 46103 | F26: =F25-E26+D26 -> 32.7518 | G26: =IF(OR(B26="",NOT(ISERROR(SEARCH("KPI",$A$2))),NOT(ISERROR(SEARCH("Полиом",$A$2)))),0,IF(70-F26<=0,0,70-F26)) -> 37.2482 | L26: =SUM(K26*240) -> 0 | M26: =SUM(D26*120) -> 0 | N26: =SUM(E26*120) -> 0 | O26: =SUM(F26*54) -> 1768.5972 | P26: =SUM(G26*54) -> 2011.4028 | Q26: =SUM(H26*120) -> 0 | R26: =SUM(I26*1000) -> 0 | S26: =SUM(J26*140) -> 0 | T26: =SUM(L26:S26) -> 3780
A27: 23 | B27: 46104 | F27: =F26-E27+D27 -> 32.7518 | G27: =IF(OR(B27="",NOT(ISERROR(SEARCH("KPI",$A$2))),NOT(ISERROR(SEARCH("Полиом",$A$2)))),0,IF(70-F27<=0,0,70-F27)) -> 37.2482 | L27: =SUM(K27*240) -> 0 | M27: =SUM(D27*120) -> 0 | N27: =SUM(E27*120) -> 0 | O27: =SUM(F27*54) -> 1768.5972 | P27: =SUM(G27*54) -> 2011.4028 | Q27: =SUM(H27*120) -> 0 | R27: =SUM(I27*1000) -> 0 | S27: =SUM(J27*140) -> 0 | T27: =SUM(L27:S27) -> 3780
A28: 24 | B28: 46105 | F28: =F27-E28+D28 -> 32.7518 | G28: =IF(OR(B28="",NOT(ISERROR(SEARCH("KPI",$A$2))),NOT(ISERROR(SEARCH("Полиом",$A$2)))),0,IF(70-F28<=0,0,70-F28)) -> 37.2482 | L28: =SUM(K28*240) -> 0 | M28: =SUM(D28*120) -> 0 | N28: =SUM(E28*120) -> 0 | O28: =SUM(F28*54) -> 1768.5972 | P28: =SUM(G28*54) -> 2011.4028 | Q28: =SUM(H28*120) -> 0 | R28: =SUM(I28*1000) -> 0 | S28: =SUM(J28*140) -> 0 | T28: =SUM(L28:S28) -> 3780
A29: 25 | B29: 46106 | D29: 18.424 | E29: 17.1158 | F29: =F28-E29+D29 -> 34.06 | G29: =IF(OR(B29="",NOT(ISERROR(SEARCH("KPI",$A$2))),NOT(ISERROR(SEARCH("Полиом",$A$2)))),0,IF(70-F29<=0,0,70-F29)) -> 35.94 | L29: =SUM(K29*240) -> 0 | M29: =SUM(D29*120) -> 2210.88 | N29: =SUM(E29*120) -> 2053.896 | O29: =SUM(F29*54) -> 1839.24 | P29: =SUM(G29*54) -> 1940.76 | Q29: =SUM(H29*120) -> 0 | R29: =SUM(I29*1000) -> 0 | S29: =SUM(J29*140) -> 0 | T29: =SUM(L29:S29) -> 8044.776
A30: 26 | B30: 46107 | E30: 1.6043 | F30: =F29-E30+D30 -> 32.4557 | G30: =IF(OR(B30="",NOT(ISERROR(SEARCH("KPI",$A$2))),NOT(ISERROR(SEARCH("Полиом",$A$2)))),0,IF(70-F30<=0,0,70-F30)) -> 37.5443 | L30: =SUM(K30*240) -> 0 | M30: =SUM(D30*120) -> 0 | N30: =SUM(E30*120) -> 192.516 | O30: =SUM(F30*54) -> 1752.6078 | P30: =SUM(G30*54) -> 2027.3922 | Q30: =SUM(H30*120) -> 0 | R30: =SUM(I30*1000) -> 0 | S30: =SUM(J30*140) -> 0 | T30: =SUM(L30:S30) -> 3972.516
A31: 27 | B31: 46108 | F31: =F30-E31+D31 -> 32.4557 | G31: =IF(OR(B31="",NOT(ISERROR(SEARCH("KPI",$A$2))),NOT(ISERROR(SEARCH("Полиом",$A$2)))),0,IF(70-F31<=0,0,70-F31)) -> 37.5443 | L31: =SUM(K31*240) -> 0 | M31: =SUM(D31*120) -> 0 | N31: =SUM(E31*120) -> 0 | O31: =SUM(F31*54) -> 1752.6078 | P31: =SUM(G31*54) -> 2027.3922 | Q31: =SUM(H31*120) -> 0 | R31: =SUM(I31*1000) -> 0 | S31: =SUM(J31*140) -> 0 | T31: =SUM(L31:S31) -> 3780
A32: 28 | B32: 46109 | F32: =F31-E32+D32 -> 32.4557 | G32: =IF(OR(B32="",NOT(ISERROR(SEARCH("KPI",$A$2))),NOT(ISERROR(SEARCH("Полиом",$A$2)))),0,IF(70-F32<=0,0,70-F32)) -> 37.5443 | L32: =SUM(K32*240) -> 0 | M32: =SUM(D32*120) -> 0 | N32: =SUM(E32*120) -> 0 | O32: =SUM(F32*54) -> 1752.6078 | P32: =SUM(G32*54) -> 2027.3922 | Q32: =SUM(H32*120) -> 0 | R32: =SUM(I32*1000) -> 0 | S32: =SUM(J32*140) -> 0 | T32: =SUM(L32:S32) -> 3780
A33: 29 | B33: 46110 | F33: =F32-E33+D33 -> 32.4557 | G33: =IF(OR(B33="",NOT(ISERROR(SEARCH("KPI",$A$2))),NOT(ISERROR(SEARCH("Полиом",$A$2)))),0,IF(70-F33<=0,0,70-F33)) -> 37.5443 | L33: =SUM(K33*240) -> 0 | M33: =SUM(D33*120) -> 0 | N33: =SUM(E33*120) -> 0 | O33: =SUM(F33*54) -> 1752.6078 | P33: =SUM(G33*54) -> 2027.3922 | Q33: =SUM(H33*120) -> 0 | R33: =SUM(I33*1000) -> 0 | S33: =SUM(J33*140) -> 0 | T33: =SUM(L33:S33) -> 3780
A34: 30 | B34: 46111 | F34: =F33-E34+D34 -> 32.4557 | G34: =IF(OR(B34="",NOT(ISERROR(SEARCH("KPI",$A$2))),NOT(ISERROR(SEARCH("Полиом",$A$2)))),0,IF(70-F34<=0,0,70-F34)) -> 37.5443 | L34: =SUM(K34*240) -> 0 | M34: =SUM(D34*120) -> 0 | N34: =SUM(E34*120) -> 0 | O34: =SUM(F34*54) -> 1752.6078 | P34: =SUM(G34*54) -> 2027.3922 | Q34: =SUM(H34*120) -> 0 | R34: =SUM(I34*1000) -> 0 | S34: =SUM(J34*140) -> 0 | T34: =SUM(L34:S34) -> 3780
B35: 46112 | E35: 7.9603 | F35: =F34-E35+D35 -> 24.4954 | G35: =IF(OR(B35="",NOT(ISERROR(SEARCH("KPI",$A$2))),NOT(ISERROR(SEARCH("Полиом",$A$2)))),0,IF(70-F35<=0,0,70-F35)) -> 45.5046 | L35: =SUM(K35*240) -> 0 | M35: =SUM(D35*120) -> 0 | N35: =SUM(E35*120) -> 955.236 | O35: =SUM(F35*54) -> 1322.7516 | P35: =SUM(G35*54) -> 2457.2484 | Q35: =SUM(H35*120) -> 0 | R35: =SUM(I35*1000) -> 0 | S35: =SUM(J35*140) -> 0 | T35: =SUM(L35:S35) -> 4735.236
F36: =SUM(F5:F35) -> 1604.8752 | G36: =SUM(G5:G35) -> 716.4442 | H36: =SUM(H5:H35) -> 0 | I36: =SUM(I5:I35) -> 0 | J36: =SUM(J5:J35) -> 0 | K36: =SUM(K5:K35) -> 0 | L36: =SUM(L5:L35) -> 0 | M36: =SUM(M5:M35) -> 6538.956 | ... T36: =SUM(T5:T35) -> 142733.75
T37: =T36*1.22 -> 174135.18

Sheet ИТОГО
A1: =G16 -> 1.4344448e+08
I2: ТОП
A3: Склад | B3: Сибур | C3: Завод | D3: Русвинил | E3: Клиенты сибура | F3: Остальные | G3: Итого | I3: Казань_Автосервисная | J3: 23143268
A4: Баумана | B4: =INDEX($M$45:$M$54,MATCH(A4,$A$45:$A$54,0),1) -> 7162539.1 | C4: 0 | D4: =INDEX($B$57:$B$73,MATCH(A4,$A$57:$A$73,0),1) -> 256416.4 | E4: =SUMIF($F$19:$F$42,A4,$G$19:$G$42) -> 0 | F4: =SUMIF($B$19:$B$27,A4,$C$19:$C$27) -> 86846 | G4: =SUM(B4:F4) -> 7505801.5 | I4: Нижнекамск завод | J4: 19482962
A5: Новикова-Прибоя | B5: =INDEX($M$45:$M$54,MATCH(A5,$A$45:$A$54,0),1) -> 10572038 | C5: 0 | D5: =INDEX($B$57:$B$73,MATCH(A5,$A$57:$A$73,0),1) -> 209215.3 | E5: =SUMIF($F$19:$F$42,A5,$G$19:$G$42) -> 0 | F5: =SUMIF($B$19:$B$27,A5,$C$19:$C$27) -> 0 | G5: =SUM(B5:F5) -> 10781253 | I5: Новикова-Прибоя | J5: 14483152
A6: Екатеринбург | B6: =INDEX($M$45:$M$54,MATCH(A6,$A$45:$A$54,0),1) -> 11739684 | C6: 0 | D6: =INDEX($B$57:$B$73,MATCH(A6,$A$57:$A$73,0),1) -> 0 | E6: =SUMIF($F$19:$F$42,A6,$G$19:$G$42) -> 0 | F6: =SUMIF($B$19:$B$27,A6,$C$19:$C$27) -> 0 | G6: =SUM(B6:F6) -> 11739684 | I6: Екатеринбург | J6: 11908609
A7: Новосибирск | B7: =INDEX($M$45:$M$54,MATCH(A7,$A$45:$A$54,0),1) -> 6609793.6 | C7: 0 | D7: =INDEX($B$57:$B$73,MATCH(A7,$A$57:$A$73,0),1) -> 0 | E7: =SUMIF($F$19:$F$42,A7,$G$19:$G$42) -> 174135.18 | F7: =SUMIF($B$19:$B$27,A7,$C$19:$C$27) -> 0 | G7: =SUM(B7:F7) -> 6783928.8 | I7: Баумана | J7: 11544503
A8: Новосибирск_Пасечная | B8: =INDEX($M$45:$M$54,MATCH(A8,$A$45:$A$54,0),1) -> 5803487.8 | C8: 0 | D8: =INDEX($B$57:$B$73,MATCH(A8,$A$57:$A$73,0),1) -> 0 | E8: =SUMIF($F$19:$F$42,A8,$G$19:$G$42) -> 0 | F8: =SUMIF($B$19:$B$27,A8,$C$19:$C$27) -> 0 | G8: =SUM(B8:F8) -> 5803487.8
A9: Казань_Автосервисная | B9: =INDEX($M$45:$M$54,MATCH(A9,$A$45:$A$54,0),1) -> 18498167 | C9: 0 | D9: =INDEX($B$57:$B$73,MATCH(A9,$A$57:$A$73,0),1) -> 0 | E9: =SUMIF($F$19:$F$42,A9,$G$19:$G$42) -> 0 | F9: =SUMIF($B$19:$B$27,A9,$C$19:$C$27) -> 0 | G9: =SUM(B9:F9) -> 18498167 | I9: Казань_Приволжская | J9: 9900926.9
A10: Казань_Приволжская | B10: =INDEX($M$45:$M$54,MATCH(A10,$A$45:$A$54,0),1) -> 9660016.4 | C10: 0 | D10: =INDEX($B$57:$B$73,MATCH(A10,$A$57:$A$73,0),1) -> 0 | E10: =SUMIF($F$19:$F$42,A10,$G$19:$G$42) -> 0 | F10: =SUMIF($B$19:$B$27,A10,$C$19:$C$27) -> 0 | G10: =SUM(B10:F10) -> 9660016.4 | I10: Зеленодольск | J10: 9082789.1
A11: Зеленодольск | B11: =INDEX($M$45:$M$54,MATCH(A11,$A$45:$A$54,0),1) -> 9122230.7 | C11: 0 | D11: =INDEX($B$57:$B$73,MATCH(A11,$A$57:$A$73,0),1) -> 0 | E11: =SUMIF($F$19:$F$42,A11,$G$19:$G$42) -> 0 | F11: =SUMIF($B$19:$B$27,A11,$C$19:$C$27) -> 0 | G11: =SUM(B11:F11) -> 9122230.7 | I11: Новосибирск | J11: 7932975.6
A12: Нижнекамск | B12: =INDEX($M$45:$M$54,MATCH(A12,$A$45:$A$54,0),1) -> 3200195.9 | C12: 0 | D12: =INDEX($B$57:$B$73,MATCH(A12,$A$57:$A$73,0),1) -> 0 | E12: =SUMIF($F$19:$F$42,A12,$G$19:$G$42) -> 1747.284 | F12: =SUMIF($B$19:$B$27,A12,$C$19:$C$27) -> 0 | G12: =SUM(B12:F12) -> 3201943.2 | I12: Нижнекамск | J12: 7580244.6
A13: Нижнекамск завод | B13: 0 | C13: =C29+C37 -> 54670761 | D13: =INDEX($B$57:$B$73,MATCH(A13,$A$57:$A$73,0),1) -> 0 | E13: =SUMIF($F$19:$F$42,A13,$G$19:$G$42) -> 0 | F13: =SUMIF($B$19:$B$27,A13,$C$19:$C$27) -> 0 | G13: =SUM(B13:F13) -> 54670761 | I13: ГАЗ | J13: 6720000
A14: Монастырка | B14: 0 | C14: 0 | D14: =INDEX($B$57:$B$73,MATCH(A14,$A$57:$A$73,0),1) -> 0 | E14: =SUMIF($F$19:$F$42,A14,$G$19:$G$42) -> 0 | F14: =SUMIF($B$19:$B$27,A14,$C$19:$C$27) -> 0 | G14: =SUM(B14:F14) -> 0 | I14: Монастырка | J14: 2464921.6
A15: Березовая Пойма | B15: =INDEX($M$45:$M$54,MATCH(A15,$A$45:$A$54,0),1) -> 0 | C15: 0 | D15: =INDEX($B$57:$B$73,MATCH(A15,$A$57:$A$73,0),1) -> 5677203.9 | E15: =SUMIF($F$19:$F$42,A15,$G$19:$G$42) -> 0 | F15: =SUMIF($B$19:$B$27,A15,$C$19:$C$27) -> 0 | G15: =SUM(B15:F15) -> 5677203.9
B16: =SUM(B4:B15) -> 82368153 | C16: =SUM(C4:C15) -> 54670761 | D16: =SUM(D4:D15) -> 6142835.6 | E16: =SUM(E4:E15) -> 175882.46 | F16: =SUM(F4:F15) -> 86846 | G16: =SUM(G4:G15) -> 1.4344448e+08
A18: Остальные клиенты | C18: =SUM(C19:C27) -> 86846 | E18: Клиенты сибура | G18: =SUM(G19:G41) -> 175882.46
A19: Стройтех | B19: Баумана | C19: {=IFERROR(INDIRECT("'" & A19 & "'!A1"),)} -> 24355 | E19: Приоритет | F19: Баумана | G19: {=IFERROR(INDIRECT("'" & E19 & " " & F19 & "'!A1"),0)} -> 0
A20: Ергарда | B20: Баумана | C20: {=IFERROR(INDIRECT("'" & A20 & "'!A1"),)} -> 8928 | E20: Фармпласт | F20: Баумана | G20: {=IFERROR(INDIRECT("'" & E20 & " " & F20 & "'!A1"),0)} -> 0
A21: Литейные решения | B21: Баумана | C21: {=IFERROR(INDIRECT("'" & A21 & "'!A1"),)} -> 20803 | E21: Юг Полимер | F21: Баумана | G21: {=IFERROR(INDIRECT("'" & E21 & " " & F21 & "'!A1"),0)} -> 0
A22: Сандекс | B22: Баумана | C22: {=IFERROR(INDIRECT("'" & A22 & "'!A1"),)} -> 24151.2 | E22: Центрополимер | F22: Екатеринбург | G22: {=IFERROR(INDIRECT("'" & E22 & " " & F22 & "'!A1"),0)} -> 0
A23: ЛС-Техномет | B23: Баумана | C23: {=IFERROR(INDIRECT("'" & A23 & "'!A1"),)} -> 8608.8 | E23: Приоритет | F23: Екатеринбург | G23: {=IFERROR(INDIRECT("'" & E23 & " " & F23 & "'!A1"),0)} -> 0
A24: РусДжам | B24: ГАЗ | C24: {=IFERROR(INDIRECT("'" & A24 & "'!A1"),)} -> 0 | E24: Фармпласт | F24: Екатеринбург | G24: {=IFERROR(INDIRECT("'" & E24 & " " & F24 & "'!A1"),0)} -> 0
A25: Виго | B25: Новикова-Прибоя | C25: {=IFERROR(INDIRECT("'" & A25 & "'!A1"),)} -> 0 | E25: Приоритет | F25: Зеленодольск | G25: {=IFERROR(INDIRECT("'" & E25 & " " & F25 & "'!A1"),0)} -> 0
A26: Доктор Франк | B26: Новикова-Прибоя | C26: {=IFERROR(INDIRECT("'" & A26 & "'!A1"),)} -> 0 | E26: Данафлекс | F26: Зеленодольск | G26: {=IFERROR(INDIRECT("'" & E26 & " " & F26 & "'!t37"),0)} -> 0
A27: Нефтезол | B27: Новикова-Прибоя | C27: {=IFERROR(INDIRECT("'" & A27 & "'!A1"),)} -> 0 | E27: ИП Ксендз | F27: Нижнекамск | G27: {=IFERROR(INDIRECT("'" & E27 & " " & F27 & "'!A1"),0)} -> 0
E28: Фармпласт | F28: Новикова-Прибоя | G28: {=IFERROR(INDIRECT("'" & E28 & " " & F28 & "'!A1"),0)} -> 0
A29: Нижнекамск завод | C29: =SUM(C30:C35) -> 44695725 | E29: Центрополимер | F29: Новикова-Прибоя | G29: {=IFERROR(INDIRECT("'" & E29 & " " & F29 & "'!A1"),0)} -> 0
A30: ПРР | C30: {=INDIRECT("'" & A29 & "'!F17")} -> 16167490 | E30: Юг Полимер | F30: Новикова-Прибоя | G30: {=IFERROR(INDIRECT("'" & E30 & " " & F30 & "'!A1"),0)} -> 0
A31: Кладовки | C31: {=INDIRECT("'" & A29 & "'!F16")} -> 0 | E31: Приоритет | F31: Новикова-Прибоя | G31: {=IFERROR(INDIRECT("'" & E31 & " " & F31 & "'!A1"),0)} -> 0
A32: Стропальщики | C32: {=INDIRECT("'" & A29 & "'!F18")} -> 817400 | E32: Биаксплен | F32: Новосибирск | G32: {=IFERROR(INDIRECT("'" & E32 & " " & F32 & "'!A1"),0)} -> 174135.18
A33: Мойка контейнеров | C33: {=INDIRECT("'" & A29 & "'!F19")} -> 2020076 | E33: Центрополимер | F33: Новосибирск | G33: {=IFERROR(INDIRECT("'" & E33 & " " & F33 & "'!A1"),0)} -> 0
A34: МТО | C34: {=INDIRECT("'" & A29 & "'!F20")} -> 18710159 | E34: Фармпласт | F34: Новосибирск | G34: {=IFERROR(INDIRECT("'" & E34 & " " & F34 & "'!A1"),0)} -> 0
A35: МТО 2520 | C35: {=INDIRECT("'" & A29 & "'!F21")} -> 6980600
E36: Юг Полимер | F36: Зеленодольск | G36: {=IFERROR(INDIRECT("'" & E36 & " " & F36 & "'!A1"),0)} -> 0
A37: Контейнерные площадки | C37: =SUM(C38:C42) -> 9975036 | E37: Фармпласт | F37: Казань_Автосервисная | G37: {=IFERROR(INDIRECT("'" & E37 & " " & F37 & "'!A1"),0)} -> 0
A38: КОС | C38: =2910816 -> 2910816 | E38: Приоритет | F38: Казань_Приволжская | G38: {=IFERROR(INDIRECT("'" & E38 & " " & F38 & "'!A1"),0)} -> 0
A39: Нижнекамск | C39: 7064220 | E39: Центрополимер | F39: Баумана | G39: {=IFERROR(INDIRECT("'" & E39 & " " & F39 & "'!A1"),0)} -> 0
E40: Приоритет | F40: Казань_Автосервисная | G40: {=IFERROR(INDIRECT("'" & E40 & " " & F40 & "'!A1"),0)} -> 0
E41: Оникс | F41: Нижнекамск | G41: {=IFERROR(INDIRECT("'" & E41 & " " & F41 & "'!A1"),0)} -> 1747.284
A43: СИБУР | K43: =SUM(M45:M54) -> 82368153
B44: KPI | C44: Полиом | D44: Полимеры | E44: Каучук | F44: ПСОН | G44: Данафлекс | H44: СБС | I44: Порошок | J44: НПЭГ | K44: Экспорт | L44: Доп услуги | M44: ИТОГО
A45: Баумана | B45: {=IFERROR(INDIRECT("'" & $A45 & " " & B$44 & "'!T37"),)} -> 9054.69 | C45: {=IFERROR(INDIRECT("'" & $A45 & " " & C$44 & "'!T37"),)} -> 228458.8 | D45: {=IFERROR(INDIRECT("'" & $A45 & " " & D$44 & "'!T37"),)} -> 6925025.6 | E45: {=IFERROR(INDIRECT("'" & $A45 & " " & E$44 & "'!T37"),)} -> 0 | F45: {=IFERROR(INDIRECT("'" & $A45 & " " & F$44 & "'!T37"),)} -> 0 | G45: {=IFERROR(INDIRECT("'" & $A45 & " " & G$44 & "'!T37"),)} -> 0 | H45: {=IFERROR(INDIRECT("'" & $A45 & " " & H$44 & "'!T37"),)} -> 0 | I45: {=IFERROR(INDIRECT("'" & $A45 & " " & I$44 & "'!T37"),)} -> 0 | J45: {=IFERROR(INDIRECT("'" & $A45 & " " & J$44 & "'!T37"),)} -> 0 | K45: {=IFERROR(INDIRECT("'" & $A45 & " " & K$44 & "'!G12"),)} -> 0 | L45: {=IFERROR(INDIRECT("'" & $A45 & " " & L$44 & "'!F14"),)} -> 0 | M45: =SUM(B45:L45) -> 7162539.1
A46: Новикова-Прибоя | B46: {=IFERROR(INDIRECT("'" & $A46 & " " & B$44 & "'!T37"),)} -> 46250.75 | C46: {=IFERROR(INDIRECT("'" & $A46 & " " & C$44 & "'!T37"),)} -> 23199.32 | D46: {=IFERROR(INDIRECT("'" & $A46 & " " & D$44 & "'!T37"),)} -> 10502588 | E46: {=IFERROR(INDIRECT("'" & $A46 & " " & E$44 & "'!T37"),)} -> 0 | F46: {=IFERROR(INDIRECT("'" & $A46 & " " & F$44 & "'!T37"),)} -> 0 | G46: {=IFERROR(INDIRECT("'" & $A46 & " " & G$44 & "'!T37"),)} -> 0 | H46: {=IFERROR(INDIRECT("'" & $A46 & " " & H$44 & "'!T37"),)} -> 0 | I46: {=IFERROR(INDIRECT("'" & $A46 & " " & I$44 & "'!T37"),)} -> 0 | J46: {=IFERROR(INDIRECT("'" & $A46 & " " & J$44 & "'!T37"),)} -> 0 | K46: {=IFERROR(INDIRECT("'" & $A46 & " " & K$44 & "'!G12"),)} -> 0 | L46: {=IFERROR(INDIRECT("'" & $A46 & " " & L$44 & "'!F14"),)} -> 0 | M46: =SUM(B46:L46) -> 10572038
A47: Екатеринбург | B47: {=IFERROR(INDIRECT("'" & $A47 & " " & B$44 & "'!T37"),)} -> 2339.9 | C47: {=IFERROR(INDIRECT("'" & $A47 & " " & C$44 & "'!T37"),)} -> 544493.36 | D47: {=IFERROR(INDIRECT("'" & $A47 & " " & D$44 & "'!T37"),)} -> 10871014 | E47: {=IFERROR(INDIRECT("'" & $A47 & " " & E$44 & "'!T37"),)} -> 0 | F47: {=IFERROR(INDIRECT("'" & $A47 & " " & F$44 & "'!T37"),)} -> 0 | G47: {=IFERROR(INDIRECT("'" & $A47 & " " & G$44 & "'!T37"),)} -> 0 | H47: {=IFERROR(INDIRECT("'" & $A47 & " " & H$44 & "'!T37"),)} -> 0 | I47: {=IFERROR(INDIRECT("'" & $A47 & " " & I$44 & "'!T37"),)} -> 0 | J47: {=IFERROR(INDIRECT("'" & $A47 & " " & J$44 & "'!T37"),)} -> 119317.43 | K47: {=IFERROR(INDIRECT("'" & $A47 & " " & K$44 & "'!G12"),)} -> 202520 | L47: {=IFERROR(INDIRECT("'" & $A47 & " " & L$44 & "'!F14"),)} -> 0 | M47: =SUM(B47:L47) -> 11739684
A48: Новосибирск | B48: {=IFERROR(INDIRECT("'" & $A48 & " " & B$44 & "'!T37"),)} -> 18683.42 | C48: {=IFERROR(INDIRECT("'" & $A48 & " " & C$44 & "'!T37"),)} -> 135485.29 | D48: {=IFERROR(INDIRECT("'" & $A48 & " " & D$44 & "'!T37"),)} -> 4174708.5 | E48: {=IFERROR(INDIRECT("'" & $A48 & " " & E$44 & "'!T37"),)} -> 0 | F48: {=IFERROR(INDIRECT("'" & $A48 & " " & F$44 & "'!T37"),)} -> 0 | G48: {=IFERROR(INDIRECT("'" & $A48 & " " & G$44 & "'!T37"),)} -> 0 | H48: {=IFERROR(INDIRECT("'" & $A48 & " " & H$44 & "'!T37"),)} -> 0 | I48: {=IFERROR(INDIRECT("'" & $A48 & " " & I$44 & "'!T37"),)} -> 2280916.5 | J48: {=IFERROR(INDIRECT("'" & $A48 & " " & J$44 & "'!T37"),)} -> 0 | K48: {=IFERROR(INDIRECT("'" & $A48 & " " & K$44 & "'!G12"),)} -> 0 | L48: {=IFERROR(INDIRECT("'" & $A48 & " " & L$44 & "'!F14"),)} -> 0 | M48: =SUM(B48:L48) -> 6609793.6
A49: Новосибирск_Пасечная | B49: {=IFERROR(INDIRECT("'" & $A49 & " " & B$44 & "'!T37"),)} -> 0 | C49: {=IFERROR(INDIRECT("'" & $A49 & " " & C$44 & "'!T37"),)} -> 0 | D49: {=IFERROR(INDIRECT("'" & $A49 & " " & D$44 & "'!T37"),)} -> 0 | E49: {=IFERROR(INDIRECT("'" & $A49 & " " & E$44 & "'!T37"),)} -> 0 | F49: {=IFERROR(INDIRECT("'" & $A49 & " " & F$44 & "'!T37"),)} -> 0 | G49: {=IFERROR(INDIRECT("'" & $A49 & " " & G$44 & "'!T37"),)} -> 0 | H49: {=IFERROR(INDIRECT("'" & $A49 & " " & H$44 & "'!T37"),)} -> 0 | I49: {=IFERROR(INDIRECT("'" & $A49 & " " & I$44 & "'!T37"),)} -> 5803487.8 | J49: {=IFERROR(INDIRECT("'" & $A49 & " " & J$44 & "'!T37"),)} -> 0 | K49: {=IFERROR(INDIRECT("'" & $A49 & " " & K$44 & "'!G12"),)} -> 0 | L49: {=IFERROR(INDIRECT("'" & $A49 & " " & L$44 & "'!F14"),)} -> 0 | M49: =SUM(B49:L49) -> 5803487.8
A50: Казань_Автосервисная | B50: {=IFERROR(INDIRECT("'" & $A50 & " " & B$44 & "'!T37"),)} -> 0 | C50: {=IFERROR(INDIRECT("'" & $A50 & " " & C$44 & "'!T37"),)} -> 11689.14 | D50: {=IFERROR(INDIRECT("'" & $A50 & " " & D$44 & "'!T37"),)} -> 18442558 | E50: {=IFERROR(INDIRECT("'" & $A50 & " " & E$44 & "'!T37"),)} -> 0 | F50: {=IFERROR(INDIRECT("'" & $A50 & " " & F$44 & "'!T37"),)} -> 0 | G50: {=IFERROR(INDIRECT("'" & $A50 & " " & G$44 & "'!T37"),)} -> 0 | H50: {=IFERROR(INDIRECT("'" & $A50 & " " & H$44 & "'!T37"),)} -> 0 | I50: {=IFERROR(INDIRECT("'" & $A50 & " " & I$44 & "'!T37"),)} -> 0 | J50: {=IFERROR(INDIRECT("'" & $A50 & " " & J$44 & "'!T37"),)} -> 0 | K50: {=IFERROR(INDIRECT("'" & $A50 & " " & K$44 & "'!G12"),)} -> 43920 | L50: {=IFERROR(INDIRECT("'" & $A50 & " " & L$44 & "'!F14"),)} -> 0 | M50: =SUM(B50:L50) -> 18498167
A51: Казань_Приволжская | B51: {=IFERROR(INDIRECT("'" & $A51 & " " & B$44 & "'!T37"),)} -> 0 | C51: {=IFERROR(INDIRECT("'" & $A51 & " " & C$44 & "'!T37"),)} -> 0 | D51: {=IFERROR(INDIRECT("'" & $A51 & " " & D$44 & "'!T37"),)} -> 9595320.4 | E51: {=IFERROR(INDIRECT("'" & $A51 & " " & E$44 & "'!T37"),)} -> 0 | F51: {=IFERROR(INDIRECT("'" & $A51 & " " & F$44 & "'!T37"),)} -> 0 | G51: {=IFERROR(INDIRECT("'" & $A51 & " " & G$44 & "'!T37"),)} -> 0 | H51: {=IFERROR(INDIRECT("'" & $A51 & " " & H$44 & "'!T37"),)} -> 0 | I51: {=IFERROR(INDIRECT("'" & $A51 & " " & I$44 & "'!T37"),)} -> 0 | J51: {=IFERROR(INDIRECT("'" & $A51 & " " & J$44 & "'!T37"),)} -> 0 | K51: {=IFERROR(INDIRECT("'" & $A51 & " " & K$44 & "'!G12"),)} -> 17080 | L51: {=IFERROR(INDIRECT("'" & $A51 & " " & L$44 & "'!F14"),)} -> 47616 | M51: =SUM(B51:L51) -> 9660016.4
A52: Зеленодольск | B52: {=IFERROR(INDIRECT("'" & $A52 & " " & B$44 & "'!T37"),)} -> 90575.72 | C52: {=IFERROR(INDIRECT("'" & $A52 & " " & C$44 & "'!T37"),)} -> 0 | D52: {=IFERROR(INDIRECT("'" & $A52 & " " & D$44 & "'!T37"),)} -> 7709763.4 | E52: {=IFERROR(INDIRECT("'" & $A52 & " " & E$44 & "'!T37"),)} -> 0 | F52: {=IFERROR(INDIRECT("'" & $A52 & " " & F$44 & "'!T37"),)} -> 0 | G52: {=IFERROR(INDIRECT("'" & $A52 & " " & G$44 & "'!T37"),)} -> 824431.68 | H52: {=IFERROR(INDIRECT("'" & $A52 & " " & H$44 & "'!T37"),)} -> 0 | I52: {=IFERROR(INDIRECT("'" & $A52 & " " & I$44 & "'!T37"),)} -> 0 | J52: {=IFERROR(INDIRECT("'" & $A52 & " " & J$44 & "'!T37"),)} -> 0 | K52: {=IFERROR(INDIRECT("'" & $A52 & " " & K$44 & "'!G12"),)} -> 39040 | L52: {=IFERROR(INDIRECT("'" & $A52 & " " & L$44 & "'!F14"),)} -> 458419.88 | M52: =SUM(B52:L52) -> 9122230.7
A53: Нижнекамск | B53: {=IFERROR(INDIRECT("'" & $A53 & " " & B$44 & "'!T37"),)} -> 0 | C53: {=IFERROR(INDIRECT("'" & $A53 & " " & C$44 & "'!T37"),)} -> 0 | D53: {=IFERROR(INDIRECT("'" & $A53 & " " & D$44 & "'!T37"),)} -> 0 | E53: {=IFERROR(INDIRECT("'" & $A53 & " " & E$44 & "'!T37"),)} -> 0 | F53: {=IFERROR(INDIRECT("'" & $A53 & " " & F$44 & "'!T37"),)} -> 3109052.2 | G53: {=IFERROR(INDIRECT("'" & $A53 & " " & G$44 & "'!T37"),)} -> 0 | H53: {=IFERROR(INDIRECT("'" & $A53 & " " & H$44 & "'!T37"),)} -> 0 | I53: {=IFERROR(INDIRECT("'" & $A53 & " " & I$44 & "'!T37"),)} -> 0 | J53: {=IFERROR(INDIRECT("'" & $A53 & " " & J$44 & "'!T37"),)} -> 863.71 | K53: {=IFERROR(INDIRECT("'" & $A53 & " " & K$44 & "'!G12"),)} -> 90280 | L53: {=IFERROR(INDIRECT("'" & $A53 & " " & L$44 & "'!F14"),)} -> 0 | M53: =SUM(B53:L53) -> 3200195.9
A54: Березовая Пойма | B54: {=IFERROR(INDIRECT("'" & $A54 & "'!F16"),) + IFERROR(INDIRECT("'" & $A54 & "'!F17"),)} -> 0 | C54: {=IFERROR(INDIRECT("'" & $A54 & "'!F16"),) + IFERROR(INDIRECT("'" & $A54 & "'!F17"),)} -> 0 | D54: {=IFERROR(INDIRECT("'" & $A54 & "'!F16"),) + IFERROR(INDIRECT("'" & $A54 & "'!F17"),)} -> 0 | E54: {=IFERROR(INDIRECT("'" & $A54 & "'!F16"),) + IFERROR(INDIRECT("'" & $A54 & "'!F17"),)} -> 0 | F54: {=IFERROR(INDIRECT("'" & $A54 & "'!F16"),) + IFERROR(INDIRECT("'" & $A54 & "'!F17"),)} -> 0 | G54: {=IFERROR(INDIRECT("'" & $A54 & "'!F16"),) + IFERROR(INDIRECT("'" & $A54 & "'!F17"),)} -> 0 | H54: {=IFERROR(INDIRECT("'" & $A54 & "'!F16"),) + IFERROR(INDIRECT("'" & $A54 & "'!F17"),)} -> 0 | I54: {=IFERROR(INDIRECT("'" & $A54 & "'!F16"),) + IFERROR(INDIRECT("'" & $A54 & "'!F17"),)} -> 0 | J54: {=IFERROR(INDIRECT("'" & $A54 & "'!F16"),) + IFERROR(INDIRECT("'" & $A54 & "'!F17"),)} -> 0 | K54: {=IFERROR(INDIRECT("'" & $A54 & " " & K$44 & "'!G12"),)} -> 0 | L54: {=IFERROR(INDIRECT("'" & $A54 & " " & L$44 & "'!F14"),)} -> 0 | M54: =SUM(B54:L54) -> 0
A56: Русвинил | B56: =SUM(B57:B67) -> 6142835.6
A57: Баумана | B57: {=IFERROR(INDIRECT("'РВ " & A57 & "'!O38"),0)} -> 256416.4
A58: Новикова-Прибоя | B58: {=IFERROR(INDIRECT("'РВ " & A58 & "'!O38"),0)} -> 209215.3
A59: Монастырка | B59: {=IFERROR(INDIRECT("'РВ " & A59 & "'!O38"),0)} -> 0
A60: Екатеринбург | B60: {=IFERROR(INDIRECT("'РВ " & A60 & "'!O38"),0)} -> 0
A61: Новосибирск | B61: {=IFERROR(INDIRECT("'РВ " & A61 & "'!O38"),0)} -> 0
A62: Казань_Приволжская | B62: {=IFERROR(INDIRECT("'РВ " & A62 & "'!O38"),0)} -> 0
A63: Казань_Автосервисная | B63: {=IFERROR(INDIRECT("'РВ " & A63 & "'!O38"),0)} -> 0
A64: Зеленодольск | B64: {=IFERROR(INDIRECT("'РВ " & A64 & "'!O38"),0)} -> 0
A65: Нижнекамск | B65: {=IFERROR(INDIRECT("'РВ " & A65 & "'!O38"),0)} -> 0
A66: Нижнекамск завод | B66: {=IFERROR(INDIRECT("'РВ " & A66 & "'!O38"),0)} -> 0
A67: Березовая Пойма | B67: {=IFERROR(INDIRECT("'РВ " & A67 & "'!O38"),0)+IFERROR(INDIRECT("Резерв!i38"),0)} -> 5677203.9
A68: Новосибирск_Пасечная | B68: {=IFERROR(INDIRECT("'РВ " & A68 & "'!O38"),0)} -> 0

Sheet Другое

Sheet Нижнекамск завод
A9: № | B9: Наименование услуг (работ) | C9: Ед. изм. | D9: Количество | E9: Цена | F9: Сумма
A14: Итого: | F14: =SUM(F10:F13) -> 0
A15: Без налога (НДС) | F15: =SUM(F14) -> 0
A16: Всего (с учетом НДС) | F16: =SUM(F15)*1.2 -> 0
A17: Вышеперечисленные услуги (работы) выполнены полностью. | E17: ПРР | F17: 16167490
A18: ПОКЛАЖЕДАТЕЛЬ претензий по объему, качеству и срокам оказания услуг претензий не имеет. | E18: Стропальщики | F18: 817400
E19: Контейнеры | F19: 2020076
E20: МТО | F20: =18518570+191589 -> 18710159
E21: МТО 2520 | F21: 6980600
A22: ООО "ДТМ" | D22: ПАО "Нижнекамскнефтехим"
A24: ____________________Молькова Т.Ю. | B24: Расстегаев Д.О. | D24: ____________________

Sheet Сводка
A1: KPI | B1: Баумана | C1: =INDEX(INDIRECT("ИТОГО!$B$45:$L$54"),MATCH(Сводка!B1,INDIRECT("ИТОГО!$A$45:$A$54"),0),MATCH(Сводка!A1,INDIRECT("ИТОГО!$B$44:$L$44"),0)) -> 9054.69
A2: Полиом | B2: Баумана | C2: =INDEX(INDIRECT("ИТОГО!$B$45:$L$54"),MATCH(Сводка!B2,INDIRECT("ИТОГО!$A$45:$A$54"),0),MATCH(Сводка!A2,INDIRECT("ИТОГО!$B$44:$L$44"),0)) -> 228458.8
A3: Полимеры | B3: Баумана | C3: =INDEX(INDIRECT("ИТОГО!$B$45:$L$54"),MATCH(Сводка!B3,INDIRECT("ИТОГО!$A$45:$A$54"),0),MATCH(Сводка!A3,INDIRECT("ИТОГО!$B$44:$L$44"),0)) -> 6925025.6
A4: Каучук | B4: Баумана | C4: =INDEX(INDIRECT("ИТОГО!$B$45:$L$54"),MATCH(Сводка!B4,INDIRECT("ИТОГО!$A$45:$A$54"),0),MATCH(Сводка!A4,INDIRECT("ИТОГО!$B$44:$L$44"),0)) -> 0
A5: ПСОН | B5: Баумана | C5: =INDEX(INDIRECT("ИТОГО!$B$45:$L$54"),MATCH(Сводка!B5,INDIRECT("ИТОГО!$A$45:$A$54"),0),MATCH(Сводка!A5,INDIRECT("ИТОГО!$B$44:$L$44"),0)) -> 0
A6: Данафлекс | B6: Баумана | C6: =INDEX(INDIRECT("ИТОГО!$B$45:$L$54"),MATCH(Сводка!B6,INDIRECT("ИТОГО!$A$45:$A$54"),0),MATCH(Сводка!A6,INDIRECT("ИТОГО!$B$44:$L$44"),0)) -> 0
A7: СБС | B7: Баумана | C7: =INDEX(INDIRECT("ИТОГО!$B$45:$L$54"),MATCH(Сводка!B7,INDIRECT("ИТОГО!$A$45:$A$54"),0),MATCH(Сводка!A7,INDIRECT("ИТОГО!$B$44:$L$44"),0)) -> 0
A8: Порошок | B8: Баумана | C8: =INDEX(INDIRECT("ИТОГО!$B$45:$L$54"),MATCH(Сводка!B8,INDIRECT("ИТОГО!$A$45:$A$54"),0),MATCH(Сводка!A8,INDIRECT("ИТОГО!$B$44:$L$44"),0)) -> 0
A9: НПЭГ | B9: Баумана | C9: =INDEX(INDIRECT("ИТОГО!$B$45:$L$54"),MATCH(Сводка!B9,INDIRECT("ИТОГО!$A$45:$A$54"),0),MATCH(Сводка!A9,INDIRECT("ИТОГО!$B$44:$L$44"),0)) -> 0
A10: Экспорт | B10: Баумана | C10: =INDEX(INDIRECT("ИТОГО!$B$45:$L$54"),MATCH(Сводка!B10,INDIRECT("ИТОГО!$A$45:$A$54"),0),MATCH(Сводка!A10,INDIRECT("ИТОГО!$B$44:$L$44"),0)) -> 0
A11: Доп услуги | B11: Баумана | C11: =INDEX(INDIRECT("ИТОГО!$B$45:$L$54"),MATCH(Сводка!B11,INDIRECT("ИТОГО!$A$45:$A$54"),0),MATCH(Сводка!A11,INDIRECT("ИТОГО!$B$44:$L$44"),0)) -> 0
A12: KPI | B12: Новикова-Прибоя | C12: =INDEX(INDIRECT("ИТОГО!$B$45:$L$54"),MATCH(Сводка!B12,INDIRECT("ИТОГО!$A$45:$A$54"),0),MATCH(Сводка!A12,INDIRECT("ИТОГО!$B$44:$L$44"),0)) -> 46250.75
... A99: Доп услуги | B99: Казань_Приволжская | C99: =INDEX(INDIRECT("ИТОГО!$B$45:$L$54"),MATCH(Сводка!B99,INDIRECT("ИТОГО!$A$45:$A$54"),0),MATCH(Сводка!A99,INDIRECT("ИТОГО!$B$44:$L$44"),0)) -> 47616
A100: Русвинил | B100: Баумана | C100: {=INDIRECT("ИТОГО!B57")} -> 256416.4
A101: Русвинил | B101: Новикова-Прибоя | C101: {=INDIRECT("ИТОГО!B58")} -> 209215.3
A102: Русвинил | B102: Березовая Пойма | C102: {=INDIRECT("ИТОГО!B67")} -> 5677203.9
A103: ПРР | B103: Нижнекамск завод | C103: {=INDIRECT("ИТОГО!C30")} -> 16167490
A104: Кладовки | B104: Нижнекамск завод | C104: {=INDIRECT("ИТОГО!C31")} -> 0
A105: Стропальщики | B105: Нижнекамск завод | C105: {=INDIRECT("ИТОГО!C32")} -> 817400
A106: Мойка контейнеров | B106: Нижнекамск завод | C106: {=INDIRECT("ИТОГО!C33")} -> 2020076
A107: МТО | B107: Нижнекамск завод | C107: {=INDIRECT("ИТОГО!C34")} -> 18710159
A108: МТО 2520 | B108: Нижнекамск завод | C108: {=INDIRECT("ИТОГО!C35")} -> 6980600
A109: КП КОС | B109: Нижнекамск завод | C109: {=INDIRECT("ИТОГО!C38")} -> 2910816
A110: КП Нижнекамск | B110: Нижнекамск завод | C110: {=INDIRECT("ИТОГО!C39")} -> 7064220
A111: Стройтех | B111: Баумана | C111: {=INDIRECT("ИТОГО!C19")} -> 24355
A112: Ергарда | B112: Баумана | C112: {=INDIRECT("ИТОГО!C20")} -> 8928
A113: Литейные решения | B113: Баумана | C113: {=INDIRECT("ИТОГО!C21")} -> 20803
A114: Сандекс | B114: Баумана | C114: {=INDIRECT("ИТОГО!C22")} -> 24151.2
A115: ЛС-Техномет | B115: Баумана | C115: {=INDIRECT("ИТОГО!C23")} -> 8608.8
A116: Приоритет | B116: Баумана | C116: {=INDIRECT("ИТОГО!G19")} -> 0
A117: Фармпласт | B117: Баумана | C117: {=INDIRECT("ИТОГО!G20")} -> 0
A118: Юг Полимер | B118: Баумана | C118: {=INDIRECT("ИТОГО!G21")} -> 0
A119: Центрополимер | B119: Екатеринбург | C119: {=INDIRECT("ИТОГО!G22")} -> 0
A120: Приоритет | B120: Екатеринбург | C120: {=INDIRECT("ИТОГО!G23")} -> 0
A121: Фармпласт | B121: Екатеринбург | C121: {=INDIRECT("ИТОГО!G24")} -> 0
A122: Приоритет | B122: Зеленодольск | C122: {=INDIRECT("ИТОГО!G25")} -> 0
A123: Данафлекс | B123: Зеленодольск | C123: {=INDIRECT("ИТОГО!G26")} -> 0
A124: ИП Ксендз | B124: Нижнекамск | C124: {=INDIRECT("ИТОГО!G27")} -> 0
A125: Фармпласт | B125: Новикова-Прибоя | C125: {=INDIRECT("ИТОГО!G28")} -> 0
A126: Центрополимер | B126: Новикова-Прибоя | C126: {=INDIRECT("ИТОГО!G29")} -> 0
A127: Юг Полимер | B127: Новикова-Прибоя | C127: {=INDIRECT("ИТОГО!G30")} -> 0
A128: Приоритет | B128: Новикова-Прибоя | C128: {=INDIRECT("ИТОГО!G31")} -> 0
A129: Биаксплен | B129: Новосибирск | C129: {=INDIRECT("ИТОГО!G32")} -> 174135.18
A130: Центрополимер | B130: Новосибирск | C130: {=INDIRECT("ИТОГО!G33")} -> 0
A131: Фармпласт | B131: Новосибирск | C131: {=INDIRECT("ИТОГО!G34")} -> 0
A132: Юг Полимер | B132: Зеленодольск | C132: {=INDIRECT("ИТОГО!G36")} -> 0
A133: Фармпласт | B133: Казань_Автосервисная | C133: {=INDIRECT("ИТОГО!G37")} -> 0
A134: Приоритет | B134: Казань_Приволжская | C134: {=INDIRECT("ИТОГО!G38")} -> 0
A135: Центрополимер | B135: Баумана | C135: {=INDIRECT("ИТОГО!G39")} -> 0
A136: Приоритет | B136: Казань_Автосервисная | C136: {=INDIRECT("ИТОГО!G40")} -> 0
A137: Оникс | B137: Нижнекамск | C137: {=INDIRECT("ИТОГО!G41")} -> 1747.284

Sheet Резерв
A3: ="Отчет по резерву хранению товара РВ " & TEXT(A6,"ММММ ") & YEAR(A6) & "" -> Отчет по резерву хранению товара РВ Март 2026
A4: дата | C4: Хранение Баумана | D4: Хранение Новикова | E4: Хранение Березовая Пойма | F4: Общее хранение | G4: Резерв 8000 т | H4: стоимость резерва | I4: итого
A6: 46082 | C6: ='[1]РВ Баумана'!G6 -> 600.275 | D6: ='[1]РВ Новикова-Прибоя'!G6 -> 419.025 | E6: ='[1]РВ Березовая Пойма'!G6 -> 4011.225 | F6: =SUM(C6:E6) -> 5030.525 | G6: =IF(A6<>"",IF(8000-F6<0,0,8000-F6),0) -> 2969.475 | H6: =G6*15 -> 44542.125 | I6: =SUM(H6:H6) -> 44542.125 | J6: =IF(OR(WEEKDAY(A6)=1,WEEKDAY(A6)=7,NOT(ISERROR(MATCH(A6,[1]Праздники!A:A,0)))),"Выходной","Рабочий") -> Выходной
A7: 46083 | C7: ='[1]РВ Баумана'!G7 -> 556.275 | D7: ='[1]РВ Новикова-Прибоя'!G7 -> 374.795 | E7: ='[1]РВ Березовая Пойма'!G7 -> 3944.995 | F7: =SUM(C7:E7) -> 4876.065 | G7: =IF(A7<>"",IF(8000-F7<0,0,8000-F7),0) -> 3123.935 | H7: =G7*15 -> 46859.025 | I7: =SUM(H7:H7) -> 46859.025 | J7: =IF(OR(WEEKDAY(A7)=1,WEEKDAY(A7)=7,NOT(ISERROR(MATCH(A7,[1]Праздники!A:A,0)))),"Выходной","Рабочий") -> Рабочий
A8: 46084 | C8: ='[1]РВ Баумана'!G8 -> 556.275 | D8: ='[1]РВ Новикова-Прибоя'!G8 -> 330.565 | E8: ='[1]РВ Березовая Пойма'!G8 -> 3789.845 | F8: =SUM(C8:E8) -> 4676.685 | G8: =IF(A8<>"",IF(8000-F8<0,0,8000-F8),0) -> 3323.315 | H8: =G8*15 -> 49849.725 | I8: =SUM(H8:H8) -> 49849.725 | J8: =IF(OR(WEEKDAY(A8)=1,WEEKDAY(A8)=7,NOT(ISERROR(MATCH(A8,[1]Праздники!A:A,0)))),"Выходной","Рабочий") -> Рабочий
A9: 46085 | C9: ='[1]РВ Баумана'!G9 -> 512.325 | D9: ='[1]РВ Новикова-Прибоя'!G9 -> 308.565 | E9: ='[1]РВ Березовая Пойма'!G9 -> 3612.465 | F9: =SUM(C9:E9) -> 4433.355 | G9: =IF(A9<>"",IF(8000-F9<0,0,8000-F9),0) -> 3566.645 | H9: =G9*15 -> 53499.675 | I9: =SUM(H9:H9) -> 53499.675 | J9: =IF(OR(WEEKDAY(A9)=1,WEEKDAY(A9)=7,NOT(ISERROR(MATCH(A9,[1]Праздники!A:A,0)))),"Выходной","Рабочий") -> Рабочий
A10: 46086 | C10: ='[1]РВ Баумана'!G10 -> 468.325 | D10: ='[1]РВ Новикова-Прибоя'!G10 -> 286.565 | E10: ='[1]РВ Березовая Пойма'!G10 -> 3546.005 | F10: =SUM(C10:E10) -> 4300.895 | G10: =IF(A10<>"",IF(8000-F10<0,0,8000-F10),0) -> 3699.105 | H10: =G10*15 -> 55486.575 | I10: =SUM(H10:H10) -> 55486.575 | J10: =IF(OR(WEEKDAY(A10)=1,WEEKDAY(A10)=7,NOT(ISERROR(MATCH(A10,[1]Праздники!A:A,0)))),"Выходной","Рабочий") -> Рабочий
A11: 46087 | C11: ='[1]РВ Баумана'!G11 -> 468.325 | D11: ='[1]РВ Новикова-Прибоя'!G11 -> 286.565 | E11: ='[1]РВ Березовая Пойма'!G11 -> 3546.005 | F11: =SUM(C11:E11) -> 4300.895 | G11: =IF(A11<>"",IF(8000-F11<0,0,8000-F11),0) -> 3699.105 | H11: =G11*15 -> 55486.575 | I11: =SUM(H11:H11) -> 55486.575 | J11: =IF(OR(WEEKDAY(A11)=1,WEEKDAY(A11)=7,NOT(ISERROR(MATCH(A11,[1]Праздники!A:A,0)))),"Выходной","Рабочий") -> Рабочий
A12: 46088 | C12: ='[1]РВ Баумана'!G12 -> 468.325 | D12: ='[1]РВ Новикова-Прибоя'!G12 -> 286.565 | E12: ='[1]РВ Березовая Пойма'!G12 -> 3744.005 | F12: =SUM(C12:E12) -> 4498.895 | G12: =IF(A12<>"",IF(8000-F12<0,0,8000-F12),0) -> 3501.105 | H12: =G12*15 -> 52516.575 | I12: =SUM(H12:H12) -> 52516.575 | J12: =IF(OR(WEEKDAY(A12)=1,WEEKDAY(A12)=7,NOT(ISERROR(MATCH(A12,[1]Праздники!A:A,0)))),"Выходной","Рабочий") -> Выходной
A13: 46089 | C13: ='[1]РВ Баумана'!G13 -> 424.325 | D13: ='[1]РВ Новикова-Прибоя'!G13 -> 286.565 | E13: ='[1]РВ Березовая Пойма'!G13 -> 3722.005 | F13: =SUM(C13:E13) -> 4432.895 | G13: =IF(A13<>"",IF(8000-F13<0,0,8000-F13),0) -> 3567.105 | H13: =G13*15 -> 53506.575 | I13: =SUM(H13:H13) -> 53506.575 | J13: =IF(OR(WEEKDAY(A13)=1,WEEKDAY(A13)=7,NOT(ISERROR(MATCH(A13,[1]Праздники!A:A,0)))),"Выходной","Рабочий") -> Выходной
A14: 46090 | C14: ='[1]РВ Баумана'!G14 -> 380.325 | D14: ='[1]РВ Новикова-Прибоя'!G14 -> 286.565 | E14: ='[1]РВ Березовая Пойма'!G14 -> 3919.505 | F14: =SUM(C14:E14) -> 4586.395 | G14: =IF(A14<>"",IF(8000-F14<0,0,8000-F14),0) -> 3413.605 | H14: =G14*15 -> 51204.075 | I14: =SUM(H14:H14) -> 51204.075 | J14: =IF(OR(WEEKDAY(A14)=1,WEEKDAY(A14)=7,NOT(ISERROR(MATCH(A14,[1]Праздники!A:A,0)))),"Выходной","Рабочий") -> Выходной
A15: 46091 | C15: ='[1]РВ Баумана'!G15 -> 358.325 | D15: ='[1]РВ Новикова-Прибоя'!G15 -> 286.565 | E15: ='[1]РВ Березовая Пойма'!G15 -> 4117.505 | F15: =SUM(C15:E15) -> 4762.395 | G15: =IF(A15<>"",IF(8000-F15<0,0,8000-F15),0) -> 3237.605 | H15: =G15*15 -> 48564.075 | I15: =SUM(H15:H15) -> 48564.075 | J15: =IF(OR(WEEKDAY(A15)=1,WEEKDAY(A15)=7,NOT(ISERROR(MATCH(A15,[1]Праздники!A:A,0)))),"Выходной","Рабочий") -> Рабочий
A16: 46092 | C16: ='[1]РВ Баумана'!G16 -> 299.2 | D16: ='[1]РВ Новикова-Прибоя'!G16 -> 279.69 | E16: ='[1]РВ Березовая Пойма'!G16 -> 4117.505 | F16: =SUM(C16:E16) -> 4696.395 | G16: =IF(A16<>"",IF(8000-F16<0,0,8000-F16),0) -> 3303.605 | H16: =G16*15 -> 49554.075 | I16: =SUM(H16:H16) -> 49554.075 | J16: =IF(OR(WEEKDAY(A16)=1,WEEKDAY(A16)=7,NOT(ISERROR(MATCH(A16,[1]Праздники!A:A,0)))),"Выходной","Рабочий") -> Рабочий
A17: 46093 | C17: ='[1]РВ Баумана'!G17 -> 255.2 | D17: ='[1]РВ Новикова-Прибоя'!G17 -> 279.69 | E17: ='[1]РВ Березовая Пойма'!G17 -> 4022.485 | F17: =SUM(C17:E17) -> 4557.375 | G17: =IF(A17<>"",IF(8000-F17<0,0,8000-F17),0) -> 3442.625 | H17: =G17*15 -> 51639.375 | I17: =SUM(H17:H17) -> 51639.375 | J17: =IF(OR(WEEKDAY(A17)=1,WEEKDAY(A17)=7,NOT(ISERROR(MATCH(A17,[1]Праздники!A:A,0)))),"Выходной","Рабочий") -> Рабочий
... A36: 46112 | C36: ='[1]РВ Баумана'!G36 -> -6.8167694e-14 | D36: ='[1]РВ Новикова-Прибоя'!G36 -> 7.9936058e-15 | E36: ='[1]РВ Березовая Пойма'!G36 -> 80.21 | F36: =SUM(C36:E36) -> 80.21 | G36: =IF(A36<>"",IF(8000-F36<0,0,8000-F36),0) -> 7919.79 | H36: =G36*15 -> 118796.85 | I36: =SUM(H36:H36) -> 118796.85 | J36: =IF(OR(WEEKDAY(A36)=1,WEEKDAY(A36)=7,NOT(ISERROR(MATCH(A36,[1]Праздники!A:A,0)))),"Выходной","Рабочий") -> Рабочий
C37: =SUM(C6:C36) -> 6847.45 | D37: =SUM(D6:D36) -> 7000.63 | E37: =SUM(E6:E36) -> 94235.53 | G37: =SUM(G6:G36) -> 139916.39 | H37: =SUM(H6:H36) -> 2098745.9 | I37: =SUM(I6:I36) -> 2098745.9
I38: =I37*1.22 -> 2560469.9

Sheet РВ Баумана
R1: Выходной | S1: Рабочий
Q2: Выгрузка | R2: =SUMIF($P$6:$P$36,R$1,$C6:$C36) -> 0 | S2: =SUMIF($P$6:$P$36,S$1,$C6:$C36) -> 0
A3: ="Отчет по хранению товара РВ " & TEXT(A6,"ММММ ") & YEAR(A6) & " Баумана" -> Отчет по хранению товара РВ Март 2026 Баумана | Q3: Отгрузка | R3: =SUMIF($P$6:$P$36,R$1,$D6:$D36) -> 232.325 | S3: =SUMIF($P$6:$P$36,S$1,$D6:$D36) -> 367.95
A4: дата | C4: Выгрузка кол-во тонн | D4: Загрузка кол-во тонн | E4: Выгрузка после 20:00 | F4: Загрузка после 20:00 | G4: Хранение | H4: переконсолидация (тонн) | I4: стоимость выгрузки | J4: стоимость загрузки | K4: Стоимость выгрузки после 20:00 | L4: Стоимость загрузки после 20:00 | M4: стоимость хранения | N4: стоимость переконс. | O4: итого
G5: (кол-во тонн)
A6: 46082 | C6: 0 | D6: 44 | G6: 600.275 | I6: =IF(P6="Выходной",SUM(C6*150)*1.5,SUM(C6*150)) -> 0 | J6: =IF(P6="Выходной",SUM(D6*150)*1.5,SUM(D6*150)) -> 9900 | K6: =IF(OR(WEEKDAY(A6)=1,WEEKDAY(A6)=7,NOT(ISERROR(MATCH(A6,[1]Праздники!A:A,0)))),SUM(E6*225)*1.5,SUM(E6*225)) -> 0 | L6: =IF(OR(WEEKDAY(A6)=1,WEEKDAY(A6)=7,NOT(ISERROR(MATCH(A6,[1]Праздники!A:A,0)))),SUM(F6*225)*1.5,SUM(F6*225)) -> 0 | M6: =SUM(G6*15) -> 9004.125 | N6: =SUM(H6)*750 -> 0 | O6: =SUM(I6:N6) -> 18904.125 | P6: =IF(OR(WEEKDAY(A6)=1,WEEKDAY(A6)=7,NOT(ISERROR(MATCH(A6,[1]Праздники!A:A,0)))),"Выходной","Рабочий") -> Выходной
A7: 46083 | C7: 0 | D7: 0 | G7: =IF(A7 ="",0,G6+C7+E7-D6-F6) -> 556.275 | I7: =IF(P7="Выходной",SUM(C7*150)*1.5,SUM(C7*150)) -> 0 | J7: =IF(P7="Выходной",SUM(D7*150)*1.5,SUM(D7*150)) -> 0 | K7: =IF(OR(WEEKDAY(A7)=1,WEEKDAY(A7)=7,NOT(ISERROR(MATCH(A7,[1]Праздники!A:A,0)))),SUM(E7*225)*1.5,SUM(E7*225)) -> 0 | L7: =IF(OR(WEEKDAY(A7)=1,WEEKDAY(A7)=7,NOT(ISERROR(MATCH(A7,[1]Праздники!A:A,0)))),SUM(F7*225)*1.5,SUM(F7*225)) -> 0 | M7: =SUM(G7*15) -> 8344.125 | N7: =SUM(H7)*750 -> 0 | O7: =SUM(I7:N7) -> 8344.125 | P7: =IF(OR(WEEKDAY(A7)=1,WEEKDAY(A7)=7,NOT(ISERROR(MATCH(A7,[1]Праздники!A:A,0)))),"Выходной","Рабочий") -> Рабочий
A8: 46084 | C8: 0 | D8: 43.95 | G8: =IF(A8 ="",0,G7+C8+E8-D7-F7) -> 556.275 | I8: =IF(P8="Выходной",SUM(C8*150)*1.5,SUM(C8*150)) -> 0 | J8: =IF(P8="Выходной",SUM(D8*150)*1.5,SUM(D8*150)) -> 6592.5 | K8: =IF(OR(WEEKDAY(A8)=1,WEEKDAY(A8)=7,NOT(ISERROR(MATCH(A8,[1]Праздники!A:A,0)))),SUM(E8*225)*1.5,SUM(E8*225)) -> 0 | L8: =IF(OR(WEEKDAY(A8)=1,WEEKDAY(A8)=7,NOT(ISERROR(MATCH(A8,[1]Праздники!A:A,0)))),SUM(F8*225)*1.5,SUM(F8*225)) -> 0 | M8: =SUM(G8*15) -> 8344.125 | N8: =SUM(H8)*750 -> 0 | O8: =SUM(I8:N8) -> 14936.625 | P8: =IF(OR(WEEKDAY(A8)=1,WEEKDAY(A8)=7,NOT(ISERROR(MATCH(A8,[1]Праздники!A:A,0)))),"Выходной","Рабочий") -> Рабочий
A9: 46085 | C9: 0 | D9: 44 | G9: =IF(A9 ="",0,G8+C9+E9-D8-F8) -> 512.325 | I9: =IF(P9="Выходной",SUM(C9*150)*1.5,SUM(C9*150)) -> 0 | J9: =IF(P9="Выходной",SUM(D9*150)*1.5,SUM(D9*150)) -> 6600 | K9: =IF(OR(WEEKDAY(A9)=1,WEEKDAY(A9)=7,NOT(ISERROR(MATCH(A9,[1]Праздники!A:A,0)))),SUM(E9*225)*1.5,SUM(E9*225)) -> 0 | L9: =IF(OR(WEEKDAY(A9)=1,WEEKDAY(A9)=7,NOT(ISERROR(MATCH(A9,[1]Праздники!A:A,0)))),SUM(F9*225)*1.5,SUM(F9*225)) -> 0 | M9: =SUM(G9*15) -> 7684.875 | N9: =SUM(H9)*750 -> 0 | O9: =SUM(I9:N9) -> 14284.875 | P9: =IF(OR(WEEKDAY(A9)=1,WEEKDAY(A9)=7,NOT(ISERROR(MATCH(A9,[1]Праздники!A:A,0)))),"Выходной","Рабочий") -> Рабочий
A10: 46086 | C10: 0 | D10: 0 | G10: =IF(A10 ="",0,G9+C10+E10-D9-F9) -> 468.325 | I10: =IF(P10="Выходной",SUM(C10*150)*1.5,SUM(C10*150)) -> 0 | J10: =IF(P10="Выходной",SUM(D10*150)*1.5,SUM(D10*150)) -> 0 | K10: =IF(OR(WEEKDAY(A10)=1,WEEKDAY(A10)=7,NOT(ISERROR(MATCH(A10,[1]Праздники!A:A,0)))),SUM(E10*225)*1.5,SUM(E10*225)) -> 0 | L10: =IF(OR(WEEKDAY(A10)=1,WEEKDAY(A10)=7,NOT(ISERROR(MATCH(A10,[1]Праздники!A:A,0)))),SUM(F10*225)*1.5,SUM(F10*225)) -> 0 | M10: =SUM(G10*15) -> 7024.875 | N10: =SUM(H10)*750 -> 0 | O10: =SUM(I10:N10) -> 7024.875 | P10: =IF(OR(WEEKDAY(A10)=1,WEEKDAY(A10)=7,NOT(ISERROR(MATCH(A10,[1]Праздники!A:A,0)))),"Выходной","Рабочий") -> Рабочий
A11: 46087 | C11: 0 | D11: 0 | G11: =IF(A11 ="",0,G10+C11+E11-D10-F10) -> 468.325 | I11: =IF(P11="Выходной",SUM(C11*150)*1.5,SUM(C11*150)) -> 0 | J11: =IF(P11="Выходной",SUM(D11*150)*1.5,SUM(D11*150)) -> 0 | K11: =IF(OR(WEEKDAY(A11)=1,WEEKDAY(A11)=7,NOT(ISERROR(MATCH(A11,[1]Праздники!A:A,0)))),SUM(E11*225)*1.5,SUM(E11*225)) -> 0 | L11: =IF(OR(WEEKDAY(A11)=1,WEEKDAY(A11)=7,NOT(ISERROR(MATCH(A11,[1]Праздники!A:A,0)))),SUM(F11*225)*1.5,SUM(F11*225)) -> 0 | M11: =SUM(G11*15) -> 7024.875 | N11: =SUM(H11)*750 -> 0 | O11: =SUM(I11:N11) -> 7024.875 | P11: =IF(OR(WEEKDAY(A11)=1,WEEKDAY(A11)=7,NOT(ISERROR(MATCH(A11,[1]Праздники!A:A,0)))),"Выходной","Рабочий") -> Рабочий
A12: 46088 | C12: 0 | D12: 44 | G12: =IF(A12 ="",0,G11+C12+E12-D11-F11) -> 468.325 | I12: =IF(P12="Выходной",SUM(C12*150)*1.5,SUM(C12*150)) -> 0 | J12: =IF(P12="Выходной",SUM(D12*150)*1.5,SUM(D12*150)) -> 9900 | K12: =IF(OR(WEEKDAY(A12)=1,WEEKDAY(A12)=7,NOT(ISERROR(MATCH(A12,[1]Праздники!A:A,0)))),SUM(E12*225)*1.5,SUM(E12*225)) -> 0 | L12: =IF(OR(WEEKDAY(A12)=1,WEEKDAY(A12)=7,NOT(ISERROR(MATCH(A12,[1]Праздники!A:A,0)))),SUM(F12*225)*1.5,SUM(F12*225)) -> 0 | M12: =SUM(G12*15) -> 7024.875 | N12: =SUM(H12)*750 -> 0 | O12: =SUM(I12:N12) -> 16924.875 | P12: =IF(OR(WEEKDAY(A12)=1,WEEKDAY(A12)=7,NOT(ISERROR(MATCH(A12,[1]Праздники!A:A,0)))),"Выходной","Рабочий") -> Выходной
A13: 46089 | C13: 0 | D13: 44 | G13: =IF(A13 ="",0,G12+C13+E13-D12-F12) -> 424.325 | I13: =IF(P13="Выходной",SUM(C13*150)*1.5,SUM(C13*150)) -> 0 | J13: =IF(P13="Выходной",SUM(D13*150)*1.5,SUM(D13*150)) -> 9900 | K13: =IF(OR(WEEKDAY(A13)=1,WEEKDAY(A13)=7,NOT(ISERROR(MATCH(A13,[1]Праздники!A:A,0)))),SUM(E13*225)*1.5,SUM(E13*225)) -> 0 | L13: =IF(OR(WEEKDAY(A13)=1,WEEKDAY(A13)=7,NOT(ISERROR(MATCH(A13,[1]Праздники!A:A,0)))),SUM(F13*225)*1.5,SUM(F13*225)) -> 0 | M13: =SUM(G13*15) -> 6364.875 | N13: =SUM(H13)*750 -> 0 | O13: =SUM(I13:N13) -> 16264.875 | P13: =IF(OR(WEEKDAY(A13)=1,WEEKDAY(A13)=7,NOT(ISERROR(MATCH(A13,[1]Праздники!A:A,0)))),"Выходной","Рабочий") -> Выходной
A14: 46090 | C14: 0 | D14: 22 | G14: =IF(A14 ="",0,G13+C14+E14-D13-F13) -> 380.325 | I14: =IF(P14="Выходной",SUM(C14*150)*1.5,SUM(C14*150)) -> 0 | J14: =IF(P14="Выходной",SUM(D14*150)*1.5,SUM(D14*150)) -> 4950 | K14: =IF(OR(WEEKDAY(A14)=1,WEEKDAY(A14)=7,NOT(ISERROR(MATCH(A14,[1]Праздники!A:A,0)))),SUM(E14*225)*1.5,SUM(E14*225)) -> 0 | L14: =IF(OR(WEEKDAY(A14)=1,WEEKDAY(A14)=7,NOT(ISERROR(MATCH(A14,[1]Праздники!A:A,0)))),SUM(F14*225)*1.5,SUM(F14*225)) -> 0 | M14: =SUM(G14*15) -> 5704.875 | N14: =SUM(H14)*750 -> 0 | O14: =SUM(I14:N14) -> 10654.875 | P14: =IF(OR(WEEKDAY(A14)=1,WEEKDAY(A14)=7,NOT(ISERROR(MATCH(A14,[1]Праздники!A:A,0)))),"Выходной","Рабочий") -> Выходной
A15: 46091 | C15: 0 | D15: 59.125 | G15: =IF(A15 ="",0,G14+C15+E15-D14-F14) -> 358.325 | I15: =IF(P15="Выходной",SUM(C15*150)*1.5,SUM(C15*150)) -> 0 | J15: =IF(P15="Выходной",SUM(D15*150)*1.5,SUM(D15*150)) -> 8868.75 | K15: =IF(OR(WEEKDAY(A15)=1,WEEKDAY(A15)=7,NOT(ISERROR(MATCH(A15,[1]Праздники!A:A,0)))),SUM(E15*225)*1.5,SUM(E15*225)) -> 0 | L15: =IF(OR(WEEKDAY(A15)=1,WEEKDAY(A15)=7,NOT(ISERROR(MATCH(A15,[1]Праздники!A:A,0)))),SUM(F15*225)*1.5,SUM(F15*225)) -> 0 | M15: =SUM(G15*15) -> 5374.875 | N15: =SUM(H15)*750 -> 0 | O15: =SUM(I15:N15) -> 14243.625 | P15: =IF(OR(WEEKDAY(A15)=1,WEEKDAY(A15)=7,NOT(ISERROR(MATCH(A15,[1]Праздники!A:A,0)))),"Выходной","Рабочий") -> Рабочий
A16: 46092 | C16: 0 | D16: 44 | G16: =IF(A16 ="",0,G15+C16+E16-D15-F15) -> 299.2 | I16: =IF(P16="Выходной",SUM(C16*150)*1.5,SUM(C16*150)) -> 0 | J16: =IF(P16="Выходной",SUM(D16*150)*1.5,SUM(D16*150)) -> 6600 | K16: =IF(OR(WEEKDAY(A16)=1,WEEKDAY(A16)=7,NOT(ISERROR(MATCH(A16,[1]Праздники!A:A,0)))),SUM(E16*225)*1.5,SUM(E16*225)) -> 0 | L16: =IF(OR(WEEKDAY(A16)=1,WEEKDAY(A16)=7,NOT(ISERROR(MATCH(A16,[1]Праздники!A:A,0)))),SUM(F16*225)*1.5,SUM(F16*225)) -> 0 | M16: =SUM(G16*15) -> 4488 | N16: =SUM(H16)*750 -> 0 | O16: =SUM(I16:N16) -> 11088 | P16: =IF(OR(WEEKDAY(A16)=1,WEEKDAY(A16)=7,NOT(ISERROR(MATCH(A16,[1]Праздники!A:A,0)))),"Выходной","Рабочий") -> Рабочий
A17: 46093 | C17: 0 | D17: 44 | G17: =IF(A17 ="",0,G16+C17+E17-D16-F16) -> 255.2 | I17: =IF(P17="Выходной",SUM(C17*150)*1.5,SUM(C17*150)) -> 0 | J17: =IF(P17="Выходной",SUM(D17*150)*1.5,SUM(D17*150)) -> 6600 | K17: =IF(OR(WEEKDAY(A17)=1,WEEKDAY(A17)=7,NOT(ISERROR(MATCH(A17,[1]Праздники!A:A,0)))),SUM(E17*225)*1.5,SUM(E17*225)) -> 0 | L17: =IF(OR(WEEKDAY(A17)=1,WEEKDAY(A17)=7,NOT(ISERROR(MATCH(A17,[1]Праздники!A:A,0)))),SUM(F17*225)*1.5,SUM(F17*225)) -> 0 | M17: =SUM(G17*15) -> 3828 | N17: =SUM(H17)*750 -> 0 | O17: =SUM(I17:N17) -> 10428 | P17: =IF(OR(WEEKDAY(A17)=1,WEEKDAY(A17)=7,NOT(ISERROR(MATCH(A17,[1]Праздники!A:A,0)))),"Выходной","Рабочий") -> Рабочий
A18: 46094 | C18: 0 | D18: 22 | G18: =IF(A18 ="",0,G17+C18+E18-D17-F17) -> 211.2 | I18: =IF(P18="Выходной",SUM(C18*150)*1.5,SUM(C18*150)) -> 0 | J18: =IF(P18="Выходной",SUM(D18*150)*1.5,SUM(D18*150)) -> 3300 | K18: =IF(OR(WEEKDAY(A18)=1,WEEKDAY(A18)=7,NOT(ISERROR(MATCH(A18,[1]Праздники!A:A,0)))),SUM(E18*225)*1.5,SUM(E18*225)) -> 0 | L18: =IF(OR(WEEKDAY(A18)=1,WEEKDAY(A18)=7,NOT(ISERROR(MATCH(A18,[1]Праздники!A:A,0)))),SUM(F18*225)*1.5,SUM(F18*225)) -> 0 | M18: =SUM(G18*15) -> 3168 | N18: =SUM(H18)*750 -> 0 | O18: =SUM(I18:N18) -> 6468 | P18: =IF(OR(WEEKDAY(A18)=1,WEEKDAY(A18)=7,NOT(ISERROR(MATCH(A18,[1]Праздники!A:A,0)))),"Выходной","Рабочий") -> Рабочий
... A36: 46112 | C36: 0 | D36: 0 | G36: =IF(A36 ="",0,G35+C36+E36-D35-F35) -> -6.8167694e-14 | I36: =IF(P36="Выходной",SUM(C36*150)*1.5,SUM(C36*150)) -> 0 | J36: =IF(P36="Выходной",SUM(D36*150)*1.5,SUM(D36*150)) -> 0 | K36: =IF(OR(WEEKDAY(A36)=1,WEEKDAY(A36)=7,NOT(ISERROR(MATCH(A36,[1]Праздники!A:A,0)))),SUM(E36*225)*1.5,SUM(E36*225)) -> 0 | L36: =IF(OR(WEEKDAY(A36)=1,WEEKDAY(A36)=7,NOT(ISERROR(MATCH(A36,[1]Праздники!A:A,0)))),SUM(F36*225)*1.5,SUM(F36*225)) -> 0 | M36: =SUM(G36*15) -> -1.0225154e-12 | N36: =SUM(H36)*750 -> 0 | O36: =SUM(I36:N36) -> -1.0225154e-12 | P36: =IF(OR(WEEKDAY(A36)=1,WEEKDAY(A36)=7,NOT(ISERROR(MATCH(A36,[1]Праздники!A:A,0)))),"Выходной","Рабочий") -> Рабочий
C37: =SUM(C6:C36) -> 0 | D37: =SUM(D6:D36) -> 600.275 | E37: =SUM(E6:E36) -> 0 | F37: =SUM(F6:F36) -> 0 | G37: =SUM(G6:G36) -> 6847.45 | H37: =SUM(H6:H36) -> 0 | I37: =SUM(I6:I36) -> 0 | J37: =SUM(J6:J36) -> 107465.62 | ... O37: =SUM(O6:O36) -> 210177.38
N38: С НДС; | O38: =O37*1.22 -> 256416.4

Sheet РВ Березовая Пойма
R1: Выходной | S1: Рабочий
Q2: Выгрузка | R2: =SUMIF($P$6:$P$36,R$1,$C6:$C36) -> 658.025 | S2: =SUMIF($P$6:$P$36,S$1,$C6:$C36) -> 660
A3: ="Отчет по хранению товара РВ " & TEXT(A6,"ММММ ") & YEAR(A6) & " Березовая Пойма" -> Отчет по хранению товара РВ Март 2026 Березовая Пойма | Q3: Отгрузка | R3: =SUMIF($P$6:$P$36,R$1,$D6:$D36) -> 1262.985 | S3: =SUMIF($P$6:$P$36,S$1,$D6:$D36) -> 4066.265
A4: дата | C4: Выгрузка кол-во тонн | D4: Загрузка кол-во тонн | E4: Выгрузка после 20:00 | F4: Загрузка после 20:00 | G4: Хранение | H4: переконсолидация (тонн) | I4: стоимость выгрузки | J4: стоимость загрузки | K4: Стоимость выгрузки после 20:00 | L4: Стоимость загрузки после 20:00 | M4: стоимость хранения | N4: стоимость переконс. | O4: итого
G5: (кол-во тонн)
A6: 46082 | C6: 0 | D6: 66.23 | G6: 4011.225 | I6: =IF(P6="Выходной",SUM(C6*150)*1.5,SUM(C6*150)) -> 0 | J6: =IF(P6="Выходной",SUM(D6*150)*1.5,SUM(D6*150)) -> 14901.75 | K6: =IF(OR(WEEKDAY(A6)=1,WEEKDAY(A6)=7,NOT(ISERROR(MATCH(A6,[1]Праздники!A:A,0)))),SUM(E6*225)*1.5,SUM(E6*225)) -> 0 | L6: =IF(OR(WEEKDAY(A6)=1,WEEKDAY(A6)=7,NOT(ISERROR(MATCH(A6,[1]Праздники!A:A,0)))),SUM(F6*225)*1.5,SUM(F6*225)) -> 0 | M6: =SUM(G6*15) -> 60168.375 | N6: =SUM(H6)*750 -> 0 | O6: =SUM(I6:N6) -> 75070.125 | P6: =IF(OR(WEEKDAY(A6)=1,WEEKDAY(A6)=7,NOT(ISERROR(MATCH(A6,[1]Праздники!A:A,0)))),"Выходной","Рабочий") -> Выходной
A7: 46083 | C7: 0 | D7: 155.15 | G7: =IF(A7 ="",0,G6+C7+E7-D6-F6) -> 3944.995 | I7: =IF(P7="Выходной",SUM(C7*150)*1.5,SUM(C7*150)) -> 0 | J7: =IF(P7="Выходной",SUM(D7*150)*1.5,SUM(D7*150)) -> 23272.5 | K7: =IF(OR(WEEKDAY(A7)=1,WEEKDAY(A7)=7,NOT(ISERROR(MATCH(A7,[1]Праздники!A:A,0)))),SUM(E7*225)*1.5,SUM(E7*225)) -> 0 | L7: =IF(OR(WEEKDAY(A7)=1,WEEKDAY(A7)=7,NOT(ISERROR(MATCH(A7,[1]Праздники!A:A,0)))),SUM(F7*225)*1.5,SUM(F7*225)) -> 0 | M7: =SUM(G7*15) -> 59174.925 | N7: =SUM(H7)*750 -> 0 | O7: =SUM(I7:N7) -> 82447.425 | P7: =IF(OR(WEEKDAY(A7)=1,WEEKDAY(A7)=7,NOT(ISERROR(MATCH(A7,[1]Праздники!A:A,0)))),"Выходной","Рабочий") -> Рабочий
A8: 46084 | C8: 0 | D8: 177.38 | G8: =IF(A8 ="",0,G7+C8+E8-D7-F7) -> 3789.845 | I8: =IF(P8="Выходной",SUM(C8*150)*1.5,SUM(C8*150)) -> 0 | J8: =IF(P8="Выходной",SUM(D8*150)*1.5,SUM(D8*150)) -> 26607 | K8: =IF(OR(WEEKDAY(A8)=1,WEEKDAY(A8)=7,NOT(ISERROR(MATCH(A8,[1]Праздники!A:A,0)))),SUM(E8*225)*1.5,SUM(E8*225)) -> 0 | L8: =IF(OR(WEEKDAY(A8)=1,WEEKDAY(A8)=7,NOT(ISERROR(MATCH(A8,[1]Праздники!A:A,0)))),SUM(F8*225)*1.5,SUM(F8*225)) -> 0 | M8: =SUM(G8*15) -> 56847.675 | N8: =SUM(H8)*750 -> 0 | O8: =SUM(I8:N8) -> 83454.675 | P8: =IF(OR(WEEKDAY(A8)=1,WEEKDAY(A8)=7,NOT(ISERROR(MATCH(A8,[1]Праздники!A:A,0)))),"Выходной","Рабочий") -> Рабочий
A9: 46085 | C9: 0 | D9: 66.46 | G9: =IF(A9 ="",0,G8+C9+E9-D8-F8) -> 3612.465 | I9: =IF(P9="Выходной",SUM(C9*150)*1.5,SUM(C9*150)) -> 0 | J9: =IF(P9="Выходной",SUM(D9*150)*1.5,SUM(D9*150)) -> 9969 | K9: =IF(OR(WEEKDAY(A9)=1,WEEKDAY(A9)=7,NOT(ISERROR(MATCH(A9,[1]Праздники!A:A,0)))),SUM(E9*225)*1.5,SUM(E9*225)) -> 0 | L9: =IF(OR(WEEKDAY(A9)=1,WEEKDAY(A9)=7,NOT(ISERROR(MATCH(A9,[1]Праздники!A:A,0)))),SUM(F9*225)*1.5,SUM(F9*225)) -> 0 | M9: =SUM(G9*15) -> 54186.975 | N9: =SUM(H9)*750 -> 0 | O9: =SUM(I9:N9) -> 64155.975 | P9: =IF(OR(WEEKDAY(A9)=1,WEEKDAY(A9)=7,NOT(ISERROR(MATCH(A9,[1]Праздники!A:A,0)))),"Выходной","Рабочий") -> Рабочий
A10: 46086 | C10: 0 | D10: 0 | G10: =IF(A10 ="",0,G9+C10+E10-D9-F9) -> 3546.005 | I10: =IF(P10="Выходной",SUM(C10*150)*1.5,SUM(C10*150)) -> 0 | J10: =IF(P10="Выходной",SUM(D10*150)*1.5,SUM(D10*150)) -> 0 | K10: =IF(OR(WEEKDAY(A10)=1,WEEKDAY(A10)=7,NOT(ISERROR(MATCH(A10,[1]Праздники!A:A,0)))),SUM(E10*225)*1.5,SUM(E10*225)) -> 0 | L10: =IF(OR(WEEKDAY(A10)=1,WEEKDAY(A10)=7,NOT(ISERROR(MATCH(A10,[1]Праздники!A:A,0)))),SUM(F10*225)*1.5,SUM(F10*225)) -> 0 | M10: =SUM(G10*15) -> 53190.075 | N10: =SUM(H10)*750 -> 0 | O10: =SUM(I10:N10) -> 53190.075 | P10: =IF(OR(WEEKDAY(A10)=1,WEEKDAY(A10)=7,NOT(ISERROR(MATCH(A10,[1]Праздники!A:A,0)))),"Выходной","Рабочий") -> Рабочий
A11: 46087 | C11: 0 | D11: 22 | G11: =IF(A11 ="",0,G10+C11+E11-D10-F10) -> 3546.005 | I11: =IF(P11="Выходной",SUM(C11*150)*1.5,SUM(C11*150)) -> 0 | J11: =IF(P11="Выходной",SUM(D11*150)*1.5,SUM(D11*150)) -> 3300 | K11: =IF(OR(WEEKDAY(A11)=1,WEEKDAY(A11)=7,NOT(ISERROR(MATCH(A11,[1]Праздники!A:A,0)))),SUM(E11*225)*1.5,SUM(E11*225)) -> 0 | L11: =IF(OR(WEEKDAY(A11)=1,WEEKDAY(A11)=7,NOT(ISERROR(MATCH(A11,[1]Праздники!A:A,0)))),SUM(F11*225)*1.5,SUM(F11*225)) -> 0 | M11: =SUM(G11*15) -> 53190.075 | N11: =SUM(H11)*750 -> 0 | O11: =SUM(I11:N11) -> 56490.075 | P11: =IF(OR(WEEKDAY(A11)=1,WEEKDAY(A11)=7,NOT(ISERROR(MATCH(A11,[1]Праздники!A:A,0)))),"Выходной","Рабочий") -> Рабочий
A12: 46088 | C12: 220 | D12: 22 | G12: =IF(A12 ="",0,G11+C12+E12-D11-F11) -> 3744.005 | I12: =IF(P12="Выходной",SUM(C12*150)*1.5,SUM(C12*150)) -> 49500 | J12: =IF(P12="Выходной",SUM(D12*150)*1.5,SUM(D12*150)) -> 4950 | K12: =IF(OR(WEEKDAY(A12)=1,WEEKDAY(A12)=7,NOT(ISERROR(MATCH(A12,[1]Праздники!A:A,0)))),SUM(E12*225)*1.5,SUM(E12*225)) -> 0 | L12: =IF(OR(WEEKDAY(A12)=1,WEEKDAY(A12)=7,NOT(ISERROR(MATCH(A12,[1]Праздники!A:A,0)))),SUM(F12*225)*1.5,SUM(F12*225)) -> 0 | M12: =SUM(G12*15) -> 56160.075 | N12: =SUM(H12)*750 -> 0 | O12: =SUM(I12:N12) -> 110610.07 | P12: =IF(OR(WEEKDAY(A12)=1,WEEKDAY(A12)=7,NOT(ISERROR(MATCH(A12,[1]Праздники!A:A,0)))),"Выходной","Рабочий") -> Выходной
A13: 46089 | C13: 0 | D13: 22.5 | G13: =IF(A13 ="",0,G12+C13+E13-D12-F12) -> 3722.005 | I13: =IF(P13="Выходной",SUM(C13*150)*1.5,SUM(C13*150)) -> 0 | J13: =IF(P13="Выходной",SUM(D13*150)*1.5,SUM(D13*150)) -> 5062.5 | K13: =IF(OR(WEEKDAY(A13)=1,WEEKDAY(A13)=7,NOT(ISERROR(MATCH(A13,[1]Праздники!A:A,0)))),SUM(E13*225)*1.5,SUM(E13*225)) -> 0 | L13: =IF(OR(WEEKDAY(A13)=1,WEEKDAY(A13)=7,NOT(ISERROR(MATCH(A13,[1]Праздники!A:A,0)))),SUM(F13*225)*1.5,SUM(F13*225)) -> 0 | M13: =SUM(G13*15) -> 55830.075 | N13: =SUM(H13)*750 -> 0 | O13: =SUM(I13:N13) -> 60892.575 | P13: =IF(OR(WEEKDAY(A13)=1,WEEKDAY(A13)=7,NOT(ISERROR(MATCH(A13,[1]Праздники!A:A,0)))),"Выходной","Рабочий") -> Выходной
A14: 46090 | C14: 220 | D14: 22 | G14: =IF(A14 ="",0,G13+C14+E14-D13-F13) -> 3919.505 | I14: =IF(P14="Выходной",SUM(C14*150)*1.5,SUM(C14*150)) -> 49500 | J14: =IF(P14="Выходной",SUM(D14*150)*1.5,SUM(D14*150)) -> 4950 | K14: =IF(OR(WEEKDAY(A14)=1,WEEKDAY(A14)=7,NOT(ISERROR(MATCH(A14,[1]Праздники!A:A,0)))),SUM(E14*225)*1.5,SUM(E14*225)) -> 0 | L14: =IF(OR(WEEKDAY(A14)=1,WEEKDAY(A14)=7,NOT(ISERROR(MATCH(A14,[1]Праздники!A:A,0)))),SUM(F14*225)*1.5,SUM(F14*225)) -> 0 | M14: =SUM(G14*15) -> 58792.575 | N14: =SUM(H14)*750 -> 0 | O14: =SUM(I14:N14) -> 113242.57 | P14: =IF(OR(WEEKDAY(A14)=1,WEEKDAY(A14)=7,NOT(ISERROR(MATCH(A14,[1]Праздники!A:A,0)))),"Выходной","Рабочий") -> Выходной
A15: 46091 | C15: 220 | D15: 0 | G15: =IF(A15 ="",0,G14+C15+E15-D14-F14) -> 4117.505 | I15: =IF(P15="Выходной",SUM(C15*150)*1.5,SUM(C15*150)) -> 33000 | J15: =IF(P15="Выходной",SUM(D15*150)*1.5,SUM(D15*150)) -> 0 | K15: =IF(OR(WEEKDAY(A15)=1,WEEKDAY(A15)=7,NOT(ISERROR(MATCH(A15,[1]Праздники!A:A,0)))),SUM(E15*225)*1.5,SUM(E15*225)) -> 0 | L15: =IF(OR(WEEKDAY(A15)=1,WEEKDAY(A15)=7,NOT(ISERROR(MATCH(A15,[1]Праздники!A:A,0)))),SUM(F15*225)*1.5,SUM(F15*225)) -> 0 | M15: =SUM(G15*15) -> 61762.575 | N15: =SUM(H15)*750 -> 0 | O15: =SUM(I15:N15) -> 94762.575 | P15: =IF(OR(WEEKDAY(A15)=1,WEEKDAY(A15)=7,NOT(ISERROR(MATCH(A15,[1]Праздники!A:A,0)))),"Выходной","Рабочий") -> Рабочий
A16: 46092 | C16: 0 | D16: 95.02 | G16: =IF(A16 ="",0,G15+C16+E16-D15-F15) -> 4117.505 | I16: =IF(P16="Выходной",SUM(C16*150)*1.5,SUM(C16*150)) -> 0 | J16: =IF(P16="Выходной",SUM(D16*150)*1.5,SUM(D16*150)) -> 14253 | K16: =IF(OR(WEEKDAY(A16)=1,WEEKDAY(A16)=7,NOT(ISERROR(MATCH(A16,[1]Праздники!A:A,0)))),SUM(E16*225)*1.5,SUM(E16*225)) -> 0 | L16: =IF(OR(WEEKDAY(A16)=1,WEEKDAY(A16)=7,NOT(ISERROR(MATCH(A16,[1]Праздники!A:A,0)))),SUM(F16*225)*1.5,SUM(F16*225)) -> 0 | M16: =SUM(G16*15) -> 61762.575 | N16: =SUM(H16)*750 -> 0 | O16: =SUM(I16:N16) -> 76015.575 | P16: =IF(OR(WEEKDAY(A16)=1,WEEKDAY(A16)=7,NOT(ISERROR(MATCH(A16,[1]Праздники!A:A,0)))),"Выходной","Рабочий") -> Рабочий
A17: 46093 | C17: 0 | D17: 53.45 | G17: =IF(A17 ="",0,G16+C17+E17-D16-F16) -> 4022.485 | I17: =IF(P17="Выходной",SUM(C17*150)*1.5,SUM(C17*150)) -> 0 | J17: =IF(P17="Выходной",SUM(D17*150)*1.5,SUM(D17*150)) -> 8017.5 | K17: =IF(OR(WEEKDAY(A17)=1,WEEKDAY(A17)=7,NOT(ISERROR(MATCH(A17,[1]Праздники!A:A,0)))),SUM(E17*225)*1.5,SUM(E17*225)) -> 0 | L17: =IF(OR(WEEKDAY(A17)=1,WEEKDAY(A17)=7,NOT(ISERROR(MATCH(A17,[1]Праздники!A:A,0)))),SUM(F17*225)*1.5,SUM(F17*225)) -> 0 | M17: =SUM(G17*15) -> 60337.275 | N17: =SUM(H17)*750 -> 0 | O17: =SUM(I17:N17) -> 68354.775 | P17: =IF(OR(WEEKDAY(A17)=1,WEEKDAY(A17)=7,NOT(ISERROR(MATCH(A17,[1]Праздники!A:A,0)))),"Выходной","Рабочий") -> Рабочий
A18: 46094 | C18: 220 | D18: 37.125 | G18: =IF(A18 ="",0,G17+C18+E18-D17-F17) -> 4189.035 | I18: =IF(P18="Выходной",SUM(C18*150)*1.5,SUM(C18*150)) -> 33000 | J18: =IF(P18="Выходной",SUM(D18*150)*1.5,SUM(D18*150)) -> 5568.75 | K18: =IF(OR(WEEKDAY(A18)=1,WEEKDAY(A18)=7,NOT(ISERROR(MATCH(A18,[1]Праздники!A:A,0)))),SUM(E18*225)*1.5,SUM(E18*225)) -> 0 | L18: =IF(OR(WEEKDAY(A18)=1,WEEKDAY(A18)=7,NOT(ISERROR(MATCH(A18,[1]Праздники!A:A,0)))),SUM(F18*225)*1.5,SUM(F18*225)) -> 0 | M18: =SUM(G18*15) -> 62835.525 | N18: =SUM(H18)*750 -> 0 | O18: =SUM(I18:N18) -> 101404.27 | P18: =IF(OR(WEEKDAY(A18)=1,WEEKDAY(A18)=7,NOT(ISERROR(MATCH(A18,[1]Праздники!A:A,0)))),"Выходной","Рабочий") -> Рабочий
... A36: 46112 | C36: 0 | D36: 80.21 | G36: =IF(A36 ="",0,G35+C36+E36-D35-F35) -> 80.21 | I36: =IF(P36="Выходной",SUM(C36*150)*1.5,SUM(C36*150)) -> 0 | J36: =IF(P36="Выходной",SUM(D36*150)*1.5,SUM(D36*150)) -> 12031.5 | K36: =IF(OR(WEEKDAY(A36)=1,WEEKDAY(A36)=7,NOT(ISERROR(MATCH(A36,[1]Праздники!A:A,0)))),SUM(E36*225)*1.5,SUM(E36*225)) -> 0 | L36: =IF(OR(WEEKDAY(A36)=1,WEEKDAY(A36)=7,NOT(ISERROR(MATCH(A36,[1]Праздники!A:A,0)))),SUM(F36*225)*1.5,SUM(F36*225)) -> 0 | M36: =SUM(G36*15) -> 1203.15 | N36: =SUM(H36)*750 -> 0 | O36: =SUM(I36:N36) -> 13234.65 | P36: =IF(OR(WEEKDAY(A36)=1,WEEKDAY(A36)=7,NOT(ISERROR(MATCH(A36,[1]Праздники!A:A,0)))),"Выходной","Рабочий") -> Рабочий
C37: =SUM(C6:C36) -> 1318.025 | D37: =SUM(D6:D36) -> 5329.25 | E37: =SUM(E6:E36) -> 0 | F37: =SUM(F6:F36) -> 0 | G37: =SUM(G6:G36) -> 94235.53 | H37: =SUM(H6:H36) -> 0 | I37: =SUM(I6:I36) -> 247055.62 | J37: =SUM(J6:J36) -> 894111.38 | ... O37: =SUM(O6:O36) -> 2554699.9
N38: С НДС; | O38: =O37*1.22 -> 3116733.9

Sheet РВ Новикова-Прибоя
R1: Выходной | S1: Рабочий
Q2: Выгрузка | R2: =SUMIF($P$6:$P$36,R$1,$C6:$C36) -> 0 | S2: =SUMIF($P$6:$P$36,S$1,$C6:$C36) -> 0
A3: ="Отчет по хранению товара РВ " & TEXT(A6,"ММММ ") & YEAR(A6) & " Новикова" -> Отчет по хранению товара РВ Март 2026 Новикова | Q3: Отгрузка | R3: =SUMIF($P$6:$P$36,R$1,$D6:$D36) -> 48.33 | S3: =SUMIF($P$6:$P$36,S$1,$D6:$D36) -> 370.695
A4: дата | C4: Выгрузка кол-во тонн | D4: Загрузка кол-во тонн | E4: Выгрузка после 20:00 | F4: Загрузка после 20:00 | G4: Хранение | H4: переконсолидация (тонн) | I4: стоимость выгрузки | J4: стоимость загрузки | K4: Стоимость выгрузки после 20:00 | L4: Стоимость загрузки после 20:00 | M4: стоимость хранения | N4: стоимость переконс. | O4: итого
G5: (кол-во тонн)
A6: 46082 | C6: 0 | D6: 44.23 | G6: 419.025 | I6: =IF(P6="Выходной",SUM(C6*150)*1.5,SUM(C6*150)) -> 0 | J6: =IF(P6="Выходной",SUM(D6*150)*1.5,SUM(D6*150)) -> 9951.75 | K6: =IF(OR(WEEKDAY(A6)=1,WEEKDAY(A6)=7,NOT(ISERROR(MATCH(A6,[1]Праздники!A:A,0)))),SUM(E6*225)*1.5,SUM(E6*225)) -> 0 | L6: =IF(OR(WEEKDAY(A6)=1,WEEKDAY(A6)=7,NOT(ISERROR(MATCH(A6,[1]Праздники!A:A,0)))),SUM(F6*225)*1.5,SUM(F6*225)) -> 0 | M6: =SUM(G6*15) -> 6285.375 | N6: =SUM(H6)*750 -> 0 | O6: =SUM(I6:N6) -> 16237.125 | P6: =IF(OR(WEEKDAY(A6)=1,WEEKDAY(A6)=7,NOT(ISERROR(MATCH(A6,[1]Праздники!A:A,0)))),"Выходной","Рабочий") -> Выходной
A7: 46083 | C7: 0 | D7: 44.23 | G7: =IF(A7 ="",0,G6+C7+E7-D6-F6) -> 374.795 | I7: =IF(P7="Выходной",SUM(C7*150)*1.5,SUM(C7*150)) -> 0 | J7: =IF(P7="Выходной",SUM(D7*150)*1.5,SUM(D7*150)) -> 6634.5 | K7: =IF(OR(WEEKDAY(A7)=1,WEEKDAY(A7)=7,NOT(ISERROR(MATCH(A7,[1]Праздники!A:A,0)))),SUM(E7*225)*1.5,SUM(E7*225)) -> 0 | L7: =IF(OR(WEEKDAY(A7)=1,WEEKDAY(A7)=7,NOT(ISERROR(MATCH(A7,[1]Праздники!A:A,0)))),SUM(F7*225)*1.5,SUM(F7*225)) -> 0 | M7: =SUM(G7*15) -> 5621.925 | N7: =SUM(H7)*750 -> 0 | O7: =SUM(I7:N7) -> 12256.425 | P7: =IF(OR(WEEKDAY(A7)=1,WEEKDAY(A7)=7,NOT(ISERROR(MATCH(A7,[1]Праздники!A:A,0)))),"Выходной","Рабочий") -> Рабочий
A8: 46084 | C8: 0 | D8: 22 | G8: =IF(A8 ="",0,G7+C8+E8-D7-F7) -> 330.565 | I8: =IF(P8="Выходной",SUM(C8*150)*1.5,SUM(C8*150)) -> 0 | J8: =IF(P8="Выходной",SUM(D8*150)*1.5,SUM(D8*150)) -> 3300 | K8: =IF(OR(WEEKDAY(A8)=1,WEEKDAY(A8)=7,NOT(ISERROR(MATCH(A8,[1]Праздники!A:A,0)))),SUM(E8*225)*1.5,SUM(E8*225)) -> 0 | L8: =IF(OR(WEEKDAY(A8)=1,WEEKDAY(A8)=7,NOT(ISERROR(MATCH(A8,[1]Праздники!A:A,0)))),SUM(F8*225)*1.5,SUM(F8*225)) -> 0 | M8: =SUM(G8*15) -> 4958.475 | N8: =SUM(H8)*750 -> 0 | O8: =SUM(I8:N8) -> 8258.475 | P8: =IF(OR(WEEKDAY(A8)=1,WEEKDAY(A8)=7,NOT(ISERROR(MATCH(A8,[1]Праздники!A:A,0)))),"Выходной","Рабочий") -> Рабочий
A9: 46085 | C9: 0 | D9: 22 | G9: =IF(A9 ="",0,G8+C9+E9-D8-F8) -> 308.565 | I9: =IF(P9="Выходной",SUM(C9*150)*1.5,SUM(C9*150)) -> 0 | J9: =IF(P9="Выходной",SUM(D9*150)*1.5,SUM(D9*150)) -> 3300 | K9: =IF(OR(WEEKDAY(A9)=1,WEEKDAY(A9)=7,NOT(ISERROR(MATCH(A9,[1]Праздники!A:A,0)))),SUM(E9*225)*1.5,SUM(E9*225)) -> 0 | L9: =IF(OR(WEEKDAY(A9)=1,WEEKDAY(A9)=7,NOT(ISERROR(MATCH(A9,[1]Праздники!A:A,0)))),SUM(F9*225)*1.5,SUM(F9*225)) -> 0 | M9: =SUM(G9*15) -> 4628.475 | N9: =SUM(H9)*750 -> 0 | O9: =SUM(I9:N9) -> 7928.475 | P9: =IF(OR(WEEKDAY(A9)=1,WEEKDAY(A9)=7,NOT(ISERROR(MATCH(A9,[1]Праздники!A:A,0)))),"Выходной","Рабочий") -> Рабочий
A10: 46086 | C10: 0 | D10: 0 | G10: =IF(A10 ="",0,G9+C10+E10-D9-F9) -> 286.565 | I10: =IF(P10="Выходной",SUM(C10*150)*1.5,SUM(C10*150)) -> 0 | J10: =IF(P10="Выходной",SUM(D10*150)*1.5,SUM(D10*150)) -> 0 | K10: =IF(OR(WEEKDAY(A10)=1,WEEKDAY(A10)=7,NOT(ISERROR(MATCH(A10,[1]Праздники!A:A,0)))),SUM(E10*225)*1.5,SUM(E10*225)) -> 0 | L10: =IF(OR(WEEKDAY(A10)=1,WEEKDAY(A10)=7,NOT(ISERROR(MATCH(A10,[1]Праздники!A:A,0)))),SUM(F10*225)*1.5,SUM(F10*225)) -> 0 | M10: =SUM(G10*15) -> 4298.475 | N10: =SUM(H10)*750 -> 0 | O10: =SUM(I10:N10) -> 4298.475 | P10: =IF(OR(WEEKDAY(A10)=1,WEEKDAY(A10)=7,NOT(ISERROR(MATCH(A10,[1]Праздники!A:A,0)))),"Выходной","Рабочий") -> Рабочий
A11: 46087 | C11: 0 | D11: 0 | G11: =IF(A11 ="",0,G10+C11+E11-D10-F10) -> 286.565 | I11: =IF(P11="Выходной",SUM(C11*150)*1.5,SUM(C11*150)) -> 0 | J11: =IF(P11="Выходной",SUM(D11*150)*1.5,SUM(D11*150)) -> 0 | K11: =IF(OR(WEEKDAY(A11)=1,WEEKDAY(A11)=7,NOT(ISERROR(MATCH(A11,[1]Праздники!A:A,0)))),SUM(E11*225)*1.5,SUM(E11*225)) -> 0 | L11: =IF(OR(WEEKDAY(A11)=1,WEEKDAY(A11)=7,NOT(ISERROR(MATCH(A11,[1]Праздники!A:A,0)))),SUM(F11*225)*1.5,SUM(F11*225)) -> 0 | M11: =SUM(G11*15) -> 4298.475 | N11: =SUM(H11)*750 -> 0 | O11: =SUM(I11:N11) -> 4298.475 | P11: =IF(OR(WEEKDAY(A11)=1,WEEKDAY(A11)=7,NOT(ISERROR(MATCH(A11,[1]Праздники!A:A,0)))),"Выходной","Рабочий") -> Рабочий
A12: 46088 | C12: 0 | D12: 0 | G12: =IF(A12 ="",0,G11+C12+E12-D11-F11) -> 286.565 | I12: =IF(P12="Выходной",SUM(C12*150)*1.5,SUM(C12*150)) -> 0 | J12: =IF(P12="Выходной",SUM(D12*150)*1.5,SUM(D12*150)) -> 0 | K12: =IF(OR(WEEKDAY(A12)=1,WEEKDAY(A12)=7,NOT(ISERROR(MATCH(A12,[1]Праздники!A:A,0)))),SUM(E12*225)*1.5,SUM(E12*225)) -> 0 | L12: =IF(OR(WEEKDAY(A12)=1,WEEKDAY(A12)=7,NOT(ISERROR(MATCH(A12,[1]Праздники!A:A,0)))),SUM(F12*225)*1.5,SUM(F12*225)) -> 0 | M12: =SUM(G12*15) -> 4298.475 | N12: =SUM(H12)*750 -> 0 | O12: =SUM(I12:N12) -> 4298.475 | P12: =IF(OR(WEEKDAY(A12)=1,WEEKDAY(A12)=7,NOT(ISERROR(MATCH(A12,[1]Праздники!A:A,0)))),"Выходной","Рабочий") -> Выходной
A13: 46089 | C13: 0 | D13: 0 | G13: =IF(A13 ="",0,G12+C13+E13-D12-F12) -> 286.565 | I13: =IF(P13="Выходной",SUM(C13*150)*1.5,SUM(C13*150)) -> 0 | J13: =IF(P13="Выходной",SUM(D13*150)*1.5,SUM(D13*150)) -> 0 | K13: =IF(OR(WEEKDAY(A13)=1,WEEKDAY(A13)=7,NOT(ISERROR(MATCH(A13,[1]Праздники!A:A,0)))),SUM(E13*225)*1.5,SUM(E13*225)) -> 0 | L13: =IF(OR(WEEKDAY(A13)=1,WEEKDAY(A13)=7,NOT(ISERROR(MATCH(A13,[1]Праздники!A:A,0)))),SUM(F13*225)*1.5,SUM(F13*225)) -> 0 | M13: =SUM(G13*15) -> 4298.475 | N13: =SUM(H13)*750 -> 0 | O13: =SUM(I13:N13) -> 4298.475 | P13: =IF(OR(WEEKDAY(A13)=1,WEEKDAY(A13)=7,NOT(ISERROR(MATCH(A13,[1]Праздники!A:A,0)))),"Выходной","Рабочий") -> Выходной
A14: 46090 | C14: 0 | D14: 0 | G14: =IF(A14 ="",0,G13+C14+E14-D13-F13) -> 286.565 | I14: =IF(P14="Выходной",SUM(C14*150)*1.5,SUM(C14*150)) -> 0 | J14: =IF(P14="Выходной",SUM(D14*150)*1.5,SUM(D14*150)) -> 0 | K14: =IF(OR(WEEKDAY(A14)=1,WEEKDAY(A14)=7,NOT(ISERROR(MATCH(A14,[1]Праздники!A:A,0)))),SUM(E14*225)*1.5,SUM(E14*225)) -> 0 | L14: =IF(OR(WEEKDAY(A14)=1,WEEKDAY(A14)=7,NOT(ISERROR(MATCH(A14,[1]Праздники!A:A,0)))),SUM(F14*225)*1.5,SUM(F14*225)) -> 0 | M14: =SUM(G14*15) -> 4298.475 | N14: =SUM(H14)*750 -> 0 | O14: =SUM(I14:N14) -> 4298.475 | P14: =IF(OR(WEEKDAY(A14)=1,WEEKDAY(A14)=7,NOT(ISERROR(MATCH(A14,[1]Праздники!A:A,0)))),"Выходной","Рабочий") -> Выходной
A15: 46091 | C15: 0 | D15: 6.875 | G15: =IF(A15 ="",0,G14+C15+E15-D14-F14) -> 286.565 | I15: =IF(P15="Выходной",SUM(C15*150)*1.5,SUM(C15*150)) -> 0 | J15: =IF(P15="Выходной",SUM(D15*150)*1.5,SUM(D15*150)) -> 1031.25 | K15: =IF(OR(WEEKDAY(A15)=1,WEEKDAY(A15)=7,NOT(ISERROR(MATCH(A15,[1]Праздники!A:A,0)))),SUM(E15*225)*1.5,SUM(E15*225)) -> 0 | L15: =IF(OR(WEEKDAY(A15)=1,WEEKDAY(A15)=7,NOT(ISERROR(MATCH(A15,[1]Праздники!A:A,0)))),SUM(F15*225)*1.5,SUM(F15*225)) -> 0 | M15: =SUM(G15*15) -> 4298.475 | N15: =SUM(H15)*750 -> 0 | O15: =SUM(I15:N15) -> 5329.725 | P15: =IF(OR(WEEKDAY(A15)=1,WEEKDAY(A15)=7,NOT(ISERROR(MATCH(A15,[1]Праздники!A:A,0)))),"Выходной","Рабочий") -> Рабочий
A16: 46092 | C16: 0 | D16: 0 | G16: =IF(A16 ="",0,G15+C16+E16-D15-F15) -> 279.69 | I16: =IF(P16="Выходной",SUM(C16*150)*1.5,SUM(C16*150)) -> 0 | J16: =IF(P16="Выходной",SUM(D16*150)*1.5,SUM(D16*150)) -> 0 | K16: =IF(OR(WEEKDAY(A16)=1,WEEKDAY(A16)=7,NOT(ISERROR(MATCH(A16,[1]Праздники!A:A,0)))),SUM(E16*225)*1.5,SUM(E16*225)) -> 0 | L16: =IF(OR(WEEKDAY(A16)=1,WEEKDAY(A16)=7,NOT(ISERROR(MATCH(A16,[1]Праздники!A:A,0)))),SUM(F16*225)*1.5,SUM(F16*225)) -> 0 | M16: =SUM(G16*15) -> 4195.35 | N16: =SUM(H16)*750 -> 0 | O16: =SUM(I16:N16) -> 4195.35 | P16: =IF(OR(WEEKDAY(A16)=1,WEEKDAY(A16)=7,NOT(ISERROR(MATCH(A16,[1]Праздники!A:A,0)))),"Выходной","Рабочий") -> Рабочий
A17: 46093 | C17: 0 | D17: 0 | G17: =IF(A17 ="",0,G16+C17+E17-D16-F16) -> 279.69 | I17: =IF(P17="Выходной",SUM(C17*150)*1.5,SUM(C17*150)) -> 0 | J17: =IF(P17="Выходной",SUM(D17*150)*1.5,SUM(D17*150)) -> 0 | K17: =IF(OR(WEEKDAY(A17)=1,WEEKDAY(A17)=7,NOT(ISERROR(MATCH(A17,[1]Праздники!A:A,0)))),SUM(E17*225)*1.5,SUM(E17*225)) -> 0 | L17: =IF(OR(WEEKDAY(A17)=1,WEEKDAY(A17)=7,NOT(ISERROR(MATCH(A17,[1]Праздники!A:A,0)))),SUM(F17*225)*1.5,SUM(F17*225)) -> 0 | M17: =SUM(G17*15) -> 4195.35 | N17: =SUM(H17)*750 -> 0 | O17: =SUM(I17:N17) -> 4195.35 | P17: =IF(OR(WEEKDAY(A17)=1,WEEKDAY(A17)=7,NOT(ISERROR(MATCH(A17,[1]Праздники!A:A,0)))),"Выходной","Рабочий") -> Рабочий
A18: 46094 | C18: 0 | D18: 0 | G18: =IF(A18 ="",0,G17+C18+E18-D17-F17) -> 279.69 | I18: =IF(P18="Выходной",SUM(C18*150)*1.5,SUM(C18*150)) -> 0 | J18: =IF(P18="Выходной",SUM(D18*150)*1.5,SUM(D18*150)) -> 0 | K18: =IF(OR(WEEKDAY(A18)=1,WEEKDAY(A18)=7,NOT(ISERROR(MATCH(A18,[1]Праздники!A:A,0)))),SUM(E18*225)*1.5,SUM(E18*225)) -> 0 | L18: =IF(OR(WEEKDAY(A18)=1,WEEKDAY(A18)=7,NOT(ISERROR(MATCH(A18,[1]Праздники!A:A,0)))),SUM(F18*225)*1.5,SUM(F18*225)) -> 0 | M18: =SUM(G18*15) -> 4195.35 | N18: =SUM(H18)*750 -> 0 | O18: =SUM(I18:N18) -> 4195.35 | P18: =IF(OR(WEEKDAY(A18)=1,WEEKDAY(A18)=7,NOT(ISERROR(MATCH(A18,[1]Праздники!A:A,0)))),"Выходной","Рабочий") -> Рабочий
... A36: 46112 | C36: 0 | D36: 0 | G36: =IF(A36 ="",0,G35+C36+E36-D35-F35) -> 7.9936058e-15 | I36: =IF(P36="Выходной",SUM(C36*150)*1.5,SUM(C36*150)) -> 0 | J36: =IF(P36="Выходной",SUM(D36*150)*1.5,SUM(D36*150)) -> 0 | K36: =IF(OR(WEEKDAY(A36)=1,WEEKDAY(A36)=7,NOT(ISERROR(MATCH(A36,[1]Праздники!A:A,0)))),SUM(E36*225)*1.5,SUM(E36*225)) -> 0 | L36: =IF(OR(WEEKDAY(A36)=1,WEEKDAY(A36)=7,NOT(ISERROR(MATCH(A36,[1]Праздники!A:A,0)))),SUM(F36*225)*1.5,SUM(F36*225)) -> 0 | M36: =SUM(G36*15) -> 1.1990409e-13 | N36: =SUM(H36)*750 -> 0 | O36: =SUM(I36:N36) -> 1.1990409e-13 | P36: =IF(OR(WEEKDAY(A36)=1,WEEKDAY(A36)=7,NOT(ISERROR(MATCH(A36,[1]Праздники!A:A,0)))),"Выходной","Рабочий") -> Рабочий
C37: =SUM(C6:C36) -> 0 | D37: =SUM(D6:D36) -> 419.025 | E37: =SUM(E6:E36) -> 0 | F37: =SUM(F6:F36) -> 0 | G37: =SUM(G6:G36) -> 7000.63 | H37: =SUM(H6:H36) -> 0 | I37: =SUM(I6:I36) -> 0 | J37: =SUM(J6:J36) -> 66478.5 | ... O37: =SUM(O6:O36) -> 171487.95
N38: С НДС; | O38: =O37*1.22 -> 209215.3

Sheet Нижнекамск экспорт
A3: =IF(DAY(TODAY())>27,"Акт № от " & TEXT(TODAY(),"ДД ММММ ГГГГ"),"Акт № от " & TEXT(TODAY()-DAY(TODAY()),"ДД ММММ ГГГГ")) -> Акт № от 31 Март 2026
A4: =IF(DAY(TODAY()) > 27, "выполненных работ (оказанных услуг) за " & TEXT(TODAY(),"ММММ ГГГГ"),"выполненных работ (оказанных услуг) за " & TEXT(TODAY()-DAY(TODAY()),"ММММ ГГГГ")) -> выполненных работ (оказанных услуг) за Март 2026
A5: по Договору хранения № СХ.47103 от «10» апреля 2025 г.
A7: =IF(DAY(TODAY()) > 27,"Во исполнение Договора в период с " & TEXT(TODAY()-DAY(TODAY()-DAY(TODAY())),"ДД ММММ ГГГГ") & " г. По " & TEXT(TODAY(),"ДД ММММ ГГГГ") & " г. ХРАНИТЕЛЬ оказал ПОКЛАЖЕДАТЕЛЮ следующие услуги (работы):"," Во исполнение Договора в период с " & TEXT(TODAY()-DAY(TODAY())-DAY(TODAY()-DAY(TODAY()))+1,"ДД ММММ ГГГГ") & " г. По " & TEXT(TODAY()-DAY(TODAY()),"ДД ММММ ГГГГ") & " г. ХРАНИТЕЛЬ оказал ПОКЛАЖЕДАТЕЛЮ следующие услуги (работы):") -> Во исполнение Договора в период с 01 Март 2026 г. По 31 Март 2026 г. ХРАНИТЕЛЬ оказал ПОКЛАЖЕДАТЕЛЮ следующие услуги (работы):
A9: № | B9: Наименование услуг (работ) | C9: Ед. изм. | D9: Количество | E9: Цена | F9: Сумма без НДС | G9: Сумма с НДС
A10: 1 | B10: оформление документов | C10: шт. | D10: 37 | E10: 2000 | F10: =SUM(D10*E10) -> 74000 | G10: =F10*1.22 -> 90280
A11: 2 | B11: Оформление сертификата | C11: шт. | F11: =SUM(D11*E11) -> 0 | G11: =F11*1.2 -> 0
F12: =SUM(F10:F11) -> 74000 | G12: =SUM(G10:G11) -> 90280
A13: Итого: | B13: семьдесят четыре тысячи рублей ноль копеек
A14: Без налога (НДС): | B14: =B13 -> семьдесят четыре тысячи рублей ноль копеек
A15: Всего (с учетом НДС) | B15: девяносто тысяч двести восемьдесят рублей ноль копеек
A16: Вышеперечисленные услуги (работы) выполнены полностью.
A17: ПОКЛАЖЕДАТЕЛЬ претензий по объему, качеству и срокам оказания услуг претензий не имеет.
A20: ООО "ДТМ" | D20: ПАО "СИБУР Холдинг"
A22: ____________________Расстегаев Д.О. | D22: ____________________

Sheet Зеленодольск экспорт
A3: =IF(DAY(TODAY())>27,"Акт № от " & TEXT(TODAY(),"ДД ММММ ГГГГ"),"Акт № от " & TEXT(TODAY()-DAY(TODAY()),"ДД ММММ ГГГГ")) & " г. Зеленодольск" -> Акт № от 31 Март 2026 г. Зеленодольск
A4: =IF(DAY(TODAY()) > 27, "выполненных работ (оказанных услуг) за " & TEXT(TODAY(),"ММММ ГГГГ"),"выполненных работ (оказанных услуг) за " & TEXT(TODAY()-DAY(TODAY()),"ММММ ГГГГ")) -> выполненных работ (оказанных услуг) за Март 2026
A5: по Договору хранения № СХ.47103 от «10» апреля 2025 г.
A7: =IF(DAY(TODAY()) > 27,"Во исполнение Договора в период с " & TEXT(TODAY()-DAY(TODAY()-DAY(TODAY())),"ДД ММММ ГГГГ") & " г. По " & TEXT(TODAY(),"ДД ММММ ГГГГ") & " г. ХРАНИТЕЛЬ оказал ПОКЛАЖЕДАТЕЛЮ следующие услуги (работы):"," Во исполнение Договора в период с " & TEXT(TODAY()-DAY(TODAY())-DAY(TODAY()-DAY(TODAY()))+1,"ДД ММММ ГГГГ") & " г. По " & TEXT(TODAY()-DAY(TODAY()),"ДД ММММ ГГГГ") & " г. ХРАНИТЕЛЬ оказал ПОКЛАЖЕДАТЕЛЮ следующие услуги (работы):") -> Во исполнение Договора в период с 01 Март 2026 г. По 31 Март 2026 г. ХРАНИТЕЛЬ оказал ПОКЛАЖЕДАТЕЛЮ следующие услуги (работы):
A9: № | B9: Наименование услуг (работ) | C9: Ед. изм. | D9: Количество | E9: Цена | F9: Сумма без НДС | G9: Сумма с НДС
A10: 1 | B10: оформление документов | C10: шт. | D10: 16 | E10: 2000 | F10: =SUM(D10*E10) -> 32000 | G10: =F10*1.22 -> 39040
A11: 2 | B11: Оформление сертификата | C11: шт. | F11: =SUM(D11*E11) -> 0 | G11: =F11*1.2 -> 0
F12: =SUM(F10:F11) -> 32000 | G12: =SUM(G10:G11) -> 39040
A13: Итого: | B13: тридцать две тысячи рублей ноль копеек
A14: Без налога (НДС): | B14: =B13 -> тридцать две тысячи рублей ноль копеек
A15: Всего (с учетом НДС) | B15: тридцать девять тысяч сорок рублей ноль копеек
A16: Вышеперечисленные услуги (работы) выполнены полностью.
A17: ПОКЛАЖЕДАТЕЛЬ претензий по объему, качеству и срокам оказания услуг претензий не имеет.
A20: ООО "ДТМ" | D20: ПАО "СИБУР Холдинг"
A22: ____________________Расстегаев Д.О. | D22: ____________________

Sheet Литейные решения
A1: =R36 -> 20803
B2: Отчет по хранению товара за Февраль
A3: № | B3: дата | D3: Выгрузка кол-во паллет | E3: Загрузка кол-во паллет | F3: Ручная загрузка | G3: Ручная выгрузка | H3: Хранение | I3: предоставление паллеты | J3: Фильмаж (паллет) | K3: стоимость выгрузки | L3: стоимость загрузки | M3: Стоимость ручной загрузки | N3: Стоимость ручной выгрузки | O3: стоимость хранения | P3: Стоимость предоставления паллета | Q3: стоимость услуги фильмаж | R3: итого
H4: (кол-во паллет)
A5: 1 | B5: 46082 | H5: 35 | K5: =SUM(D5*171) -> 0 | L5: =SUM(E5*171) -> 0 | M5: =F5*1018 -> 0 | N5: =G5*1018 -> 0 | O5: =SUM(H5*22) -> 770 | P5: =I5*509 -> 0 | Q5: =SUM(J5)*610 -> 0 | R5: =SUM(K5:Q5) -> 770
A6: 2 | B6: 46083 | H6: =H5+D6-E5 -> 35 | K6: =SUM(D6*171) -> 0 | L6: =SUM(E6*171) -> 0 | M6: =F6*1018 -> 0 | N6: =G6*1018 -> 0 | O6: =SUM(H6*22) -> 770 | P6: =I6*509 -> 0 | Q6: =SUM(J6)*610 -> 0 | R6: =SUM(K6:Q6) -> 770
A7: 3 | B7: 46084 | H7: =H6+D7-E6 -> 35 | K7: =SUM(D7*171) -> 0 | L7: =SUM(E7*171) -> 0 | M7: =F7*1018 -> 0 | N7: =G7*1018 -> 0 | O7: =SUM(H7*22) -> 770 | P7: =I7*509 -> 0 | Q7: =SUM(J7)*610 -> 0 | R7: =SUM(K7:Q7) -> 770
A8: 4 | B8: 46085 | H8: =H7+D8-E7 -> 35 | K8: =SUM(D8*171) -> 0 | L8: =SUM(E8*171) -> 0 | M8: =F8*1018 -> 0 | N8: =G8*1018 -> 0 | O8: =SUM(H8*22) -> 770 | P8: =I8*509 -> 0 | Q8: =SUM(J8)*610 -> 0 | R8: =SUM(K8:Q8) -> 770
A9: 5 | B9: 46086 | H9: =H8+D9-E8 -> 35 | K9: =SUM(D9*171) -> 0 | L9: =SUM(E9*171) -> 0 | M9: =F9*1018 -> 0 | N9: =G9*1018 -> 0 | O9: =SUM(H9*22) -> 770 | P9: =I9*509 -> 0 | Q9: =SUM(J9)*610 -> 0 | R9: =SUM(K9:Q9) -> 770
A10: 6 | B10: 46087 | H10: =H9+D10-E9 -> 35 | K10: =SUM(D10*171) -> 0 | L10: =SUM(E10*171) -> 0 | M10: =F10*1018 -> 0 | N10: =G10*1018 -> 0 | O10: =SUM(H10*22) -> 770 | P10: =I10*509 -> 0 | Q10: =SUM(J10)*610 -> 0 | R10: =SUM(K10:Q10) -> 770
A11: 7 | B11: 46088 | H11: =H10+D11-E10 -> 35 | K11: =SUM(D11*171) -> 0 | L11: =SUM(E11*171) -> 0 | M11: =F11*1018 -> 0 | N11: =G11*1018 -> 0 | O11: =SUM(H11*22) -> 770 | P11: =I11*509 -> 0 | Q11: =SUM(J11)*610 -> 0 | R11: =SUM(K11:Q11) -> 770
A12: 8 | B12: 46089 | H12: =H11+D12-E11 -> 35 | K12: =SUM(D12*171) -> 0 | L12: =SUM(E12*171) -> 0 | M12: =F12*1018 -> 0 | N12: =G12*1018 -> 0 | O12: =SUM(H12*22) -> 770 | P12: =I12*509 -> 0 | Q12: =SUM(J12)*610 -> 0 | R12: =SUM(K12:Q12) -> 770
A13: 9 | B13: 46090 | H13: =H12+D13-E12 -> 35 | K13: =SUM(D13*171) -> 0 | L13: =SUM(E13*171) -> 0 | M13: =F13*1018 -> 0 | N13: =G13*1018 -> 0 | O13: =SUM(H13*22) -> 770 | P13: =I13*509 -> 0 | Q13: =SUM(J13)*610 -> 0 | R13: =SUM(K13:Q13) -> 770
A14: 10 | B14: 46091 | H14: =H13+D14-E13 -> 35 | K14: =SUM(D14*171) -> 0 | L14: =SUM(E14*171) -> 0 | M14: =F14*1018 -> 0 | N14: =G14*1018 -> 0 | O14: =SUM(H14*22) -> 770 | P14: =I14*509 -> 0 | Q14: =SUM(J14)*610 -> 0 | R14: =SUM(K14:Q14) -> 770
A15: 11 | B15: 46092 | H15: =H14+D15-E14 -> 35 | K15: =SUM(D15*171) -> 0 | L15: =SUM(E15*171) -> 0 | M15: =F15*1018 -> 0 | N15: =G15*1018 -> 0 | O15: =SUM(H15*22) -> 770 | P15: =I15*509 -> 0 | Q15: =SUM(J15)*610 -> 0 | R15: =SUM(K15:Q15) -> 770
A16: 12 | B16: 46093 | E16: 10 | H16: =H15+D16-E15 -> 35 | K16: =SUM(D16*171) -> 0 | L16: =SUM(E16*171) -> 1710 | M16: =F16*1018 -> 0 | N16: =G16*1018 -> 0 | O16: =SUM(H16*22) -> 770 | P16: =I16*509 -> 0 | Q16: =SUM(J16)*610 -> 0 | R16: =SUM(K16:Q16) -> 2480
A17: 13 | B17: 46094 | H17: =H16+D17-E16 -> 25 | K17: =SUM(D17*171) -> 0 | L17: =SUM(E17*171) -> 0 | M17: =F17*1018 -> 0 | N17: =G17*1018 -> 0 | O17: =SUM(H17*22) -> 550 | P17: =I17*509 -> 0 | Q17: =SUM(J17)*610 -> 0 | R17: =SUM(K17:Q17) -> 550
A18: 14 | B18: 46095 | H18: =H17+D18-E17 -> 25 | K18: =SUM(D18*171) -> 0 | L18: =SUM(E18*171) -> 0 | M18: =F18*1018 -> 0 | N18: =G18*1018 -> 0 | O18: =SUM(H18*22) -> 550 | P18: =I18*509 -> 0 | Q18: =SUM(J18)*610 -> 0 | R18: =SUM(K18:Q18) -> 550
A19: 15 | B19: 46096 | H19: =H18+D19-E18 -> 25 | K19: =SUM(D19*171) -> 0 | L19: =SUM(E19*171) -> 0 | M19: =F19*1018 -> 0 | N19: =G19*1018 -> 0 | O19: =SUM(H19*22) -> 550 | P19: =I19*509 -> 0 | Q19: =SUM(J19)*610 -> 0 | R19: =SUM(K19:Q19) -> 550
A20: 16 | B20: 46097 | E20: 4 | H20: =H19+D20-E19 -> 25 | K20: =SUM(D20*171) -> 0 | L20: =SUM(E20*171) -> 684 | M20: =F20*1018 -> 0 | N20: =G20*1018 -> 0 | O20: =SUM(H20*22) -> 550 | P20: =I20*509 -> 0 | Q20: =SUM(J20)*610 -> 0 | R20: =SUM(K20:Q20) -> 1234
A21: 17 | B21: 46098 | H21: =H20+D21-E20 -> 21 | K21: =SUM(D21*171) -> 0 | L21: =SUM(E21*171) -> 0 | M21: =F21*1018 -> 0 | N21: =G21*1018 -> 0 | O21: =SUM(H21*22) -> 462 | P21: =I21*509 -> 0 | Q21: =SUM(J21)*610 -> 0 | R21: =SUM(K21:Q21) -> 462
A22: 18 | B22: 46099 | H22: =H21+D22-E21 -> 21 | K22: =SUM(D22*171) -> 0 | L22: =SUM(E22*171) -> 0 | M22: =F22*1018 -> 0 | N22: =G22*1018 -> 0 | O22: =SUM(H22*22) -> 462 | P22: =I22*509 -> 0 | Q22: =SUM(J22)*610 -> 0 | R22: =SUM(K22:Q22) -> 462
A23: 19 | B23: 46100 | H23: =H22+D23-E22 -> 21 | K23: =SUM(D23*171) -> 0 | L23: =SUM(E23*171) -> 0 | M23: =F23*1018 -> 0 | N23: =G23*1018 -> 0 | O23: =SUM(H23*22) -> 462 | P23: =I23*509 -> 0 | Q23: =SUM(J23)*610 -> 0 | R23: =SUM(K23:Q23) -> 462
A24: 20 | B24: 46101 | H24: =H23+D24-E23 -> 21 | K24: =SUM(D24*171) -> 0 | L24: =SUM(E24*171) -> 0 | M24: =F24*1018 -> 0 | N24: =G24*1018 -> 0 | O24: =SUM(H24*22) -> 462 | P24: =I24*509 -> 0 | Q24: =SUM(J24)*610 -> 0 | R24: =SUM(K24:Q24) -> 462
A25: 21 | B25: 46102 | H25: =H24+D25-E24 -> 21 | K25: =SUM(D25*171) -> 0 | L25: =SUM(E25*171) -> 0 | M25: =F25*1018 -> 0 | N25: =G25*1018 -> 0 | O25: =SUM(H25*22) -> 462 | P25: =I25*509 -> 0 | Q25: =SUM(J25)*610 -> 0 | R25: =SUM(K25:Q25) -> 462
A26: 22 | B26: 46103 | H26: =H25+D26-E25 -> 21 | K26: =SUM(D26*171) -> 0 | L26: =SUM(E26*171) -> 0 | M26: =F26*1018 -> 0 | N26: =G26*1018 -> 0 | O26: =SUM(H26*22) -> 462 | P26: =I26*509 -> 0 | Q26: =SUM(J26)*610 -> 0 | R26: =SUM(K26:Q26) -> 462
A27: 23 | B27: 46104 | H27: =H26+D27-E26 -> 21 | K27: =SUM(D27*171) -> 0 | L27: =SUM(E27*171) -> 0 | M27: =F27*1018 -> 0 | N27: =G27*1018 -> 0 | O27: =SUM(H27*22) -> 462 | P27: =I27*509 -> 0 | Q27: =SUM(J27)*610 -> 0 | R27: =SUM(K27:Q27) -> 462
A28: 24 | B28: 46105 | H28: =H27+D28-E27 -> 21 | K28: =SUM(D28*171) -> 0 | L28: =SUM(E28*171) -> 0 | M28: =F28*1018 -> 0 | N28: =G28*1018 -> 0 | O28: =SUM(H28*22) -> 462 | P28: =I28*509 -> 0 | Q28: =SUM(J28)*610 -> 0 | R28: =SUM(K28:Q28) -> 462
A29: 25 | B29: 46106 | E29: 1 | H29: =H28+D29-E28 -> 21 | K29: =SUM(D29*171) -> 0 | L29: =SUM(E29*171) -> 171 | M29: =F29*1018 -> 0 | N29: =G29*1018 -> 0 | O29: =SUM(H29*22) -> 462 | P29: =I29*509 -> 0 | Q29: =SUM(J29)*610 -> 0 | R29: =SUM(K29:Q29) -> 633
A30: 26 | B30: 46107 | H30: =H29+D30-E29 -> 20 | K30: =SUM(D30*171) -> 0 | L30: =SUM(E30*171) -> 0 | M30: =F30*1018 -> 0 | N30: =G30*1018 -> 0 | O30: =SUM(H30*22) -> 440 | P30: =I30*509 -> 0 | Q30: =SUM(J30)*610 -> 0 | R30: =SUM(K30:Q30) -> 440
A31: 27 | B31: 46108 | H31: =H30+D31-E30 -> 20 | K31: =SUM(D31*171) -> 0 | L31: =SUM(E31*171) -> 0 | M31: =F31*1018 -> 0 | N31: =G31*1018 -> 0 | O31: =SUM(H31*22) -> 440 | P31: =I31*509 -> 0 | Q31: =SUM(J31)*610 -> 0 | R31: =SUM(K31:Q31) -> 440
A32: 28 | B32: 46109 | H32: =H31+D32-E31 -> 20 | K32: =SUM(D32*171) -> 0 | L32: =SUM(E32*171) -> 0 | M32: =F32*1018 -> 0 | N32: =G32*1018 -> 0 | O32: =SUM(H32*22) -> 440 | P32: =I32*509 -> 0 | Q32: =SUM(J32)*610 -> 0 | R32: =SUM(K32:Q32) -> 440
A33: 29 | B33: 46110 | H33: =H32+D33-E32 -> 20 | K33: =SUM(D33*171) -> 0 | L33: =SUM(E33*171) -> 0 | M33: =F33*1018 -> 0 | N33: =G33*1018 -> 0 | O33: =SUM(H33*22) -> 440 | P33: =I33*509 -> 0 | Q33: =SUM(J33)*610 -> 0 | R33: =SUM(K33:Q33) -> 440
A34: 30 | B34: 46111 | H34: =H33+D34-E33 -> 20 | K34: =SUM(D34*171) -> 0 | L34: =SUM(E34*171) -> 0 | M34: =F34*1018 -> 0 | N34: =G34*1018 -> 0 | O34: =SUM(H34*22) -> 440 | P34: =I34*509 -> 0 | Q34: =SUM(J34)*610 -> 0 | R34: =SUM(K34:Q34) -> 440
A35: 31 | B35: 46112 | H35: =H34+D35-E34 -> 20 | K35: =SUM(D35*171) -> 0 | L35: =SUM(E35*171) -> 0 | M35: =F35*1018 -> 0 | N35: =G35*1018 -> 0 | O35: =SUM(H35*22) -> 440 | P35: =I35*509 -> 0 | Q35: =SUM(J35)*610 -> 0 | R35: =SUM(K35:Q35) -> 440
D36: =SUM(D5:D35) -> 0 | E36: =SUM(E5:E35) -> 15 | F36: =SUM(F5:F35) -> 0 | H36: =SUM(H5:H35) -> 829 | K36: =SUM(K5:K35) -> 0 | L36: =SUM(L5:L35) -> 2565 | M36: =SUM(M5:M35) -> 0 | N36: =SUM(N5:N35) -> 0 | O36: =SUM(O5:O35) -> 18238 | P36: =SUM(P5:P35) -> 0 | Q36: =SUM(Q5:Q35) -> 0 | R36: =SUM(R5:R35) -> 20803

Sheet ЛС-Техномет
A1: =R36 -> 8608.8
B2: Отчет по хранению товара за Февраль
A3: № | B3: дата | D3: Выгрузка кол-во паллет | E3: Загрузка кол-во паллет | F3: Ручная загрузка | G3: Ручная выгрузка | H3: Хранение | I3: предоставление паллеты | J3: Фильмаж (паллет) | K3: стоимость выгрузки | L3: стоимость загрузки | M3: Стоимость ручной загрузки | N3: Стоимость ручной выгрузки | O3: стоимость хранения | P3: Стоимость предоставления паллета | Q3: стоимость услуги фильмаж | R3: итого
H4: (кол-во паллет)
A5: 1 | B5: 46082 | H5: 11 | K5: =SUM(D5*168) -> 0 | L5: =SUM(E5*168) -> 0 | M5: =F5*1000 -> 0 | N5: =G5*1000 -> 0 | O5: =SUM(H5*21.6) -> 237.6 | P5: =I5*500 -> 0 | Q5: =SUM(J5)*600 -> 0 | R5: =SUM(K5:Q5) -> 237.6
A6: 2 | B6: 46083 | H6: 11 | K6: =SUM(D6*168) -> 0 | L6: =SUM(E6*168) -> 0 | M6: =F6*1000 -> 0 | N6: =G6*1000 -> 0 | O6: =SUM(H6*21.6) -> 237.6 | P6: =I6*500 -> 0 | Q6: =SUM(J6)*600 -> 0 | R6: =SUM(K6:Q6) -> 237.6
A7: 3 | B7: 46084 | H7: 11 | K7: =SUM(D7*168) -> 0 | L7: =SUM(E7*168) -> 0 | M7: =F7*1000 -> 0 | N7: =G7*1000 -> 0 | O7: =SUM(H7*21.6) -> 237.6 | P7: =I7*500 -> 0 | Q7: =SUM(J7)*600 -> 0 | R7: =SUM(K7:Q7) -> 237.6
A8: 4 | B8: 46085 | H8: 11 | K8: =SUM(D8*168) -> 0 | L8: =SUM(E8*168) -> 0 | M8: =F8*1000 -> 0 | N8: =G8*1000 -> 0 | O8: =SUM(H8*21.6) -> 237.6 | P8: =I8*500 -> 0 | Q8: =SUM(J8)*600 -> 0 | R8: =SUM(K8:Q8) -> 237.6
A9: 5 | B9: 46086 | H9: 11 | K9: =SUM(D9*168) -> 0 | L9: =SUM(E9*168) -> 0 | M9: =F9*1000 -> 0 | N9: =G9*1000 -> 0 | O9: =SUM(H9*21.6) -> 237.6 | P9: =I9*500 -> 0 | Q9: =SUM(J9)*600 -> 0 | R9: =SUM(K9:Q9) -> 237.6
A10: 6 | B10: 46087 | D10: 1 | H10: 12 | K10: =SUM(D10*168) -> 168 | L10: =SUM(E10*168) -> 0 | M10: =F10*1000 -> 0 | N10: =G10*1000 -> 0 | O10: =SUM(H10*21.6) -> 259.2 | P10: =I10*500 -> 0 | Q10: =SUM(J10)*600 -> 0 | R10: =SUM(K10:Q10) -> 427.2
A11: 7 | B11: 46088 | H11: 12 | K11: =SUM(D11*168) -> 0 | L11: =SUM(E11*168) -> 0 | M11: =F11*1000 -> 0 | N11: =G11*1000 -> 0 | O11: =SUM(H11*21.6) -> 259.2 | P11: =I11*500 -> 0 | Q11: =SUM(J11)*600 -> 0 | R11: =SUM(K11:Q11) -> 259.2
A12: 8 | B12: 46089 | H12: 12 | K12: =SUM(D12*168) -> 0 | L12: =SUM(E12*168) -> 0 | M12: =F12*1000 -> 0 | N12: =G12*1000 -> 0 | O12: =SUM(H12*21.6) -> 259.2 | P12: =I12*500 -> 0 | Q12: =SUM(J12)*600 -> 0 | R12: =SUM(K12:Q12) -> 259.2
A13: 9 | B13: 46090 | H13: 12 | K13: =SUM(D13*168) -> 0 | L13: =SUM(E13*168) -> 0 | M13: =F13*1000 -> 0 | N13: =G13*1000 -> 0 | O13: =SUM(H13*21.6) -> 259.2 | P13: =I13*500 -> 0 | Q13: =SUM(J13)*600 -> 0 | R13: =SUM(K13:Q13) -> 259.2
A14: 10 | B14: 46091 | H14: 12 | K14: =SUM(D14*168) -> 0 | L14: =SUM(E14*168) -> 0 | M14: =F14*1000 -> 0 | N14: =G14*1000 -> 0 | O14: =SUM(H14*21.6) -> 259.2 | P14: =I14*500 -> 0 | Q14: =SUM(J14)*600 -> 0 | R14: =SUM(K14:Q14) -> 259.2
A15: 11 | B15: 46092 | H15: 12 | K15: =SUM(D15*168) -> 0 | L15: =SUM(E15*168) -> 0 | M15: =F15*1000 -> 0 | N15: =G15*1000 -> 0 | O15: =SUM(H15*21.6) -> 259.2 | P15: =I15*500 -> 0 | Q15: =SUM(J15)*600 -> 0 | R15: =SUM(K15:Q15) -> 259.2
A16: 12 | B16: 46093 | H16: 12 | K16: =SUM(D16*168) -> 0 | L16: =SUM(E16*168) -> 0 | M16: =F16*1000 -> 0 | N16: =G16*1000 -> 0 | O16: =SUM(H16*21.6) -> 259.2 | P16: =I16*500 -> 0 | Q16: =SUM(J16)*600 -> 0 | R16: =SUM(K16:Q16) -> 259.2
A17: 13 | B17: 46094 | H17: 12 | K17: =SUM(D17*168) -> 0 | L17: =SUM(E17*168) -> 0 | M17: =F17*1000 -> 0 | N17: =G17*1000 -> 0 | O17: =SUM(H17*21.6) -> 259.2 | P17: =I17*500 -> 0 | Q17: =SUM(J17)*600 -> 0 | R17: =SUM(K17:Q17) -> 259.2
A18: 14 | B18: 46095 | H18: 12 | K18: =SUM(D18*168) -> 0 | L18: =SUM(E18*168) -> 0 | M18: =F18*1000 -> 0 | N18: =G18*1000 -> 0 | O18: =SUM(H18*21.6) -> 259.2 | P18: =I18*500 -> 0 | Q18: =SUM(J18)*600 -> 0 | R18: =SUM(K18:Q18) -> 259.2
A19: 15 | B19: 46096 | H19: 12 | K19: =SUM(D19*168) -> 0 | L19: =SUM(E19*168) -> 0 | M19: =F19*1000 -> 0 | N19: =G19*1000 -> 0 | O19: =SUM(H19*21.6) -> 259.2 | P19: =I19*500 -> 0 | Q19: =SUM(J19)*600 -> 0 | R19: =SUM(K19:Q19) -> 259.2
A20: 16 | B20: 46097 | D20: 1 | H20: 13 | K20: =SUM(D20*168) -> 168 | L20: =SUM(E20*168) -> 0 | M20: =F20*1000 -> 0 | N20: =G20*1000 -> 0 | O20: =SUM(H20*21.6) -> 280.8 | P20: =I20*500 -> 0 | Q20: =SUM(J20)*600 -> 0 | R20: =SUM(K20:Q20) -> 448.8
A21: 17 | B21: 46098 | H21: 13 | K21: =SUM(D21*168) -> 0 | L21: =SUM(E21*168) -> 0 | M21: =F21*1000 -> 0 | N21: =G21*1000 -> 0 | O21: =SUM(H21*21.6) -> 280.8 | P21: =I21*500 -> 0 | Q21: =SUM(J21)*600 -> 0 | R21: =SUM(K21:Q21) -> 280.8
A22: 18 | B22: 46099 | H22: 13 | K22: =SUM(D22*168) -> 0 | L22: =SUM(E22*168) -> 0 | M22: =F22*1000 -> 0 | N22: =G22*1000 -> 0 | O22: =SUM(H22*21.6) -> 280.8 | P22: =I22*500 -> 0 | Q22: =SUM(J22)*600 -> 0 | R22: =SUM(K22:Q22) -> 280.8
A23: 19 | B23: 46100 | H23: 13 | K23: =SUM(D23*168) -> 0 | L23: =SUM(E23*168) -> 0 | M23: =F23*1000 -> 0 | N23: =G23*1000 -> 0 | O23: =SUM(H23*21.6) -> 280.8 | P23: =I23*500 -> 0 | Q23: =SUM(J23)*600 -> 0 | R23: =SUM(K23:Q23) -> 280.8
A24: 20 | B24: 46101 | H24: 13 | K24: =SUM(D24*168) -> 0 | L24: =SUM(E24*168) -> 0 | M24: =F24*1000 -> 0 | N24: =G24*1000 -> 0 | O24: =SUM(H24*21.6) -> 280.8 | P24: =I24*500 -> 0 | Q24: =SUM(J24)*600 -> 0 | R24: =SUM(K24:Q24) -> 280.8
A25: 21 | B25: 46102 | H25: 13 | K25: =SUM(D25*168) -> 0 | L25: =SUM(E25*168) -> 0 | M25: =F25*1000 -> 0 | N25: =G25*1000 -> 0 | O25: =SUM(H25*21.6) -> 280.8 | P25: =I25*500 -> 0 | Q25: =SUM(J25)*600 -> 0 | R25: =SUM(K25:Q25) -> 280.8
A26: 22 | B26: 46103 | H26: 13 | K26: =SUM(D26*168) -> 0 | L26: =SUM(E26*168) -> 0 | M26: =F26*1000 -> 0 | N26: =G26*1000 -> 0 | O26: =SUM(H26*21.6) -> 280.8 | P26: =I26*500 -> 0 | Q26: =SUM(J26)*600 -> 0 | R26: =SUM(K26:Q26) -> 280.8
A27: 23 | B27: 46104 | H27: 13 | K27: =SUM(D27*168) -> 0 | L27: =SUM(E27*168) -> 0 | M27: =F27*1000 -> 0 | N27: =G27*1000 -> 0 | O27: =SUM(H27*21.6) -> 280.8 | P27: =I27*500 -> 0 | Q27: =SUM(J27)*600 -> 0 | R27: =SUM(K27:Q27) -> 280.8
A28: 24 | B28: 46105 | H28: 13 | K28: =SUM(D28*168) -> 0 | L28: =SUM(E28*168) -> 0 | M28: =F28*1000 -> 0 | N28: =G28*1000 -> 0 | O28: =SUM(H28*21.6) -> 280.8 | P28: =I28*500 -> 0 | Q28: =SUM(J28)*600 -> 0 | R28: =SUM(K28:Q28) -> 280.8
A29: 25 | B29: 46106 | H29: 13 | K29: =SUM(D29*168) -> 0 | L29: =SUM(E29*168) -> 0 | M29: =F29*1000 -> 0 | N29: =G29*1000 -> 0 | O29: =SUM(H29*21.6) -> 280.8 | P29: =I29*500 -> 0 | Q29: =SUM(J29)*600 -> 0 | R29: =SUM(K29:Q29) -> 280.8
A30: 26 | B30: 46107 | H30: 13 | K30: =SUM(D30*168) -> 0 | L30: =SUM(E30*168) -> 0 | M30: =F30*1000 -> 0 | N30: =G30*1000 -> 0 | O30: =SUM(H30*21.6) -> 280.8 | P30: =I30*500 -> 0 | Q30: =SUM(J30)*600 -> 0 | R30: =SUM(K30:Q30) -> 280.8
A31: 27 | B31: 46108 | H31: 13 | K31: =SUM(D31*168) -> 0 | L31: =SUM(E31*168) -> 0 | M31: =F31*1000 -> 0 | N31: =G31*1000 -> 0 | O31: =SUM(H31*21.6) -> 280.8 | P31: =I31*500 -> 0 | Q31: =SUM(J31)*600 -> 0 | R31: =SUM(K31:Q31) -> 280.8
A32: 28 | B32: 46109 | H32: 13 | K32: =SUM(D32*168) -> 0 | L32: =SUM(E32*168) -> 0 | M32: =F32*1000 -> 0 | N32: =G32*1000 -> 0 | O32: =SUM(H32*21.6) -> 280.8 | P32: =I32*500 -> 0 | Q32: =SUM(J32)*600 -> 0 | R32: =SUM(K32:Q32) -> 280.8
... A34: 30 | B34: 46111 | H34: 13 | K34: =SUM(D34*168) -> 0 | L34: =SUM(E34*168) -> 0 | M34: =F34*1000 -> 0 | N34: =G34*1000 -> 0 | O34: =SUM(H34*21.6) -> 280.8 | P34: =I34*500 -> 0 | Q34: =SUM(J34)*600 -> 0 | R34: =SUM(K34:Q34) -> 280.8
B35: 46112 | H35: 13 | K35: =SUM(D35*168) -> 0 | L35: =SUM(E35*168) -> 0 | M35: =F35*1000 -> 0 | N35: =G35*1000 -> 0 | O35: =SUM(H35*21.6) -> 280.8 | P35: =I35*500 -> 0 | Q35: =SUM(J35)*600 -> 0 | R35: =SUM(K35:Q35) -> 280.8
D36: =SUM(D5:D35) -> 2 | E36: =SUM(E5:E35) -> 0 | F36: =SUM(F5:F35) -> 0 | H36: =SUM(H5:H35) -> 383 | K36: =SUM(K5:K35) -> 336 | L36: =SUM(L5:L35) -> 0 | M36: =SUM(M5:M35) -> 0 | N36: =SUM(N5:N35) -> 0 | O36: =SUM(O5:O35) -> 8272.8 | P36: =SUM(P5:P35) -> 0 | Q36: =SUM(Q5:Q35) -> 0 | R36: =SUM(R5:R35) -> 8608.8

Sheet Сандекс
A1: =S39 -> 24151.2
A4: Отчет "Сандекс" Февраль 2025 | L4: Стоимость
A5: дата | C5: Выгрузка паллет | D5: Выгрузка короб | E5: Загрузка паллет | F5: Загрузка короб | G5: Наборка короб | J5: Палетирование | K5: Хранение | L5: Выгрузка палллет | M5: Выгрузка короб | N5: Загрузка паллет | O5: Загрузка короб | P5: Наборка | Q5: Паллетирование | R5: Хранение | S5: итого
K6: 29
A7: 46082 | J7: 0 | K7: 29 | L7: =C7*168 -> 0 | M7: =D7*4 -> 0 | N7: =E7*168 -> 0 | O7: =F7*4 -> 0 | P7: =G7*4 -> 0 | Q7: =J7*600 -> 0 | R7: =K7*21.6 -> 626.4 | S7: =SUM(L7:R7) -> 626.4
A8: 46083 | J8: 0 | K8: 29 | L8: =C8*168 -> 0 | M8: =D8*4 -> 0 | N8: =E8*168 -> 0 | O8: =F8*4 -> 0 | P8: =G8*4 -> 0 | Q8: =J8*600 -> 0 | R8: =K8*21.6 -> 626.4 | S8: =SUM(L8:R8) -> 626.4
A9: 46084 | J9: 0 | K9: 29 | L9: =C9*168 -> 0 | M9: =D9*4 -> 0 | N9: =E9*168 -> 0 | O9: =F9*4 -> 0 | P9: =G9*4 -> 0 | Q9: =J9*600 -> 0 | R9: =K9*21.6 -> 626.4 | S9: =SUM(L9:R9) -> 626.4
A10: 46085 | J10: 0 | K10: 29 | L10: =C10*168 -> 0 | M10: =D10*4 -> 0 | N10: =E10*168 -> 0 | O10: =F10*4 -> 0 | P10: =G10*4 -> 0 | Q10: =J10*600 -> 0 | R10: =K10*21.6 -> 626.4 | S10: =SUM(L10:R10) -> 626.4
A11: 46086 | J11: 0 | K11: 29 | L11: =C11*168 -> 0 | M11: =D11*4 -> 0 | N11: =E11*168 -> 0 | O11: =F11*4 -> 0 | P11: =G11*4 -> 0 | Q11: =J11*600 -> 0 | R11: =K11*21.6 -> 626.4 | S11: =SUM(L11:R11) -> 626.4
A12: 46087 | J12: 0 | K12: 29 | L12: =C12*168 -> 0 | M12: =D12*4 -> 0 | N12: =E12*168 -> 0 | O12: =F12*4 -> 0 | P12: =G12*4 -> 0 | Q12: =J12*600 -> 0 | R12: =K12*21.6 -> 626.4 | S12: =SUM(L12:R12) -> 626.4
A13: 46088 | J13: 0 | K13: 29 | L13: =C13*168 -> 0 | M13: =D13*4 -> 0 | N13: =E13*168 -> 0 | O13: =F13*4 -> 0 | P13: =G13*4 -> 0 | Q13: =J13*600 -> 0 | R13: =K13*21.6 -> 626.4 | S13: =SUM(L13:R13) -> 626.4
A14: 46089 | J14: 0 | K14: 29 | L14: =C14*168 -> 0 | M14: =D14*4 -> 0 | N14: =E14*168 -> 0 | O14: =F14*4 -> 0 | P14: =G14*4 -> 0 | Q14: =J14*600 -> 0 | R14: =K14*21.6 -> 626.4 | S14: =SUM(L14:R14) -> 626.4
A15: 46090 | J15: 0 | K15: 29 | L15: =C15*168 -> 0 | M15: =D15*4 -> 0 | N15: =E15*168 -> 0 | O15: =F15*4 -> 0 | P15: =G15*4 -> 0 | Q15: =J15*600 -> 0 | R15: =K15*21.6 -> 626.4 | S15: =SUM(L15:R15) -> 626.4
A16: 46091 | J16: 0 | K16: 29 | L16: =C16*168 -> 0 | M16: =D16*4 -> 0 | N16: =E16*168 -> 0 | O16: =F16*4 -> 0 | P16: =G16*4 -> 0 | Q16: =J16*600 -> 0 | R16: =K16*21.6 -> 626.4 | S16: =SUM(L16:R16) -> 626.4
A17: 46092 | J17: 0 | K17: 29 | L17: =C17*168 -> 0 | M17: =D17*4 -> 0 | N17: =E17*168 -> 0 | O17: =F17*4 -> 0 | P17: =G17*4 -> 0 | Q17: =J17*600 -> 0 | R17: =K17*21.6 -> 626.4 | S17: =SUM(L17:R17) -> 626.4
A18: 46093 | J18: 0 | K18: 29 | L18: =C18*168 -> 0 | M18: =D18*4 -> 0 | N18: =E18*168 -> 0 | O18: =F18*4 -> 0 | P18: =G18*4 -> 0 | Q18: =J18*600 -> 0 | R18: =K18*21.6 -> 626.4 | S18: =SUM(L18:R18) -> 626.4
... A25: 46100 | J25: 0 | K25: 29 | L25: =C25*168 -> 0 | M25: =D25*4 -> 0 | N25: =E25*168 -> 0 | O25: =F25*4 -> 0 | P25: =G25*4 -> 0 | Q25: =J25*600 -> 0 | R25: =K25*21.6 -> 626.4 | S25: =SUM(L25:R25) -> 626.4
A26: 46101 | C26: 11 | J26: 0 | K26: 40 | L26: =C26*168 -> 1848 | M26: =D26*4 -> 0 | N26: =E26*168 -> 0 | O26: =F26*4 -> 0 | P26: =G26*4 -> 0 | Q26: =J26*600 -> 0 | R26: =K26*21.6 -> 864 | S26: =SUM(L26:R26) -> 2712
A27: 46102 | J27: 0 | K27: 40 | L27: =C27*168 -> 0 | M27: =D27*4 -> 0 | N27: =E27*168 -> 0 | O27: =F27*4 -> 0 | P27: =G27*4 -> 0 | Q27: =J27*600 -> 0 | R27: =K27*21.6 -> 864 | S27: =SUM(L27:R27) -> 864
A28: 46103 | J28: 0 | K28: 40 | L28: =C28*168 -> 0 | M28: =D28*4 -> 0 | N28: =E28*168 -> 0 | O28: =F28*4 -> 0 | P28: =G28*4 -> 0 | Q28: =J28*600 -> 0 | R28: =K28*21.6 -> 864 | S28: =SUM(L28:R28) -> 864
A29: 46104 | J29: 0 | K29: 40 | L29: =C29*168 -> 0 | M29: =D29*4 -> 0 | N29: =E29*168 -> 0 | O29: =F29*4 -> 0 | P29: =G29*4 -> 0 | Q29: =J29*600 -> 0 | R29: =K29*21.6 -> 864 | S29: =SUM(L29:R29) -> 864
A30: 46105 | E30: 2 | J30: 0 | K30: 40 | L30: =C30*168 -> 0 | M30: =D30*4 -> 0 | N30: =E30*168 -> 336 | O30: =F30*4 -> 0 | P30: =G30*4 -> 0 | Q30: =J30*600 -> 0 | R30: =K30*21.6 -> 864 | S30: =SUM(L30:R30) -> 1200
A31: 46106 | J31: 0 | K31: 38 | L31: =C31*168 -> 0 | M31: =D31*4 -> 0 | N31: =E31*168 -> 0 | O31: =F31*4 -> 0 | P31: =G31*4 -> 0 | Q31: =J31*600 -> 0 | R31: =K31*21.6 -> 820.8 | S31: =SUM(L31:R31) -> 820.8
A32: 46107 | J32: 0 | K32: 38 | L32: =C32*168 -> 0 | M32: =D32*4 -> 0 | N32: =E32*168 -> 0 | O32: =F32*4 -> 0 | P32: =G32*4 -> 0 | Q32: =J32*600 -> 0 | R32: =K32*21.6 -> 820.8 | S32: =SUM(L32:R32) -> 820.8
A33: 46108 | J33: 0 | K33: 38 | L33: =C33*168 -> 0 | M33: =D33*4 -> 0 | N33: =E33*168 -> 0 | O33: =F33*4 -> 0 | P33: =G33*4 -> 0 | Q33: =J33*600 -> 0 | R33: =K33*21.6 -> 820.8 | S33: =SUM(L33:R33) -> 820.8
A34: 46109 | J34: 0 | K34: 38 | L34: =C34*168 -> 0 | M34: =D34*4 -> 0 | N34: =E34*168 -> 0 | O34: =F34*4 -> 0 | P34: =G34*4 -> 0 | Q34: =J34*600 -> 0 | R34: =K34*21.6 -> 820.8 | S34: =SUM(L34:R34) -> 820.8
A35: 46110 | K35: 38 | L35: =C35*168 -> 0 | M35: =D35*4 -> 0 | N35: =E35*168 -> 0 | O35: =F35*4 -> 0 | P35: =G35*4 -> 0 | Q35: =J35*600 -> 0 | R35: =K35*21.6 -> 820.8 | S35: =SUM(L35:R35) -> 820.8
A36: 46111 | K36: 38 | L36: =C36*168 -> 0 | M36: =D36*4 -> 0 | N36: =E36*168 -> 0 | O36: =F36*4 -> 0 | P36: =G36*4 -> 0 | Q36: =J36*600 -> 0 | R36: =K36*21.6 -> 820.8 | S36: =SUM(L36:R36) -> 820.8
A37: 46112 | K37: 38 | L37: =C37*168 -> 0 | M37: =D37*4 -> 0 | N37: =E37*168 -> 0 | O37: =F37*4 -> 0 | P37: =G37*4 -> 0 | Q37: =J37*600 -> 0 | R37: =K37*21.6 -> 820.8 | S37: =SUM(L37:R37) -> 820.8
A38: Итого | C38: =SUM(C7:C37) -> 11 | D38: =SUM(D7:D37) -> 0 | E38: =SUM(E7:E37) -> 2 | F38: =SUM(F7:F37) -> 0 | G38: =SUM(G7:G37) -> 0 | H38: =SUM(H7:H37) -> 0 | I38: =SUM(I7:I37) -> 0 | J38: =SUM(J7:J37) -> 0 | ... S38: =SUM(S7:S37) -> 24151.2
R39: Итого | S39: =S38 -> 24151.2

Sheet СтройТех
A1: =K36 -> 24355
A2: Отчет по хранению товара СтройТех за Февраль
A3: № | B3: дата | D3: Выгрузка кол-во паллет | E3: ручная загрузка | G3: Хранение | H3: стоимость выгрузки | I3: стоимость загр.. Работ | J3: стоимость хранения | K3: итого
E4: мультипак | F4: шт,. | G4: (кол-во паллет)
A5: 1 | B5: 46082 | G5: 55 | H5: =SUM(D5*60) -> 0 | I5: =SUM(E5*25+F5*7) -> 0 | J5: =SUM(G5*15) -> 825 | K5: =SUM(H5:J5) -> 825
A6: 2 | B6: 46083 | E6: 18 | F6: 10 | G6: 55 | H6: =SUM(D6*60) -> 0 | I6: =SUM(E6*25+F6*7) -> 520 | J6: =SUM(G6*15) -> 825 | K6: =SUM(H6:J6) -> 1345
A7: 3 | B7: 46084 | G7: 51 | H7: =SUM(D7*60) -> 0 | I7: =SUM(E7*25+F7*7) -> 0 | J7: =SUM(G7*15) -> 765 | K7: =SUM(H7:J7) -> 765
A8: 4 | B8: 46085 | G8: 51 | H8: =SUM(D8*60) -> 0 | I8: =SUM(E8*25+F8*7) -> 0 | J8: =SUM(G8*15) -> 765 | K8: =SUM(H8:J8) -> 765
A9: 5 | B9: 46086 | G9: 51 | H9: =SUM(D9*60) -> 0 | I9: =SUM(E9*25+F9*7) -> 0 | J9: =SUM(G9*15) -> 765 | K9: =SUM(H9:J9) -> 765
A10: 6 | B10: 46087 | G10: 51 | H10: =SUM(D10*60) -> 0 | I10: =SUM(E10*25+F10*7) -> 0 | J10: =SUM(G10*15) -> 765 | K10: =SUM(H10:J10) -> 765
A11: 7 | B11: 46088 | G11: 51 | H11: =SUM(D11*60) -> 0 | I11: =SUM(E11*25+F11*7) -> 0 | J11: =SUM(G11*15) -> 765 | K11: =SUM(H11:J11) -> 765
A12: 8 | B12: 46089 | G12: 51 | H12: =SUM(D12*60) -> 0 | I12: =SUM(E12*25+F12*7) -> 0 | J12: =SUM(G12*15) -> 765 | K12: =SUM(H12:J12) -> 765
A13: 9 | B13: 46090 | G13: 51 | H13: =SUM(D13*60) -> 0 | I13: =SUM(E13*25+F13*7) -> 0 | J13: =SUM(G13*15) -> 765 | K13: =SUM(H13:J13) -> 765
A14: 10 | B14: 46091 | G14: 51 | H14: =SUM(D14*60) -> 0 | I14: =SUM(E14*25+F14*7) -> 0 | J14: =SUM(G14*15) -> 765 | K14: =SUM(H14:J14) -> 765
A15: 11 | B15: 46092 | G15: 51 | H15: =SUM(D15*60) -> 0 | I15: =SUM(E15*25+F15*7) -> 0 | J15: =SUM(G15*15) -> 765 | K15: =SUM(H15:J15) -> 765
A16: 12 | B16: 46093 | G16: 51 | H16: =SUM(D16*60) -> 0 | I16: =SUM(E16*25+F16*7) -> 0 | J16: =SUM(G16*15) -> 765 | K16: =SUM(H16:J16) -> 765
A17: 13 | B17: 46094 | G17: 51 | H17: =SUM(D17*60) -> 0 | I17: =SUM(E17*25+F17*7) -> 0 | J17: =SUM(G17*15) -> 765 | K17: =SUM(H17:J17) -> 765
A18: 14 | B18: 46095 | G18: 51 | H18: =SUM(D18*60) -> 0 | I18: =SUM(E18*25+F18*7) -> 0 | J18: =SUM(G18*15) -> 765 | K18: =SUM(H18:J18) -> 765
... A34: 30 | B34: 46111 | G34: 51 | H34: =SUM(D34*60) -> 0 | I34: =SUM(E34*25+F34*7) -> 0 | J34: =SUM(G34*15) -> 765 | K34: =SUM(H34:J34) -> 765
B35: 46112 | G35: 51 | H35: =SUM(D35*60) -> 0 | I35: =SUM(E35*25+F35*7) -> 0 | J35: =SUM(G35*15) -> 765 | K35: =SUM(H35:J35) -> 765
G36: =SUM(G5:G35) -> 1589 | H36: =SUM(H5:H35) -> 0 | I36: =SUM(I5:I35) -> 520 | J36: =SUM(J5:J35) -> 23835 | K36: =SUM(K5:K35) -> 24355

Sheet Ергарда
A1: =J35 -> 8928 | B1: Отчет по хранению товара Ергарда за Февраль
A2: № | B2: дата | D2: Выгрузка кол-во паллет | E2: Загрузка кол-во паллет | F2: Хранение | G2: стоимость выгрузки | H2: стоимость загрузки | I2: стоимость хранения | J2: итого
F3: (кол-во паллет)
A4: 1 | B4: 46082 | F4: 24 | G4: =SUM(D4*120) -> 0 | H4: =SUM(E4*120) -> 0 | I4: =SUM(F4*12) -> 288 | J4: =SUM(G4:I4) -> 288
A5: 2 | B5: 46083 | F5: 24 | G5: =SUM(D5*120) -> 0 | H5: =SUM(E5*120) -> 0 | I5: =SUM(F5*12) -> 288 | J5: =SUM(G5:I5) -> 288
A6: 3 | B6: 46084 | F6: 24 | G6: =SUM(D6*120) -> 0 | H6: =SUM(E6*120) -> 0 | I6: =SUM(F6*12) -> 288 | J6: =SUM(G6:I6) -> 288
A7: 4 | B7: 46085 | F7: 24 | G7: =SUM(D7*120) -> 0 | H7: =SUM(E7*120) -> 0 | I7: =SUM(F7*12) -> 288 | J7: =SUM(G7:I7) -> 288
A8: 5 | B8: 46086 | F8: 24 | G8: =SUM(D8*120) -> 0 | H8: =SUM(E8*120) -> 0 | I8: =SUM(F8*12) -> 288 | J8: =SUM(G8:I8) -> 288
A9: 6 | B9: 46087 | F9: 24 | G9: =SUM(D9*120) -> 0 | H9: =SUM(E9*120) -> 0 | I9: =SUM(F9*12) -> 288 | J9: =SUM(G9:I9) -> 288
A10: 7 | B10: 46088 | F10: 24 | G10: =SUM(D10*120) -> 0 | H10: =SUM(E10*120) -> 0 | I10: =SUM(F10*12) -> 288 | J10: =SUM(G10:I10) -> 288
A11: 8 | B11: 46089 | F11: 24 | G11: =SUM(D11*120) -> 0 | H11: =SUM(E11*120) -> 0 | I11: =SUM(F11*12) -> 288 | J11: =SUM(G11:I11) -> 288
A12: 9 | B12: 46090 | F12: 24 | G12: =SUM(D12*120) -> 0 | H12: =SUM(E12*120) -> 0 | I12: =SUM(F12*12) -> 288 | J12: =SUM(G12:I12) -> 288
A13: 10 | B13: 46091 | F13: 24 | G13: =SUM(D13*120) -> 0 | H13: =SUM(E13*120) -> 0 | I13: =SUM(F13*12) -> 288 | J13: =SUM(G13:I13) -> 288
A14: 11 | B14: 46092 | F14: 24 | G14: =SUM(D14*120) -> 0 | H14: =SUM(E14*120) -> 0 | I14: =SUM(F14*12) -> 288 | J14: =SUM(G14:I14) -> 288
A15: 12 | B15: 46093 | F15: 24 | G15: =SUM(D15*120) -> 0 | H15: =SUM(E15*120) -> 0 | I15: =SUM(F15*12) -> 288 | J15: =SUM(G15:I15) -> 288
... A34: 31 | B34: 46112 | F34: 24 | G34: =SUM(D34*120) -> 0 | H34: =SUM(E34*120) -> 0 | I34: =SUM(F34*12) -> 288 | J34: =SUM(G34:I34) -> 288
G35: =SUM(G4:G34) -> 0 | H35: =SUM(H4:H34) -> 0 | I35: =SUM(I4:I34) -> 8928 | J35: =SUM(J4:J34) -> 8928

Sheet Оникс Нижнекамск
A1: =N37 -> 1747.284
A2: ="Отчет по хранению товара за " & TEXT(B5,"ММММ ГГГГ") -> Отчет по хранению товара за Март 2026 | I2: Нижнекамск
A3: № | B3: дата | D3: Выгрузка кол-во | E3: Загрузка кол-во | F3: Хранение | G3: переконсолидация (тонн) | H3: Паллетирование | I3: стоимость выгрузки | J3: стоимость загрузки | K3: стоимость хранения | L3: стоимость переконс. | M3: Стоимость паллетирования | N3: итого | Q3: Цены
Q4: Выгрузка | R4: 130
A5: 1 | B5: 46082 | F5: 0 | G5: 0 | H5: 0 | I5: =SUM(D5*$R$4) -> 0 | J5: =SUM(E5*$R$5) -> 0 | K5: =SUM(F5*$R$6) -> 0 | L5: =SUM(G5*$R$7) -> 0 | M5: =SUM(H5*$R$8) -> 0 | N5: =SUM(I5:M5) -> 0 | Q5: Загрузка | R5: 130
A6: 2 | B6: 46083 | F6: =F5-E5+D6 -> 0 | G6: 0 | H6: 0 | I6: =SUM(D6*$R$4) -> 0 | J6: =SUM(E6*$R$5) -> 0 | K6: =SUM(F6*$R$6) -> 0 | L6: =SUM(G6*$R$7) -> 0 | M6: =SUM(H6*$R$8) -> 0 | N6: =SUM(I6:M6) -> 0 | Q6: Хранение | R6: 22
A7: 3 | B7: 46084 | F7: =F6-E6+D7 -> 0 | G7: 0 | H7: 0 | I7: =SUM(D7*$R$4) -> 0 | J7: =SUM(E7*$R$5) -> 0 | K7: =SUM(F7*$R$6) -> 0 | L7: =SUM(G7*$R$7) -> 0 | M7: =SUM(H7*$R$8) -> 0 | N7: =SUM(I7:M7) -> 0 | Q7: Переконсолидация | R7: 950
A8: 4 | B8: 46085 | F8: =F7-E7+D8 -> 0 | G8: 0 | H8: 0 | I8: =SUM(D8*$R$4) -> 0 | J8: =SUM(E8*$R$5) -> 0 | K8: =SUM(F8*$R$6) -> 0 | L8: =SUM(G8*$R$7) -> 0 | M8: =SUM(H8*$R$8) -> 0 | N8: =SUM(I8:M8) -> 0 | Q8: Паллетирование | R8: 120
A9: 5 | B9: 46086 | F9: =F8-E8+D9 -> 0 | G9: 0 | H9: 0 | I9: =SUM(D9*$R$4) -> 0 | J9: =SUM(E9*$R$5) -> 0 | K9: =SUM(F9*$R$6) -> 0 | L9: =SUM(G9*$R$7) -> 0 | M9: =SUM(H9*$R$8) -> 0 | N9: =SUM(I9:M9) -> 0
A10: 6 | B10: 46087 | F10: =F9-E9+D10 -> 0 | G10: 0 | H10: 0 | I10: =SUM(D10*$R$4) -> 0 | J10: =SUM(E10*$R$5) -> 0 | K10: =SUM(F10*$R$6) -> 0 | L10: =SUM(G10*$R$7) -> 0 | M10: =SUM(H10*$R$8) -> 0 | N10: =SUM(I10:M10) -> 0
A11: 7 | B11: 46088 | F11: =F10-E10+D11 -> 0 | G11: 0 | H11: 0 | I11: =SUM(D11*$R$4) -> 0 | J11: =SUM(E11*$R$5) -> 0 | K11: =SUM(F11*$R$6) -> 0 | L11: =SUM(G11*$R$7) -> 0 | M11: =SUM(H11*$R$8) -> 0 | N11: =SUM(I11:M11) -> 0
A12: 8 | B12: 46089 | F12: =F11-E11+D12 -> 0 | G12: 0 | H12: 0 | I12: =SUM(D12*$R$4) -> 0 | J12: =SUM(E12*$R$5) -> 0 | K12: =SUM(F12*$R$6) -> 0 | L12: =SUM(G12*$R$7) -> 0 | M12: =SUM(H12*$R$8) -> 0 | N12: =SUM(I12:M12) -> 0
A13: 9 | B13: 46090 | F13: =F12-E12+D13 -> 0 | G13: 0 | H13: 0 | I13: =SUM(D13*$R$4) -> 0 | J13: =SUM(E13*$R$5) -> 0 | K13: =SUM(F13*$R$6) -> 0 | L13: =SUM(G13*$R$7) -> 0 | M13: =SUM(H13*$R$8) -> 0 | N13: =SUM(I13:M13) -> 0
A14: 10 | B14: 46091 | F14: =F13-E13+D14 -> 0 | G14: 0 | H14: 0 | I14: =SUM(D14*$R$4) -> 0 | J14: =SUM(E14*$R$5) -> 0 | K14: =SUM(F14*$R$6) -> 0 | L14: =SUM(G14*$R$7) -> 0 | M14: =SUM(H14*$R$8) -> 0 | N14: =SUM(I14:M14) -> 0
A15: 11 | B15: 46092 | F15: =F14-E14+D15 -> 0 | G15: 0 | H15: 0 | I15: =SUM(D15*$R$4) -> 0 | J15: =SUM(E15*$R$5) -> 0 | K15: =SUM(F15*$R$6) -> 0 | L15: =SUM(G15*$R$7) -> 0 | M15: =SUM(H15*$R$8) -> 0 | N15: =SUM(I15:M15) -> 0
A16: 12 | B16: 46093 | F16: =F15-E15+D16 -> 0 | G16: 0 | H16: 0 | I16: =SUM(D16*$R$4) -> 0 | J16: =SUM(E16*$R$5) -> 0 | K16: =SUM(F16*$R$6) -> 0 | L16: =SUM(G16*$R$7) -> 0 | M16: =SUM(H16*$R$8) -> 0 | N16: =SUM(I16:M16) -> 0
A17: 13 | B17: 46094 | F17: =F16-E16+D17 -> 0 | G17: 0 | H17: 0 | I17: =SUM(D17*$R$4) -> 0 | J17: =SUM(E17*$R$5) -> 0 | K17: =SUM(F17*$R$6) -> 0 | L17: =SUM(G17*$R$7) -> 0 | M17: =SUM(H17*$R$8) -> 0 | N17: =SUM(I17:M17) -> 0
A18: 14 | B18: 46095 | F18: =F17-E17+D18 -> 0 | G18: 0 | H18: 0 | I18: =SUM(D18*$R$4) -> 0 | J18: =SUM(E18*$R$5) -> 0 | K18: =SUM(F18*$R$6) -> 0 | L18: =SUM(G18*$R$7) -> 0 | M18: =SUM(H18*$R$8) -> 0 | N18: =SUM(I18:M18) -> 0
A19: 15 | B19: 46096 | F19: =F18-E18+D19 -> 0 | G19: 0 | H19: 0 | I19: =SUM(D19*$R$4) -> 0 | J19: =SUM(E19*$R$5) -> 0 | K19: =SUM(F19*$R$6) -> 0 | L19: =SUM(G19*$R$7) -> 0 | M19: =SUM(H19*$R$8) -> 0 | N19: =SUM(I19:M19) -> 0
A20: 16 | B20: 46097 | F20: =F19-E19+D20 -> 0 | G20: 0 | H20: 0 | I20: =SUM(D20*$R$4) -> 0 | J20: =SUM(E20*$R$5) -> 0 | K20: =SUM(F20*$R$6) -> 0 | L20: =SUM(G20*$R$7) -> 0 | M20: =SUM(H20*$R$8) -> 0 | N20: =SUM(I20:M20) -> 0
... A33: 29 | B33: 46110 | F33: =F32-E32+D33 -> 0 | G33: 0 | H33: 0 | I33: =SUM(D33*$R$4) -> 0 | J33: =SUM(E33*$R$5) -> 0 | K33: =SUM(F33*$R$6) -> 0 | L33: =SUM(G33*$R$7) -> 0 | M33: =SUM(H33*$R$8) -> 0 | N33: =SUM(I33:M33) -> 0
A34: 30 | B34: 46111 | F34: 32.55 | G34: 0 | H34: 0 | I34: =SUM(D34*$R$4) -> 0 | J34: =SUM(E34*$R$5) -> 0 | K34: =SUM(F34*$R$6) -> 716.1 | L34: =SUM(G34*$R$7) -> 0 | M34: =SUM(H34*$R$8) -> 0 | N34: =SUM(I34:M34) -> 716.1
B35: 46112 | F35: =F34-E34+D35 -> 32.55 | G35: 0 | H35: 0 | I35: =SUM(D35*$R$4) -> 0 | J35: =SUM(E35*$R$5) -> 0 | K35: =SUM(F35*$R$6) -> 716.1 | L35: =SUM(G35*$R$7) -> 0 | M35: =SUM(H35*$R$8) -> 0 | N35: =SUM(I35:M35) -> 716.1
D36: =SUM(D5:D35) -> 0 | E36: =SUM(E5:E35) -> 0 | F36: =SUM(F5:F35) -> 65.1 | G36: =SUM(G5:G35) -> 0 | H36: =SUM(H5:H35) -> 0 | I36: =SUM(I5:I35) -> 0 | J36: =SUM(J5:J35) -> 0 | K36: =SUM(K5:K35) -> 1432.2 | ... N36: =SUM(N5:N35) -> 1432.2
N37: =N36*1.22 -> 1747.284

Sheet Зеленодольск Доп услуги
A2: =IF(DAY(TODAY())>27,"Акт № от " & TEXT(TODAY(),"ДД ММММ ГГГГ"),"Акт № от " & TEXT(TODAY()-DAY(TODAY()),"ДД ММММ ГГГГ")) -> Акт № от 31 Март 2026
A3: =IF(DAY(TODAY()) > 27, "выполненных работ (оказанных услуг) за " & TEXT(TODAY(),"ММММ ГГГГ"),"выполненных работ (оказанных услуг) за " & TEXT(TODAY()-DAY(TODAY()),"ММММ ГГГГ")) -> выполненных работ (оказанных услуг) за Март 2026
A4: по Договору хранения № СХ.45411 от «01» января 2025 г.
A6: =IF(DAY(TODAY()) > 27," Во исполнение Договора в период с " & TEXT(TODAY()-DAY(TODAY()-DAY(TODAY())),"ДД ММММ ГГГГ") & " г. По " & TEXT(TODAY(),"ДД ММММ ГГГГ") & " г. ХРАНИТЕЛЬ оказал ПОКЛАЖЕДАТЕЛЮ следующие услуги (работы):"," Во исполнение Договора в период с " & TEXT(TODAY()-DAY(TODAY())-DAY(TODAY()-DAY(TODAY()))+1,"ДД ММММ ГГГГ") & " г. По " & TEXT(TODAY()-DAY(TODAY()),"ДД ММММ ГГГГ") & " г. ХРАНИТЕЛЬ оказал ПОКЛАЖЕДАТЕЛЮ следующие услуги (работы):") -> Во исполнение Договора в период с 01 Март 2026 г. По 31 Март 2026 г. ХРАНИТЕЛЬ оказал ПОКЛАЖЕДАТЕЛЮ следующие услуги (работы):
A8: № | B8: Наименование услуг (работ) | C8: Ед. изм. | D8: Количество | E8: Цена | F8: Сумма
A9: 1 | B9: Переконсолидация Товара | C9: тонна | D9: 216.2 | E9: 950 | F9: =D9*E9 -> 205390
A10: 2 | B10: Паллетирование | C10: тонна | D10: =D9 -> 216.2 | E10: 120 | F10: =D10*E10 -> 25944
A11: 3 | B11: Предоставление фито поддона | C11: штука | D11: 174 | E11: 830 | F11: =D11*E11 -> 144420
A12: Итого: | F12: =SUM(F9:F11) -> 375754
A13: Без налога (НДС) | F13: =F12 -> 375754
A14: Всего (с учетом НДС) | F14: =F13*1.22 -> 458419.88
A15: Вышеперечисленные услуги (работы) выполнены полностью.
A16: ПОКЛАЖЕДАТЕЛЬ претензий по объему, качеству и срокам оказания услуг претензий не имеет.
A19: ООО "ДТМ" | D19: ПАО "СИБУР Холдинг"
A21: ____________________Расстегаев Д.О. | D21: ____________________

Sheet Казань_Приволжская экспорт
A3: =IF(DAY(TODAY())>27,"Акт № от " & TEXT(TODAY(),"ДД ММММ ГГГГ"),"Акт № от " & TEXT(TODAY()-DAY(TODAY()),"ДД ММММ ГГГГ")) & "г. Казань_Приволжская" -> Акт № от 31 Март 2026г. Казань_Приволжская
A4: =IF(DAY(TODAY()) > 27, "выполненных работ (оказанных услуг) за " & TEXT(TODAY(),"ММММ ГГГГ"),"выполненных работ (оказанных услуг) за " & TEXT(TODAY()-DAY(TODAY()),"ММММ ГГГГ")) -> выполненных работ (оказанных услуг) за Март 2026
A5: по Договору хранения № СХ.47103 от «10» апреля 2025 г.
A7: =IF(DAY(TODAY()) > 27,"Во исполнение Договора в период с " & TEXT(TODAY()-DAY(TODAY()-DAY(TODAY())),"ДД ММММ ГГГГ") & " г. По " & TEXT(TODAY(),"ДД ММММ ГГГГ") & " г. ХРАНИТЕЛЬ оказал ПОКЛАЖЕДАТЕЛЮ следующие услуги (работы):"," Во исполнение Договора в период с " & TEXT(TODAY()-DAY(TODAY())-DAY(TODAY()-DAY(TODAY()))+1,"ДД ММММ ГГГГ") & " г. По " & TEXT(TODAY()-DAY(TODAY()),"ДД ММММ ГГГГ") & " г. ХРАНИТЕЛЬ оказал ПОКЛАЖЕДАТЕЛЮ следующие услуги (работы):") -> Во исполнение Договора в период с 01 Март 2026 г. По 31 Март 2026 г. ХРАНИТЕЛЬ оказал ПОКЛАЖЕДАТЕЛЮ следующие услуги (работы):
A9: № | B9: Наименование услуг (работ) | C9: Ед. изм. | D9: Количество | E9: Цена | F9: Сумма без НДС | G9: Сумма с НДС
A10: 1 | B10: оформление документов | C10: шт. | D10: 7 | E10: 2000 | F10: =SUM(D10*E10) -> 14000 | G10: =F10*1.22 -> 17080
A11: 2 | B11: Оформление сертификата | C11: шт. | F11: =SUM(D11*E11) -> 0 | G11: =F11*1.2 -> 0
F12: =SUM(F10:F11) -> 14000 | G12: =SUM(G10:G11) -> 17080
A13: Итого: | B13: четырнадцать тысяч рублей ноль копеек
A14: Без налога (НДС): | B14: =B13 -> четырнадцать тысяч рублей ноль копеек
A15: Всего (с учетом НДС) | B15: семнадцать тысяч восемьдесят рублей ноль копеек
A16: Вышеперечисленные услуги (работы) выполнены полностью.
A17: ПОКЛАЖЕДАТЕЛЬ претензий по объему, качеству и срокам оказания услуг претензий не имеет.
A20: ООО "ДТМ" | D20: ПАО "СИБУР Холдинг"
A22: ____________________Расстегаев Д.О. | D22: ____________________

Sheet Казань_Автосервисная экспорт
A3: =IF(DAY(TODAY())>27,"Акт № от " & TEXT(TODAY(),"ДД ММММ ГГГГ"),"Акт № от " & TEXT(TODAY()-DAY(TODAY()),"ДД ММММ ГГГГ")) & " г. Казань_Автосервисная" -> Акт № от 31 Март 2026 г. Казань_Автосервисная
A4: =IF(DAY(TODAY()) > 27, "выполненных работ (оказанных услуг) за " & TEXT(TODAY(),"ММММ ГГГГ"),"выполненных работ (оказанных услуг) за " & TEXT(TODAY()-DAY(TODAY()),"ММММ ГГГГ")) -> выполненных работ (оказанных услуг) за Март 2026
A5: по Договору хранения № СХ.47103 от «10» апреля 2025 г.
A7: =IF(DAY(TODAY()) > 27,"Во исполнение Договора в период с " & TEXT(TODAY()-DAY(TODAY()-DAY(TODAY())),"ДД ММММ ГГГГ") & " г. По " & TEXT(TODAY(),"ДД ММММ ГГГГ") & " г. ХРАНИТЕЛЬ оказал ПОКЛАЖЕДАТЕЛЮ следующие услуги (работы):"," Во исполнение Договора в период с " & TEXT(TODAY()-DAY(TODAY())-DAY(TODAY()-DAY(TODAY()))+1,"ДД ММММ ГГГГ") & " г. По " & TEXT(TODAY()-DAY(TODAY()),"ДД ММММ ГГГГ") & " г. ХРАНИТЕЛЬ оказал ПОКЛАЖЕДАТЕЛЮ следующие услуги (работы):") -> Во исполнение Договора в период с 01 Март 2026 г. По 31 Март 2026 г. ХРАНИТЕЛЬ оказал ПОКЛАЖЕДАТЕЛЮ следующие услуги (работы):
A9: № | B9: Наименование услуг (работ) | C9: Ед. изм. | D9: Количество | E9: Цена | F9: Сумма без НДС | G9: Сумма с НДС
A10: 1 | B10: оформление документов | C10: шт. | D10: 18 | E10: 2000 | F10: =SUM(D10*E10) -> 36000 | G10: =F10*1.22 -> 43920
A11: 2 | B11: Оформление сертификата | C11: шт. | F11: =SUM(D11*E11) -> 0 | G11: =F11*1.2 -> 0
F12: =SUM(F10:F11) -> 36000 | G12: =SUM(G10:G11) -> 43920
A13: Итого: | B13: тридцать шесть тысяч рублей ноль копеек
A14: Без налога (НДС): | B14: =B13 -> тридцать шесть тысяч рублей ноль копеек
A15: Всего (с учетом НДС) | B15: сорок три тысячм девятьсот двадцать рублей ноль копеек
A16: Вышеперечисленные услуги (работы) выполнены полностью.
A17: ПОКЛАЖЕДАТЕЛЬ претензий по объему, качеству и срокам оказания услуг претензий не имеет.
A20: ООО "ДТМ" | D20: ПАО "СИБУР Холдинг"
A22: ____________________Расстегаев Д.О. | D22: ____________________

Sheet Казань_Приволжская Доп услуги
A2: =IF(DAY(TODAY())>27,"Акт № от " & TEXT(TODAY(),"ДД ММММ ГГГГ"),"Акт № от " & TEXT(TODAY()-DAY(TODAY()),"ДД ММММ ГГГГ")) -> Акт № от 31 Март 2026
A3: =IF(DAY(TODAY()) > 27, "выполненных работ (оказанных услуг) за " & TEXT(TODAY(),"ММММ ГГГГ"),"выполненных работ (оказанных услуг) за " & TEXT(TODAY()-DAY(TODAY()),"ММММ ГГГГ")) -> выполненных работ (оказанных услуг) за Март 2026
A4: по Договору хранения № СХ.45411 от «01» января 2025 г.
A6: =IF(DAY(TODAY()) > 27," Во исполнение Договора в период с " & TEXT(TODAY()-DAY(TODAY()-DAY(TODAY())),"ДД ММММ ГГГГ") & " г. По " & TEXT(TODAY(),"ДД ММММ ГГГГ") & " г. ХРАНИТЕЛЬ оказал ПОКЛАЖЕДАТЕЛЮ следующие услуги (работы):"," Во исполнение Договора в период с " & TEXT(TODAY()-DAY(TODAY())-DAY(TODAY()-DAY(TODAY()))+1,"ДД ММММ ГГГГ") & " г. По " & TEXT(TODAY()-DAY(TODAY()),"ДД ММММ ГГГГ") & " г. ХРАНИТЕЛЬ оказал ПОКЛАЖЕДАТЕЛЮ следующие услуги (работы):") -> Во исполнение Договора в период с 01 Март 2026 г. По 31 Март 2026 г. ХРАНИТЕЛЬ оказал ПОКЛАЖЕДАТЕЛЮ следующие услуги (работы):
A8: № | B8: Наименование услуг (работ) | C8: Ед. изм. | D8: Количество | E8: Цена | F8: Сумма
A9: 1 | B9: Переконсолидация Товара | C9: тонна | D9: 22 | E9: 1000 | F9: =SUM(D9*E9) -> 22000
A10: 2 | B10: Паллетирование | C10: тонна | D10: =D9 -> 22 | E10: 200 | F10: =SUM(D10*E10) -> 4400
A11: 3 | B11: Предоставление фито поддона | C11: штука | D11: 16 | E11: 830 | F11: =SUM(D11*E11) -> 13280
A12: Итого: | F12: =SUM(F9:F11) -> 39680
A13: Без налога (НДС) | F13: =SUM(F12) -> 39680
A14: Всего (с учетом НДС) | F14: =SUM(F13)*1.2 -> 47616
A15: Вышеперечисленные услуги (работы) выполнены полностью.
A16: ПОКЛАЖЕДАТЕЛЬ претензий по объему, качеству и срокам оказания услуг претензий не имеет.
A19: ООО "ДТМ" | D19: ПАО "СИБУР Холдинг"
A21: ____________________Расстегаев Д.О. | D21: ____________________

Sheet Екатеринбург экспорт
A3: =IF(DAY(TODAY())>27,"Акт № от " & TEXT(TODAY(),"ДД ММММ ГГГГ"),"Акт № от " & TEXT(TODAY()-DAY(TODAY()),"ДД ММММ ГГГГ")) & " г. Екатеринбург" -> Акт № от 31 Март 2026 г. Екатеринбург
A4: =IF(DAY(TODAY()) > 27, "выполненных работ (оказанных услуг) за " & TEXT(TODAY(),"ММММ ГГГГ"),"выполненных работ (оказанных услуг) за " & TEXT(TODAY()-DAY(TODAY()),"ММММ ГГГГ")) -> выполненных работ (оказанных услуг) за Март 2026
A5: по Договору хранения № СХ.47103 от «10» апреля 2025 г.
A7: =IF(DAY(TODAY()) > 27,"Во исполнение Договора в период с " & TEXT(TODAY()-DAY(TODAY()-DAY(TODAY())),"ДД ММММ ГГГГ") & " г. По " & TEXT(TODAY(),"ДД ММММ ГГГГ") & " г. ХРАНИТЕЛЬ оказал ПОКЛАЖЕДАТЕЛЮ следующие услуги (работы):"," Во исполнение Договора в период с " & TEXT(TODAY()-DAY(TODAY())-DAY(TODAY()-DAY(TODAY()))+1,"ДД ММММ ГГГГ") & " г. По " & TEXT(TODAY()-DAY(TODAY()),"ДД ММММ ГГГГ") & " г. ХРАНИТЕЛЬ оказал ПОКЛАЖЕДАТЕЛЮ следующие услуги (работы):") -> Во исполнение Договора в период с 01 Март 2026 г. По 31 Март 2026 г. ХРАНИТЕЛЬ оказал ПОКЛАЖЕДАТЕЛЮ следующие услуги (работы):
A9: № | B9: Наименование услуг (работ) | C9: Ед. изм. | D9: Количество | E9: Цена | F9: Сумма без НДС | G9: Сумма с НДС
A10: 1 | B10: оформление документов | C10: шт. | D10: 83 | E10: 2000 | F10: =SUM(D10*E10) -> 166000 | G10: =F10*1.22 -> 202520
A11: 2 | B11: Оформление сертификата | C11: шт. | F11: =SUM(D11*E11) -> 0 | G11: =F11*1.2 -> 0
F12: =SUM(F10:F11) -> 166000 | G12: =SUM(G10:G11) -> 202520
A13: Итого: | B13: сто шестьдесят шесть тысяч рублей ноль копеек
A14: Без налога (НДС): | B14: =B13 -> сто шестьдесят шесть тысяч рублей ноль копеек
A15: Всего (с учетом НДС) | B15: двести две тысячи пятьсот двадцать рублей ноль копеек
A16: Вышеперечисленные услуги (работы) выполнены полностью.
A17: ПОКЛАЖЕДАТЕЛЬ претензий по объему, качеству и срокам оказания услуг претензий не имеет.
A20: ООО "ДТМ" | D20: ПАО "СИБУР Холдинг"
A22: ____________________Расстегаев Д.О. | D22: ____________________

Sheet Баумана KPI
A2: Отчет по хранению товара за Март 2026 Баумана KPI
A3: № | B3: дата | D3: Выгрузка кол-во | E3: Загрузка кол-во | F3: Хранение | G3: Резервирование 0 | H3: Мин. Суточный резерв 0 | I3: переконсолидация (тонн) | J3: Паллетирование | K3: Взвешивание | L3: стоимость взвешивания | M3: стоимость выгрузки за 1 месяц | N3: стоимость загрузки за 1 месяц | O3: стоимость хранения за 1 месяц | P3: Доплата за хранение за 1 месяц | Q3: Доплата за ПРР за 1 месяц | R3: стоимость переконс. | S3: Стоимость паллетирования | T3: итого
A5: 1 | B5: 01.03.2026 | D5: 0 | E5: 0 | F5: 5.475 | G5: 0 | H5: 0 | I5: 0 | J5: 0 | K5: 0 | L5: 0 | M5: 0 | N5: 0 | O5: 0 | P5: 0 | Q5: 0 | R5: 0 | S5: 0 | T5: 0
A6: 2 | B6: 02.03.2026 | D6: 0 | E6: 0 | F6: 5.475 | G6: 0 | H6: 0 | I6: 0 | J6: 0 | K6: 0 | L6: 0 | M6: 0 | N6: 0 | O6: 0 | P6: 0 | Q6: 0 | R6: 0 | S6: 0 | T6: 0
A7: 3 | B7: 03.03.2026 | D7: 0 | E7: 0 | F7: 5.475 | G7: 0 | H7: 0 | I7: 0 | J7: 0 | K7: 0 | L7: 0 | M7: 0 | N7: 0 | O7: 0 | P7: 0 | Q7: 0 | R7: 0 | S7: 0 | T7: 0
A8: 4 | B8: 04.03.2026 | D8: 0 | E8: 0 | F8: 5.475 | G8: 0 | H8: 0 | I8: 0 | J8: 0 | K8: 0 | L8: 0 | M8: 0 | N8: 0 | O8: 0 | P8: 0 | Q8: 0 | R8: 0 | S8: 0 | T8: 0
A9: 5 | B9: 05.03.2026 | D9: 0 | E9: 0 | F9: 5.475 | G9: 0 | H9: 0 | I9: 0 | J9: 0 | K9: 0 | L9: 0 | M9: 0 | N9: 0 | O9: 0 | P9: 0 | Q9: 0 | R9: 0 | S9: 0 | T9: 0
A10: 6 | B10: 06.03.2026 | D10: 0 | E10: 0 | F10: 5.475 | G10: 0 | H10: 0 | I10: 0 | J10: 0 | K10: 0 | L10: 0 | M10: 0 | N10: 0 | O10: 0 | P10: 0 | Q10: 0 | R10: 0 | S10: 0 | T10: 0
A11: 7 | B11: 07.03.2026 | D11: 0 | E11: 0 | F11: 5.475 | G11: 0 | H11: 0 | I11: 0 | J11: 0 | K11: 0 | L11: 0 | M11: 0 | N11: 0 | O11: 0 | P11: 0 | Q11: 0 | R11: 0 | S11: 0 | T11: 0
A12: 8 | B12: 08.03.2026 | D12: 0 | E12: 0 | F12: 5.475 | G12: 0 | H12: 0 | I12: 0 | J12: 0 | K12: 0 | L12: 0 | M12: 0 | N12: 0 | O12: 0 | P12: 0 | Q12: 0 | R12: 0 | S12: 0 | T12: 0
A13: 9 | B13: 09.03.2026 | D13: 0 | E13: 0 | F13: 5.475 | G13: 0 | H13: 0 | I13: 0 | J13: 0 | K13: 0 | L13: 0 | M13: 0 | N13: 0 | O13: 0 | P13: 0 | Q13: 0 | R13: 0 | S13: 0 | T13: 0
A14: 10 | B14: 10.03.2026 | D14: 0 | E14: 0 | F14: 5.475 | G14: 0 | H14: 0 | I14: 0 | J14: 0 | K14: 0 | L14: 0 | M14: 0 | N14: 0 | O14: 0 | P14: 0 | Q14: 0 | R14: 0 | S14: 0 | T14: 0
A15: 11 | B15: 11.03.2026 | D15: 0 | E15: 0 | F15: 5.475 | G15: 0 | H15: 0 | I15: 0 | J15: 0 | K15: 0 | L15: 0 | M15: 0 | N15: 0 | O15: 0 | P15: 0 | Q15: 0 | R15: 0 | S15: 0 | T15: 0
A16: 12 | B16: 12.03.2026 | D16: 0 | E16: 0 | F16: 5.475 | G16: 0 | H16: 0 | I16: 0 | J16: 0 | K16: 0 | L16: 0 | M16: 0 | N16: 0 | O16: 0 | P16: 0 | Q16: 0 | R16: 0 | S16: 0 | T16: 0
... A35: 31 | B35: 31.03.2026 | D35: 0 | E35: 0 | F35: 27.475 | G35: 0 | H35: 0 | I35: 0 | J35: 0 | K35: 0 | L35: 0 | M35: 0 | N35: 0 | O35: 0 | P35: 0 | Q35: 0 | R35: 0 | S35: 0 | T35: 0
D36: 22 | E36: 0 | F36: 213.725 | G36: 0 | H36: 0 | I36: 0 | J36: 0 | K36: 0 | L36: 0 | M36: 4322.87 | N36: 0 | O36: 2439.03 | P36: 659.98 | Q36: 0 | R36: 0 | S36: 0 | T36: 7421.88
T37: 9054.69

Sheet Баумана Полимеры
A2: Отчет по хранению товара за Март 2026 Баумана Полимеры
A3: № | B3: дата | D3: Выгрузка кол-во | E3: Загрузка кол-во | F3: Хранение | G3: Резервирование 0 | H3: Мин. Суточный резерв 0 | I3: переконсолидация (тонн) | J3: Паллетирование | K3: Взвешивание | L3: стоимость взвешивания | M3: стоимость выгрузки за 1 месяц | N3: стоимость загрузки за 1 месяц | O3: стоимость хранения за 1 месяц | P3: Доплата за хранение за 1 месяц | Q3: Доплата за ПРР за 1 месяц | R3: стоимость переконс. | S3: Стоимость паллетирования | T3: итого
A5: 1 | B5: 01.03.2026 | D5: 88 | E5: 88 | F5: 6652.54 | G5: 0 | H5: 0 | I5: 0 | J5: 0 | K5: 0 | L5: 0 | M5: 0 | N5: 0 | O5: 0 | P5: 0 | Q5: 0 | R5: 0 | S5: 0 | T5: 0
A6: 2 | B6: 02.03.2026 | D6: 308 | E6: 88 | F6: 6872.54 | G6: 0 | H6: 0 | I6: 0 | J6: 0 | K6: 0 | L6: 0 | M6: 0 | N6: 0 | O6: 0 | P6: 0 | Q6: 0 | R6: 0 | S6: 0 | T6: 0
A7: 3 | B7: 03.03.2026 | D7: 331.5 | E7: 110 | F7: 7094.04 | G7: 0 | H7: 0 | I7: 0 | J7: 0 | K7: 0 | L7: 0 | M7: 0 | N7: 0 | O7: 0 | P7: 0 | Q7: 0 | R7: 0 | S7: 0 | T7: 0
A8: 4 | B8: 04.03.2026 | D8: 486.5 | E8: 68.25 | F8: 7512.29 | G8: 0 | H8: 0 | I8: 0 | J8: 0 | K8: 0 | L8: 0 | M8: 0 | N8: 0 | O8: 0 | P8: 0 | Q8: 0 | R8: 0 | S8: 0 | T8: 0
A9: 5 | B9: 05.03.2026 | D9: 444.5 | E9: 206 | F9: 7750.79 | G9: 0 | H9: 0 | I9: 0 | J9: 0 | K9: 0 | L9: 0 | M9: 0 | N9: 0 | O9: 0 | P9: 0 | Q9: 0 | R9: 0 | S9: 0 | T9: 0
A10: 6 | B10: 06.03.2026 | D10: 334 | E10: 94.5 | F10: 7990.29 | G10: 0 | H10: 0 | I10: 0 | J10: 0 | K10: 0 | L10: 0 | M10: 0 | N10: 0 | O10: 0 | P10: 0 | Q10: 0 | R10: 0 | S10: 0 | T10: 0
A11: 7 | B11: 07.03.2026 | D11: 357.25 | E11: 201.5 | F11: 8146.04 | G11: 0 | H11: 0 | I11: 0 | J11: 0 | K11: 0 | L11: 0 | M11: 0 | N11: 0 | O11: 0 | P11: 0 | Q11: 0 | R11: 0 | S11: 0 | T11: 0
A12: 8 | B12: 08.03.2026 | D12: 110.5 | E12: 90 | F12: 8166.54 | G12: 0 | H12: 0 | I12: 0 | J12: 0 | K12: 0 | L12: 0 | M12: 0 | N12: 0 | O12: 0 | P12: 0 | Q12: 0 | R12: 0 | S12: 0 | T12: 0
A13: 9 | B13: 09.03.2026 | D13: 331.5 | E13: 67 | F13: 8431.04 | G13: 0 | H13: 0 | I13: 0 | J13: 0 | K13: 0 | L13: 0 | M13: 0 | N13: 0 | O13: 0 | P13: 0 | Q13: 0 | R13: 0 | S13: 0 | T13: 0
A14: 10 | B14: 10.03.2026 | D14: 309.5 | E14: 112 | F14: 8628.54 | G14: 0 | H14: 0 | I14: 0 | J14: 0 | K14: 0 | L14: 0 | M14: 0 | N14: 0 | O14: 0 | P14: 0 | Q14: 0 | R14: 0 | S14: 0 | T14: 0
A15: 11 | B15: 11.03.2026 | D15: 243 | E15: 110.5 | F15: 8761.04 | G15: 0 | H15: 0 | I15: 0 | J15: 0 | K15: 0 | L15: 0 | M15: 0 | N15: 0 | O15: 0 | P15: 0 | Q15: 0 | R15: 0 | S15: 0 | T15: 0
A16: 12 | B16: 12.03.2026 | D16: 331.5 | E16: 109.675 | F16: 8982.865 | G16: 0 | H16: 0 | I16: 0 | J16: 0 | K16: 0 | L16: 0 | M16: 0 | N16: 0 | O16: 0 | P16: 0 | Q16: 0 | R16: 0 | S16: 0 | T16: 0
... A35: 31 | B35: 31.03.2026 | D35: 63.75 | E35: 266.25 | F35: 7761.765 | G35: 0 | H35: 0 | I35: 0 | J35: 0 | K35: 0 | L35: 0 | M35: 0 | N35: 0 | O35: 0 | P35: 0 | Q35: 0 | R35: 0 | S35: 0 | T35: 0
D36: 4885.5 | E36: 3776.275 | F36: 259883.22 | G36: 0 | H36: 0 | I36: 0 | J36: 0 | K36: 0 | L36: 0 | M36: 959971.33 | N36: 947972.57 | O36: 2965786 | P36: 802520.61 | Q36: 0 | R36: 0 | S36: 0 | T36: 5676250.5
T37: 6925025.6

Sheet Баумана Полиом
A2: Отчет по хранению товара за Март 2026 Баумана Полиом
A3: № | B3: дата | D3: Выгрузка кол-во | E3: Загрузка кол-во | F3: Хранение | G3: Резервирование 0 | H3: Мин. Суточный резерв 0 | I3: переконсолидация (тонн) | J3: Паллетирование | K3: Взвешивание | L3: стоимость взвешивания | M3: стоимость выгрузки за 1 месяц | N3: стоимость загрузки за 1 месяц | O3: стоимость хранения за 1 месяц | P3: Доплата за хранение за 1 месяц | Q3: Доплата за ПРР за 1 месяц | R3: стоимость переконс. | S3: Стоимость паллетирования | T3: итого
A5: 1 | B5: 01.03.2026 | D5: 0 | E5: 0 | F5: 155.375 | G5: 0 | H5: 0 | I5: 0 | J5: 0 | K5: 0 | L5: 0 | M5: 0 | N5: 0 | O5: 0 | P5: 0 | Q5: 0 | R5: 0 | S5: 0 | T5: 0
A6: 2 | B6: 02.03.2026 | D6: 0 | E6: 0 | F6: 155.375 | G6: 0 | H6: 0 | I6: 0 | J6: 0 | K6: 0 | L6: 0 | M6: 0 | N6: 0 | O6: 0 | P6: 0 | Q6: 0 | R6: 0 | S6: 0 | T6: 0
A7: 3 | B7: 03.03.2026 | D7: 0 | E7: 0 | F7: 155.375 | G7: 0 | H7: 0 | I7: 0 | J7: 0 | K7: 0 | L7: 0 | M7: 0 | N7: 0 | O7: 0 | P7: 0 | Q7: 0 | R7: 0 | S7: 0 | T7: 0
A8: 4 | B8: 04.03.2026 | D8: 0 | E8: 22 | F8: 133.375 | G8: 0 | H8: 0 | I8: 0 | J8: 0 | K8: 0 | L8: 0 | M8: 0 | N8: 0 | O8: 0 | P8: 0 | Q8: 0 | R8: 0 | S8: 0 | T8: 0
A9: 5 | B9: 05.03.2026 | D9: 0 | E9: 0 | F9: 133.375 | G9: 0 | H9: 0 | I9: 0 | J9: 0 | K9: 0 | L9: 0 | M9: 0 | N9: 0 | O9: 0 | P9: 0 | Q9: 0 | R9: 0 | S9: 0 | T9: 0
A10: 6 | B10: 06.03.2026 | D10: 0 | E10: 0 | F10: 133.375 | G10: 0 | H10: 0 | I10: 0 | J10: 0 | K10: 0 | L10: 0 | M10: 0 | N10: 0 | O10: 0 | P10: 0 | Q10: 0 | R10: 0 | S10: 0 | T10: 0
A11: 7 | B11: 07.03.2026 | D11: 0 | E11: 0 | F11: 133.375 | G11: 0 | H11: 0 | I11: 0 | J11: 0 | K11: 0 | L11: 0 | M11: 0 | N11: 0 | O11: 0 | P11: 0 | Q11: 0 | R11: 0 | S11: 0 | T11: 0
A12: 8 | B12: 08.03.2026 | D12: 0 | E12: 0 | F12: 133.375 | G12: 0 | H12: 0 | I12: 0 | J12: 0 | K12: 0 | L12: 0 | M12: 0 | N12: 0 | O12: 0 | P12: 0 | Q12: 0 | R12: 0 | S12: 0 | T12: 0
A13: 9 | B13: 09.03.2026 | D13: 0 | E13: 0 | F13: 133.375 | G13: 0 | H13: 0 | I13: 0 | J13: 0 | K13: 0 | L13: 0 | M13: 0 | N13: 0 | O13: 0 | P13: 0 | Q13: 0 | R13: 0 | S13: 0 | T13: 0
A14: 10 | B14: 10.03.2026 | D14: 0 | E14: 0 | F14: 133.375 | G14: 0 | H14: 0 | I14: 0 | J14: 0 | K14: 0 | L14: 0 | M14: 0 | N14: 0 | O14: 0 | P14: 0 | Q14: 0 | R14: 0 | S14: 0 | T14: 0
A15: 11 | B15: 11.03.2026 | D15: 0 | E15: 0 | F15: 133.375 | G15: 0 | H15: 0 | I15: 0 | J15: 0 | K15: 0 | L15: 0 | M15: 0 | N15: 0 | O15: 0 | P15: 0 | Q15: 0 | R15: 0 | S15: 0 | T15: 0
A16: 12 | B16: 12.03.2026 | D16: 88 | E16: 0 | F16: 221.375 | G16: 0 | H16: 0 | I16: 0 | J16: 0 | K16: 0 | L16: 0 | M16: 0 | N16: 0 | O16: 0 | P16: 0 | Q16: 0 | R16: 0 | S16: 0 | T16: 0
... A35: 31 | B35: 31.03.2026 | D35: 0 | E35: 0 | F35: 133.375 | G35: 0 | H35: 0 | I35: 0 | J35: 0 | K35: 0 | L35: 0 | M35: 0 | N35: 0 | O35: 0 | P35: 0 | Q35: 0 | R35: 0 | S35: 0 | T35: 0
D36: 198 | E36: 220 | F36: 6422.625 | G36: 0 | H36: 0 | I36: 0 | J36: 0 | K36: 0 | L36: 0 | M36: 38905.81 | N36: 55227.43 | O36: 73294.97 | P36: 19833.1 | Q36: 0 | R36: 0 | S36: 0 | T36: 187261.31
T37: 228458.8

Sheet Лист1 (2)
A2: Отчет по хранению товара за Март 2025 Баумана KPI
A3: № | B3: дата | D3: Выгрузка кол-во паллет | E3: Загрузка кол-во паллет | F3: Хранение | G3: Резервирование 6920 ГЕ | H3: Мин. Суточный резерв 600 | I3: переконсолидация (тонн) | J3: Паллетирование | K3: Ночная загруска выгрузка | L3: стоимость ночной загруски | M3: стоимость выгрузки | N3: стоимость загрузки | O3: стоимость хранения | P3: Стоимость резервирования | Q3: Стоимость мин.суточной бработки | R3: стоимость переконс. | S3: Стоимость паллетирования | T3: итого
F4: (кол-во паллет)
A5: 1 | B5: 01.03.2025 | D5: 0 | E5: 0 | F5: 75 | G5: 0 | H5: 0 | I5: 0 | J5: 0 | L5: 0 | M5: 0 | N5: 0 | O5: 1495.5 | P5: 0 | Q5: 0 | R5: 0 | S5: 0 | T5: 1495.5
A6: 2 | B6: 02.03.2025 | D6: 0 | E6: 15 | F6: 60 | G6: 0 | H6: 0 | I6: 0 | J6: 0 | L6: 0 | M6: 0 | N6: 2268.75 | O6: 1196.4 | P6: 0 | Q6: 0 | R6: 0 | S6: 0 | T6: 3465.15
A7: 3 | B7: 03.03.2025 | D7: 0 | E7: 0 | F7: 60 | G7: 0 | H7: 0 | I7: 0 | J7: 0 | L7: 0 | M7: 0 | N7: 0 | O7: 1196.4 | P7: 0 | Q7: 0 | R7: 0 | S7: 0 | T7: 1196.4
A8: 4 | B8: 04.03.2025 | D8: 0 | E8: 0 | F8: 60 | G8: 0 | H8: 0 | I8: 0 | J8: 0 | L8: 0 | M8: 0 | N8: 0 | O8: 1196.4 | P8: 0 | Q8: 0 | R8: 0 | S8: 0 | T8: 1196.4
A9: 5 | B9: 05.03.2025 | D9: 0 | E9: 15 | F9: 45 | G9: 0 | H9: 0 | I9: 0 | J9: 0 | L9: 0 | M9: 0 | N9: 2268.75 | O9: 897.3 | P9: 0 | Q9: 0 | R9: 0 | S9: 0 | T9: 3166.05
A10: 6 | B10: 06.03.2025 | D10: 0 | E10: 30 | F10: 15 | G10: 0 | H10: 0 | I10: 0 | J10: 0 | L10: 0 | M10: 0 | N10: 4537.5 | O10: 299.1 | P10: 0 | Q10: 0 | R10: 0 | S10: 0 | T10: 4836.6
A11: 7 | B11: 07.03.2025 | D11: 0 | E11: 15 | F11: 0 | G11: 0 | H11: 0 | I11: 0 | J11: 0 | L11: 0 | M11: 0 | N11: 2268.75 | O11: 0 | P11: 0 | Q11: 0 | R11: 0 | S11: 0 | T11: 2268.75
A12: 8 | B12: 08.03.2025 | D12: 0 | E12: 0 | F12: 0 | G12: 0 | H12: 0 | I12: 0 | J12: 0 | L12: 0 | M12: 0 | N12: 0 | O12: 0 | P12: 0 | Q12: 0 | R12: 0 | S12: 0 | T12: 0
A13: 9 | B13: 09.03.2025 | D13: 0 | E13: 0 | F13: 0 | G13: 0 | H13: 0 | I13: 0 | J13: 0 | L13: 0 | M13: 0 | N13: 0 | O13: 0 | P13: 0 | Q13: 0 | R13: 0 | S13: 0 | T13: 0
A14: 10 | B14: 10.03.2025 | D14: 0 | E14: 0 | F14: 0 | G14: 0 | H14: 0 | I14: 0 | J14: 0 | L14: 0 | M14: 0 | N14: 0 | O14: 0 | P14: 0 | Q14: 0 | R14: 0 | S14: 0 | T14: 0
A15: 11 | B15: 11.03.2025 | D15: 0 | E15: 0 | F15: 0 | G15: 0 | H15: 0 | I15: 0 | J15: 0 | L15: 0 | M15: 0 | N15: 0 | O15: 0 | P15: 0 | Q15: 0 | R15: 0 | S15: 0 | T15: 0
A16: 12 | B16: 12.03.2025 | D16: 0 | E16: 0 | F16: 0 | G16: 0 | H16: 0 | I16: 0 | J16: 0 | L16: 0 | M16: 0 | N16: 0 | O16: 0 | P16: 0 | Q16: 0 | R16: 0 | S16: 0 | T16: 0
... A35: 31 | B35: 31.03.2025 | D35: 0 | E35: 0 | F35: 0 | G35: 0 | H35: 0 | I35: 0 | J35: 0 | L35: 0 | M35: 0 | N35: 0 | O35: 0 | P35: 0 | Q35: 0 | R35: 0 | S35: 0 | T35: 0
D36: 0 | E36: 75 | F36: 315 | G36: 0 | H36: 0 | I36: 0 | J36: 0 | K36: 0 | L36: 0 | M36: 0 | N36: 11343.75 | O36: 6281.1 | P36: 0 | Q36: 0 | R36: 0 | S36: 0 | T36: 17624.85
T37: 21149.82

Sheet Лист1 (3)
A2: Отчет по хранению товара за Март 2025 Баумана Полимеры
A3: № | B3: дата | D3: Выгрузка кол-во паллет | E3: Загрузка кол-во паллет | F3: Хранение | G3: Резервирование 6920 ГЕ | H3: Мин. Суточный резерв 600 | I3: переконсолидация (тонн) | J3: Паллетирование | K3: Ночная загруска выгрузка | L3: стоимость ночной загруски | M3: стоимость выгрузки | N3: стоимость загрузки | O3: стоимость хранения | P3: Стоимость резервирования | Q3: Стоимость мин.суточной бработки | R3: стоимость переконс. | S3: Стоимость паллетирования | T3: итого
F4: (кол-во паллет)
A5: 1 | B5: 01.03.2025 | D5: 811 | E5: 91 | F5: 5923 | G5: 997 | H5: 0 | I5: 4.125 | J5: 4.125 | L5: 0 | M5: 122663.75 | N5: 13763.75 | O5: 118104.62 | P5: 19880.18 | Q5: 0 | R5: 3403.13 | S5: 495 | T5: 278310.43
A6: 2 | B6: 02.03.2025 | D6: 263 | E6: 45 | F6: 6141 | G6: 779 | H6: 292 | I6: 0 | J6: 0 | L6: 0 | M6: 39778.75 | N6: 6806.25 | O6: 122451.54 | P6: 15533.26 | Q6: 44165 | R6: 0 | S6: 0 | T6: 228734.8
A7: 3 | B7: 03.03.2025 | D7: 126 | E7: 46 | F7: 6221 | G7: 699 | H7: 428 | I7: 1.375 | J7: 1.375 | L7: 0 | M7: 19057.5 | N7: 6957.5 | O7: 124046.74 | P7: 13938.06 | Q7: 64735 | R7: 1134.38 | S7: 165 | T7: 230034.18
A8: 4 | B8: 04.03.2025 | D8: 285 | E8: 131 | F8: 6375 | G8: 545 | H8: 184 | I8: 0 | J8: 0 | L8: 0 | M8: 43106.25 | N8: 19813.75 | O8: 127117.5 | P8: 10867.3 | Q8: 27830 | R8: 0 | S8: 0 | T8: 228734.8
A9: 5 | B9: 05.03.2025 | D9: 352 | E9: 127 | F9: 6600 | G9: 320 | H9: 121 | I9: 1.375 | J9: 1.375 | L9: 0 | M9: 53240 | N9: 19208.75 | O9: 131604 | P9: 6380.8 | Q9: 18301.25 | R9: 1134.38 | S9: 165 | T9: 230034.18
A10: 6 | B10: 06.03.2025 | D10: 720 | E10: 112 | F10: 7208 | G10: 0 | H10: 0 | I10: 1.375 | J10: 1.375 | L10: 0 | M10: 108900 | N10: 16940 | O10: 143727.52 | P10: 0 | Q10: 0 | R10: 1134.38 | S10: 165 | T10: 270866.9
A11: 7 | B11: 07.03.2025 | D11: 334 | E11: 129 | F11: 7413 | G11: 0 | H11: 137 | I11: 0 | J11: 0 | L11: 0 | M11: 50517.5 | N11: 19511.25 | O11: 147815.22 | P11: 0 | Q11: 20721.25 | R11: 0 | S11: 0 | T11: 238565.22
A12: 8 | B12: 08.03.2025 | D12: 561 | E12: 63 | F12: 7911 | G12: 0 | H12: 0 | I12: 0 | J12: 0 | L12: 0 | M12: 84851.25 | N12: 9528.75 | O12: 157745.34 | P12: 0 | Q12: 0 | R12: 0 | S12: 0 | T12: 252125.34
A13: 9 | B13: 09.03.2025 | D13: 275 | E13: 80 | F13: 8106 | G13: 0 | H13: 245 | I13: 0 | J13: 0 | L13: 0 | M13: 41593.75 | N13: 12100 | O13: 161633.64 | P13: 0 | Q13: 37056.25 | R13: 0 | S13: 0 | T13: 252383.64
A14: 10 | B14: 10.03.2025 | D14: 551 | E14: 154 | F14: 8503 | G14: 0 | H14: 0 | I14: 0 | J14: 0 | L14: 0 | M14: 83338.75 | N14: 23292.5 | O14: 169549.82 | P14: 0 | Q14: 0 | R14: 0 | S14: 0 | T14: 276181.07
A15: 11 | B15: 11.03.2025 | D15: 368 | E15: 146 | F15: 8725 | G15: 0 | H15: 86 | I15: 0 | J15: 0 | L15: 0 | M15: 55660 | N15: 22082.5 | O15: 173976.5 | P15: 0 | Q15: 13007.5 | R15: 0 | S15: 0 | T15: 264726.5
A16: 12 | B16: 12.03.2025 | D16: 496 | E16: 160 | F16: 9061 | G16: 0 | H16: 0 | I16: 0 | J16: 0 | L16: 0 | M16: 75020 | N16: 24200 | O16: 180676.34 | P16: 0 | Q16: 0 | R16: 0 | S16: 0 | T16: 279896.34
... A35: 31 | B35: 31.03.2025 | D35: 48 | E35: 372 | F35: 8577 | G35: 0 | H35: 180 | I35: 0 | J35: 0 | L35: 0 | M35: 7260 | N35: 56265 | O35: 171025.38 | P35: 0 | Q35: 27225 | R35: 0 | S35: 0 | T35: 261775.38
D36: 8842 | E36: 5468 | F36: 270405 | G36: 3340 | H36: 5161 | I36: 27.5 | J36: 27.5 | K36: 0 | L36: 0 | M36: 1337352.5 | N36: 827035 | O36: 5391875.7 | P36: 66599.6 | Q36: 780601.25 | R36: 22687.5 | S36: 3300 | T36: 8429451.6
T37: 10115342

Sheet Лист1 (4)
A2: Отчет по хранению товара за Март 2025 Баумана_тонны Полимеры
A3: № | B3: дата | D3: Выгрузка кол-во паллет | E3: Загрузка кол-во паллет | F3: Хранение | G3: Резервирование 6920 ГЕ | H3: Мин. Суточный резерв 600 | I3: переконсолидация (тонн) | J3: Паллетирование | K3: Ночная загруска выгрузка | L3: стоимость ночной загруски | M3: стоимость выгрузки | N3: стоимость загрузки | O3: стоимость хранения | P3: Стоимость резервирования | Q3: Стоимость мин.суточной бработки | R3: стоимость переконс. | S3: Стоимость паллетирования | T3: итого
F4: (кол-во паллет)
A5: 1 | B5: 01.03.2025 | D5: 1118.75 | E5: 126.486 | F5: 8122.465 | G5: 0 | H5: 0 | I5: 4.125 | J5: 4.125 | L5: 0 | M5: 123062.5 | N5: 13913.46 | O5: 117775.74 | P5: 0 | Q5: 0 | R5: 3403.13 | S5: 495 | T5: 258649.83
A6: 2 | B6: 02.03.2025 | D6: 361.625 | E6: 61.875 | F6: 8422.215 | G6: 0 | H6: 176.5 | I6: 0 | J6: 0 | L6: 0 | M6: 39778.75 | N6: 6806.25 | O6: 122122.12 | P6: 0 | Q6: 19415 | R6: 0 | S6: 0 | T6: 188122.12
A7: 3 | B7: 03.03.2025 | D7: 173.25 | E7: 63.25 | F7: 8532.215 | G7: 0 | H7: 363.5 | I7: 1.375 | J7: 1.375 | L7: 0 | M7: 19057.5 | N7: 6957.5 | O7: 123717.12 | P7: 0 | Q7: 39985 | R7: 1134.38 | S7: 165 | T7: 191016.49
A8: 4 | B8: 04.03.2025 | D8: 391.875 | E8: 180.15 | F8: 8745.315 | G8: 0 | H8: 27.975 | I8: 0 | J8: 0 | L8: 0 | M8: 43106.25 | N8: 19816.5 | O8: 126807.07 | P8: 0 | Q8: 3077.25 | R8: 0 | S8: 0 | T8: 192807.07
A9: 5 | B9: 05.03.2025 | D9: 484 | E9: 174.625 | F9: 9054.69 | G9: 0 | H9: 0 | I9: 1.375 | J9: 1.375 | L9: 0 | M9: 53240 | N9: 19208.75 | O9: 131293.01 | P9: 0 | Q9: 0 | R9: 1134.38 | S9: 165 | T9: 205041.13
A10: 6 | B10: 06.03.2025 | D10: 990 | E10: 154.625 | F10: 9890.065 | G10: 0 | H10: 0 | I10: 1.375 | J10: 1.375 | L10: 0 | M10: 108900 | N10: 17008.75 | O10: 143405.94 | P10: 0 | Q10: 0 | R10: 1134.38 | S10: 165 | T10: 270614.07
A11: 7 | B11: 07.03.2025 | D11: 459.35 | E11: 177.375 | F11: 10172.04 | G11: 0 | H11: 0 | I11: 0 | J11: 0 | L11: 0 | M11: 50528.5 | N11: 19511.25 | O11: 147494.58 | P11: 0 | Q11: 0 | R11: 0 | S11: 0 | T11: 217534.33
A12: 8 | B12: 08.03.2025 | D12: 766.625 | E12: 86.625 | F12: 10852.04 | G12: 0 | H12: 0 | I12: 0 | J12: 0 | L12: 0 | M12: 84328.75 | N12: 9528.75 | O12: 157354.58 | P12: 0 | Q12: 0 | R12: 0 | S12: 0 | T12: 251212.08
A13: 9 | B13: 09.03.2025 | D13: 373.375 | E13: 110 | F13: 11115.415 | G13: 0 | H13: 116.625 | I13: 0 | J13: 0 | L13: 0 | M13: 41071.25 | N13: 12100 | O13: 161173.52 | P13: 0 | Q13: 12828.75 | R13: 0 | S13: 0 | T13: 227173.52
A14: 10 | B14: 10.03.2025 | D14: 743.375 | E14: 210.75 | F14: 11648.04 | G14: 0 | H14: 0 | I14: 0 | J14: 0 | L14: 0 | M14: 81771.25 | N14: 23182.5 | O14: 168896.58 | P14: 0 | Q14: 0 | R14: 0 | S14: 0 | T14: 273850.33
A15: 11 | B15: 11.03.2025 | D15: 506 | E15: 202.5 | F15: 11951.54 | G15: 0 | H15: 0 | I15: 0 | J15: 0 | L15: 0 | M15: 55660 | N15: 22275 | O15: 173297.33 | P15: 0 | Q15: 0 | R15: 0 | S15: 0 | T15: 251232.33
A16: 12 | B16: 12.03.2025 | D16: 682 | E16: 219.975 | F16: 12413.565 | G16: 0 | H16: 0 | I16: 0 | J16: 0 | L16: 0 | M16: 75020 | N16: 24197.25 | O16: 179996.69 | P16: 0 | Q16: 0 | R16: 0 | S16: 0 | T16: 279213.94
... A35: 31 | B35: 31.03.2025 | D35: 66 | E35: 506.75 | F35: 11705.815 | G35: 0 | H35: 27.25 | I35: 0 | J35: 0 | L35: 0 | M35: 7260 | N35: 55742.5 | O35: 169734.32 | P35: 0 | Q35: 2997.5 | R35: 0 | S35: 0 | T35: 235734.32
D36: 12075.95 | E36: 7501.711 | F36: 369768.99 | G36: 0 | H36: 2348.125 | I36: 27.5 | J36: 27.5 | K36: 0 | L36: 0 | M36: 1328354.5 | N36: 825188.21 | O36: 5361650.4 | P36: 0 | Q36: 258293.75 | R36: 22687.5 | S36: 3300 | T36: 7799474.3
T37: 9359369.2

Sheet Лист1 (5)
A2: Отчет по хранению товара за Март 2025 Баумана Полиом
A3: № | B3: дата | D3: Выгрузка кол-во паллет | E3: Загрузка кол-во паллет | F3: Хранение | G3: Резервирование 6920 ГЕ | H3: Мин. Суточный резерв 600 | I3: переконсолидация (тонн) | J3: Паллетирование | K3: Ночная загруска выгрузка | L3: стоимость ночной загруски | M3: стоимость выгрузки | N3: стоимость загрузки | O3: стоимость хранения | P3: Стоимость резервирования | Q3: Стоимость мин.суточной бработки | R3: стоимость переконс. | S3: Стоимость паллетирования | T3: итого
F4: (кол-во паллет)
A5: 1 | B5: 01.03.2025 | D5: 0 | E5: 0 | F5: 46 | G5: 0 | H5: 0 | I5: 0 | J5: 0 | L5: 0 | M5: 0 | N5: 0 | O5: 917.24 | P5: 0 | Q5: 0 | R5: 0 | S5: 0 | T5: 917.24
A6: 2 | B6: 02.03.2025 | D6: 0 | E6: 0 | F6: 46 | G6: 0 | H6: 0 | I6: 0 | J6: 0 | L6: 0 | M6: 0 | N6: 0 | O6: 917.24 | P6: 0 | Q6: 0 | R6: 0 | S6: 0 | T6: 917.24
A7: 3 | B7: 03.03.2025 | D7: 0 | E7: 0 | F7: 46 | G7: 0 | H7: 0 | I7: 0 | J7: 0 | L7: 0 | M7: 0 | N7: 0 | O7: 917.24 | P7: 0 | Q7: 0 | R7: 0 | S7: 0 | T7: 917.24
A8: 4 | B8: 04.03.2025 | D8: 0 | E8: 0 | F8: 46 | G8: 0 | H8: 0 | I8: 0 | J8: 0 | L8: 0 | M8: 0 | N8: 0 | O8: 917.24 | P8: 0 | Q8: 0 | R8: 0 | S8: 0 | T8: 917.24
A9: 5 | B9: 05.03.2025 | D9: 0 | E9: 0 | F9: 46 | G9: 0 | H9: 0 | I9: 0 | J9: 0 | L9: 0 | M9: 0 | N9: 0 | O9: 917.24 | P9: 0 | Q9: 0 | R9: 0 | S9: 0 | T9: 917.24
A10: 6 | B10: 06.03.2025 | D10: 0 | E10: 0 | F10: 46 | G10: 0 | H10: 0 | I10: 0 | J10: 0 | L10: 0 | M10: 0 | N10: 0 | O10: 917.24 | P10: 0 | Q10: 0 | R10: 0 | S10: 0 | T10: 917.24
A11: 7 | B11: 07.03.2025 | D11: 0 | E11: 0 | F11: 46 | G11: 0 | H11: 0 | I11: 0 | J11: 0 | L11: 0 | M11: 0 | N11: 0 | O11: 917.24 | P11: 0 | Q11: 0 | R11: 0 | S11: 0 | T11: 917.24
A12: 8 | B12: 08.03.2025 | D12: 0 | E12: 0 | F12: 46 | G12: 0 | H12: 0 | I12: 0 | J12: 0 | L12: 0 | M12: 0 | N12: 0 | O12: 917.24 | P12: 0 | Q12: 0 | R12: 0 | S12: 0 | T12: 917.24
A13: 9 | B13: 09.03.2025 | D13: 0 | E13: 0 | F13: 46 | G13: 0 | H13: 0 | I13: 0 | J13: 0 | L13: 0 | M13: 0 | N13: 0 | O13: 917.24 | P13: 0 | Q13: 0 | R13: 0 | S13: 0 | T13: 917.24
A14: 10 | B14: 10.03.2025 | D14: 0 | E14: 0 | F14: 46 | G14: 0 | H14: 0 | I14: 0 | J14: 0 | L14: 0 | M14: 0 | N14: 0 | O14: 917.24 | P14: 0 | Q14: 0 | R14: 0 | S14: 0 | T14: 917.24
A15: 11 | B15: 11.03.2025 | D15: 0 | E15: 0 | F15: 46 | G15: 0 | H15: 0 | I15: 0 | J15: 0 | L15: 0 | M15: 0 | N15: 0 | O15: 917.24 | P15: 0 | Q15: 0 | R15: 0 | S15: 0 | T15: 917.24
A16: 12 | B16: 12.03.2025 | D16: 0 | E16: 0 | F16: 46 | G16: 0 | H16: 0 | I16: 0 | J16: 0 | L16: 0 | M16: 0 | N16: 0 | O16: 917.24 | P16: 0 | Q16: 0 | R16: 0 | S16: 0 | T16: 917.24
... A35: 31 | B35: 31.03.2025 | D35: 0 | E35: 0 | F35: 31 | G35: 0 | H35: 0 | I35: 0 | J35: 0 | L35: 0 | M35: 0 | N35: 0 | O35: 618.14 | P35: 0 | Q35: 0 | R35: 0 | S35: 0 | T35: 618.14
D36: 0 | E36: 15 | F36: 1246 | G36: 0 | H36: 0 | I36: 0 | J36: 0 | K36: 0 | L36: 0 | M36: 0 | N36: 2268.75 | O36: 24845.24 | P36: 0 | Q36: 0 | R36: 0 | S36: 0 | T36: 27113.99
T37: 32536.79

Sheet Екатеринбург KPI
A2: Отчет по хранению товара за Март 2026 Екатеринбург KPI
A3: № | B3: дата | D3: Выгрузка кол-во | E3: Загрузка кол-во | F3: Хранение | G3: Резервирование 10 500 т | H3: Мин. Суточный резерв 1000 т | I3: переконсолидация (тонн) | J3: Паллетирование | K3: Взвешивание | L3: стоимость взвешивания | M3: стоимость выгрузки за 1 месяц | N3: стоимость загрузки за 1 месяц | O3: стоимость хранения | P3: Стоимость резерва хранения | Q3: стоимость резерва ПРР | R3: стоимость переконс. | S3: Стоимость паллетирования | T3: итого
A5: 1 | B5: 01.03.2026 | D5: 0 | E5: 0 | F5: 3.85 | G5: 0 | H5: 0 | I5: 0 | J5: 0 | K5: 0 | L5: 0 | M5: 0 | N5: 0 | O5: 61.87 | P5: 0 | Q5: 0 | R5: 0 | S5: 0 | T5: 61.87
A6: 2 | B6: 02.03.2026 | D6: 0 | E6: 0 | F6: 3.85 | G6: 0 | H6: 0 | I6: 0 | J6: 0 | K6: 0 | L6: 0 | M6: 0 | N6: 0 | O6: 61.87 | P6: 0 | Q6: 0 | R6: 0 | S6: 0 | T6: 61.87
A7: 3 | B7: 03.03.2026 | D7: 0 | E7: 0 | F7: 3.85 | G7: 0 | H7: 0 | I7: 0 | J7: 0 | K7: 0 | L7: 0 | M7: 0 | N7: 0 | O7: 61.87 | P7: 0 | Q7: 0 | R7: 0 | S7: 0 | T7: 61.87
A8: 4 | B8: 04.03.2026 | D8: 0 | E8: 0 | F8: 3.85 | G8: 0 | H8: 0 | I8: 0 | J8: 0 | K8: 0 | L8: 0 | M8: 0 | N8: 0 | O8: 61.87 | P8: 0 | Q8: 0 | R8: 0 | S8: 0 | T8: 61.87
A9: 5 | B9: 05.03.2026 | D9: 0 | E9: 0 | F9: 3.85 | G9: 0 | H9: 0 | I9: 0 | J9: 0 | K9: 0 | L9: 0 | M9: 0 | N9: 0 | O9: 61.87 | P9: 0 | Q9: 0 | R9: 0 | S9: 0 | T9: 61.87
A10: 6 | B10: 06.03.2026 | D10: 0 | E10: 0 | F10: 3.85 | G10: 0 | H10: 0 | I10: 0 | J10: 0 | K10: 0 | L10: 0 | M10: 0 | N10: 0 | O10: 61.87 | P10: 0 | Q10: 0 | R10: 0 | S10: 0 | T10: 61.87
A11: 7 | B11: 07.03.2026 | D11: 0 | E11: 0 | F11: 3.85 | G11: 0 | H11: 0 | I11: 0 | J11: 0 | K11: 0 | L11: 0 | M11: 0 | N11: 0 | O11: 61.87 | P11: 0 | Q11: 0 | R11: 0 | S11: 0 | T11: 61.87
A12: 8 | B12: 08.03.2026 | D12: 0 | E12: 0 | F12: 3.85 | G12: 0 | H12: 0 | I12: 0 | J12: 0 | K12: 0 | L12: 0 | M12: 0 | N12: 0 | O12: 61.87 | P12: 0 | Q12: 0 | R12: 0 | S12: 0 | T12: 61.87
A13: 9 | B13: 09.03.2026 | D13: 0 | E13: 0 | F13: 3.85 | G13: 0 | H13: 0 | I13: 0 | J13: 0 | K13: 0 | L13: 0 | M13: 0 | N13: 0 | O13: 61.87 | P13: 0 | Q13: 0 | R13: 0 | S13: 0 | T13: 61.87
A14: 10 | B14: 10.03.2026 | D14: 0 | E14: 0 | F14: 3.85 | G14: 0 | H14: 0 | I14: 0 | J14: 0 | K14: 0 | L14: 0 | M14: 0 | N14: 0 | O14: 61.87 | P14: 0 | Q14: 0 | R14: 0 | S14: 0 | T14: 61.87
A15: 11 | B15: 11.03.2026 | D15: 0 | E15: 0 | F15: 3.85 | G15: 0 | H15: 0 | I15: 0 | J15: 0 | K15: 0 | L15: 0 | M15: 0 | N15: 0 | O15: 61.87 | P15: 0 | Q15: 0 | R15: 0 | S15: 0 | T15: 61.87
A16: 12 | B16: 12.03.2026 | D16: 0 | E16: 0 | F16: 3.85 | G16: 0 | H16: 0 | I16: 0 | J16: 0 | K16: 0 | L16: 0 | M16: 0 | N16: 0 | O16: 61.87 | P16: 0 | Q16: 0 | R16: 0 | S16: 0 | T16: 61.87
... A35: 31 | B35: 31.03.2026 | D35: 0 | E35: 0 | F35: 3.85 | G35: 0 | H35: 0 | I35: 0 | J35: 0 | K35: 0 | L35: 0 | M35: 0 | N35: 0 | O35: 61.87 | P35: 0 | Q35: 0 | R35: 0 | S35: 0 | T35: 61.87
D36: 0 | E36: 0 | F36: 119.35 | G36: 0 | H36: 0 | I36: 0 | J36: 0 | K36: 0 | L36: 0 | M36: 0 | N36: 0 | O36: 1917.95 | P36: 0 | Q36: 0 | R36: 0 | S36: 0 | T36: 1917.95
T37: 2339.9

Sheet Екатеринбург Полимеры
A2: Отчет по хранению товара за Март 2026 Екатеринбург Полимеры
A3: № | B3: дата | D3: Выгрузка кол-во | E3: Загрузка кол-во | F3: Хранение | G3: Резервирование 10 500 т | H3: Мин. Суточный резерв 1000 т | I3: переконсолидация (тонн) | J3: Паллетирование | K3: Взвешивание | L3: стоимость взвешивания | M3: стоимость выгрузки за 1 месяц | N3: стоимость загрузки за 1 месяц | O3: стоимость хранения | P3: Стоимость резерва хранения | Q3: стоимость резерва ПРР | R3: стоимость переконс. | S3: Стоимость паллетирования | T3: итого
A5: 1 | B5: 01.03.2026 | D5: 22.5 | E5: 264.5 | F5: 9655.775 | G5: 844.225 | H5: 713 | I5: 0 | J5: 0 | K5: 0 | L5: 0 | M5: 2137.5 | N5: 25127.5 | O5: 155168.3 | P5: 13566.7 | Q5: 67735 | R5: 0 | S5: 0 | T5: 263735
A6: 2 | B6: 02.03.2026 | D6: 696.997 | E6: 200.5 | F6: 10152.272 | G6: 347.728 | H6: 102.503 | I6: 1.475 | J6: 1.475 | K6: 0.022 | L6: 3.3 | M6: 66214.72 | N6: 19047.5 | O6: 163147.01 | P6: 5587.99 | Q6: 9737.79 | R6: 1475 | S6: 295 | T6: 265508.3
A7: 3 | B7: 03.03.2026 | D7: 584.98 | E7: 246.5 | F7: 10490.752 | G7: 9.248 | H7: 168.52 | I7: 1.475 | J7: 1.475 | K7: 0.005 | L7: 0.75 | M7: 55573.1 | N7: 23417.5 | O7: 168586.38 | P7: 148.62 | Q7: 16009.4 | R7: 1475 | S7: 295 | T7: 265505.75
A8: 4 | B8: 04.03.2026 | D8: 562 | E8: 178.5 | F8: 10874.252 | G8: 0 | H8: 259.5 | I8: 0 | J8: 0 | K8: 0 | L8: 0 | M8: 53390 | N8: 16957.5 | O8: 174749.23 | P8: 0 | Q8: 24652.5 | R8: 0 | S8: 0 | T8: 269749.23
A9: 5 | B9: 05.03.2026 | D9: 315 | E9: 605.5 | F9: 10583.752 | G9: 0 | H9: 79.5 | I9: 0 | J9: 0 | K9: 0 | L9: 0 | M9: 29925 | N9: 57522.5 | O9: 170080.89 | P9: 0 | Q9: 7552.5 | R9: 0 | S9: 0 | T9: 265080.89
A10: 6 | B10: 06.03.2026 | D10: 786.463 | E10: 447 | F10: 10923.215 | G10: 0 | H10: 0 | I10: 5.85 | J10: 5.85 | K10: 0.113 | L10: 16.95 | M10: 74713.99 | N10: 42465 | O10: 175536.07 | P10: 0 | Q10: 0 | R10: 5850 | S10: 1170 | T10: 299752
A11: 7 | B11: 07.03.2026 | D11: 852.98 | E11: 467.5 | F11: 11308.695 | G11: 0 | H11: 0 | I11: 2.95 | J11: 2.95 | K11: 0.03 | L11: 4.5 | M11: 81033.1 | N11: 44412.5 | O11: 181730.73 | P11: 0 | Q11: 0 | R11: 2950 | S11: 590 | T11: 310720.83
A12: 8 | B12: 08.03.2026 | D12: 269 | E12: 445.625 | F12: 11132.07 | G12: 0 | H12: 285.375 | I12: 0 | J12: 0 | K12: 0 | L12: 0 | M12: 25555 | N12: 42334.38 | O12: 178892.36 | P12: 0 | Q12: 27110.63 | R12: 0 | S12: 0 | T12: 273892.36
A13: 9 | B13: 09.03.2026 | D13: 492.5 | E13: 404 | F13: 11220.57 | G13: 0 | H13: 103.5 | I13: 0 | J13: 0 | K13: 0 | L13: 0 | M13: 46787.5 | N13: 38380 | O13: 180314.56 | P13: 0 | Q13: 9832.5 | R13: 0 | S13: 0 | T13: 275314.56
A14: 10 | B14: 10.03.2026 | D14: 448.49 | E14: 344.25 | F14: 11324.81 | G14: 0 | H14: 207.26 | I14: 1.45 | J14: 1.45 | K14: 0.04 | L14: 6 | M14: 42606.55 | N14: 32703.75 | O14: 181989.7 | P14: 0 | Q14: 19689.7 | R14: 1450 | S14: 290 | T14: 278735.7
A15: 11 | B15: 11.03.2026 | D15: 962.375 | E15: 246.5 | F15: 12040.685 | G15: 0 | H15: 0 | I15: 0 | J15: 0 | K15: 0 | L15: 0 | M15: 91425.63 | N15: 23417.5 | O15: 193493.81 | P15: 0 | Q15: 0 | R15: 0 | S15: 0 | T15: 308336.93
A16: 12 | B16: 12.03.2026 | D16: 784.475 | E16: 154.125 | F16: 12671.035 | G16: 0 | H16: 61.4 | I16: 1.475 | J16: 1.475 | K16: 0 | L16: 0 | M16: 74525.13 | N16: 14641.88 | O16: 203623.53 | P16: 0 | Q16: 5833 | R16: 1475 | S16: 295 | T16: 300393.53
... A35: 31 | B35: 31.03.2026 | D35: 224.5 | E35: 474.5 | F35: 6655.861 | G35: 3844.139 | H35: 301 | I35: 0 | J35: 0 | K35: 0 | L35: 0 | M35: 21327.5 | N35: 45077.5 | O35: 106959.69 | P35: 61775.31 | Q35: 28595 | R35: 0 | S35: 0 | T35: 263735
D36: 11423.161 | E36: 14665.075 | F36: 340044.84 | G36: 18811.982 | H36: 6581.58 | I36: 33.45 | J36: 33.45 | K36: 0.436 | L36: 65.4 | M36: 1085200.3 | N36: 1393182.1 | O36: 5464520.5 | P36: 302308.55 | Q36: 625250.1 | R36: 33450 | S36: 6690 | T36: 8910667
T37: 10871014

Sheet Екатеринбург Полиом
A2: Отчет по хранению товара за Март 2026 Екатеринбург Полиом
A3: № | B3: дата | D3: Выгрузка кол-во | E3: Загрузка кол-во | F3: Хранение | G3: Резервирование 10 500 т | H3: Мин. Суточный резерв 1000 т | I3: переконсолидация (тонн) | J3: Паллетирование | K3: Взвешивание | L3: стоимость взвешивания | M3: стоимость выгрузки за 1 месяц | N3: стоимость загрузки за 1 месяц | O3: стоимость хранения | P3: Стоимость резерва хранения | Q3: стоимость резерва ПРР | R3: стоимость переконс. | S3: Стоимость паллетирования | T3: итого
A5: 1 | B5: 01.03.2026 | D5: 0 | E5: 0 | F5: 360.945 | G5: 0 | H5: 0 | I5: 0 | J5: 0 | K5: 0 | L5: 0 | M5: 0 | N5: 0 | O5: 5800.39 | P5: 0 | Q5: 0 | R5: 0 | S5: 0 | T5: 5800.39
A6: 2 | B6: 02.03.2026 | D6: 44 | E6: 0 | F6: 404.945 | G6: 0 | H6: 0 | I6: 0 | J6: 0 | K6: 0 | L6: 0 | M6: 4180 | N6: 0 | O6: 6507.47 | P6: 0 | Q6: 0 | R6: 0 | S6: 0 | T6: 10687.47
A7: 3 | B7: 03.03.2026 | D7: 66 | E7: 0 | F7: 470.945 | G7: 0 | H7: 0 | I7: 0 | J7: 0 | K7: 0 | L7: 0 | M7: 6270 | N7: 0 | O7: 7568.09 | P7: 0 | Q7: 0 | R7: 0 | S7: 0 | T7: 13838.09
A8: 4 | B8: 04.03.2026 | D8: 0 | E8: 0 | F8: 470.945 | G8: 0 | H8: 0 | I8: 0 | J8: 0 | K8: 0 | L8: 0 | M8: 0 | N8: 0 | O8: 7568.09 | P8: 0 | Q8: 0 | R8: 0 | S8: 0 | T8: 7568.09
A9: 5 | B9: 05.03.2026 | D9: 0 | E9: 9.625 | F9: 461.32 | G9: 0 | H9: 0 | I9: 0 | J9: 0 | K9: 0 | L9: 0 | M9: 0 | N9: 914.38 | O9: 7413.41 | P9: 0 | Q9: 0 | R9: 0 | S9: 0 | T9: 8327.79
A10: 6 | B10: 06.03.2026 | D10: 22 | E10: 22 | F10: 461.32 | G10: 0 | H10: 0 | I10: 0 | J10: 0 | K10: 0 | L10: 0 | M10: 2090 | N10: 2090 | O10: 7413.41 | P10: 0 | Q10: 0 | R10: 0 | S10: 0 | T10: 11593.41
A11: 7 | B11: 07.03.2026 | D11: 418 | E11: 0 | F11: 879.32 | G11: 0 | H11: 0 | I11: 0 | J11: 0 | K11: 0 | L11: 0 | M11: 39710 | N11: 0 | O11: 14130.67 | P11: 0 | Q11: 0 | R11: 0 | S11: 0 | T11: 53840.67
A12: 8 | B12: 08.03.2026 | D12: 0 | E12: 22 | F12: 857.32 | G12: 0 | H12: 0 | I12: 0 | J12: 0 | K12: 0 | L12: 0 | M12: 0 | N12: 2090 | O12: 13777.13 | P12: 0 | Q12: 0 | R12: 0 | S12: 0 | T12: 15867.13
A13: 9 | B13: 09.03.2026 | D13: 0 | E13: 44 | F13: 813.32 | G13: 0 | H13: 0 | I13: 0 | J13: 0 | K13: 0 | L13: 0 | M13: 0 | N13: 4180 | O13: 13070.05 | P13: 0 | Q13: 0 | R13: 0 | S13: 0 | T13: 17250.05
A14: 10 | B14: 10.03.2026 | D14: 0 | E14: 49 | F14: 764.32 | G14: 0 | H14: 0 | I14: 0 | J14: 0 | K14: 0 | L14: 0 | M14: 0 | N14: 4655 | O14: 12282.62 | P14: 0 | Q14: 0 | R14: 0 | S14: 0 | T14: 16937.62
A15: 11 | B15: 11.03.2026 | D15: 88 | E15: 0 | F15: 852.32 | G15: 0 | H15: 0 | I15: 0 | J15: 0 | K15: 0 | L15: 0 | M15: 8360 | N15: 0 | O15: 13696.78 | P15: 0 | Q15: 0 | R15: 0 | S15: 0 | T15: 22056.78
A16: 12 | B16: 12.03.2026 | D16: 22 | E16: 0 | F16: 874.32 | G16: 0 | H16: 0 | I16: 0 | J16: 0 | K16: 0 | L16: 0 | M16: 2090 | N16: 0 | O16: 14050.32 | P16: 0 | Q16: 0 | R16: 0 | S16: 0 | T16: 16140.32
... A35: 31 | B35: 31.03.2026 | D35: 0 | E35: 0 | F35: 632.32 | G35: 0 | H35: 0 | I35: 0 | J35: 0 | K35: 0 | L35: 0 | M35: 0 | N35: 0 | O35: 10161.38 | P35: 0 | Q35: 0 | R35: 0 | S35: 0 | T35: 10161.38
D36: 682 | E36: 410.625 | F36: 21313.42 | G36: 0 | H36: 0 | I36: 0 | J36: 0 | K36: 0 | L36: 0 | M36: 64790 | N36: 39009.38 | O36: 342506.66 | P36: 0 | Q36: 0 | R36: 0 | S36: 0 | T36: 446306.03
T37: 544493.36

Sheet Екатеринбург НПЭГ
A2: Отчет по хранению товара за Март 2026 Екатеринбург НПЭГ НПЭГ
A3: № | B3: дата | D3: Выгрузка кол-во | E3: Загрузка кол-во | F3: Хранение | G3: Резервирование 10500 ГЕ | H3: Мин. Суточный резерв 1000 | I3: переконсолидация (тонн) | J3: Паллетирование | K3: Взвешивание | L3: стоимость взвешивания | M3: стоимость выгрузки | N3: стоимость загрузки | O3: стоимость хранения | P3: Стоимость резервирования | Q3: Стоимость мин.суточной бработки | R3: стоимость переконс. | S3: Стоимость паллетирования | T3: итого
A5: 1 | B5: 01.03.2026 | D5: 0 | E5: 0 | F5: 177.394 | L5: 0 | M5: 0 | N5: 0 | O5: 2850.72 | P5: 0 | Q5: 0 | R5: 0 | S5: 0 | T5: 2850.72
A6: 2 | B6: 02.03.2026 | D6: 0 | E6: 0 | F6: 177.394 | L6: 0 | M6: 0 | N6: 0 | O6: 2850.72 | P6: 0 | Q6: 0 | R6: 0 | S6: 0 | T6: 2850.72
A7: 3 | B7: 03.03.2026 | D7: 0 | E7: 0 | F7: 177.394 | L7: 0 | M7: 0 | N7: 0 | O7: 2850.72 | P7: 0 | Q7: 0 | R7: 0 | S7: 0 | T7: 2850.72
A8: 4 | B8: 04.03.2026 | D8: 0 | E8: 0 | F8: 177.394 | L8: 0 | M8: 0 | N8: 0 | O8: 2850.72 | P8: 0 | Q8: 0 | R8: 0 | S8: 0 | T8: 2850.72
A9: 5 | B9: 05.03.2026 | D9: 0 | E9: 0 | F9: 177.394 | L9: 0 | M9: 0 | N9: 0 | O9: 2850.72 | P9: 0 | Q9: 0 | R9: 0 | S9: 0 | T9: 2850.72
A10: 6 | B10: 06.03.2026 | D10: 0 | E10: 0 | F10: 177.394 | L10: 0 | M10: 0 | N10: 0 | O10: 2850.72 | P10: 0 | Q10: 0 | R10: 0 | S10: 0 | T10: 2850.72
A11: 7 | B11: 07.03.2026 | D11: 0 | E11: 0 | F11: 177.394 | L11: 0 | M11: 0 | N11: 0 | O11: 2850.72 | P11: 0 | Q11: 0 | R11: 0 | S11: 0 | T11: 2850.72
A12: 8 | B12: 08.03.2026 | D12: 0 | E12: 0 | F12: 177.394 | L12: 0 | M12: 0 | N12: 0 | O12: 2850.72 | P12: 0 | Q12: 0 | R12: 0 | S12: 0 | T12: 2850.72
A13: 9 | B13: 09.03.2026 | D13: 0 | E13: 0 | F13: 177.394 | L13: 0 | M13: 0 | N13: 0 | O13: 2850.72 | P13: 0 | Q13: 0 | R13: 0 | S13: 0 | T13: 2850.72
A14: 10 | B14: 10.03.2026 | D14: 0 | E14: 0 | F14: 177.394 | L14: 0 | M14: 0 | N14: 0 | O14: 2850.72 | P14: 0 | Q14: 0 | R14: 0 | S14: 0 | T14: 2850.72
A15: 11 | B15: 11.03.2026 | D15: 0 | E15: 0 | F15: 177.394 | L15: 0 | M15: 0 | N15: 0 | O15: 2850.72 | P15: 0 | Q15: 0 | R15: 0 | S15: 0 | T15: 2850.72
A16: 12 | B16: 12.03.2026 | D16: 0 | E16: 0 | F16: 177.394 | L16: 0 | M16: 0 | N16: 0 | O16: 2850.72 | P16: 0 | Q16: 0 | R16: 0 | S16: 0 | T16: 2850.72
... A35: 31 | B35: 31.03.2026 | D35: 0 | E35: 32 | F35: 97.394 | L35: 0 | M35: 0 | N35: 4800 | O35: 1565.12 | P35: 0 | Q35: 0 | R35: 0 | S35: 0 | T35: 6365.12
D36: 0 | E36: 80 | F36: 5339.214 | G36: 0 | H36: 0 | I36: 0 | J36: 0 | K36: 0 | L36: 0 | M36: 0 | N36: 12000 | O36: 85801.17 | P36: 0 | Q36: 0 | R36: 0 | S36: 0 | T36: 97801.17
T37: 119317.43

Sheet Зеленодольск KPI
A2: Отчет по хранению товара за Март 2026 Зеленодольск KPI
A3: № | B3: дата | D3: Выгрузка кол-во | E3: Загрузка кол-во | F3: Хранение | G3: Резервирование 0 | H3: Мин. Суточный резерв 0 | I3: переконсолидация (тонн) | J3: Паллетирование | K3: Взвешивание | L3: стоимость взвешивания | M3: стоимость выгрузки за 1 месяц | N3: стоимость загрузки за 1 месяц | O3: стоимость хранения за 1 месяц | P3: Доплата за хранение за 1 месяц | Q3: Доплата за ПРР за 1 месяц | R3: стоимость переконс. | S3: Стоимость паллетирования | T3: итого
A5: 1 | B5: 01.03.2026 | D5: 0 | E5: 0 | F5: 0 | G5: 0 | H5: 0 | I5: 0 | J5: 0 | K5: 0 | L5: 0 | M5: 0 | N5: 0 | O5: 0 | P5: 0 | Q5: 0 | R5: 0 | S5: 0 | T5: 0
A6: 2 | B6: 02.03.2026 | D6: 0 | E6: 0 | F6: 0 | G6: 0 | H6: 0 | I6: 0 | J6: 0 | K6: 0 | L6: 0 | M6: 0 | N6: 0 | O6: 0 | P6: 0 | Q6: 0 | R6: 0 | S6: 0 | T6: 0
A7: 3 | B7: 03.03.2026 | D7: 0 | E7: 0 | F7: 0 | G7: 0 | H7: 0 | I7: 0 | J7: 0 | K7: 0 | L7: 0 | M7: 0 | N7: 0 | O7: 0 | P7: 0 | Q7: 0 | R7: 0 | S7: 0 | T7: 0
A8: 4 | B8: 04.03.2026 | D8: 0 | E8: 0 | F8: 0 | G8: 0 | H8: 0 | I8: 0 | J8: 0 | K8: 0 | L8: 0 | M8: 0 | N8: 0 | O8: 0 | P8: 0 | Q8: 0 | R8: 0 | S8: 0 | T8: 0
A9: 5 | B9: 05.03.2026 | D9: 0 | E9: 0 | F9: 0 | G9: 0 | H9: 0 | I9: 0 | J9: 0 | K9: 0 | L9: 0 | M9: 0 | N9: 0 | O9: 0 | P9: 0 | Q9: 0 | R9: 0 | S9: 0 | T9: 0
A10: 6 | B10: 06.03.2026 | D10: 0 | E10: 0 | F10: 0 | G10: 0 | H10: 0 | I10: 0 | J10: 0 | K10: 0 | L10: 0 | M10: 0 | N10: 0 | O10: 0 | P10: 0 | Q10: 0 | R10: 0 | S10: 0 | T10: 0
A11: 7 | B11: 07.03.2026 | D11: 0 | E11: 0 | F11: 0 | G11: 0 | H11: 0 | I11: 0 | J11: 0 | K11: 0 | L11: 0 | M11: 0 | N11: 0 | O11: 0 | P11: 0 | Q11: 0 | R11: 0 | S11: 0 | T11: 0
A12: 8 | B12: 08.03.2026 | D12: 0 | E12: 0 | F12: 0 | G12: 0 | H12: 0 | I12: 0 | J12: 0 | K12: 0 | L12: 0 | M12: 0 | N12: 0 | O12: 0 | P12: 0 | Q12: 0 | R12: 0 | S12: 0 | T12: 0
A13: 9 | B13: 09.03.2026 | D13: 0 | E13: 0 | F13: 0 | G13: 0 | H13: 0 | I13: 0 | J13: 0 | K13: 0 | L13: 0 | M13: 0 | N13: 0 | O13: 0 | P13: 0 | Q13: 0 | R13: 0 | S13: 0 | T13: 0
A14: 10 | B14: 10.03.2026 | D14: 0 | E14: 0 | F14: 0 | G14: 0 | H14: 0 | I14: 0 | J14: 0 | K14: 0 | L14: 0 | M14: 0 | N14: 0 | O14: 0 | P14: 0 | Q14: 0 | R14: 0 | S14: 0 | T14: 0
A15: 11 | B15: 11.03.2026 | D15: 0 | E15: 0 | F15: 0 | G15: 0 | H15: 0 | I15: 0 | J15: 0 | K15: 0 | L15: 0 | M15: 0 | N15: 0 | O15: 0 | P15: 0 | Q15: 0 | R15: 0 | S15: 0 | T15: 0
A16: 12 | B16: 12.03.2026 | D16: 0 | E16: 0 | F16: 0 | G16: 0 | H16: 0 | I16: 0 | J16: 0 | K16: 0 | L16: 0 | M16: 0 | N16: 0 | O16: 0 | P16: 0 | Q16: 0 | R16: 0 | S16: 0 | T16: 0
... A35: 31 | B35: 31.03.2026 | D35: 0 | E35: 0 | F35: 132 | G35: 0 | H35: 0 | I35: 0 | J35: 0 | K35: 0 | L35: 0 | M35: 0 | N35: 0 | O35: 0 | P35: 0 | Q35: 0 | R35: 0 | S35: 0 | T35: 0
D36: 220 | E36: 88 | F36: 2728 | G36: 0 | H36: 0 | I36: 0 | J36: 0 | K36: 0 | L36: 0 | M36: 30220.38 | N36: 12868.25 | O36: 21721.95 | P36: 9431.81 | Q36: 0 | R36: 0 | S36: 0 | T36: 74242.39
T37: 90575.72

Sheet Зеленодольск Данафлекс
A2: Отчет по хранению товара за Март 2026 Зеленодольск Данафлекс
A3: № | B3: дата | D3: Выгрузка кол-во | E3: Загрузка кол-во | F3: Хранение | G3: Резервирование 0 | H3: Мин. Суточный резерв 0 | I3: переконсолидация (тонн) | J3: Паллетирование | K3: Взвешивание | L3: стоимость взвешивания | M3: стоимость выгрузки за 1 месяц | N3: стоимость загрузки за 1 месяц | O3: стоимость хранения за 1 месяц | P3: Доплата за хранение за 1 месяц | Q3: Доплата за ПРР за 1 месяц | R3: стоимость переконс. | S3: Стоимость паллетирования | T3: итого
A5: 1 | B5: 01.03.2026 | D5: 22 | E5: 66 | F5: 1447.5 | G5: 0 | H5: 0 | I5: 0 | J5: 0 | K5: 0 | L5: 0 | M5: 0 | N5: 0 | O5: 0 | P5: 0 | Q5: 0 | R5: 0 | S5: 0 | T5: 0
A6: 2 | B6: 02.03.2026 | D6: 0 | E6: 44 | F6: 1403.5 | G6: 0 | H6: 0 | I6: 0 | J6: 0 | K6: 0 | L6: 0 | M6: 0 | N6: 0 | O6: 0 | P6: 0 | Q6: 0 | R6: 0 | S6: 0 | T6: 0
A7: 3 | B7: 03.03.2026 | D7: 0 | E7: 66 | F7: 1337.5 | G7: 0 | H7: 0 | I7: 0 | J7: 0 | K7: 0 | L7: 0 | M7: 0 | N7: 0 | O7: 0 | P7: 0 | Q7: 0 | R7: 0 | S7: 0 | T7: 0
A8: 4 | B8: 04.03.2026 | D8: 22.5 | E8: 66 | F8: 1294 | G8: 0 | H8: 0 | I8: 0 | J8: 0 | K8: 0 | L8: 0 | M8: 0 | N8: 0 | O8: 0 | P8: 0 | Q8: 0 | R8: 0 | S8: 0 | T8: 0
A9: 5 | B9: 05.03.2026 | D9: 22.5 | E9: 44 | F9: 1272.5 | G9: 0 | H9: 0 | I9: 0 | J9: 0 | K9: 0 | L9: 0 | M9: 0 | N9: 0 | O9: 0 | P9: 0 | Q9: 0 | R9: 0 | S9: 0 | T9: 0
A10: 6 | B10: 06.03.2026 | D10: 88 | E10: 44 | F10: 1316.5 | G10: 0 | H10: 0 | I10: 0 | J10: 0 | K10: 0 | L10: 0 | M10: 0 | N10: 0 | O10: 0 | P10: 0 | Q10: 0 | R10: 0 | S10: 0 | T10: 0
A11: 7 | B11: 07.03.2026 | D11: 0 | E11: 0 | F11: 1316.5 | G11: 0 | H11: 0 | I11: 0 | J11: 0 | K11: 0 | L11: 0 | M11: 0 | N11: 0 | O11: 0 | P11: 0 | Q11: 0 | R11: 0 | S11: 0 | T11: 0
A12: 8 | B12: 08.03.2026 | D12: 0 | E12: 22 | F12: 1294.5 | G12: 0 | H12: 0 | I12: 0 | J12: 0 | K12: 0 | L12: 0 | M12: 0 | N12: 0 | O12: 0 | P12: 0 | Q12: 0 | R12: 0 | S12: 0 | T12: 0
A13: 9 | B13: 09.03.2026 | D13: 112.5 | E13: 44 | F13: 1363 | G13: 0 | H13: 0 | I13: 0 | J13: 0 | K13: 0 | L13: 0 | M13: 0 | N13: 0 | O13: 0 | P13: 0 | Q13: 0 | R13: 0 | S13: 0 | T13: 0
A14: 10 | B14: 10.03.2026 | D14: 0 | E14: 88 | F14: 1275 | G14: 0 | H14: 0 | I14: 0 | J14: 0 | K14: 0 | L14: 0 | M14: 0 | N14: 0 | O14: 0 | P14: 0 | Q14: 0 | R14: 0 | S14: 0 | T14: 0
A15: 11 | B15: 11.03.2026 | D15: 66 | E15: 22 | F15: 1319 | G15: 0 | H15: 0 | I15: 0 | J15: 0 | K15: 0 | L15: 0 | M15: 0 | N15: 0 | O15: 0 | P15: 0 | Q15: 0 | R15: 0 | S15: 0 | T15: 0
A16: 12 | B16: 12.03.2026 | D16: 22 | E16: 44 | F16: 1297 | G16: 0 | H16: 0 | I16: 0 | J16: 0 | K16: 0 | L16: 0 | M16: 0 | N16: 0 | O16: 0 | P16: 0 | Q16: 0 | R16: 0 | S16: 0 | T16: 0
... A35: 31 | B35: 31.03.2026 | D35: 0 | E35: 44 | F35: 813 | G35: 0 | H35: 0 | I35: 0 | J35: 0 | K35: 0 | L35: 0 | M35: 0 | N35: 0 | O35: 0 | P35: 0 | Q35: 0 | R35: 0 | S35: 0 | T35: 0
D36: 619.5 | E36: 1298 | F36: 35101.5 | G36: 0 | H36: 0 | I36: 0 | J36: 0 | K36: 0 | L36: 0 | M36: 85097.85 | N36: 189806.69 | O36: 279498.97 | P36: 121360.16 | Q36: 0 | R36: 0 | S36: 0 | T36: 675763.67
T37: 824431.68

Sheet Зеленодольск Полимеры
A2: Отчет по хранению товара за Март 2026 Зеленодольск Полимеры
A3: № | B3: дата | D3: Выгрузка кол-во | E3: Загрузка кол-во | F3: Хранение | G3: Резервирование 0 | H3: Мин. Суточный резерв 0 | I3: переконсолидация (тонн) | J3: Паллетирование | K3: Взвешивание | L3: стоимость взвешивания | M3: стоимость выгрузки за 1 месяц | N3: стоимость загрузки за 1 месяц | O3: стоимость хранения за 1 месяц | P3: Доплата за хранение за 1 месяц | Q3: Доплата за ПРР за 1 месяц | R3: стоимость переконс. | S3: Стоимость паллетирования | T3: итого
A5: 1 | B5: 01.03.2026 | D5: 154 | E5: 0 | F5: 10398.658 | G5: 0 | H5: 0 | I5: 0 | J5: 0 | K5: 0 | L5: 0 | M5: 0 | N5: 0 | O5: 0 | P5: 0 | Q5: 0 | R5: 0 | S5: 0 | T5: 0
A6: 2 | B6: 02.03.2026 | D6: 264 | E6: 0 | F6: 10662.658 | G6: 0 | H6: 0 | I6: 0 | J6: 0 | K6: 0 | L6: 0 | M6: 0 | N6: 0 | O6: 0 | P6: 0 | Q6: 0 | R6: 0 | S6: 0 | T6: 0
A7: 3 | B7: 03.03.2026 | D7: 309 | E7: 37.125 | F7: 10934.533 | G7: 0 | H7: 0 | I7: 0 | J7: 0 | K7: 0 | L7: 0 | M7: 0 | N7: 0 | O7: 0 | P7: 0 | Q7: 0 | R7: 0 | S7: 0 | T7: 0
A8: 4 | B8: 04.03.2026 | D8: 222 | E8: 66.375 | F8: 11090.158 | G8: 0 | H8: 0 | I8: 0 | J8: 0 | K8: 0 | L8: 0 | M8: 0 | N8: 0 | O8: 0 | P8: 0 | Q8: 0 | R8: 0 | S8: 0 | T8: 0
A9: 5 | B9: 05.03.2026 | D9: 467 | E9: 155.8 | F9: 11401.358 | G9: 0 | H9: 0 | I9: 0 | J9: 0 | K9: 0 | L9: 0 | M9: 0 | N9: 0 | O9: 0 | P9: 0 | Q9: 0 | R9: 0 | S9: 0 | T9: 0
A10: 6 | B10: 06.03.2026 | D10: 433.876 | E10: 113.25 | F10: 11721.984 | G10: 0 | H10: 0 | I10: 0 | J10: 12.45 | K10: 12.876 | L10: 1158.84 | M10: 0 | N10: 0 | O10: 0 | P10: 0 | Q10: 0 | R10: 0 | S10: 1494 | T10: 2652.84
A11: 7 | B11: 07.03.2026 | D11: 421.5 | E11: 241.125 | F11: 11902.359 | G11: 0 | H11: 0 | I11: 0 | J11: 0 | K11: 0 | L11: 0 | M11: 0 | N11: 0 | O11: 0 | P11: 0 | Q11: 0 | R11: 0 | S11: 0 | T11: 0
A12: 8 | B12: 08.03.2026 | D12: 532 | E12: 242.25 | F12: 12192.109 | G12: 0 | H12: 0 | I12: 0 | J12: 0 | K12: 0 | L12: 0 | M12: 0 | N12: 0 | O12: 0 | P12: 0 | Q12: 0 | R12: 0 | S12: 0 | T12: 0
A13: 9 | B13: 09.03.2026 | D13: 463.5 | E13: 72.5 | F13: 12583.109 | G13: 0 | H13: 0 | I13: 0 | J13: 0 | K13: 0 | L13: 0 | M13: 0 | N13: 0 | O13: 0 | P13: 0 | Q13: 0 | R13: 0 | S13: 0 | T13: 0
A14: 10 | B14: 10.03.2026 | D14: 332 | E14: 154 | F14: 12761.109 | G14: 0 | H14: 0 | I14: 0 | J14: 0 | K14: 0 | L14: 0 | M14: 0 | N14: 0 | O14: 0 | P14: 0 | Q14: 0 | R14: 0 | S14: 0 | T14: 0
A15: 11 | B15: 11.03.2026 | D15: 220.875 | E15: 246.75 | F15: 12735.234 | G15: 0 | H15: 0 | I15: 0 | J15: 0 | K15: 0 | L15: 0 | M15: 0 | N15: 0 | O15: 0 | P15: 0 | Q15: 0 | R15: 0 | S15: 0 | T15: 0
A16: 12 | B16: 12.03.2026 | D16: 266.35 | E16: 317.875 | F16: 12683.709 | G16: 0 | H16: 0 | I16: 0 | J16: 0 | K16: 0 | L16: 0 | M16: 0 | N16: 0 | O16: 0 | P16: 0 | Q16: 0 | R16: 0 | S16: 0 | T16: 0
... A35: 31 | B35: 31.03.2026 | D35: 132 | E35: 317.75 | F35: 11301.009 | G35: 0 | H35: 0 | I35: 0 | J35: 0 | K35: 0 | L35: 0 | M35: 0 | N35: 0 | O35: 0 | P35: 0 | Q35: 0 | R35: 0 | S35: 0 | T35: 0
D36: 7570.851 | E36: 6514.5 | F36: 376369.22 | G36: 0 | H36: 0 | I36: 22.5 | J36: 34.95 | K36: 35.376 | L36: 3183.84 | M36: 1039972.8 | N36: 952616.06 | O36: 2996875.1 | P36: 1301261.5 | Q36: 0 | R36: 21375 | S36: 4194 | T36: 6319478.2
T37: 7709763.4

Sheet Казань_Автосервисная Полимеры
A2: Отчет по хранению товара за Март 2026 Казань_Автосервисная Полимеры
A3: № | B3: дата | D3: Выгрузка кол-во | E3: Загрузка кол-во | F3: Хранение | G3: Резервирование 0 т | H3: Мин. Суточный резерв 0 т | I3: переконсолидация (тонн) | J3: Паллетирование | K3: Ночная загруска выгрузка | L3: стоимость ночной загруски | M3: стоимость выгрузки за 1 месяц | N3: стоимость загрузки за 1 месяц | O3: стоимость хранения за 1 месяц | P3: Стоимость резервирования | Q3: Стоимость мин.суточной бработки | R3: стоимость переконс. | S3: Стоимость паллетирования | T3: итого
A5: 1 | B5: 01.03.2026 | D5: 352 | E5: 22 | F5: 13795.887 | G5: 0 | H5: 0 | I5: 0 | J5: 0 | L5: 0 | M5: 0 | N5: 0 | O5: 0 | P5: 0 | Q5: 0 | R5: 0 | S5: 0 | T5: 0
A6: 2 | B6: 02.03.2026 | D6: 286 | E6: 22 | F6: 14059.887 | G6: 0 | H6: 0 | I6: 0 | J6: 0 | L6: 0 | M6: 0 | N6: 0 | O6: 0 | P6: 0 | Q6: 0 | R6: 0 | S6: 0 | T6: 0
A7: 3 | B7: 03.03.2026 | D7: 110 | E7: 8.25 | F7: 14161.637 | G7: 0 | H7: 0 | I7: 0 | J7: 0 | L7: 0 | M7: 0 | N7: 0 | O7: 0 | P7: 0 | Q7: 0 | R7: 0 | S7: 0 | T7: 0
A8: 4 | B8: 04.03.2026 | D8: 66 | E8: 27.5 | F8: 14200.137 | G8: 0 | H8: 0 | I8: 0 | J8: 0 | L8: 0 | M8: 0 | N8: 0 | O8: 0 | P8: 0 | Q8: 0 | R8: 0 | S8: 0 | T8: 0
A9: 5 | B9: 05.03.2026 | D9: 0 | E9: 66 | F9: 14134.137 | G9: 0 | H9: 0 | I9: 0 | J9: 0 | L9: 0 | M9: 0 | N9: 0 | O9: 0 | P9: 0 | Q9: 0 | R9: 0 | S9: 0 | T9: 0
A10: 6 | B10: 06.03.2026 | D10: 0 | E10: 88 | F10: 14046.137 | G10: 0 | H10: 0 | I10: 0 | J10: 0 | L10: 0 | M10: 0 | N10: 0 | O10: 0 | P10: 0 | Q10: 0 | R10: 0 | S10: 0 | T10: 0
A11: 7 | B11: 07.03.2026 | D11: 176 | E11: 0 | F11: 14222.137 | G11: 0 | H11: 0 | I11: 0 | J11: 0 | L11: 0 | M11: 0 | N11: 0 | O11: 0 | P11: 0 | Q11: 0 | R11: 0 | S11: 0 | T11: 0
A12: 8 | B12: 08.03.2026 | D12: 66 | E12: 154 | F12: 14134.137 | G12: 0 | H12: 0 | I12: 0 | J12: 0 | L12: 0 | M12: 0 | N12: 0 | O12: 0 | P12: 0 | Q12: 0 | R12: 0 | S12: 0 | T12: 0
A13: 9 | B13: 09.03.2026 | D13: 0 | E13: 110 | F13: 14024.137 | G13: 0 | H13: 0 | I13: 0 | J13: 0 | L13: 0 | M13: 0 | N13: 0 | O13: 0 | P13: 0 | Q13: 0 | R13: 0 | S13: 0 | T13: 0
A14: 10 | B14: 10.03.2026 | D14: 0 | E14: 57.75 | F14: 13966.387 | G14: 0 | H14: 0 | I14: 0 | J14: 0 | L14: 0 | M14: 0 | N14: 0 | O14: 0 | P14: 0 | Q14: 0 | R14: 0 | S14: 0 | T14: 0
A15: 11 | B15: 11.03.2026 | D15: 308 | E15: 100.125 | F15: 14174.262 | G15: 0 | H15: 0 | I15: 0 | J15: 0 | L15: 0 | M15: 0 | N15: 0 | O15: 0 | P15: 0 | Q15: 0 | R15: 0 | S15: 0 | T15: 0
A16: 12 | B16: 12.03.2026 | D16: 396 | E16: 132.4 | F16: 14437.862 | G16: 0 | H16: 0 | I16: 0 | J16: 0 | L16: 0 | M16: 0 | N16: 0 | O16: 0 | P16: 0 | Q16: 0 | R16: 0 | S16: 0 | T16: 0
... A35: 31 | B35: 31.03.2026 | D35: 330 | E35: 154 | F35: 12981.237 | G35: 0 | H35: 0 | I35: 0 | J35: 0 | L35: 0 | M35: 0 | N35: 0 | O35: 0 | P35: 0 | Q35: 0 | R35: 0 | S35: 0 | T35: 0
D36: 3894 | E36: 4378.65 | F36: 433900.95 | G36: 0 | H36: 0 | I36: 0 | J36: 0 | K36: 0 | L36: 0 | M36: 1172376 | N36: 1172376 | O36: 12772099 | P36: 0 | Q36: 0 | R36: 0 | S36: 0 | T36: 15116851
T37: 18442558

Sheet Казань_Автосервисная Полиом
A2: Отчет по хранению товара за Март 2026 Казань_Автосервисная Полиом
A3: № | B3: дата | D3: Выгрузка кол-во | E3: Загрузка кол-во | F3: Хранение | G3: Резервирование 0 т | H3: Мин. Суточный резерв 0 т | I3: переконсолидация (тонн) | J3: Паллетирование | K3: Ночная загруска выгрузка | L3: стоимость ночной загруски | M3: стоимость выгрузки за 1 месяц | N3: стоимость загрузки за 1 месяц | O3: стоимость хранения за 1 месяц | P3: Стоимость резервирования | Q3: Стоимость мин.суточной бработки | R3: стоимость переконс. | S3: Стоимость паллетирования | T3: итого
A5: 1 | B5: 01.03.2026 | D5: 0 | E5: 0 | F5: 10.5 | G5: 0 | H5: 0 | I5: 0 | J5: 0 | L5: 0 | M5: 0 | N5: 0 | O5: 0 | P5: 0 | Q5: 0 | R5: 0 | S5: 0 | T5: 0
A6: 2 | B6: 02.03.2026 | D6: 0 | E6: 0 | F6: 10.5 | G6: 0 | H6: 0 | I6: 0 | J6: 0 | L6: 0 | M6: 0 | N6: 0 | O6: 0 | P6: 0 | Q6: 0 | R6: 0 | S6: 0 | T6: 0
A7: 3 | B7: 03.03.2026 | D7: 0 | E7: 0 | F7: 10.5 | G7: 0 | H7: 0 | I7: 0 | J7: 0 | L7: 0 | M7: 0 | N7: 0 | O7: 0 | P7: 0 | Q7: 0 | R7: 0 | S7: 0 | T7: 0
A8: 4 | B8: 04.03.2026 | D8: 0 | E8: 0 | F8: 10.5 | G8: 0 | H8: 0 | I8: 0 | J8: 0 | L8: 0 | M8: 0 | N8: 0 | O8: 0 | P8: 0 | Q8: 0 | R8: 0 | S8: 0 | T8: 0
A9: 5 | B9: 05.03.2026 | D9: 0 | E9: 0 | F9: 10.5 | G9: 0 | H9: 0 | I9: 0 | J9: 0 | L9: 0 | M9: 0 | N9: 0 | O9: 0 | P9: 0 | Q9: 0 | R9: 0 | S9: 0 | T9: 0
A10: 6 | B10: 06.03.2026 | D10: 0 | E10: 0 | F10: 10.5 | G10: 0 | H10: 0 | I10: 0 | J10: 0 | L10: 0 | M10: 0 | N10: 0 | O10: 0 | P10: 0 | Q10: 0 | R10: 0 | S10: 0 | T10: 0
A11: 7 | B11: 07.03.2026 | D11: 0 | E11: 0 | F11: 10.5 | G11: 0 | H11: 0 | I11: 0 | J11: 0 | L11: 0 | M11: 0 | N11: 0 | O11: 0 | P11: 0 | Q11: 0 | R11: 0 | S11: 0 | T11: 0
A12: 8 | B12: 08.03.2026 | D12: 0 | E12: 0 | F12: 10.5 | G12: 0 | H12: 0 | I12: 0 | J12: 0 | L12: 0 | M12: 0 | N12: 0 | O12: 0 | P12: 0 | Q12: 0 | R12: 0 | S12: 0 | T12: 0
A13: 9 | B13: 09.03.2026 | D13: 0 | E13: 0 | F13: 10.5 | G13: 0 | H13: 0 | I13: 0 | J13: 0 | L13: 0 | M13: 0 | N13: 0 | O13: 0 | P13: 0 | Q13: 0 | R13: 0 | S13: 0 | T13: 0
A14: 10 | B14: 10.03.2026 | D14: 0 | E14: 0 | F14: 10.5 | G14: 0 | H14: 0 | I14: 0 | J14: 0 | L14: 0 | M14: 0 | N14: 0 | O14: 0 | P14: 0 | Q14: 0 | R14: 0 | S14: 0 | T14: 0
A15: 11 | B15: 11.03.2026 | D15: 0 | E15: 0 | F15: 10.5 | G15: 0 | H15: 0 | I15: 0 | J15: 0 | L15: 0 | M15: 0 | N15: 0 | O15: 0 | P15: 0 | Q15: 0 | R15: 0 | S15: 0 | T15: 0
A16: 12 | B16: 12.03.2026 | D16: 0 | E16: 0 | F16: 10.5 | G16: 0 | H16: 0 | I16: 0 | J16: 0 | L16: 0 | M16: 0 | N16: 0 | O16: 0 | P16: 0 | Q16: 0 | R16: 0 | S16: 0 | T16: 0
... A35: 31 | B35: 31.03.2026 | D35: 0 | E35: 0 | F35: 10.5 | G35: 0 | H35: 0 | I35: 0 | J35: 0 | L35: 0 | M35: 0 | N35: 0 | O35: 0 | P35: 0 | Q35: 0 | R35: 0 | S35: 0 | T35: 0
D36: 0 | E36: 0 | F36: 325.5 | G36: 0 | H36: 0 | I36: 0 | J36: 0 | K36: 0 | L36: 0 | M36: 0 | N36: 0 | O36: 9581.26 | P36: 0 | Q36: 0 | R36: 0 | S36: 0 | T36: 9581.26
T37: 11689.14

Sheet Казань_Приволжская Полимеры
A2: Отчет по хранению товара за Март 2026 Казань_Приволжская Полимеры
A3: № | B3: дата | D3: Выгрузка кол-во | E3: Загрузка кол-во | F3: Хранение | G3: Резервирование 0 | H3: Мин. Суточный резерв 0 | I3: переконсолидация (тонн) | J3: Паллетирование | K3: Взвешивание | L3: стоимость взвешивания | M3: стоимость выгрузки за 1 месяц | N3: стоимость загрузки за 1 месяц | O3: стоимость хранения за 1 месяц | P3: Доплата за хранение за 1 месяц | Q3: Доплата за ПРР за 1 месяц | R3: стоимость переконс. | S3: Стоимость паллетирования | T3: итого
A5: 1 | B5: 01.03.2026 | D5: 22 | E5: 22 | F5: 6535.15 | G5: 0 | H5: 0 | I5: 0 | J5: 0 | K5: 0 | L5: 0 | M5: 0 | N5: 0 | O5: 0 | P5: 0 | Q5: 0 | R5: 0 | S5: 0 | T5: 0
A6: 2 | B6: 02.03.2026 | D6: 22 | E6: 0 | F6: 6557.15 | G6: 0 | H6: 0 | I6: 0 | J6: 0 | K6: 0 | L6: 0 | M6: 0 | N6: 0 | O6: 0 | P6: 0 | Q6: 0 | R6: 0 | S6: 0 | T6: 0
A7: 3 | B7: 03.03.2026 | D7: 286 | E7: 22 | F7: 6821.15 | G7: 0 | H7: 0 | I7: 0 | J7: 0 | K7: 0 | L7: 0 | M7: 0 | N7: 0 | O7: 0 | P7: 0 | Q7: 0 | R7: 0 | S7: 0 | T7: 0
A8: 4 | B8: 04.03.2026 | D8: 88 | E8: 0 | F8: 6909.15 | G8: 0 | H8: 0 | I8: 0 | J8: 0 | K8: 0 | L8: 0 | M8: 0 | N8: 0 | O8: 0 | P8: 0 | Q8: 0 | R8: 0 | S8: 0 | T8: 0
A9: 5 | B9: 05.03.2026 | D9: 242 | E9: 68.75 | F9: 7082.4 | G9: 0 | H9: 0 | I9: 0 | J9: 0 | K9: 0 | L9: 0 | M9: 0 | N9: 0 | O9: 0 | P9: 0 | Q9: 0 | R9: 0 | S9: 0 | T9: 0
A10: 6 | B10: 06.03.2026 | D10: 66 | E10: 22 | F10: 7126.4 | G10: 0 | H10: 0 | I10: 0 | J10: 0 | K10: 0 | L10: 0 | M10: 0 | N10: 0 | O10: 0 | P10: 0 | Q10: 0 | R10: 0 | S10: 0 | T10: 0
A11: 7 | B11: 07.03.2026 | D11: 286 | E11: 88 | F11: 7324.4 | G11: 0 | H11: 0 | I11: 0 | J11: 0 | K11: 0 | L11: 0 | M11: 0 | N11: 0 | O11: 0 | P11: 0 | Q11: 0 | R11: 0 | S11: 0 | T11: 0
A12: 8 | B12: 08.03.2026 | D12: 264.5 | E12: 0 | F12: 7588.9 | G12: 0 | H12: 0 | I12: 0 | J12: 0 | K12: 0 | L12: 0 | M12: 0 | N12: 0 | O12: 0 | P12: 0 | Q12: 0 | R12: 0 | S12: 0 | T12: 0
A13: 9 | B13: 09.03.2026 | D13: 378 | E13: 46.75 | F13: 7920.15 | G13: 0 | H13: 0 | I13: 0 | J13: 0 | K13: 0 | L13: 0 | M13: 0 | N13: 0 | O13: 0 | P13: 0 | Q13: 0 | R13: 0 | S13: 0 | T13: 0
A14: 10 | B14: 10.03.2026 | D14: 111 | E14: 22 | F14: 8009.15 | G14: 0 | H14: 0 | I14: 0 | J14: 0 | K14: 0 | L14: 0 | M14: 0 | N14: 0 | O14: 0 | P14: 0 | Q14: 0 | R14: 0 | S14: 0 | T14: 0
A15: 11 | B15: 11.03.2026 | D15: 22 | E15: 1.375 | F15: 8029.775 | G15: 0 | H15: 0 | I15: 0 | J15: 0 | K15: 0 | L15: 0 | M15: 0 | N15: 0 | O15: 0 | P15: 0 | Q15: 0 | R15: 0 | S15: 0 | T15: 0
A16: 12 | B16: 12.03.2026 | D16: 0 | E16: 45.375 | F16: 7984.4 | G16: 0 | H16: 0 | I16: 0 | J16: 0 | K16: 0 | L16: 0 | M16: 0 | N16: 0 | O16: 0 | P16: 0 | Q16: 0 | R16: 0 | S16: 0 | T16: 0
... A35: 31 | B35: 31.03.2026 | D35: 44 | E35: 135.625 | F35: 7503.9 | G35: 0 | H35: 0 | I35: 0 | J35: 0 | K35: 0 | L35: 0 | M35: 0 | N35: 0 | O35: 0 | P35: 0 | Q35: 0 | R35: 0 | S35: 0 | T35: 0
D36: 2557.5 | E36: 1588.75 | F36: 230082.02 | G36: 0 | H36: 0 | I36: 0 | J36: 0 | K36: 0 | L36: 0 | M36: 711360 | N36: 711360 | O36: 5107200 | P36: 1335096.7 | Q36: 0 | R36: 0 | S36: 0 | T36: 7865016.7
T37: 9595320.4

Sheet Нижнекамск НПЭГ
A2: Отчет по хранению товара за Март 2026 Нижнекамск НПЭГ НПЭГ
A3: № | B3: дата | D3: Выгрузка кол-во | E3: Загрузка кол-во | F3: Хранение | G3: Резервирование 1000 ГЕ | H3: Мин. Суточный резерв 100 | I3: переконсолидация (тонн) | J3: Паллетирование | K3: Ночная загруска выгрузка | L3: стоимость ночной загруски | M3: стоимость выгрузки | N3: стоимость загрузки | O3: стоимость хранения | P3: Стоимость резервирования | Q3: Стоимость мин.суточной бработки | R3: стоимость переконс. | S3: Стоимость паллетирования | T3: итого
A5: 1 | B5: 01.03.2026 | D5: 0 | E5: 0 | F5: 1.575 | I5: 0 | J5: 0 | L5: 0 | M5: 0 | N5: 0 | O5: 22.84 | P5: 0 | Q5: 0 | R5: 0 | S5: 0 | T5: 22.84
A6: 2 | B6: 02.03.2026 | D6: 0 | E6: 0 | F6: 1.575 | I6: 0 | J6: 0 | L6: 0 | M6: 0 | N6: 0 | O6: 22.84 | P6: 0 | Q6: 0 | R6: 0 | S6: 0 | T6: 22.84
A7: 3 | B7: 03.03.2026 | D7: 0 | E7: 0 | F7: 1.575 | I7: 0 | J7: 0 | L7: 0 | M7: 0 | N7: 0 | O7: 22.84 | P7: 0 | Q7: 0 | R7: 0 | S7: 0 | T7: 22.84
A8: 4 | B8: 04.03.2026 | D8: 0 | E8: 0 | F8: 1.575 | I8: 0 | J8: 0 | L8: 0 | M8: 0 | N8: 0 | O8: 22.84 | P8: 0 | Q8: 0 | R8: 0 | S8: 0 | T8: 22.84
A9: 5 | B9: 05.03.2026 | D9: 0 | E9: 0 | F9: 1.575 | I9: 0 | J9: 0 | L9: 0 | M9: 0 | N9: 0 | O9: 22.84 | P9: 0 | Q9: 0 | R9: 0 | S9: 0 | T9: 22.84
A10: 6 | B10: 06.03.2026 | D10: 0 | E10: 0 | F10: 1.575 | I10: 0 | J10: 0 | L10: 0 | M10: 0 | N10: 0 | O10: 22.84 | P10: 0 | Q10: 0 | R10: 0 | S10: 0 | T10: 22.84
A11: 7 | B11: 07.03.2026 | D11: 0 | E11: 0 | F11: 1.575 | I11: 0 | J11: 0 | L11: 0 | M11: 0 | N11: 0 | O11: 22.84 | P11: 0 | Q11: 0 | R11: 0 | S11: 0 | T11: 22.84
A12: 8 | B12: 08.03.2026 | D12: 0 | E12: 0 | F12: 1.575 | I12: 0 | J12: 0 | L12: 0 | M12: 0 | N12: 0 | O12: 22.84 | P12: 0 | Q12: 0 | R12: 0 | S12: 0 | T12: 22.84
A13: 9 | B13: 09.03.2026 | D13: 0 | E13: 0 | F13: 1.575 | I13: 0 | J13: 0 | L13: 0 | M13: 0 | N13: 0 | O13: 22.84 | P13: 0 | Q13: 0 | R13: 0 | S13: 0 | T13: 22.84
A14: 10 | B14: 10.03.2026 | D14: 0 | E14: 0 | F14: 1.575 | I14: 0 | J14: 0 | L14: 0 | M14: 0 | N14: 0 | O14: 22.84 | P14: 0 | Q14: 0 | R14: 0 | S14: 0 | T14: 22.84
A15: 11 | B15: 11.03.2026 | D15: 0 | E15: 0 | F15: 1.575 | I15: 0 | J15: 0 | L15: 0 | M15: 0 | N15: 0 | O15: 22.84 | P15: 0 | Q15: 0 | R15: 0 | S15: 0 | T15: 22.84
A16: 12 | B16: 12.03.2026 | D16: 0 | E16: 0 | F16: 1.575 | I16: 0 | J16: 0 | L16: 0 | M16: 0 | N16: 0 | O16: 22.84 | P16: 0 | Q16: 0 | R16: 0 | S16: 0 | T16: 22.84
... A35: 31 | B35: 31.03.2026 | D35: 0 | E35: 0 | F35: 1.575 | I35: 0 | J35: 0 | L35: 0 | M35: 0 | N35: 0 | O35: 22.84 | P35: 0 | Q35: 0 | R35: 0 | S35: 0 | T35: 22.84
D36: 0 | E36: 0 | F36: 48.825 | G36: 0 | H36: 0 | I36: 0 | J36: 0 | K36: 0 | L36: 0 | M36: 0 | N36: 0 | O36: 707.96 | P36: 0 | Q36: 0 | R36: 0 | S36: 0 | T36: 707.96
T37: 863.71

Sheet Нижнекамск ПСОН
A2: Отчет по хранению товара за Март 2026 Нижнекамск ПСОН ПСОН
A3: № | B3: дата | D3: Выгрузка кол-во | E3: Загрузка кол-во | F3: Хранение | G3: Резервирование 5000 т | H3: Мин. Суточный резерв 0 | I3: переконсолидация (тонн) | J3: Паллетирование | K3: Взвешивание | L3: стоимость взвешивания | M3: стоимость выгрузки | N3: стоимость загрузки | O3: стоимость хранения | P3: Стоимость резервирования | Q3: Стоимость мин.суточной бработки | R3: стоимость переконс. | S3: Стоимость паллетирования | T3: итого
A5: 1 | B5: 01.03.2026 | D5: 176 | E5: 0 | F5: 3240.52 | G5: 1759.48 | I5: 0 | J5: 0 | K5: 0 | L5: 0 | M5: 20240 | N5: 0 | O5: 46339.44 | P5: 25160.56 | Q5: 0 | R5: 0 | S5: 0 | T5: 91740
A6: 2 | B6: 02.03.2026 | D6: 153.995 | E6: 0 | F6: 3394.515 | G6: 1605.485 | I6: 2.75 | J6: 4.125 | K6: 1.375 | L6: 158.13 | M6: 17709.43 | N6: 0 | O6: 48541.56 | P6: 22958.44 | Q6: 0 | R6: 2612.5 | S6: 495 | T6: 92475.05
A7: 3 | B7: 03.03.2026 | D7: 220 | E7: 0 | F7: 3614.515 | G7: 1385.485 | I7: 0 | J7: 0 | K7: 0 | L7: 0 | M7: 25300 | N7: 0 | O7: 51687.56 | P7: 19812.44 | Q7: 0 | R7: 0 | S7: 0 | T7: 96800
A8: 4 | B8: 04.03.2026 | D8: 0 | E8: 0 | F8: 3614.515 | G8: 1385.485 | I8: 0 | J8: 0 | K8: 0 | L8: 0 | M8: 0 | N8: 0 | O8: 51687.56 | P8: 19812.44 | Q8: 0 | R8: 0 | S8: 0 | T8: 71500
A9: 5 | B9: 05.03.2026 | D9: 0 | E9: 22 | F9: 3592.515 | G9: 1407.485 | I9: 0 | J9: 0 | K9: 0 | L9: 0 | M9: 0 | N9: 2530 | O9: 51372.96 | P9: 20127.04 | Q9: 0 | R9: 0 | S9: 0 | T9: 74030
A10: 6 | B10: 06.03.2026 | D10: 0 | E10: 72.625 | F10: 3519.89 | G10: 1480.11 | I10: 0 | J10: 0 | K10: 0 | L10: 0 | M10: 0 | N10: 8351.88 | O10: 50334.43 | P10: 21165.57 | Q10: 0 | R10: 0 | S10: 0 | T10: 79851.88
A11: 7 | B11: 07.03.2026 | D11: 0 | E11: 44 | F11: 3475.89 | G11: 1524.11 | I11: 0 | J11: 0 | K11: 0 | L11: 0 | M11: 0 | N11: 5060 | O11: 49705.23 | P11: 21794.77 | Q11: 0 | R11: 0 | S11: 0 | T11: 76560
A12: 8 | B12: 08.03.2026 | D12: 0 | E12: 0 | F12: 3475.89 | G12: 1524.11 | I12: 0 | J12: 0 | K12: 0 | L12: 0 | M12: 0 | N12: 0 | O12: 49705.23 | P12: 21794.77 | Q12: 0 | R12: 0 | S12: 0 | T12: 71500
A13: 9 | B13: 09.03.2026 | D13: 0 | E13: 22 | F13: 3453.89 | G13: 1546.11 | I13: 0 | J13: 0 | K13: 0 | L13: 0 | M13: 0 | N13: 2530 | O13: 49390.63 | P13: 22109.37 | Q13: 0 | R13: 0 | S13: 0 | T13: 74030
A14: 10 | B14: 10.03.2026 | D14: 0 | E14: 0 | F14: 3453.89 | G14: 1546.11 | I14: 0 | J14: 0 | K14: 0 | L14: 0 | M14: 0 | N14: 0 | O14: 49390.63 | P14: 22109.37 | Q14: 0 | R14: 0 | S14: 0 | T14: 71500
A15: 11 | B15: 11.03.2026 | D15: 0 | E15: 44 | F15: 3409.89 | G15: 1590.11 | I15: 0 | J15: 0 | K15: 0 | L15: 0 | M15: 0 | N15: 5060 | O15: 48761.43 | P15: 22738.57 | Q15: 0 | R15: 0 | S15: 0 | T15: 76560
A16: 12 | B16: 12.03.2026 | D16: 0 | E16: 18.975 | F16: 3390.915 | G16: 1609.085 | I16: 0 | J16: 0 | K16: 0 | L16: 0 | M16: 0 | N16: 2182.13 | O16: 48490.08 | P16: 23009.92 | Q16: 0 | R16: 0 | S16: 0 | T16: 73682.13
... A35: 31 | B35: 31.03.2026 | D35: 0 | E35: 4.125 | F35: 1306.79 | G35: 3693.21 | I35: 0 | J35: 0 | K35: 0 | L35: 0 | M35: 0 | N35: 474.38 | O35: 18687.1 | P35: 52812.9 | Q35: 0 | R35: 0 | S35: 0 | T35: 71974.38
D36: 549.995 | E36: 2307.725 | F36: 86004.245 | G36: 68995.755 | H36: 0 | I36: 2.75 | J36: 4.125 | K36: 1.375 | L36: 158.13 | M36: 63249.43 | N36: 265388.38 | O36: 1229860.7 | P36: 986639.3 | Q36: 0 | R36: 2612.5 | S36: 495 | T36: 2548403.4
T37: 3109052.2

Sheet Новикова-Прибоя KPI
A2: Отчет по хранению товара за Март 2026 Новикова-Прибоя KPI
A3: № | B3: дата | D3: Выгрузка кол-во | E3: Загрузка кол-во | F3: Хранение | G3: Резервирование 0 | H3: Мин. Суточный резерв 0 | I3: переконсолидация (тонн) | J3: Паллетирование | K3: Взвешивание | L3: стоимость взвешивания | M3: стоимость выгрузки за 1 месяц | N3: стоимость загрузки за 1 месяц | O3: стоимость хранения за 1 месяц | P3: Доплата за хранение за 1 месяц | Q3: Доплата за ПРР за 1 месяц | R3: стоимость переконс. | S3: Стоимость паллетирования | T3: итого
A5: 1 | B5: 01.03.2026 | D5: 0 | E5: 0 | F5: 30.035 | G5: 0 | H5: 0 | I5: 0 | J5: 0 | K5: 0 | L5: 0 | M5: 0 | N5: 0 | O5: 0 | P5: 0 | Q5: 0 | R5: 0 | S5: 0 | T5: 0
A6: 2 | B6: 02.03.2026 | D6: 0 | E6: 0 | F6: 30.035 | G6: 0 | H6: 0 | I6: 0 | J6: 0 | K6: 0 | L6: 0 | M6: 0 | N6: 0 | O6: 0 | P6: 0 | Q6: 0 | R6: 0 | S6: 0 | T6: 0
A7: 3 | B7: 03.03.2026 | D7: 0 | E7: 0 | F7: 30.035 | G7: 0 | H7: 0 | I7: 0 | J7: 0 | K7: 0 | L7: 0 | M7: 0 | N7: 0 | O7: 0 | P7: 0 | Q7: 0 | R7: 0 | S7: 0 | T7: 0
A8: 4 | B8: 04.03.2026 | D8: 0 | E8: 0 | F8: 30.035 | G8: 0 | H8: 0 | I8: 0 | J8: 0 | K8: 0 | L8: 0 | M8: 0 | N8: 0 | O8: 0 | P8: 0 | Q8: 0 | R8: 0 | S8: 0 | T8: 0
A9: 5 | B9: 05.03.2026 | D9: 0 | E9: 0 | F9: 30.035 | G9: 0 | H9: 0 | I9: 0 | J9: 0 | K9: 0 | L9: 0 | M9: 0 | N9: 0 | O9: 0 | P9: 0 | Q9: 0 | R9: 0 | S9: 0 | T9: 0
A10: 6 | B10: 06.03.2026 | D10: 0 | E10: 0 | F10: 30.035 | G10: 0 | H10: 0 | I10: 0 | J10: 0 | K10: 0 | L10: 0 | M10: 0 | N10: 0 | O10: 0 | P10: 0 | Q10: 0 | R10: 0 | S10: 0 | T10: 0
A11: 7 | B11: 07.03.2026 | D11: 0 | E11: 0 | F11: 30.035 | G11: 0 | H11: 0 | I11: 0 | J11: 0 | K11: 0 | L11: 0 | M11: 0 | N11: 0 | O11: 0 | P11: 0 | Q11: 0 | R11: 0 | S11: 0 | T11: 0
A12: 8 | B12: 08.03.2026 | D12: 0 | E12: 0 | F12: 30.035 | G12: 0 | H12: 0 | I12: 0 | J12: 0 | K12: 0 | L12: 0 | M12: 0 | N12: 0 | O12: 0 | P12: 0 | Q12: 0 | R12: 0 | S12: 0 | T12: 0
A13: 9 | B13: 09.03.2026 | D13: 0 | E13: 0 | F13: 30.035 | G13: 0 | H13: 0 | I13: 0 | J13: 0 | K13: 0 | L13: 0 | M13: 0 | N13: 0 | O13: 0 | P13: 0 | Q13: 0 | R13: 0 | S13: 0 | T13: 0
A14: 10 | B14: 10.03.2026 | D14: 0 | E14: 0 | F14: 30.035 | G14: 0 | H14: 0 | I14: 0 | J14: 0 | K14: 0 | L14: 0 | M14: 0 | N14: 0 | O14: 0 | P14: 0 | Q14: 0 | R14: 0 | S14: 0 | T14: 0
A15: 11 | B15: 11.03.2026 | D15: 0 | E15: 0 | F15: 30.035 | G15: 0 | H15: 0 | I15: 0 | J15: 0 | K15: 0 | L15: 0 | M15: 0 | N15: 0 | O15: 0 | P15: 0 | Q15: 0 | R15: 0 | S15: 0 | T15: 0
A16: 12 | B16: 12.03.2026 | D16: 0 | E16: 0 | F16: 30.035 | G16: 0 | H16: 0 | I16: 0 | J16: 0 | K16: 0 | L16: 0 | M16: 0 | N16: 0 | O16: 0 | P16: 0 | Q16: 0 | R16: 0 | S16: 0 | T16: 0
... A35: 31 | B35: 31.03.2026 | D35: 0 | E35: 0 | F35: 30.453 | G35: 0 | H35: 0 | I35: 0 | J35: 0 | K35: 0 | L35: 0 | M35: 0 | N35: 0 | O35: 0 | P35: 0 | Q35: 0 | R35: 0 | S35: 0 | T35: 0
D36: 0 | E36: 0 | F36: 934.011 | G36: 0 | H36: 0 | I36: 0 | J36: 0 | K36: 0 | L36: 0 | M36: 0 | N36: 0 | O36: 37910.45 | P36: 0 | Q36: 0 | R36: 0 | S36: 0 | T36: 37910.45
T37: 46250.75

Sheet Новикова-Прибоя Полимеры
A2: Отчет по хранению товара за Март 2026 Новикова-Прибоя Полимеры
A3: № | B3: дата | D3: Выгрузка кол-во | E3: Загрузка кол-во | F3: Хранение | G3: Резервирование 0 | H3: Мин. Суточный резерв 0 | I3: переконсолидация (тонн) | J3: Паллетирование | K3: Взвешивание | L3: стоимость взвешивания | M3: стоимость выгрузки за 1 месяц | N3: стоимость загрузки за 1 месяц | O3: стоимость хранения за 1 месяц | P3: Доплата за хранение за 1 месяц | Q3: Доплата за ПРР за 1 месяц | R3: стоимость переконс. | S3: Стоимость паллетирования | T3: итого
A5: 1 | B5: 01.03.2026 | D5: 0 | E5: 0 | F5: 5589.364 | G5: 0 | H5: 0 | I5: 0 | J5: 0 | K5: 0 | L5: 0 | M5: 0 | N5: 0 | O5: 0 | P5: 0 | Q5: 0 | R5: 0 | S5: 0 | T5: 0
A6: 2 | B6: 02.03.2026 | D6: 0 | E6: 0 | F6: 5589.364 | G6: 0 | H6: 0 | I6: 0 | J6: 0 | K6: 0 | L6: 0 | M6: 0 | N6: 0 | O6: 0 | P6: 0 | Q6: 0 | R6: 0 | S6: 0 | T6: 0
A7: 3 | B7: 03.03.2026 | D7: 22.5 | E7: 45 | F7: 5566.864 | G7: 0 | H7: 0 | I7: 0 | J7: 0 | K7: 0 | L7: 0 | M7: 0 | N7: 0 | O7: 0 | P7: 0 | Q7: 0 | R7: 0 | S7: 0 | T7: 0
A8: 4 | B8: 04.03.2026 | D8: 0 | E8: 44 | F8: 5522.864 | G8: 0 | H8: 0 | I8: 0 | J8: 0 | K8: 0 | L8: 0 | M8: 0 | N8: 0 | O8: 0 | P8: 0 | Q8: 0 | R8: 0 | S8: 0 | T8: 0
A9: 5 | B9: 05.03.2026 | D9: 67.5 | E9: 35.9 | F9: 5554.464 | G9: 0 | H9: 0 | I9: 0 | J9: 0 | K9: 0 | L9: 0 | M9: 0 | N9: 0 | O9: 0 | P9: 0 | Q9: 0 | R9: 0 | S9: 0 | T9: 0
A10: 6 | B10: 06.03.2026 | D10: 45 | E10: 66 | F10: 5533.464 | G10: 0 | H10: 0 | I10: 0 | J10: 0 | K10: 0 | L10: 0 | M10: 0 | N10: 0 | O10: 0 | P10: 0 | Q10: 0 | R10: 0 | S10: 0 | T10: 0
A11: 7 | B11: 07.03.2026 | D11: 0 | E11: 0 | F11: 5533.464 | G11: 0 | H11: 0 | I11: 0 | J11: 0 | K11: 0 | L11: 0 | M11: 0 | N11: 0 | O11: 0 | P11: 0 | Q11: 0 | R11: 0 | S11: 0 | T11: 0
A12: 8 | B12: 08.03.2026 | D12: 157.475 | E12: 0 | F12: 5690.939 | G12: 0 | H12: 0 | I12: 1.5 | J12: 1.5 | K12: 0.025 | L12: 2.25 | M12: 0 | N12: 0 | O12: 0 | P12: 0 | Q12: 0 | R12: 1425 | S12: 180 | T12: 1607.25
A13: 9 | B13: 09.03.2026 | D13: 45 | E13: 48.5 | F13: 5687.439 | G13: 0 | H13: 0 | I13: 0 | J13: 0 | K13: 0 | L13: 0 | M13: 0 | N13: 0 | O13: 0 | P13: 0 | Q13: 0 | R13: 0 | S13: 0 | T13: 0
A14: 10 | B14: 10.03.2026 | D14: 67.5 | E14: 44 | F14: 5710.939 | G14: 0 | H14: 0 | I14: 0 | J14: 0 | K14: 0 | L14: 0 | M14: 0 | N14: 0 | O14: 0 | P14: 0 | Q14: 0 | R14: 0 | S14: 0 | T14: 0
A15: 11 | B15: 11.03.2026 | D15: 22.5 | E15: 92.75 | F15: 5640.689 | G15: 0 | H15: 0 | I15: 0 | J15: 0 | K15: 0 | L15: 0 | M15: 0 | N15: 0 | O15: 0 | P15: 0 | Q15: 0 | R15: 0 | S15: 0 | T15: 0
A16: 12 | B16: 12.03.2026 | D16: 0 | E16: 201.5 | F16: 5439.189 | G16: 0 | H16: 0 | I16: 0 | J16: 0 | K16: 0 | L16: 0 | M16: 0 | N16: 0 | O16: 0 | P16: 0 | Q16: 0 | R16: 0 | S16: 0 | T16: 0
... A35: 31 | B35: 31.03.2026 | D35: 0 | E35: 42.625 | F35: 4736.935 | G35: 0 | H35: 0 | I35: 0 | J35: 0 | K35: 0 | L35: 0 | M35: 0 | N35: 0 | O35: 0 | P35: 0 | Q35: 0 | R35: 0 | S35: 0 | T35: 0
D36: 584.55 | E36: 1329.425 | F36: 167116.61 | G36: 0 | H36: 0 | I36: 1.5 | J36: 1.5 | K36: 1.225 | L36: 110.25 | M36: 912000 | N36: 912000 | O36: 6783073.7 | P36: 0 | Q36: 0 | R36: 1425 | S36: 180 | T36: 8608678.7
T37: 10502588

Sheet Новикова-Прибоя Полиом
A2: Отчет по хранению товара за Март 2026 Новикова-Прибоя Полиом
A3: № | B3: дата | D3: Выгрузка кол-во | E3: Загрузка кол-во | F3: Хранение | G3: Резервирование 0 | H3: Мин. Суточный резерв 0 | I3: переконсолидация (тонн) | J3: Паллетирование | K3: Взвешивание | L3: стоимость взвешивания | M3: стоимость выгрузки за 1 месяц | N3: стоимость загрузки за 1 месяц | O3: стоимость хранения за 1 месяц | P3: Доплата за хранение за 1 месяц | Q3: Доплата за ПРР за 1 месяц | R3: стоимость переконс. | S3: Стоимость паллетирования | T3: итого
A5: 1 | B5: 01.03.2026 | D5: 0 | E5: 0 | F5: 15.1 | G5: 0 | H5: 0 | I5: 0 | J5: 0 | K5: 0 | L5: 0 | M5: 0 | N5: 0 | O5: 0 | P5: 0 | Q5: 0 | R5: 0 | S5: 0 | T5: 0
A6: 2 | B6: 02.03.2026 | D6: 0 | E6: 0 | F6: 15.1 | G6: 0 | H6: 0 | I6: 0 | J6: 0 | K6: 0 | L6: 0 | M6: 0 | N6: 0 | O6: 0 | P6: 0 | Q6: 0 | R6: 0 | S6: 0 | T6: 0
A7: 3 | B7: 03.03.2026 | D7: 0 | E7: 0 | F7: 15.1 | G7: 0 | H7: 0 | I7: 0 | J7: 0 | K7: 0 | L7: 0 | M7: 0 | N7: 0 | O7: 0 | P7: 0 | Q7: 0 | R7: 0 | S7: 0 | T7: 0
A8: 4 | B8: 04.03.2026 | D8: 0 | E8: 0 | F8: 15.1 | G8: 0 | H8: 0 | I8: 0 | J8: 0 | K8: 0 | L8: 0 | M8: 0 | N8: 0 | O8: 0 | P8: 0 | Q8: 0 | R8: 0 | S8: 0 | T8: 0
A9: 5 | B9: 05.03.2026 | D9: 0 | E9: 0 | F9: 15.1 | G9: 0 | H9: 0 | I9: 0 | J9: 0 | K9: 0 | L9: 0 | M9: 0 | N9: 0 | O9: 0 | P9: 0 | Q9: 0 | R9: 0 | S9: 0 | T9: 0
A10: 6 | B10: 06.03.2026 | D10: 0 | E10: 0 | F10: 15.1 | G10: 0 | H10: 0 | I10: 0 | J10: 0 | K10: 0 | L10: 0 | M10: 0 | N10: 0 | O10: 0 | P10: 0 | Q10: 0 | R10: 0 | S10: 0 | T10: 0
A11: 7 | B11: 07.03.2026 | D11: 0 | E11: 0 | F11: 15.1 | G11: 0 | H11: 0 | I11: 0 | J11: 0 | K11: 0 | L11: 0 | M11: 0 | N11: 0 | O11: 0 | P11: 0 | Q11: 0 | R11: 0 | S11: 0 | T11: 0
A12: 8 | B12: 08.03.2026 | D12: 0 | E12: 0 | F12: 15.1 | G12: 0 | H12: 0 | I12: 0 | J12: 0 | K12: 0 | L12: 0 | M12: 0 | N12: 0 | O12: 0 | P12: 0 | Q12: 0 | R12: 0 | S12: 0 | T12: 0
A13: 9 | B13: 09.03.2026 | D13: 0 | E13: 0 | F13: 15.1 | G13: 0 | H13: 0 | I13: 0 | J13: 0 | K13: 0 | L13: 0 | M13: 0 | N13: 0 | O13: 0 | P13: 0 | Q13: 0 | R13: 0 | S13: 0 | T13: 0
A14: 10 | B14: 10.03.2026 | D14: 0 | E14: 0 | F14: 15.1 | G14: 0 | H14: 0 | I14: 0 | J14: 0 | K14: 0 | L14: 0 | M14: 0 | N14: 0 | O14: 0 | P14: 0 | Q14: 0 | R14: 0 | S14: 0 | T14: 0
A15: 11 | B15: 11.03.2026 | D15: 0 | E15: 0 | F15: 15.1 | G15: 0 | H15: 0 | I15: 0 | J15: 0 | K15: 0 | L15: 0 | M15: 0 | N15: 0 | O15: 0 | P15: 0 | Q15: 0 | R15: 0 | S15: 0 | T15: 0
A16: 12 | B16: 12.03.2026 | D16: 0 | E16: 0 | F16: 15.1 | G16: 0 | H16: 0 | I16: 0 | J16: 0 | K16: 0 | L16: 0 | M16: 0 | N16: 0 | O16: 0 | P16: 0 | Q16: 0 | R16: 0 | S16: 0 | T16: 0
... A35: 31 | B35: 31.03.2026 | D35: 0 | E35: 0 | F35: 15.157 | G35: 0 | H35: 0 | I35: 0 | J35: 0 | K35: 0 | L35: 0 | M35: 0 | N35: 0 | O35: 0 | P35: 0 | Q35: 0 | R35: 0 | S35: 0 | T35: 0
D36: 0 | E36: 0 | F36: 468.499 | G36: 0 | H36: 0 | I36: 0 | J36: 0 | K36: 0 | L36: 0 | M36: 0 | N36: 0 | O36: 19015.84 | P36: 0 | Q36: 0 | R36: 0 | S36: 0 | T36: 19015.84
T37: 23199.32

Sheet Новосибирск KPI
A2: Отчет по хранению товара за Март 2026 Новосибирск KPI
A3: № | B3: дата | D3: Выгрузка кол-во | E3: Загрузка кол-во | F3: Хранение | G3: Резервирование 0 | H3: Мин. Суточный резерв 0 | I3: переконсолидация (тонн) | J3: Паллетирование | K3: Взвешивание | L3: стоимость взвешивания | M3: стоимость выгрузки за 1 месяц | N3: стоимость загрузки за 1 месяц | O3: стоимость хранения за 1 месяц | P3: Доплата за хранение за 1 месяц | Q3: Доплата за ПРР за 1 месяц | R3: стоимость переконс. | S3: Стоимость паллетирования | T3: итого
A5: 1 | B5: 01.03.2026 | D5: 0 | E5: 0 | F5: 21.91 | G5: 0 | H5: 0 | I5: 0 | J5: 0 | K5: 0 | L5: 0 | M5: 0 | N5: 0 | O5: 0 | P5: 0 | Q5: 0 | R5: 0 | S5: 0 | T5: 0
A6: 2 | B6: 02.03.2026 | D6: 0 | E6: 0 | F6: 21.91 | G6: 0 | H6: 0 | I6: 0 | J6: 0 | K6: 0 | L6: 0 | M6: 0 | N6: 0 | O6: 0 | P6: 0 | Q6: 0 | R6: 0 | S6: 0 | T6: 0
A7: 3 | B7: 03.03.2026 | D7: 0 | E7: 0 | F7: 21.91 | G7: 0 | H7: 0 | I7: 0 | J7: 0 | K7: 0 | L7: 0 | M7: 0 | N7: 0 | O7: 0 | P7: 0 | Q7: 0 | R7: 0 | S7: 0 | T7: 0
A8: 4 | B8: 04.03.2026 | D8: 0 | E8: 0 | F8: 21.91 | G8: 0 | H8: 0 | I8: 0 | J8: 0 | K8: 0 | L8: 0 | M8: 0 | N8: 0 | O8: 0 | P8: 0 | Q8: 0 | R8: 0 | S8: 0 | T8: 0
A9: 5 | B9: 05.03.2026 | D9: 0 | E9: 0 | F9: 21.91 | G9: 0 | H9: 0 | I9: 0 | J9: 0 | K9: 0 | L9: 0 | M9: 0 | N9: 0 | O9: 0 | P9: 0 | Q9: 0 | R9: 0 | S9: 0 | T9: 0
A10: 6 | B10: 06.03.2026 | D10: 0 | E10: 0 | F10: 21.91 | G10: 0 | H10: 0 | I10: 0 | J10: 0 | K10: 0 | L10: 0 | M10: 0 | N10: 0 | O10: 0 | P10: 0 | Q10: 0 | R10: 0 | S10: 0 | T10: 0
A11: 7 | B11: 07.03.2026 | D11: 0 | E11: 0 | F11: 21.91 | G11: 0 | H11: 0 | I11: 0 | J11: 0 | K11: 0 | L11: 0 | M11: 0 | N11: 0 | O11: 0 | P11: 0 | Q11: 0 | R11: 0 | S11: 0 | T11: 0
A12: 8 | B12: 08.03.2026 | D12: 0 | E12: 0 | F12: 21.91 | G12: 0 | H12: 0 | I12: 0 | J12: 0 | K12: 0 | L12: 0 | M12: 0 | N12: 0 | O12: 0 | P12: 0 | Q12: 0 | R12: 0 | S12: 0 | T12: 0
A13: 9 | B13: 09.03.2026 | D13: 0 | E13: 0 | F13: 21.91 | G13: 0 | H13: 0 | I13: 0 | J13: 0 | K13: 0 | L13: 0 | M13: 0 | N13: 0 | O13: 0 | P13: 0 | Q13: 0 | R13: 0 | S13: 0 | T13: 0
A14: 10 | B14: 10.03.2026 | D14: 0 | E14: 0 | F14: 21.91 | G14: 0 | H14: 0 | I14: 0 | J14: 0 | K14: 0 | L14: 0 | M14: 0 | N14: 0 | O14: 0 | P14: 0 | Q14: 0 | R14: 0 | S14: 0 | T14: 0
A15: 11 | B15: 11.03.2026 | D15: 0 | E15: 0 | F15: 21.91 | G15: 0 | H15: 0 | I15: 0 | J15: 0 | K15: 0 | L15: 0 | M15: 0 | N15: 0 | O15: 0 | P15: 0 | Q15: 0 | R15: 0 | S15: 0 | T15: 0
A16: 12 | B16: 12.03.2026 | D16: 0 | E16: 0 | F16: 21.91 | G16: 0 | H16: 0 | I16: 0 | J16: 0 | K16: 0 | L16: 0 | M16: 0 | N16: 0 | O16: 0 | P16: 0 | Q16: 0 | R16: 0 | S16: 0 | T16: 0
... A35: 31 | B35: 31.03.2026 | D35: 0 | E35: 0 | F35: 21.91 | G35: 0 | H35: 0 | I35: 0 | J35: 0 | K35: 0 | L35: 0 | M35: 0 | N35: 0 | O35: 0 | P35: 0 | Q35: 0 | R35: 0 | S35: 0 | T35: 0
D36: 0 | E36: 0 | F36: 679.21 | G36: 0 | H36: 0 | I36: 0 | J36: 0 | K36: 0 | L36: 0 | M36: 0 | N36: 0 | O36: 15314.28 | P36: 0 | Q36: 0 | R36: 0 | S36: 0 | T36: 15314.28
T37: 18683.42

Sheet Новосибирск Полимеры
A2: Отчет по хранению товара за Март 2026 Новосибирск Полимеры
A3: № | B3: дата | D3: Выгрузка кол-во | E3: Загрузка кол-во | F3: Хранение | G3: Резервирование 0 | H3: Мин. Суточный резерв 0 | I3: переконсолидация (тонн) | J3: Паллетирование | K3: Взвешивание | L3: стоимость взвешивания | M3: стоимость выгрузки за 1 месяц | N3: стоимость загрузки за 1 месяц | O3: стоимость хранения за 1 месяц | P3: Доплата за хранение за 1 месяц | Q3: Доплата за ПРР за 1 месяц | R3: стоимость переконс. | S3: Стоимость паллетирования | T3: итого
A5: 1 | B5: 01.03.2026 | D5: 0 | E5: 0 | F5: 2896.189 | G5: 0 | H5: 0 | I5: 0 | J5: 0 | K5: 0 | L5: 0 | M5: 0 | N5: 0 | O5: 0 | P5: 0 | Q5: 0 | R5: 0 | S5: 0 | T5: 0
A6: 2 | B6: 02.03.2026 | D6: 90 | E6: 0 | F6: 2986.189 | G6: 0 | H6: 0 | I6: 0 | J6: 0 | K6: 0 | L6: 0 | M6: 0 | N6: 0 | O6: 0 | P6: 0 | Q6: 0 | R6: 0 | S6: 0 | T6: 0
A7: 3 | B7: 03.03.2026 | D7: 202.5 | E7: 24.875 | F7: 3163.814 | G7: 0 | H7: 0 | I7: 0 | J7: 0 | K7: 0 | L7: 0 | M7: 0 | N7: 0 | O7: 0 | P7: 0 | Q7: 0 | R7: 0 | S7: 0 | T7: 0
A8: 4 | B8: 04.03.2026 | D8: 337.5 | E8: 0 | F8: 3501.314 | G8: 0 | H8: 0 | I8: 0 | J8: 0 | K8: 0 | L8: 0 | M8: 0 | N8: 0 | O8: 0 | P8: 0 | Q8: 0 | R8: 0 | S8: 0 | T8: 0
A9: 5 | B9: 05.03.2026 | D9: 292.5 | E9: 24.75 | F9: 3769.064 | G9: 0 | H9: 0 | I9: 0 | J9: 0 | K9: 0 | L9: 0 | M9: 0 | N9: 0 | O9: 0 | P9: 0 | Q9: 0 | R9: 0 | S9: 0 | T9: 0
A10: 6 | B10: 06.03.2026 | D10: 22.5 | E10: 68.625 | F10: 3722.939 | G10: 0 | H10: 0 | I10: 0 | J10: 0 | K10: 0 | L10: 0 | M10: 0 | N10: 0 | O10: 0 | P10: 0 | Q10: 0 | R10: 0 | S10: 0 | T10: 0
A11: 7 | B11: 07.03.2026 | D11: 0 | E11: 0 | F11: 3722.939 | G11: 0 | H11: 0 | I11: 0 | J11: 0 | K11: 0 | L11: 0 | M11: 0 | N11: 0 | O11: 0 | P11: 0 | Q11: 0 | R11: 0 | S11: 0 | T11: 0
A12: 8 | B12: 08.03.2026 | D12: 0 | E12: 0 | F12: 3722.939 | G12: 0 | H12: 0 | I12: 0 | J12: 0 | K12: 0 | L12: 0 | M12: 0 | N12: 0 | O12: 0 | P12: 0 | Q12: 0 | R12: 0 | S12: 0 | T12: 0
A13: 9 | B13: 09.03.2026 | D13: 0 | E13: 0 | F13: 3722.939 | G13: 0 | H13: 0 | I13: 0 | J13: 0 | K13: 0 | L13: 0 | M13: 0 | N13: 0 | O13: 0 | P13: 0 | Q13: 0 | R13: 0 | S13: 0 | T13: 0
A14: 10 | B14: 10.03.2026 | D14: 247.5 | E14: 121.925 | F14: 3848.514 | G14: 0 | H14: 0 | I14: 0 | J14: 0 | K14: 0 | L14: 0 | M14: 0 | N14: 0 | O14: 0 | P14: 0 | Q14: 0 | R14: 0 | S14: 0 | T14: 0
A15: 11 | B15: 11.03.2026 | D15: 90 | E15: 133.125 | F15: 3805.389 | G15: 0 | H15: 0 | I15: 0 | J15: 0 | K15: 0 | L15: 0 | M15: 0 | N15: 0 | O15: 0 | P15: 0 | Q15: 0 | R15: 0 | S15: 0 | T15: 0
A16: 12 | B16: 12.03.2026 | D16: 90 | E16: 202.5 | F16: 3692.889 | G16: 0 | H16: 0 | I16: 0 | J16: 0 | K16: 0 | L16: 0 | M16: 0 | N16: 0 | O16: 0 | P16: 0 | Q16: 0 | R16: 0 | S16: 0 | T16: 0
... A35: 31 | B35: 31.03.2026 | D35: 157.5 | E35: 47.875 | F35: 4138.389 | G35: 0 | H35: 0 | I35: 0 | J35: 0 | K35: 0 | L35: 0 | M35: 0 | N35: 0 | O35: 0 | P35: 0 | Q35: 0 | R35: 0 | S35: 0 | T35: 0
D36: 3145.725 | E36: 1903.525 | F36: 112357.68 | G36: 0 | H36: 0 | I36: 0 | J36: 0 | K36: 0 | L36: 0 | M36: 450934.36 | N36: 437606.52 | O36: 2533351.3 | P36: 0 | Q36: 0 | R36: 0 | S36: 0 | T36: 3421892.2
T37: 4174708.5

Sheet Новосибирск Полиом
A2: Отчет по хранению товара за Март 2026 Новосибирск Полиом
A3: № | B3: дата | D3: Выгрузка кол-во | E3: Загрузка кол-во | F3: Хранение | G3: Резервирование 0 | H3: Мин. Суточный резерв 0 | I3: переконсолидация (тонн) | J3: Паллетирование | K3: Взвешивание | L3: стоимость взвешивания | M3: стоимость выгрузки за 1 месяц | N3: стоимость загрузки за 1 месяц | O3: стоимость хранения за 1 месяц | P3: Доплата за хранение за 1 месяц | Q3: Доплата за ПРР за 1 месяц | R3: стоимость переконс. | S3: Стоимость паллетирования | T3: итого
A5: 1 | B5: 01.03.2026 | D5: 0 | E5: 0 | F5: 29.1 | G5: 0 | H5: 0 | I5: 0 | J5: 0 | K5: 0 | L5: 0 | M5: 0 | N5: 0 | O5: 0 | P5: 0 | Q5: 0 | R5: 0 | S5: 0 | T5: 0
A6: 2 | B6: 02.03.2026 | D6: 0 | E6: 0 | F6: 29.1 | G6: 0 | H6: 0 | I6: 0 | J6: 0 | K6: 0 | L6: 0 | M6: 0 | N6: 0 | O6: 0 | P6: 0 | Q6: 0 | R6: 0 | S6: 0 | T6: 0
A7: 3 | B7: 03.03.2026 | D7: 0 | E7: 0 | F7: 29.1 | G7: 0 | H7: 0 | I7: 0 | J7: 0 | K7: 0 | L7: 0 | M7: 0 | N7: 0 | O7: 0 | P7: 0 | Q7: 0 | R7: 0 | S7: 0 | T7: 0
A8: 4 | B8: 04.03.2026 | D8: 0 | E8: 0 | F8: 29.1 | G8: 0 | H8: 0 | I8: 0 | J8: 0 | K8: 0 | L8: 0 | M8: 0 | N8: 0 | O8: 0 | P8: 0 | Q8: 0 | R8: 0 | S8: 0 | T8: 0
A9: 5 | B9: 05.03.2026 | D9: 0 | E9: 0 | F9: 29.1 | G9: 0 | H9: 0 | I9: 0 | J9: 0 | K9: 0 | L9: 0 | M9: 0 | N9: 0 | O9: 0 | P9: 0 | Q9: 0 | R9: 0 | S9: 0 | T9: 0
A10: 6 | B10: 06.03.2026 | D10: 0 | E10: 0 | F10: 29.1 | G10: 0 | H10: 0 | I10: 0 | J10: 0 | K10: 0 | L10: 0 | M10: 0 | N10: 0 | O10: 0 | P10: 0 | Q10: 0 | R10: 0 | S10: 0 | T10: 0
A11: 7 | B11: 07.03.2026 | D11: 0 | E11: 0 | F11: 29.1 | G11: 0 | H11: 0 | I11: 0 | J11: 0 | K11: 0 | L11: 0 | M11: 0 | N11: 0 | O11: 0 | P11: 0 | Q11: 0 | R11: 0 | S11: 0 | T11: 0
A12: 8 | B12: 08.03.2026 | D12: 0 | E12: 0 | F12: 29.1 | G12: 0 | H12: 0 | I12: 0 | J12: 0 | K12: 0 | L12: 0 | M12: 0 | N12: 0 | O12: 0 | P12: 0 | Q12: 0 | R12: 0 | S12: 0 | T12: 0
A13: 9 | B13: 09.03.2026 | D13: 0 | E13: 0 | F13: 29.1 | G13: 0 | H13: 0 | I13: 0 | J13: 0 | K13: 0 | L13: 0 | M13: 0 | N13: 0 | O13: 0 | P13: 0 | Q13: 0 | R13: 0 | S13: 0 | T13: 0
A14: 10 | B14: 10.03.2026 | D14: 0 | E14: 0 | F14: 29.1 | G14: 0 | H14: 0 | I14: 0 | J14: 0 | K14: 0 | L14: 0 | M14: 0 | N14: 0 | O14: 0 | P14: 0 | Q14: 0 | R14: 0 | S14: 0 | T14: 0
A15: 11 | B15: 11.03.2026 | D15: 0 | E15: 0 | F15: 29.1 | G15: 0 | H15: 0 | I15: 0 | J15: 0 | K15: 0 | L15: 0 | M15: 0 | N15: 0 | O15: 0 | P15: 0 | Q15: 0 | R15: 0 | S15: 0 | T15: 0
A16: 12 | B16: 12.03.2026 | D16: 0 | E16: 0 | F16: 29.1 | G16: 0 | H16: 0 | I16: 0 | J16: 0 | K16: 0 | L16: 0 | M16: 0 | N16: 0 | O16: 0 | P16: 0 | Q16: 0 | R16: 0 | S16: 0 | T16: 0
... A35: 31 | B35: 31.03.2026 | D35: 0 | E35: 22 | F35: 29.1 | G35: 0 | H35: 0 | I35: 0 | J35: 0 | K35: 0 | L35: 0 | M35: 0 | N35: 0 | O35: 0 | P35: 0 | Q35: 0 | R35: 0 | S35: 0 | T35: 0
D36: 154 | E36: 154 | F36: 2376.1 | G36: 0 | H36: 0 | I36: 0 | J36: 0 | K36: 0 | L36: 0 | M36: 22075.64 | N36: 35403.48 | O36: 53574.4 | P36: 0 | Q36: 0 | R36: 0 | S36: 0 | T36: 111053.52
T37: 135485.29

Sheet Новосибирск Порошок
A2: Отчет по хранению товара за Март 2026 Новосибирск Порошок Порошок
A3: № | B3: дата | D3: Выгрузка кол-во | E3: Загрузка кол-во | F3: Хранение | G3: Резервирование 0 т | H3: Мин. Суточный резерв 0 | I3: переконсолидация (тонн) | J3: Паллетирование | K3: Ночная загруска выгрузка | L3: стоимость ночной загруски | M3: стоимость выгрузки | N3: стоимость загрузки | O3: стоимость хранения за 1 месяц | P3: Доплата за хранение за 1 месяц | Q3: Стоимость мин.суточной бработки | R3: стоимость переконс. | S3: Стоимость паллетирования | T3: итого
A5: 1 | B5: 01.03.2026 | D5: 0 | E5: 0 | F5: 927.843 | G5: 0 | H5: 0 | I5: 0 | J5: 0 | L5: 0 | M5: 0 | N5: 0 | O5: 0 | P5: 0 | Q5: 0 | R5: 0 | S5: 0 | T5: 0
A6: 2 | B6: 02.03.2026 | D6: 0 | E6: 0 | F6: 927.843 | G6: 0 | H6: 0 | I6: 0 | J6: 0 | L6: 0 | M6: 0 | N6: 0 | O6: 0 | P6: 0 | Q6: 0 | R6: 0 | S6: 0 | T6: 0
A7: 3 | B7: 03.03.2026 | D7: 0 | E7: 0 | F7: 927.843 | G7: 0 | H7: 0 | I7: 0 | J7: 0 | L7: 0 | M7: 0 | N7: 0 | O7: 0 | P7: 0 | Q7: 0 | R7: 0 | S7: 0 | T7: 0
A8: 4 | B8: 04.03.2026 | D8: 0 | E8: 0 | F8: 927.843 | G8: 0 | H8: 0 | I8: 0 | J8: 0 | L8: 0 | M8: 0 | N8: 0 | O8: 0 | P8: 0 | Q8: 0 | R8: 0 | S8: 0 | T8: 0
A9: 5 | B9: 05.03.2026 | D9: 0 | E9: 0 | F9: 927.843 | G9: 0 | H9: 0 | I9: 0 | J9: 0 | L9: 0 | M9: 0 | N9: 0 | O9: 0 | P9: 0 | Q9: 0 | R9: 0 | S9: 0 | T9: 0
A10: 6 | B10: 06.03.2026 | D10: 0 | E10: 0 | F10: 927.843 | G10: 0 | H10: 0 | I10: 0 | J10: 0 | L10: 0 | M10: 0 | N10: 0 | O10: 0 | P10: 0 | Q10: 0 | R10: 0 | S10: 0 | T10: 0
