Workbook

Sheet Лист1

Sheet Биаксплен Новосибирск
A1: =T37 -> 312363.26
A2: ="Отчет по хранению товара за " & TEXT(B5,"ММММ ГГГГ") -> Отчет по хранению товара за Декабрь 2025
A3: № | B3: дата | D3: Выгрузка кол-во | E3: Загрузка кол-во | F3: Хранение | G3: Резервирование 70 т | H3: Мин. Суточный резерв 0 т | I3: переконсолидация (тонн) | J3: Паллетирование | K3: Ночная загруска выгрузка | L3: стоимость ночной загруски | M3: стоимость выгрузки | N3: стоимость загрузки | O3: стоимость хранения | P3: Стоимость резервирования | Q3: Стоимость мин.суточной бработки | R3: стоимость переконс. | S3: Стоимость паллетирования | T3: итого
A5: 1 | B5: 45992 | F5: =194.4843+D5-E5 -> 194.4843 | G5: =IF(OR(B5="",NOT(ISERROR(SEARCH("KPI",$A$2))),NOT(ISERROR(SEARCH("Полиом",$A$2)))),0,IF(70-F5<=0,0,70-F5)) -> 0 | L5: =SUM(K5*240) -> 0 | M5: =SUM(D5*120) -> 0 | N5: =SUM(E5*120) -> 0 | O5: =SUM(F5*54) -> 10502.152 | P5: =SUM(G5*54) -> 0 | Q5: =SUM(H5*120) -> 0 | R5: =SUM(I5*1000) -> 0 | S5: =SUM(J5*140) -> 0 | T5: =SUM(L5:S5) -> 10502.152
A6: 2 | B6: 45993 | E6: 4.032 | F6: =F5-E6+D6 -> 190.4523 | G6: =IF(OR(B6="",NOT(ISERROR(SEARCH("KPI",$A$2))),NOT(ISERROR(SEARCH("Полиом",$A$2)))),0,IF(70-F6<=0,0,70-F6)) -> 0 | L6: =SUM(K6*240) -> 0 | M6: =SUM(D6*120) -> 0 | N6: =SUM(E6*120) -> 483.84 | O6: =SUM(F6*54) -> 10284.424 | P6: =SUM(G6*54) -> 0 | Q6: =SUM(H6*120) -> 0 | R6: =SUM(I6*1000) -> 0 | S6: =SUM(J6*140) -> 0 | T6: =SUM(L6:S6) -> 10768.264
A7: 3 | B7: 45994 | F7: =F6-E7+D7 -> 190.4523 | G7: =IF(OR(B7="",NOT(ISERROR(SEARCH("KPI",$A$2))),NOT(ISERROR(SEARCH("Полиом",$A$2)))),0,IF(70-F7<=0,0,70-F7)) -> 0 | L7: =SUM(K7*240) -> 0 | M7: =SUM(D7*120) -> 0 | N7: =SUM(E7*120) -> 0 | O7: =SUM(F7*54) -> 10284.424 | P7: =SUM(G7*54) -> 0 | Q7: =SUM(H7*120) -> 0 | R7: =SUM(I7*1000) -> 0 | S7: =SUM(J7*140) -> 0 | T7: =SUM(L7:S7) -> 10284.424
A8: 4 | B8: 45995 | E8: 6.7292 | F8: =F7-E8+D8 -> 183.7231 | G8: =IF(OR(B8="",NOT(ISERROR(SEARCH("KPI",$A$2))),NOT(ISERROR(SEARCH("Полиом",$A$2)))),0,IF(70-F8<=0,0,70-F8)) -> 0 | L8: =SUM(K8*240) -> 0 | M8: =SUM(D8*120) -> 0 | N8: =SUM(E8*120) -> 807.504 | O8: =SUM(F8*54) -> 9921.0474 | P8: =SUM(G8*54) -> 0 | Q8: =SUM(H8*120) -> 0 | R8: =SUM(I8*1000) -> 0 | S8: =SUM(J8*140) -> 0 | T8: =SUM(L8:S8) -> 10728.551
A9: 5 | B9: 45996 | F9: =F8-E9+D9 -> 183.7231 | G9: =IF(OR(B9="",NOT(ISERROR(SEARCH("KPI",$A$2))),NOT(ISERROR(SEARCH("Полиом",$A$2)))),0,IF(70-F9<=0,0,70-F9)) -> 0 | L9: =SUM(K9*240) -> 0 | M9: =SUM(D9*120) -> 0 | N9: =SUM(E9*120) -> 0 | O9: =SUM(F9*54) -> 9921.0474 | P9: =SUM(G9*54) -> 0 | Q9: =SUM(H9*120) -> 0 | R9: =SUM(I9*1000) -> 0 | S9: =SUM(J9*140) -> 0 | T9: =SUM(L9:S9) -> 9921.0474
A10: 6 | B10: 45997 | E10: 7.2236 | F10: =F9-E10+D10 -> 176.4995 | G10: =IF(OR(B10="",NOT(ISERROR(SEARCH("KPI",$A$2))),NOT(ISERROR(SEARCH("Полиом",$A$2)))),0,IF(70-F10<=0,0,70-F10)) -> 0 | L10: =SUM(K10*240) -> 0 | M10: =SUM(D10*120) -> 0 | N10: =SUM(E10*120) -> 866.832 | O10: =SUM(F10*54) -> 9530.973 | P10: =SUM(G10*54) -> 0 | Q10: =SUM(H10*120) -> 0 | R10: =SUM(I10*1000) -> 0 | S10: =SUM(J10*140) -> 0 | T10: =SUM(L10:S10) -> 10397.805
A11: 7 | B11: 45998 | F11: =F10-E11+D11 -> 176.4995 | G11: =IF(OR(B11="",NOT(ISERROR(SEARCH("KPI",$A$2))),NOT(ISERROR(SEARCH("Полиом",$A$2)))),0,IF(70-F11<=0,0,70-F11)) -> 0 | L11: =SUM(K11*240) -> 0 | M11: =SUM(D11*120) -> 0 | N11: =SUM(E11*120) -> 0 | O11: =SUM(F11*54) -> 9530.973 | P11: =SUM(G11*54) -> 0 | Q11: =SUM(H11*120) -> 0 | R11: =SUM(I11*1000) -> 0 | S11: =SUM(J11*140) -> 0 | T11: =SUM(L11:S11) -> 9530.973
A12: 8 | B12: 45999 | F12: =F11-E12+D12 -> 176.4995 | G12: =IF(OR(B12="",NOT(ISERROR(SEARCH("KPI",$A$2))),NOT(ISERROR(SEARCH("Полиом",$A$2)))),0,IF(70-F12<=0,0,70-F12)) -> 0 | L12: =SUM(K12*240) -> 0 | M12: =SUM(D12*120) -> 0 | N12: =SUM(E12*120) -> 0 | O12: =SUM(F12*54) -> 9530.973 | P12: =SUM(G12*54) -> 0 | Q12: =SUM(H12*120) -> 0 | R12: =SUM(I12*1000) -> 0 | S12: =SUM(J12*140) -> 0 | T12: =SUM(L12:S12) -> 9530.973
A13: 9 | B13: 46000 | E13: 4.1532 | F13: =F12-E13+D13 -> 172.3463 | G13: =IF(OR(B13="",NOT(ISERROR(SEARCH("KPI",$A$2))),NOT(ISERROR(SEARCH("Полиом",$A$2)))),0,IF(70-F13<=0,0,70-F13)) -> 0 | L13: =SUM(K13*240) -> 0 | M13: =SUM(D13*120) -> 0 | N13: =SUM(E13*120) -> 498.384 | O13: =SUM(F13*54) -> 9306.7002 | P13: =SUM(G13*54) -> 0 | Q13: =SUM(H13*120) -> 0 | R13: =SUM(I13*1000) -> 0 | S13: =SUM(J13*140) -> 0 | T13: =SUM(L13:S13) -> 9805.0842
A14: 10 | B14: 46001 | F14: =F13-E14+D14 -> 172.3463 | G14: =IF(OR(B14="",NOT(ISERROR(SEARCH("KPI",$A$2))),NOT(ISERROR(SEARCH("Полиом",$A$2)))),0,IF(70-F14<=0,0,70-F14)) -> 0 | L14: =SUM(K14*240) -> 0 | M14: =SUM(D14*120) -> 0 | N14: =SUM(E14*120) -> 0 | O14: =SUM(F14*54) -> 9306.7002 | P14: =SUM(G14*54) -> 0 | Q14: =SUM(H14*120) -> 0 | R14: =SUM(I14*1000) -> 0 | S14: =SUM(J14*140) -> 0 | T14: =SUM(L14:S14) -> 9306.7002
A15: 11 | B15: 46002 | E15: 4.4745 | F15: =F14-E15+D15 -> 167.8718 | G15: =IF(OR(B15="",NOT(ISERROR(SEARCH("KPI",$A$2))),NOT(ISERROR(SEARCH("Полиом",$A$2)))),0,IF(70-F15<=0,0,70-F15)) -> 0 | L15: =SUM(K15*240) -> 0 | M15: =SUM(D15*120) -> 0 | N15: =SUM(E15*120) -> 536.94 | O15: =SUM(F15*54) -> 9065.0772 | P15: =SUM(G15*54) -> 0 | Q15: =SUM(H15*120) -> 0 | R15: =SUM(I15*1000) -> 0 | S15: =SUM(J15*140) -> 0 | T15: =SUM(L15:S15) -> 9602.0172
A16: 12 | B16: 46003 | F16: =F15-E16+D16 -> 167.8718 | G16: =IF(OR(B16="",NOT(ISERROR(SEARCH("KPI",$A$2))),NOT(ISERROR(SEARCH("Полиом",$A$2)))),0,IF(70-F16<=0,0,70-F16)) -> 0 | L16: =SUM(K16*240) -> 0 | M16: =SUM(D16*120) -> 0 | N16: =SUM(E16*120) -> 0 | O16: =SUM(F16*54) -> 9065.0772 | P16: =SUM(G16*54) -> 0 | Q16: =SUM(H16*120) -> 0 | R16: =SUM(I16*1000) -> 0 | S16: =SUM(J16*140) -> 0 | T16: =SUM(L16:S16) -> 9065.0772
A17: 13 | B17: 46004 | F17: =F16-E17+D17 -> 167.8718 | G17: =IF(OR(B17="",NOT(ISERROR(SEARCH("KPI",$A$2))),NOT(ISERROR(SEARCH("Полиом",$A$2)))),0,IF(70-F17<=0,0,70-F17)) -> 0 | L17: =SUM(K17*240) -> 0 | M17: =SUM(D17*120) -> 0 | N17: =SUM(E17*120) -> 0 | O17: =SUM(F17*54) -> 9065.0772 | P17: =SUM(G17*54) -> 0 | Q17: =SUM(H17*120) -> 0 | R17: =SUM(I17*1000) -> 0 | S17: =SUM(J17*140) -> 0 | T17: =SUM(L17:S17) -> 9065.0772
A18: 14 | B18: 46005 | F18: =F17-E18+D18 -> 167.8718 | G18: =IF(OR(B18="",NOT(ISERROR(SEARCH("KPI",$A$2))),NOT(ISERROR(SEARCH("Полиом",$A$2)))),0,IF(70-F18<=0,0,70-F18)) -> 0 | L18: =SUM(K18*240) -> 0 | M18: =SUM(D18*120) -> 0 | N18: =SUM(E18*120) -> 0 | O18: =SUM(F18*54) -> 9065.0772 | P18: =SUM(G18*54) -> 0 | Q18: =SUM(H18*120) -> 0 | R18: =SUM(I18*1000) -> 0 | S18: =SUM(J18*140) -> 0 | T18: =SUM(L18:S18) -> 9065.0772
A19: 15 | B19: 46006 | F19: =F18-E19+D19 -> 167.8718 | G19: =IF(OR(B19="",NOT(ISERROR(SEARCH("KPI",$A$2))),NOT(ISERROR(SEARCH("Полиом",$A$2)))),0,IF(70-F19<=0,0,70-F19)) -> 0 | L19: =SUM(K19*240) -> 0 | M19: =SUM(D19*120) -> 0 | N19: =SUM(E19*120) -> 0 | O19: =SUM(F19*54) -> 9065.0772 | P19: =SUM(G19*54) -> 0 | Q19: =SUM(H19*120) -> 0 | R19: =SUM(I19*1000) -> 0 | S19: =SUM(J19*140) -> 0 | T19: =SUM(L19:S19) -> 9065.0772
A20: 16 | B20: 46007 | E20: 21.3403 | F20: =F19-E20+D20 -> 146.5315 | G20: =IF(OR(B20="",NOT(ISERROR(SEARCH("KPI",$A$2))),NOT(ISERROR(SEARCH("Полиом",$A$2)))),0,IF(70-F20<=0,0,70-F20)) -> 0 | L20: =SUM(K20*240) -> 0 | M20: =SUM(D20*120) -> 0 | N20: =SUM(E20*120) -> 2560.836 | O20: =SUM(F20*54) -> 7912.701 | P20: =SUM(G20*54) -> 0 | Q20: =SUM(H20*120) -> 0 | R20: =SUM(I20*1000) -> 0 | S20: =SUM(J20*140) -> 0 | T20: =SUM(L20:S20) -> 10473.537
A21: 17 | B21: 46008 | F21: =F20-E21+D21 -> 146.5315 | G21: =IF(OR(B21="",NOT(ISERROR(SEARCH("KPI",$A$2))),NOT(ISERROR(SEARCH("Полиом",$A$2)))),0,IF(70-F21<=0,0,70-F21)) -> 0 | L21: =SUM(K21*240) -> 0 | M21: =SUM(D21*120) -> 0 | N21: =SUM(E21*120) -> 0 | O21: =SUM(F21*54) -> 7912.701 | P21: =SUM(G21*54) -> 0 | Q21: =SUM(H21*120) -> 0 | R21: =SUM(I21*1000) -> 0 | S21: =SUM(J21*140) -> 0 | T21: =SUM(L21:S21) -> 7912.701
A22: 18 | B22: 46009 | E22: 20.3277 | F22: =F21-E22+D22 -> 126.2038 | G22: =IF(OR(B22="",NOT(ISERROR(SEARCH("KPI",$A$2))),NOT(ISERROR(SEARCH("Полиом",$A$2)))),0,IF(70-F22<=0,0,70-F22)) -> 0 | L22: =SUM(K22*240) -> 0 | M22: =SUM(D22*120) -> 0 | N22: =SUM(E22*120) -> 2439.324 | O22: =SUM(F22*54) -> 6815.0052 | P22: =SUM(G22*54) -> 0 | Q22: =SUM(H22*120) -> 0 | R22: =SUM(I22*1000) -> 0 | S22: =SUM(J22*140) -> 0 | T22: =SUM(L22:S22) -> 9254.3292
A23: 19 | B23: 46010 | F23: =F22-E23+D23 -> 126.2038 | G23: =IF(OR(B23="",NOT(ISERROR(SEARCH("KPI",$A$2))),NOT(ISERROR(SEARCH("Полиом",$A$2)))),0,IF(70-F23<=0,0,70-F23)) -> 0 | L23: =SUM(K23*240) -> 0 | M23: =SUM(D23*120) -> 0 | N23: =SUM(E23*120) -> 0 | O23: =SUM(F23*54) -> 6815.0052 | P23: =SUM(G23*54) -> 0 | Q23: =SUM(H23*120) -> 0 | R23: =SUM(I23*1000) -> 0 | S23: =SUM(J23*140) -> 0 | T23: =SUM(L23:S23) -> 6815.0052
A24: 20 | B24: 46011 | E24: 5.0472 | F24: =F23-E24+D24 -> 121.1566 | G24: =IF(OR(B24="",NOT(ISERROR(SEARCH("KPI",$A$2))),NOT(ISERROR(SEARCH("Полиом",$A$2)))),0,IF(70-F24<=0,0,70-F24)) -> 0 | L24: =SUM(K24*240) -> 0 | M24: =SUM(D24*120) -> 0 | N24: =SUM(E24*120) -> 605.664 | O24: =SUM(F24*54) -> 6542.4564 | P24: =SUM(G24*54) -> 0 | Q24: =SUM(H24*120) -> 0 | R24: =SUM(I24*1000) -> 0 | S24: =SUM(J24*140) -> 0 | T24: =SUM(L24:S24) -> 7148.1204
A25: 21 | B25: 46012 | F25: =F24-E25+D25 -> 121.1566 | G25: =IF(OR(B25="",NOT(ISERROR(SEARCH("KPI",$A$2))),NOT(ISERROR(SEARCH("Полиом",$A$2)))),0,IF(70-F25<=0,0,70-F25)) -> 0 | L25: =SUM(K25*240) -> 0 | M25: =SUM(D25*120) -> 0 | N25: =SUM(E25*120) -> 0 | O25: =SUM(F25*54) -> 6542.4564 | P25: =SUM(G25*54) -> 0 | Q25: =SUM(H25*120) -> 0 | R25: =SUM(I25*1000) -> 0 | S25: =SUM(J25*140) -> 0 | T25: =SUM(L25:S25) -> 6542.4564
A26: 22 | B26: 46013 | F26: =F25-E26+D26 -> 121.1566 | G26: =IF(OR(B26="",NOT(ISERROR(SEARCH("KPI",$A$2))),NOT(ISERROR(SEARCH("Полиом",$A$2)))),0,IF(70-F26<=0,0,70-F26)) -> 0 | L26: =SUM(K26*240) -> 0 | M26: =SUM(D26*120) -> 0 | N26: =SUM(E26*120) -> 0 | O26: =SUM(F26*54) -> 6542.4564 | P26: =SUM(G26*54) -> 0 | Q26: =SUM(H26*120) -> 0 | R26: =SUM(I26*1000) -> 0 | S26: =SUM(J26*140) -> 0 | T26: =SUM(L26:S26) -> 6542.4564
A27: 23 | B27: 46014 | E27: 20.1362 | F27: =F26-E27+D27 -> 101.0204 | G27: =IF(OR(B27="",NOT(ISERROR(SEARCH("KPI",$A$2))),NOT(ISERROR(SEARCH("Полиом",$A$2)))),0,IF(70-F27<=0,0,70-F27)) -> 0 | L27: =SUM(K27*240) -> 0 | M27: =SUM(D27*120) -> 0 | N27: =SUM(E27*120) -> 2416.344 | O27: =SUM(F27*54) -> 5455.1016 | P27: =SUM(G27*54) -> 0 | Q27: =SUM(H27*120) -> 0 | R27: =SUM(I27*1000) -> 0 | S27: =SUM(J27*140) -> 0 | T27: =SUM(L27:S27) -> 7871.4456
A28: 24 | B28: 46015 | F28: =F27-E28+D28 -> 101.0204 | G28: =IF(OR(B28="",NOT(ISERROR(SEARCH("KPI",$A$2))),NOT(ISERROR(SEARCH("Полиом",$A$2)))),0,IF(70-F28<=0,0,70-F28)) -> 0 | L28: =SUM(K28*240) -> 0 | M28: =SUM(D28*120) -> 0 | N28: =SUM(E28*120) -> 0 | O28: =SUM(F28*54) -> 5455.1016 | P28: =SUM(G28*54) -> 0 | Q28: =SUM(H28*120) -> 0 | R28: =SUM(I28*1000) -> 0 | S28: =SUM(J28*140) -> 0 | T28: =SUM(L28:S28) -> 5455.1016
A29: 25 | B29: 46016 | E29: 30.345 | F29: =F28-E29+D29 -> 70.6754 | G29: =IF(OR(B29="",NOT(ISERROR(SEARCH("KPI",$A$2))),NOT(ISERROR(SEARCH("Полиом",$A$2)))),0,IF(70-F29<=0,0,70-F29)) -> 0 | L29: =SUM(K29*240) -> 0 | M29: =SUM(D29*120) -> 0 | N29: =SUM(E29*120) -> 3641.4 | O29: =SUM(F29*54) -> 3816.4716 | P29: =SUM(G29*54) -> 0 | Q29: =SUM(H29*120) -> 0 | R29: =SUM(I29*1000) -> 0 | S29: =SUM(J29*140) -> 0 | T29: =SUM(L29:S29) -> 7457.8716
A30: 26 | B30: 46017 | D30: 35.7441 | E30: 3.8177 | F30: =F29-E30+D30 -> 102.6018 | G30: =IF(OR(B30="",NOT(ISERROR(SEARCH("KPI",$A$2))),NOT(ISERROR(SEARCH("Полиом",$A$2)))),0,IF(70-F30<=0,0,70-F30)) -> 0 | L30: =SUM(K30*240) -> 0 | M30: =SUM(D30*120) -> 4289.292 | N30: =SUM(E30*120) -> 458.124 | O30: =SUM(F30*54) -> 5540.4972 | P30: =SUM(G30*54) -> 0 | Q30: =SUM(H30*120) -> 0 | R30: =SUM(I30*1000) -> 0 | S30: =SUM(J30*140) -> 0 | T30: =SUM(L30:S30) -> 10287.913
A31: 27 | B31: 46018 | E31: 1.6954 | F31: =F30-E31+D31 -> 100.9064 | G31: =IF(OR(B31="",NOT(ISERROR(SEARCH("KPI",$A$2))),NOT(ISERROR(SEARCH("Полиом",$A$2)))),0,IF(70-F31<=0,0,70-F31)) -> 0 | L31: =SUM(K31*240) -> 0 | M31: =SUM(D31*120) -> 0 | N31: =SUM(E31*120) -> 203.448 | O31: =SUM(F31*54) -> 5448.9456 | P31: =SUM(G31*54) -> 0 | Q31: =SUM(H31*120) -> 0 | R31: =SUM(I31*1000) -> 0 | S31: =SUM(J31*140) -> 0 | T31: =SUM(L31:S31) -> 5652.3936
A32: 28 | B32: 46019 | F32: =F31-E32+D32 -> 100.9064 | G32: =IF(OR(B32="",NOT(ISERROR(SEARCH("KPI",$A$2))),NOT(ISERROR(SEARCH("Полиом",$A$2)))),0,IF(70-F32<=0,0,70-F32)) -> 0 | L32: =SUM(K32*240) -> 0 | M32: =SUM(D32*120) -> 0 | N32: =SUM(E32*120) -> 0 | O32: =SUM(F32*54) -> 5448.9456 | P32: =SUM(G32*54) -> 0 | Q32: =SUM(H32*120) -> 0 | R32: =SUM(I32*1000) -> 0 | S32: =SUM(J32*140) -> 0 | T32: =SUM(L32:S32) -> 5448.9456
A33: 29 | B33: 46020 | F33: =F32-E33+D33 -> 100.9064 | G33: =IF(OR(B33="",NOT(ISERROR(SEARCH("KPI",$A$2))),NOT(ISERROR(SEARCH("Полиом",$A$2)))),0,IF(70-F33<=0,0,70-F33)) -> 0 | L33: =SUM(K33*240) -> 0 | M33: =SUM(D33*120) -> 0 | N33: =SUM(E33*120) -> 0 | O33: =SUM(F33*54) -> 5448.9456 | P33: =SUM(G33*54) -> 0 | Q33: =SUM(H33*120) -> 0 | R33: =SUM(I33*1000) -> 0 | S33: =SUM(J33*140) -> 0 | T33: =SUM(L33:S33) -> 5448.9456
A34: 30 | B34: 46021 | E34: 19.0464 | F34: =F33-E34+D34 -> 81.86 | G34: =IF(OR(B34="",NOT(ISERROR(SEARCH("KPI",$A$2))),NOT(ISERROR(SEARCH("Полиом",$A$2)))),0,IF(70-F34<=0,0,70-F34)) -> 0 | L34: =SUM(K34*240) -> 0 | M34: =SUM(D34*120) -> 0 | N34: =SUM(E34*120) -> 2285.568 | O34: =SUM(F34*54) -> 4420.44 | P34: =SUM(G34*54) -> 0 | Q34: =SUM(H34*120) -> 0 | R34: =SUM(I34*1000) -> 0 | S34: =SUM(J34*140) -> 0 | T34: =SUM(L34:S34) -> 6706.008
B35: 46022 | E35: 3.4355 | F35: =F34-E35+D35 -> 78.4245 | G35: =IF(OR(B35="",NOT(ISERROR(SEARCH("KPI",$A$2))),NOT(ISERROR(SEARCH("Полиом",$A$2)))),0,IF(70-F35<=0,0,70-F35)) -> 0 | L35: =SUM(K35*240) -> 0 | M35: =SUM(D35*120) -> 0 | N35: =SUM(E35*120) -> 412.26 | O35: =SUM(F35*54) -> 4234.923 | P35: =SUM(G35*54) -> 0 | Q35: =SUM(H35*120) -> 0 | R35: =SUM(I35*1000) -> 0 | S35: =SUM(J35*140) -> 0 | T35: =SUM(L35:S35) -> 4647.183
F36: =SUM(F5:F35) -> 4403.6473 | G36: =SUM(G5:G35) -> 0 | H36: =SUM(H5:H35) -> 0 | I36: =SUM(I5:I35) -> 0 | J36: =SUM(J5:J35) -> 0 | K36: =SUM(K5:K35) -> 0 | L36: =SUM(L5:L35) -> 0 | M36: =SUM(M5:M35) -> 4289.292 | ... T36: =SUM(T5:T35) -> 260302.71
T37: =T36*1.2 -> 312363.26

Sheet ИТОГО
A1: =G16 -> 1.3262589e+08
I2: ТОП
A3: Склад | B3: Сибур | C3: Завод | D3: Русвинил | E3: Клиенты сибура | F3: Остальные | G3: Итого | I3: Нижнекамск завод | J3: 41304976
A4: Баумана | B4: =INDEX($M$44:$M$53,MATCH(A4,$A$44:$A$53,0),1) -> 9146660.3 | C4: 0 | D4: =INDEX($B$56:$B$72,MATCH(A4,$A$56:$A$72,0),1) -> 808299.63 | E4: =SUMIF($F$19:$F$41,A4,$G$19:$G$41) -> 0 | F4: =SUMIF($B$19:$B$27,A4,$C$19:$C$27) -> 75482.2 | G4: =SUM(B4:F4) -> 10030442 | I4: Казань_Автосервисная | J4: 20240007
A5: Новикова-Прибоя | B5: =INDEX($M$44:$M$53,MATCH(A5,$A$44:$A$53,0),1) -> 11632297 | C5: 0 | D5: =INDEX($B$56:$B$72,MATCH(A5,$A$56:$A$72,0),1) -> 175179.96 | E5: =SUMIF($F$19:$F$41,A5,$G$19:$G$41) -> 0 | F5: =SUMIF($B$19:$B$27,A5,$C$19:$C$27) -> 8184 | G5: =SUM(B5:F5) -> 11815661 | I5: Новикова-Прибоя | J5: 11815661
A6: Екатеринбург | B6: =INDEX($M$44:$M$53,MATCH(A6,$A$44:$A$53,0),1) -> 10552487 | C6: 0 | D6: =INDEX($B$56:$B$72,MATCH(A6,$A$56:$A$72,0),1) -> 0 | E6: =SUMIF($F$19:$F$41,A6,$G$19:$G$41) -> 0 | F6: =SUMIF($B$19:$B$27,A6,$C$19:$C$27) -> 0 | G6: =SUM(B6:F6) -> 10552487 | I6: Екатеринбург | J6: 10552487
A7: Новосибирск | B7: =INDEX($M$44:$M$53,MATCH(A7,$A$44:$A$53,0),1) -> 8021379.2 | C7: 0 | D7: =INDEX($B$56:$B$72,MATCH(A7,$A$56:$A$72,0),1) -> 0 | E7: =SUMIF($F$19:$F$41,A7,$G$19:$G$41) -> 312363.26 | F7: =SUMIF($B$19:$B$27,A7,$C$19:$C$27) -> 0 | G7: =SUM(B7:F7) -> 8333742.4 | I7: Баумана | J7: 10030442
A8: Новосибирск_Пасечная | B8: =INDEX($M$44:$M$53,MATCH(A8,$A$44:$A$53,0),1) -> 5576686.6 | C8: 0 | D8: =INDEX($B$56:$B$72,MATCH(A8,$A$56:$A$72,0),1) -> 0 | E8: =SUMIF($F$19:$F$41,A8,$G$19:$G$41) -> 0 | F8: =SUMIF($B$19:$B$27,A8,$C$19:$C$27) -> 0 | G8: =SUM(B8:F8) -> 5576686.6 | I8: Казань_Приволжская | J8: 8933435.8
A9: Казань_Автосервисная | B9: =INDEX($M$44:$M$53,MATCH(A9,$A$44:$A$53,0),1) -> 20240007 | C9: 0 | D9: =INDEX($B$56:$B$72,MATCH(A9,$A$56:$A$72,0),1) -> 0 | E9: =SUMIF($F$19:$F$41,A9,$G$19:$G$41) -> 0 | F9: =SUMIF($B$19:$B$27,A9,$C$19:$C$27) -> 0 | G9: =SUM(B9:F9) -> 20240007 | I9: Новосибирск | J9: 8333742.4
A10: Казань_Приволжская | B10: =INDEX($M$44:$M$53,MATCH(A10,$A$44:$A$53,0),1) -> 8933435.8 | C10: 0 | D10: =INDEX($B$56:$B$72,MATCH(A10,$A$56:$A$72,0),1) -> 0 | E10: =SUMIF($F$19:$F$41,A10,$G$19:$G$41) -> 0 | F10: =SUMIF($B$19:$B$27,A10,$C$19:$C$27) -> 0 | G10: =SUM(B10:F10) -> 8933435.8 | I10: Зеленодольск | J10: 7871512.5
A11: Зеленодольск | B11: =INDEX($M$44:$M$53,MATCH(A11,$A$44:$A$53,0),1) -> 7252070.3 | C11: 0 | D11: =INDEX($B$56:$B$72,MATCH(A11,$A$56:$A$72,0),1) -> 0 | E11: =SUMIF($F$19:$F$41,A11,$G$19:$G$41) -> 619442.22 | F11: =SUMIF($B$19:$B$27,A11,$C$19:$C$27) -> 0 | G11: =SUM(B11:F11) -> 7871512.5 | I11: Новосибирск_Пасечная | J11: 5576686.6
A12: Нижнекамск | B12: =INDEX($M$44:$M$53,MATCH(A12,$A$44:$A$53,0),1) -> 3908030.8 | C12: 0 | D12: =INDEX($B$56:$B$72,MATCH(A12,$A$56:$A$72,0),1) -> 0 | E12: =SUMIF($F$19:$F$41,A12,$G$19:$G$41) -> 28252.224 | F12: =SUMIF($B$19:$B$27,A12,$C$19:$C$27) -> 0 | G12: =SUM(B12:F12) -> 3936283 | I12: Березовая Пойма | J12: 4030657.1
A13: Нижнекамск завод | B13: 0 | C13: =C29+C36 -> 41304976 | D13: =INDEX($B$56:$B$72,MATCH(A13,$A$56:$A$72,0),1) -> 0 | E13: =SUMIF($F$19:$F$41,A13,$G$19:$G$41) -> 0 | F13: =SUMIF($B$19:$B$27,A13,$C$19:$C$27) -> 0 | G13: =SUM(B13:F13) -> 41304976 | I13: Нижнекамск | J13: 3936283
A14: Монастырка | B14: 0 | C14: 0 | D14: =INDEX($B$56:$B$72,MATCH(A14,$A$56:$A$72,0),1) -> 0 | E14: =SUMIF($F$19:$F$41,A14,$G$19:$G$41) -> 0 | F14: =SUMIF($B$19:$B$27,A14,$C$19:$C$27) -> 0 | G14: =SUM(B14:F14) -> 0 | I14: Монастырка | J14: 0
A15: Березовая Пойма | B15: =INDEX($M$44:$M$53,MATCH(A15,$A$44:$A$53,0),1) -> 0 | C15: 0 | D15: =INDEX($B$56:$B$72,MATCH(A15,$A$56:$A$72,0),1) -> 4030657.1 | E15: =SUMIF($F$19:$F$41,A15,$G$19:$G$41) -> 0 | F15: =SUMIF($B$19:$B$27,A15,$C$19:$C$27) -> 0 | G15: =SUM(B15:F15) -> 4030657.1
B16: =SUM(B4:B15) -> 85263054 | C16: =SUM(C4:C15) -> 41304976 | D16: =SUM(D4:D15) -> 5014136.7 | E16: =SUM(E4:E15) -> 960057.7 | F16: =SUM(F4:F15) -> 83666.2 | G16: =SUM(G4:G15) -> 1.3262589e+08
A18: Остальные клиенты | C18: =SUM(C19:C27) -> 83666.2 | E18: Клиенты сибура | G18: =SUM(G19:G40) -> 960057.7
A19: Стройтех | B19: Баумана | C19: {=IFERROR(INDIRECT("'" & A19 & "'!A1"),)} -> 22627 | E19: Приоритет | F19: Баумана | G19: {=IFERROR(INDIRECT("'" & E19 & " " & F19 & "'!A1"),0)} -> 0
A20: Ергарда | B20: Баумана | C20: {=IFERROR(INDIRECT("'" & A20 & "'!A1"),)} -> 8928 | E20: Фармпласт | F20: Баумана | G20: {=IFERROR(INDIRECT("'" & E20 & " " & F20 & "'!A1"),0)} -> 0
A21: Литейные решения | B21: Баумана | C21: {=IFERROR(INDIRECT("'" & A21 & "'!A1"),)} -> 18648 | E21: Юг Полимер | F21: Баумана | G21: {=IFERROR(INDIRECT("'" & E21 & " " & F21 & "'!A1"),0)} -> 0
A22: Сандекс | B22: Баумана | C22: {=IFERROR(INDIRECT("'" & A22 & "'!A1"),)} -> 24609.6 | E22: Центрополимер | F22: Екатеринбург | G22: {=IFERROR(INDIRECT("'" & E22 & " " & F22 & "'!A1"),0)} -> 0
A23: ЛС-Техномет | B23: Баумана | C23: {=IFERROR(INDIRECT("'" & A23 & "'!A1"),)} -> 669.6 | E23: Приоритет | F23: Екатеринбург | G23: {=IFERROR(INDIRECT("'" & E23 & " " & F23 & "'!A1"),0)} -> 0
A24: РусДжам | B24: ГАЗ | C24: {=IFERROR(INDIRECT("'" & A24 & "'!A1"),)} -> 0 | E24: Фармпласт | F24: Екатеринбург | G24: {=IFERROR(INDIRECT("'" & E24 & " " & F24 & "'!A1"),0)} -> 0
A25: Виго | B25: Новикова-Прибоя | C25: {=IFERROR(INDIRECT("'" & A25 & "'!A1"),)} -> 0 | E25: Приоритет | F25: Зеленодольск | G25: {=IFERROR(INDIRECT("'" & E25 & " " & F25 & "'!A1"),0)} -> 0
A26: Доктор Франк | B26: Новикова-Прибоя | C26: {=IFERROR(INDIRECT("'" & A26 & "'!A1"),)} -> 8184 | E26: Данафлекс | F26: Зеленодольск | G26: {=IFERROR(INDIRECT("'" & E26 & " " & F26 & "'!t37"),0)} -> 619442.22
A27: Нефтезол | B27: Новикова-Прибоя | C27: {=IFERROR(INDIRECT("'" & A27 & "'!A1"),)} -> 0 | E27: ИП Ксендз | F27: Нижнекамск | G27: {=IFERROR(INDIRECT("'" & E27 & " " & F27 & "'!A1"),0)} -> 28252.224
E28: Фармпласт | F28: Новикова-Прибоя | G28: {=IFERROR(INDIRECT("'" & E28 & " " & F28 & "'!A1"),0)} -> 0
A29: Нижнекамск завод | C29: =SUM(C30:C34) -> 29349092 | E29: Центрополимер | F29: Новикова-Прибоя | G29: {=IFERROR(INDIRECT("'" & E29 & " " & F29 & "'!A1"),0)} -> 0
A30: ПРР | C30: {=INDIRECT("'" & A29 & "'!F17")} -> 15902450 | E30: Юг Полимер | F30: Новикова-Прибоя | G30: {=IFERROR(INDIRECT("'" & E30 & " " & F30 & "'!A1"),0)} -> 0
A31: Кладовки | C31: {=INDIRECT("'" & A29 & "'!F16")} -> 0 | E31: Приоритет | F31: Новикова-Прибоя | G31: {=IFERROR(INDIRECT("'" & E31 & " " & F31 & "'!A1"),0)} -> 0
A32: Стропальщики | C32: {=INDIRECT("'" & A29 & "'!F18")} -> 744000 | E32: Биаксплен | F32: Новосибирск | G32: {=IFERROR(INDIRECT("'" & E32 & " " & F32 & "'!A1"),0)} -> 312363.26
A33: Мойка контейнеров | C33: {=INDIRECT("'" & A29 & "'!F19")} -> 2313504 | E33: Центрополимер | F33: Новосибирск | G33: {=IFERROR(INDIRECT("'" & E33 & " " & F33 & "'!A1"),0)} -> 0
A34: МТО | C34: {=INDIRECT("'" & A29 & "'!F20")} -> 10389138 | E34: Фармпласт | F34: Новосибирск | G34: {=IFERROR(INDIRECT("'" & E34 & " " & F34 & "'!A1"),0)} -> 0
E35: Юг Полимер | F35: Зеленодольск | G35: {=IFERROR(INDIRECT("'" & E35 & " " & F35 & "'!A1"),0)} -> 0
A36: Контейнерные площадки | C36: =SUM(C37:C41) -> 11955884 | E36: Фармпласт | F36: Казань_Автосервисная | G36: {=IFERROR(INDIRECT("'" & E36 & " " & F36 & "'!A1"),0)} -> 0
A37: КОС | C37: =3998250+1009221.6 -> 5007471.6 | E37: Приоритет | F37: Казань_Приволжская | G37: {=IFERROR(INDIRECT("'" & E37 & " " & F37 & "'!A1"),0)} -> 0
A38: Нижнекамск | C38: 6948412.8 | E38: Центрополимер | F38: Баумана | G38: {=IFERROR(INDIRECT("'" & E38 & " " & F38 & "'!A1"),0)} -> 0
E39: Приоритет | F39: Казань_Автосервисная | G39: {=IFERROR(INDIRECT("'" & E39 & " " & F39 & "'!A1"),0)} -> 0
E40: Оникс | F40: Нижнекамск | G40: {=IFERROR(INDIRECT("'" & E40 & " " & F40 & "'!A1"),0)} -> 0
A42: СИБУР | K42: =SUM(M44:M53) -> 85263054
B43: KPI | C43: Полиом | D43: Полимеры | E43: Каучук | F43: ПСОН | G43: Полиэфир | H43: СБС | I43: Порошок | J43: НПЭГ | K43: Экспорт | L43: Доп услуги | M43: ИТОГО
A44: Баумана | B44: {=IFERROR(INDIRECT("'" & $A44 & " " & B$43 & "'!T37"),)} -> 12554.59 | C44: {=IFERROR(INDIRECT("'" & $A44 & " " & C$43 & "'!T37"),)} -> 446934.29 | D44: {=IFERROR(INDIRECT("'" & $A44 & " " & D$43 & "'!T37"),)} -> 8663205.1 | E44: {=IFERROR(INDIRECT("'" & $A44 & " " & E$43 & "'!T37"),)} -> 22766.4 | F44: {=IFERROR(INDIRECT("'" & $A44 & " " & F$43 & "'!T37"),)} -> 0 | G44: {=IFERROR(INDIRECT("'" & $A44 & " " & G$43 & "'!T37"),)} -> 0 | H44: {=IFERROR(INDIRECT("'" & $A44 & " " & H$43 & "'!T37"),)} -> 0 | I44: {=IFERROR(INDIRECT("'" & $A44 & " " & I$43 & "'!T37"),)} -> 0 | J44: {=IFERROR(INDIRECT("'" & $A44 & " " & J$43 & "'!T37"),)} -> 0 | K44: {=IFERROR(INDIRECT("'" & $A44 & " " & K$43 & "'!G12"),)} -> 1200 | L44: {=IFERROR(INDIRECT("'" & $A44 & " " & L$43 & "'!F14"),)} -> 0 | M44: =SUM(B44:L44) -> 9146660.3
A45: Новикова-Прибоя | B45: {=IFERROR(INDIRECT("'" & $A45 & " " & B$43 & "'!T37"),)} -> 142661.56 | C45: {=IFERROR(INDIRECT("'" & $A45 & " " & C$43 & "'!T37"),)} -> 32251.27 | D45: {=IFERROR(INDIRECT("'" & $A45 & " " & D$43 & "'!T37"),)} -> 10294522 | E45: {=IFERROR(INDIRECT("'" & $A45 & " " & E$43 & "'!T37"),)} -> 0 | F45: {=IFERROR(INDIRECT("'" & $A45 & " " & F$43 & "'!T37"),)} -> 0 | G45: {=IFERROR(INDIRECT("'" & $A45 & " " & G$43 & "'!T37"),)} -> 0 | H45: {=IFERROR(INDIRECT("'" & $A45 & " " & H$43 & "'!T37"),)} -> 0 | I45: {=IFERROR(INDIRECT("'" & $A45 & " " & I$43 & "'!T37"),)} -> 0 | J45: {=IFERROR(INDIRECT("'" & $A45 & " " & J$43 & "'!T37"),)} -> 0 | K45: {=IFERROR(INDIRECT("'" & $A45 & " " & K$43 & "'!G12"),)} -> 0 | L45: {=IFERROR(INDIRECT("'" & $A45 & " " & L$43 & "'!F14"),)} -> 1162863 | M45: =SUM(B45:L45) -> 11632297
A46: Екатеринбург | B46: {=IFERROR(INDIRECT("'" & $A46 & " " & B$43 & "'!T37"),)} -> 7786.31 | C46: {=IFERROR(INDIRECT("'" & $A46 & " " & C$43 & "'!T37"),)} -> 261284.2 | D46: {=IFERROR(INDIRECT("'" & $A46 & " " & D$43 & "'!T37"),)} -> 9941945.3 | E46: {=IFERROR(INDIRECT("'" & $A46 & " " & E$43 & "'!T37"),)} -> 0 | F46: {=IFERROR(INDIRECT("'" & $A46 & " " & F$43 & "'!T37"),)} -> 0 | G46: {=IFERROR(INDIRECT("'" & $A46 & " " & G$43 & "'!T37"),)} -> 0 | H46: {=IFERROR(INDIRECT("'" & $A46 & " " & H$43 & "'!T37"),)} -> 0 | I46: {=IFERROR(INDIRECT("'" & $A46 & " " & I$43 & "'!T37"),)} -> 0 | J46: {=IFERROR(INDIRECT("'" & $A46 & " " & J$43 & "'!T37"),)} -> 82270.7 | K46: {=IFERROR(INDIRECT("'" & $A46 & " " & K$43 & "'!G12"),)} -> 259200 | L46: {=IFERROR(INDIRECT("'" & $A46 & " " & L$43 & "'!F14"),)} -> 0 | M46: =SUM(B46:L46) -> 10552487
A47: Новосибирск | B47: {=IFERROR(INDIRECT("'" & $A47 & " " & B$43 & "'!T37"),)} -> 17442.11 | C47: {=IFERROR(INDIRECT("'" & $A47 & " " & C$43 & "'!T37"),)} -> 38308.68 | D47: {=IFERROR(INDIRECT("'" & $A47 & " " & D$43 & "'!T37"),)} -> 5722104 | E47: {=IFERROR(INDIRECT("'" & $A47 & " " & E$43 & "'!T37"),)} -> 0 | F47: {=IFERROR(INDIRECT("'" & $A47 & " " & F$43 & "'!T37"),)} -> 0 | G47: {=IFERROR(INDIRECT("'" & $A47 & " " & G$43 & "'!T37"),)} -> 0 | H47: {=IFERROR(INDIRECT("'" & $A47 & " " & H$43 & "'!T37"),)} -> 0 | I47: {=IFERROR(INDIRECT("'" & $A47 & " " & I$43 & "'!T37"),)} -> 2243524.4 | J47: {=IFERROR(INDIRECT("'" & $A47 & " " & J$43 & "'!T37"),)} -> 0 | K47: {=IFERROR(INDIRECT("'" & $A47 & " " & K$43 & "'!G12"),)} -> 0 | L47: {=IFERROR(INDIRECT("'" & $A47 & " " & L$43 & "'!F14"),)} -> 0 | M47: =SUM(B47:L47) -> 8021379.2
A48: Новосибирск_Пасечная | B48: {=IFERROR(INDIRECT("'" & $A48 & " " & B$43 & "'!T37"),)} -> 0 | C48: {=IFERROR(INDIRECT("'" & $A48 & " " & C$43 & "'!T37"),)} -> 0 | D48: {=IFERROR(INDIRECT("'" & $A48 & " " & D$43 & "'!T37"),)} -> 0 | E48: {=IFERROR(INDIRECT("'" & $A48 & " " & E$43 & "'!T37"),)} -> 0 | F48: {=IFERROR(INDIRECT("'" & $A48 & " " & F$43 & "'!T37"),)} -> 0 | G48: {=IFERROR(INDIRECT("'" & $A48 & " " & G$43 & "'!T37"),)} -> 0 | H48: {=IFERROR(INDIRECT("'" & $A48 & " " & H$43 & "'!T37"),)} -> 0 | I48: {=IFERROR(INDIRECT("'" & $A48 & " " & I$43 & "'!T37"),)} -> 5576686.6 | J48: {=IFERROR(INDIRECT("'" & $A48 & " " & J$43 & "'!T37"),)} -> 0 | K48: {=IFERROR(INDIRECT("'" & $A48 & " " & K$43 & "'!G12"),)} -> 0 | L48: {=IFERROR(INDIRECT("'" & $A48 & " " & L$43 & "'!F14"),)} -> 0 | M48: =SUM(B48:L48) -> 5576686.6
A49: Казань_Автосервисная | B49: {=IFERROR(INDIRECT("'" & $A49 & " " & B$43 & "'!T37"),)} -> 0 | C49: {=IFERROR(INDIRECT("'" & $A49 & " " & C$43 & "'!T37"),)} -> 13671 | D49: {=IFERROR(INDIRECT("'" & $A49 & " " & D$43 & "'!T37"),)} -> 20105568 | E49: {=IFERROR(INDIRECT("'" & $A49 & " " & E$43 & "'!T37"),)} -> 0 | F49: {=IFERROR(INDIRECT("'" & $A49 & " " & F$43 & "'!T37"),)} -> 0 | G49: {=IFERROR(INDIRECT("'" & $A49 & " " & G$43 & "'!T37"),)} -> 0 | H49: {=IFERROR(INDIRECT("'" & $A49 & " " & H$43 & "'!T37"),)} -> 0 | I49: {=IFERROR(INDIRECT("'" & $A49 & " " & I$43 & "'!T37"),)} -> 0 | J49: {=IFERROR(INDIRECT("'" & $A49 & " " & J$43 & "'!T37"),)} -> 0 | K49: {=IFERROR(INDIRECT("'" & $A49 & " " & K$43 & "'!G12"),)} -> 67200 | L49: {=IFERROR(INDIRECT("'" & $A49 & " " & L$43 & "'!F14"),)} -> 53568 | M49: =SUM(B49:L49) -> 20240007
A50: Казань_Приволжская | B50: {=IFERROR(INDIRECT("'" & $A50 & " " & B$43 & "'!T37"),)} -> 0 | C50: {=IFERROR(INDIRECT("'" & $A50 & " " & C$43 & "'!T37"),)} -> 0 | D50: {=IFERROR(INDIRECT("'" & $A50 & " " & D$43 & "'!T37"),)} -> 8879771.8 | E50: {=IFERROR(INDIRECT("'" & $A50 & " " & E$43 & "'!T37"),)} -> 0 | F50: {=IFERROR(INDIRECT("'" & $A50 & " " & F$43 & "'!T37"),)} -> 0 | G50: {=IFERROR(INDIRECT("'" & $A50 & " " & G$43 & "'!T37"),)} -> 0 | H50: {=IFERROR(INDIRECT("'" & $A50 & " " & H$43 & "'!T37"),)} -> 0 | I50: {=IFERROR(INDIRECT("'" & $A50 & " " & I$43 & "'!T37"),)} -> 0 | J50: {=IFERROR(INDIRECT("'" & $A50 & " " & J$43 & "'!T37"),)} -> 0 | K50: {=IFERROR(INDIRECT("'" & $A50 & " " & K$43 & "'!G12"),)} -> 12000 | L50: {=IFERROR(INDIRECT("'" & $A50 & " " & L$43 & "'!F14"),)} -> 41664 | M50: =SUM(B50:L50) -> 8933435.8
A51: Зеленодольск | B51: {=IFERROR(INDIRECT("'" & $A51 & " " & B$43 & "'!T37"),)} -> 0 | C51: {=IFERROR(INDIRECT("'" & $A51 & " " & C$43 & "'!T37"),)} -> 0 | D51: {=IFERROR(INDIRECT("'" & $A51 & " " & D$43 & "'!T37"),)} -> 6763184.3 | E51: {=IFERROR(INDIRECT("'" & $A51 & " " & E$43 & "'!T37"),)} -> 0 | F51: {=IFERROR(INDIRECT("'" & $A51 & " " & F$43 & "'!T37"),)} -> 0 | G51: {=IFERROR(INDIRECT("'" & $A51 & " " & G$43 & "'!T37"),)} -> 0 | H51: {=IFERROR(INDIRECT("'" & $A51 & " " & H$43 & "'!T37"),)} -> 0 | I51: {=IFERROR(INDIRECT("'" & $A51 & " " & I$43 & "'!T37"),)} -> 0 | J51: {=IFERROR(INDIRECT("'" & $A51 & " " & J$43 & "'!T37"),)} -> 0 | K51: {=IFERROR(INDIRECT("'" & $A51 & " " & K$43 & "'!G12"),)} -> 36000 | L51: {=IFERROR(INDIRECT("'" & $A51 & " " & L$43 & "'!F14"),)} -> 452886 | M51: =SUM(B51:L51) -> 7252070.3
A52: Нижнекамск | B52: {=IFERROR(INDIRECT("'" & $A52 & " " & B$43 & "'!T37"),)} -> 0 | C52: {=IFERROR(INDIRECT("'" & $A52 & " " & C$43 & "'!T37"),)} -> 0 | D52: {=IFERROR(INDIRECT("'" & $A52 & " " & D$43 & "'!T37"),)} -> 0 | E52: {=IFERROR(INDIRECT("'" & $A52 & " " & E$43 & "'!T37"),)} -> 2525605.9 | F52: {=IFERROR(INDIRECT("'" & $A52 & " " & F$43 & "'!T37"),)} -> 1288677.3 | G52: {=IFERROR(INDIRECT("'" & $A52 & " " & G$43 & "'!T37"),)} -> 0 | H52: {=IFERROR(INDIRECT("'" & $A52 & " " & H$43 & "'!T37"),)} -> 52.17 | I52: {=IFERROR(INDIRECT("'" & $A52 & " " & I$43 & "'!T37"),)} -> 0 | J52: {=IFERROR(INDIRECT("'" & $A52 & " " & J$43 & "'!T37"),)} -> 57695.4 | K52: {=IFERROR(INDIRECT("'" & $A52 & " " & K$43 & "'!G12"),)} -> 36000 | L52: {=IFERROR(INDIRECT("'" & $A52 & " " & L$43 & "'!F14"),)} -> 0 | M52: =SUM(B52:L52) -> 3908030.8
A53: Березовая Пойма | B53: {=IFERROR(INDIRECT("'" & $A53 & "'!F16"),) + IFERROR(INDIRECT("'" & $A53 & "'!F17"),)} -> 0 | C53: {=IFERROR(INDIRECT("'" & $A53 & "'!F16"),) + IFERROR(INDIRECT("'" & $A53 & "'!F17"),)} -> 0 | D53: {=IFERROR(INDIRECT("'" & $A53 & "'!F16"),) + IFERROR(INDIRECT("'" & $A53 & "'!F17"),)} -> 0 | E53: {=IFERROR(INDIRECT("'" & $A53 & "'!F16"),) + IFERROR(INDIRECT("'" & $A53 & "'!F17"),)} -> 0 | F53: {=IFERROR(INDIRECT("'" & $A53 & "'!F16"),) + IFERROR(INDIRECT("'" & $A53 & "'!F17"),)} -> 0 | G53: {=IFERROR(INDIRECT("'" & $A53 & "'!F16"),) + IFERROR(INDIRECT("'" & $A53 & "'!F17"),)} -> 0 | H53: {=IFERROR(INDIRECT("'" & $A53 & "'!F16"),) + IFERROR(INDIRECT("'" & $A53 & "'!F17"),)} -> 0 | I53: {=IFERROR(INDIRECT("'" & $A53 & "'!F16"),) + IFERROR(INDIRECT("'" & $A53 & "'!F17"),)} -> 0 | J53: {=IFERROR(INDIRECT("'" & $A53 & "'!F16"),) + IFERROR(INDIRECT("'" & $A53 & "'!F17"),)} -> 0 | K53: {=IFERROR(INDIRECT("'" & $A53 & " " & K$43 & "'!G12"),)} -> 0 | L53: {=IFERROR(INDIRECT("'" & $A53 & " " & L$43 & "'!F14"),)} -> 0 | M53: =SUM(B53:L53) -> 0
A55: Русвинил | B55: =SUM(B56:B66) -> 5014136.7
A56: Баумана | B56: {=IFERROR(INDIRECT("'РВ " & A56 & "'!O38"),0)} -> 808299.63
A57: Новикова-Прибоя | B57: {=IFERROR(INDIRECT("'РВ " & A57 & "'!O38"),0)} -> 175179.96
A58: Монастырка | B58: {=IFERROR(INDIRECT("'РВ " & A58 & "'!O38"),0)} -> 0
A59: Екатеринбург | B59: {=IFERROR(INDIRECT("'РВ " & A59 & "'!O38"),0)} -> 0
A60: Новосибирск | B60: {=IFERROR(INDIRECT("'РВ " & A60 & "'!O38"),0)} -> 0
A61: Казань_Приволжская | B61: {=IFERROR(INDIRECT("'РВ " & A61 & "'!O38"),0)} -> 0
A62: Казань_Автосервисная | B62: {=IFERROR(INDIRECT("'РВ " & A62 & "'!O38"),0)} -> 0
A63: Зеленодольск | B63: {=IFERROR(INDIRECT("'РВ " & A63 & "'!O38"),0)} -> 0
A64: Нижнекамск | B64: {=IFERROR(INDIRECT("'РВ " & A64 & "'!O38"),0)} -> 0
A65: Нижнекамск завод | B65: {=IFERROR(INDIRECT("'РВ " & A65 & "'!O38"),0)} -> 0
A66: Березовая Пойма | B66: {=IFERROR(INDIRECT("'РВ " & A66 & "'!O38"),0)+IFERROR(INDIRECT("Резерв!i38"),0)} -> 4030657.1
A67: Новосибирск_Пасечная | B67: {=IFERROR(INDIRECT("'РВ " & A67 & "'!O38"),0)} -> 0

Sheet Другое

Sheet Нижнекамск завод
A9: № | B9: Наименование услуг (работ) | C9: Ед. изм. | D9: Количество | E9: Цена | F9: Сумма
A14: Итого: | F14: =SUM(F10:F13) -> 0
A15: Без налога (НДС) | F15: =SUM(F14) -> 0
A16: Всего (с учетом НДС) | F16: =SUM(F15)*1.2 -> 0
A17: Вышеперечисленные услуги (работы) выполнены полностью. | E17: ПРР | F17: 15902450
A18: ПОКЛАЖЕДАТЕЛЬ претензий по объему, качеству и срокам оказания услуг претензий не имеет. | E18: Стропальщики | F18: 744000
E19: Контейнеры | F19: 2313504
E20: МТО | F20: 10389138
A21: ООО "ДТМ" | D21: ПАО "Нижнекамскнефтехим"
A23: ____________________Молькова Т.Ю. | B23: Расстегаев Д.О. | D23: ____________________

Sheet Резерв
A3: ="Отчет по резерву хранению товара РВ " & TEXT(A6,"ММММ ") & YEAR(A6) & "" -> Отчет по резерву хранению товара РВ Декабрь 2025
A4: дата | C4: Хранение Баумана | D4: Хранение Новикова | E4: Хранение Березовая Пойма | F4: Общее хранение | G4: Резерв 8000 т | H4: стоимость резерва | I4: итого
A6: 45992 | C6: ='[1]РВ Баумана'!G6 -> 1394.295 | D6: ='[1]РВ Новикова-Прибоя'!G6 -> 299.145 | E6: ='[1]РВ Березовая Пойма'!G6 -> 0 | F6: =SUM(C6:E6) -> 1693.44 | G6: =8000-F6 -> 6306.56 | H6: =G6*15 -> 94598.4 | I6: =SUM(H6:H6) -> 94598.4 | J6: =IF(OR(WEEKDAY(A6)=1,WEEKDAY(A6)=7,NOT(ISERROR(MATCH(A6,[1]Праздники!A:A,0)))),"Выходной","Рабочий") -> Рабочий
A7: 45993 | C7: ='[1]РВ Баумана'!G7 -> 1394.295 | D7: ='[1]РВ Новикова-Прибоя'!G7 -> 299.145 | E7: ='[1]РВ Березовая Пойма'!G7 -> 21 | F7: =SUM(C7:E7) -> 1714.44 | G7: =8000-F7 -> 6285.56 | H7: =G7*15 -> 94283.4 | I7: =SUM(H7:H7) -> 94283.4 | J7: =IF(OR(WEEKDAY(A7)=1,WEEKDAY(A7)=7,NOT(ISERROR(MATCH(A7,[1]Праздники!A:A,0)))),"Выходной","Рабочий") -> Рабочий
A8: 45994 | C8: ='[1]РВ Баумана'!G8 -> 1394.295 | D8: ='[1]РВ Новикова-Прибоя'!G8 -> 299.145 | E8: ='[1]РВ Березовая Пойма'!G8 -> 42 | F8: =SUM(C8:E8) -> 1735.44 | G8: =8000-F8 -> 6264.56 | H8: =G8*15 -> 93968.4 | I8: =SUM(H8:H8) -> 93968.4 | J8: =IF(OR(WEEKDAY(A8)=1,WEEKDAY(A8)=7,NOT(ISERROR(MATCH(A8,[1]Праздники!A:A,0)))),"Выходной","Рабочий") -> Рабочий
A9: 45995 | C9: ='[1]РВ Баумана'!G9 -> 1393.125 | D9: ='[1]РВ Новикова-Прибоя'!G9 -> 299.145 | E9: ='[1]РВ Березовая Пойма'!G9 -> 367 | F9: =SUM(C9:E9) -> 2059.27 | G9: =8000-F9 -> 5940.73 | H9: =G9*15 -> 89110.95 | I9: =SUM(H9:H9) -> 89110.95 | J9: =IF(OR(WEEKDAY(A9)=1,WEEKDAY(A9)=7,NOT(ISERROR(MATCH(A9,[1]Праздники!A:A,0)))),"Выходной","Рабочий") -> Рабочий
A10: 45996 | C10: ='[1]РВ Баумана'!G10 -> 1393.125 | D10: ='[1]РВ Новикова-Прибоя'!G10 -> 299.145 | E10: ='[1]РВ Березовая Пойма'!G10 -> 563 | F10: =SUM(C10:E10) -> 2255.27 | G10: =8000-F10 -> 5744.73 | H10: =G10*15 -> 86170.95 | I10: =SUM(H10:H10) -> 86170.95 | J10: =IF(OR(WEEKDAY(A10)=1,WEEKDAY(A10)=7,NOT(ISERROR(MATCH(A10,[1]Праздники!A:A,0)))),"Выходной","Рабочий") -> Рабочий
A11: 45997 | C11: ='[1]РВ Баумана'!G11 -> 1393.125 | D11: ='[1]РВ Новикова-Прибоя'!G11 -> 297.77 | E11: ='[1]РВ Березовая Пойма'!G11 -> 629 | F11: =SUM(C11:E11) -> 2319.895 | G11: =8000-F11 -> 5680.105 | H11: =G11*15 -> 85201.575 | I11: =SUM(H11:H11) -> 85201.575 | J11: =IF(OR(WEEKDAY(A11)=1,WEEKDAY(A11)=7,NOT(ISERROR(MATCH(A11,[1]Праздники!A:A,0)))),"Выходной","Рабочий") -> Выходной
A12: 45998 | C12: ='[1]РВ Баумана'!G12 -> 1393.125 | D12: ='[1]РВ Новикова-Прибоя'!G12 -> 297.77 | E12: ='[1]РВ Березовая Пойма'!G12 -> 650 | F12: =SUM(C12:E12) -> 2340.895 | G12: =8000-F12 -> 5659.105 | H12: =G12*15 -> 84886.575 | I12: =SUM(H12:H12) -> 84886.575 | J12: =IF(OR(WEEKDAY(A12)=1,WEEKDAY(A12)=7,NOT(ISERROR(MATCH(A12,[1]Праздники!A:A,0)))),"Выходной","Рабочий") -> Выходной
A13: 45999 | C13: ='[1]РВ Баумана'!G13 -> 1393.125 | D13: ='[1]РВ Новикова-Прибоя'!G13 -> 297.77 | E13: ='[1]РВ Березовая Пойма'!G13 -> 650 | F13: =SUM(C13:E13) -> 2340.895 | G13: =8000-F13 -> 5659.105 | H13: =G13*15 -> 84886.575 | I13: =SUM(H13:H13) -> 84886.575 | J13: =IF(OR(WEEKDAY(A13)=1,WEEKDAY(A13)=7,NOT(ISERROR(MATCH(A13,[1]Праздники!A:A,0)))),"Выходной","Рабочий") -> Рабочий
A14: 46000 | C14: ='[1]РВ Баумана'!G14 -> 1379.85 | D14: ='[1]РВ Новикова-Прибоя'!G14 -> 289.645 | E14: ='[1]РВ Березовая Пойма'!G14 -> 650 | F14: =SUM(C14:E14) -> 2319.495 | G14: =8000-F14 -> 5680.505 | H14: =G14*15 -> 85207.575 | I14: =SUM(H14:H14) -> 85207.575 | J14: =IF(OR(WEEKDAY(A14)=1,WEEKDAY(A14)=7,NOT(ISERROR(MATCH(A14,[1]Праздники!A:A,0)))),"Выходной","Рабочий") -> Рабочий
A15: 46001 | C15: ='[1]РВ Баумана'!G15 -> 1379.85 | D15: ='[1]РВ Новикова-Прибоя'!G15 -> 289.645 | E15: ='[1]РВ Березовая Пойма'!G15 -> 739 | F15: =SUM(C15:E15) -> 2408.495 | G15: =8000-F15 -> 5591.505 | H15: =G15*15 -> 83872.575 | I15: =SUM(H15:H15) -> 83872.575 | J15: =IF(OR(WEEKDAY(A15)=1,WEEKDAY(A15)=7,NOT(ISERROR(MATCH(A15,[1]Праздники!A:A,0)))),"Выходной","Рабочий") -> Рабочий
A16: 46002 | C16: ='[1]РВ Баумана'!G16 -> 1379.85 | D16: ='[1]РВ Новикова-Прибоя'!G16 -> 288.27 | E16: ='[1]РВ Березовая Пойма'!G16 -> 739 | F16: =SUM(C16:E16) -> 2407.12 | G16: =8000-F16 -> 5592.88 | H16: =G16*15 -> 83893.2 | I16: =SUM(H16:H16) -> 83893.2 | J16: =IF(OR(WEEKDAY(A16)=1,WEEKDAY(A16)=7,NOT(ISERROR(MATCH(A16,[1]Праздники!A:A,0)))),"Выходной","Рабочий") -> Рабочий
A17: 46003 | C17: ='[1]РВ Баумана'!G17 -> 1362.5 | D17: ='[1]РВ Новикова-Прибоя'!G17 -> 288.27 | E17: ='[1]РВ Березовая Пойма'!G17 -> 739 | F17: =SUM(C17:E17) -> 2389.77 | G17: =8000-F17 -> 5610.23 | H17: =G17*15 -> 84153.45 | I17: =SUM(H17:H17) -> 84153.45 | J17: =IF(OR(WEEKDAY(A17)=1,WEEKDAY(A17)=7,NOT(ISERROR(MATCH(A17,[1]Праздники!A:A,0)))),"Выходной","Рабочий") -> Рабочий
... A36: 46022 | C36: ='[1]РВ Баумана'!G36 -> 883.225 | D36: ='[1]РВ Новикова-Прибоя'!G36 -> 190.67 | E36: ='[1]РВ Березовая Пойма'!G36 -> 808.23 | F36: =SUM(C36:E36) -> 1882.125 | G36: =8000-F36 -> 6117.875 | H36: =G36*15 -> 91768.125 | I36: =SUM(H36:H36) -> 91768.125 | J36: =IF(OR(WEEKDAY(A36)=1,WEEKDAY(A36)=7,NOT(ISERROR(MATCH(A36,[1]Праздники!A:A,0)))),"Выходной","Рабочий") -> Выходной
C37: =SUM(C6:C36) -> 39341.71 | D37: =SUM(D6:D36) -> 8346.345 | E37: =SUM(E6:E36) -> 22165.23 | G37: =SUM(G6:G36) -> 178146.71 | H37: =SUM(H6:H36) -> 2672200.7 | I37: =SUM(I6:I36) -> 2672200.7
I38: =I37*1.2 -> 3206640.9

Sheet РВ Баумана
R1: Выходной | S1: Рабочий
Q2: Выгрузка | R2: =SUMIF($P$6:$P$36,R$1,$C6:$C36) -> 0 | S2: =SUMIF($P$6:$P$36,S$1,$C6:$C36) -> 0
A3: ="Отчет по хранению товара РВ " & TEXT(A6,"ММММ ") & YEAR(A6) & " Баумана" -> Отчет по хранению товара РВ Декабрь 2025 Баумана | Q3: Отгрузка | R3: =SUMIF($P$6:$P$36,R$1,$D6:$D36) -> 90.625 | S3: =SUMIF($P$6:$P$36,S$1,$D6:$D36) -> 420.445
A4: дата | C4: Выгрузка кол-во тонн | D4: Загрузка кол-во тонн | E4: Выгрузка после 20:00 | F4: Загрузка после 20:00 | G4: Хранение | H4: переконсолидация (тонн) | I4: стоимость выгрузки | J4: стоимость загрузки | K4: Стоимость выгрузки после 20:00 | L4: Стоимость загрузки после 20:00 | M4: стоимость хранения | N4: стоимость переконс. | O4: итого
G5: (кол-во тонн)
A6: 45992 | C6: 0 | D6: 0 | G6: 1394.295 | I6: =IF(P6="Выходной",SUM(C6*150)*1.5,SUM(C6*150)) -> 0 | J6: =IF(P6="Выходной",SUM(D6*150)*1.5,SUM(D6*150)) -> 0 | K6: =IF(OR(WEEKDAY(A6)=1,WEEKDAY(A6)=7,NOT(ISERROR(MATCH(A6,[1]Праздники!A:A,0)))),SUM(E6*225)*1.5,SUM(E6*225)) -> 0 | L6: =IF(OR(WEEKDAY(A6)=1,WEEKDAY(A6)=7,NOT(ISERROR(MATCH(A6,[1]Праздники!A:A,0)))),SUM(F6*225)*1.5,SUM(F6*225)) -> 0 | M6: =SUM(G6*15) -> 20914.425 | N6: =SUM(H6)*750 -> 0 | O6: =SUM(I6:N6) -> 20914.425 | P6: =IF(OR(WEEKDAY(A6)=1,WEEKDAY(A6)=7,NOT(ISERROR(MATCH(A6,[1]Праздники!A:A,0)))),"Выходной","Рабочий") -> Рабочий
A7: 45993 | C7: 0 | D7: 0 | G7: =IF(A7 ="",0,G6+C7+E7-D6-F6) -> 1394.295 | I7: =IF(P7="Выходной",SUM(C7*150)*1.5,SUM(C7*150)) -> 0 | J7: =IF(P7="Выходной",SUM(D7*150)*1.5,SUM(D7*150)) -> 0 | K7: =IF(OR(WEEKDAY(A7)=1,WEEKDAY(A7)=7,NOT(ISERROR(MATCH(A7,[1]Праздники!A:A,0)))),SUM(E7*225)*1.5,SUM(E7*225)) -> 0 | L7: =IF(OR(WEEKDAY(A7)=1,WEEKDAY(A7)=7,NOT(ISERROR(MATCH(A7,[1]Праздники!A:A,0)))),SUM(F7*225)*1.5,SUM(F7*225)) -> 0 | M7: =SUM(G7*15) -> 20914.425 | N7: =SUM(H7)*750 -> 0 | O7: =SUM(I7:N7) -> 20914.425 | P7: =IF(OR(WEEKDAY(A7)=1,WEEKDAY(A7)=7,NOT(ISERROR(MATCH(A7,[1]Праздники!A:A,0)))),"Выходной","Рабочий") -> Рабочий
A8: 45994 | C8: 0 | D8: 1.17 | G8: =IF(A8 ="",0,G7+C8+E8-D7-F7) -> 1394.295 | I8: =IF(P8="Выходной",SUM(C8*150)*1.5,SUM(C8*150)) -> 0 | J8: =IF(P8="Выходной",SUM(D8*150)*1.5,SUM(D8*150)) -> 175.5 | K8: =IF(OR(WEEKDAY(A8)=1,WEEKDAY(A8)=7,NOT(ISERROR(MATCH(A8,[1]Праздники!A:A,0)))),SUM(E8*225)*1.5,SUM(E8*225)) -> 0 | L8: =IF(OR(WEEKDAY(A8)=1,WEEKDAY(A8)=7,NOT(ISERROR(MATCH(A8,[1]Праздники!A:A,0)))),SUM(F8*225)*1.5,SUM(F8*225)) -> 0 | M8: =SUM(G8*15) -> 20914.425 | N8: =SUM(H8)*750 -> 0 | O8: =SUM(I8:N8) -> 21089.925 | P8: =IF(OR(WEEKDAY(A8)=1,WEEKDAY(A8)=7,NOT(ISERROR(MATCH(A8,[1]Праздники!A:A,0)))),"Выходной","Рабочий") -> Рабочий
A9: 45995 | C9: 0 | D9: 0 | G9: =IF(A9 ="",0,G8+C9+E9-D8-F8) -> 1393.125 | I9: =IF(P9="Выходной",SUM(C9*150)*1.5,SUM(C9*150)) -> 0 | J9: =IF(P9="Выходной",SUM(D9*150)*1.5,SUM(D9*150)) -> 0 | K9: =IF(OR(WEEKDAY(A9)=1,WEEKDAY(A9)=7,NOT(ISERROR(MATCH(A9,[1]Праздники!A:A,0)))),SUM(E9*225)*1.5,SUM(E9*225)) -> 0 | L9: =IF(OR(WEEKDAY(A9)=1,WEEKDAY(A9)=7,NOT(ISERROR(MATCH(A9,[1]Праздники!A:A,0)))),SUM(F9*225)*1.5,SUM(F9*225)) -> 0 | M9: =SUM(G9*15) -> 20896.875 | N9: =SUM(H9)*750 -> 0 | O9: =SUM(I9:N9) -> 20896.875 | P9: =IF(OR(WEEKDAY(A9)=1,WEEKDAY(A9)=7,NOT(ISERROR(MATCH(A9,[1]Праздники!A:A,0)))),"Выходной","Рабочий") -> Рабочий
A10: 45996 | C10: 0 | D10: 0 | G10: =IF(A10 ="",0,G9+C10+E10-D9-F9) -> 1393.125 | I10: =IF(P10="Выходной",SUM(C10*150)*1.5,SUM(C10*150)) -> 0 | J10: =IF(P10="Выходной",SUM(D10*150)*1.5,SUM(D10*150)) -> 0 | K10: =IF(OR(WEEKDAY(A10)=1,WEEKDAY(A10)=7,NOT(ISERROR(MATCH(A10,[1]Праздники!A:A,0)))),SUM(E10*225)*1.5,SUM(E10*225)) -> 0 | L10: =IF(OR(WEEKDAY(A10)=1,WEEKDAY(A10)=7,NOT(ISERROR(MATCH(A10,[1]Праздники!A:A,0)))),SUM(F10*225)*1.5,SUM(F10*225)) -> 0 | M10: =SUM(G10*15) -> 20896.875 | N10: =SUM(H10)*750 -> 0 | O10: =SUM(I10:N10) -> 20896.875 | P10: =IF(OR(WEEKDAY(A10)=1,WEEKDAY(A10)=7,NOT(ISERROR(MATCH(A10,[1]Праздники!A:A,0)))),"Выходной","Рабочий") -> Рабочий
A11: 45997 | C11: 0 | D11: 0 | G11: =IF(A11 ="",0,G10+C11+E11-D10-F10) -> 1393.125 | I11: =IF(P11="Выходной",SUM(C11*150)*1.5,SUM(C11*150)) -> 0 | J11: =IF(P11="Выходной",SUM(D11*150)*1.5,SUM(D11*150)) -> 0 | K11: =IF(OR(WEEKDAY(A11)=1,WEEKDAY(A11)=7,NOT(ISERROR(MATCH(A11,[1]Праздники!A:A,0)))),SUM(E11*225)*1.5,SUM(E11*225)) -> 0 | L11: =IF(OR(WEEKDAY(A11)=1,WEEKDAY(A11)=7,NOT(ISERROR(MATCH(A11,[1]Праздники!A:A,0)))),SUM(F11*225)*1.5,SUM(F11*225)) -> 0 | M11: =SUM(G11*15) -> 20896.875 | N11: =SUM(H11)*750 -> 0 | O11: =SUM(I11:N11) -> 20896.875 | P11: =IF(OR(WEEKDAY(A11)=1,WEEKDAY(A11)=7,NOT(ISERROR(MATCH(A11,[1]Праздники!A:A,0)))),"Выходной","Рабочий") -> Выходной
A12: 45998 | C12: 0 | D12: 0 | G12: =IF(A12 ="",0,G11+C12+E12-D11-F11) -> 1393.125 | I12: =IF(P12="Выходной",SUM(C12*150)*1.5,SUM(C12*150)) -> 0 | J12: =IF(P12="Выходной",SUM(D12*150)*1.5,SUM(D12*150)) -> 0 | K12: =IF(OR(WEEKDAY(A12)=1,WEEKDAY(A12)=7,NOT(ISERROR(MATCH(A12,[1]Праздники!A:A,0)))),SUM(E12*225)*1.5,SUM(E12*225)) -> 0 | L12: =IF(OR(WEEKDAY(A12)=1,WEEKDAY(A12)=7,NOT(ISERROR(MATCH(A12,[1]Праздники!A:A,0)))),SUM(F12*225)*1.5,SUM(F12*225)) -> 0 | M12: =SUM(G12*15) -> 20896.875 | N12: =SUM(H12)*750 -> 0 | O12: =SUM(I12:N12) -> 20896.875 | P12: =IF(OR(WEEKDAY(A12)=1,WEEKDAY(A12)=7,NOT(ISERROR(MATCH(A12,[1]Праздники!A:A,0)))),"Выходной","Рабочий") -> Выходной
A13: 45999 | C13: 0 | D13: 13.275 | G13: =IF(A13 ="",0,G12+C13+E13-D12-F12) -> 1393.125 | I13: =IF(P13="Выходной",SUM(C13*150)*1.5,SUM(C13*150)) -> 0 | J13: =IF(P13="Выходной",SUM(D13*150)*1.5,SUM(D13*150)) -> 1991.25 | K13: =IF(OR(WEEKDAY(A13)=1,WEEKDAY(A13)=7,NOT(ISERROR(MATCH(A13,[1]Праздники!A:A,0)))),SUM(E13*225)*1.5,SUM(E13*225)) -> 0 | L13: =IF(OR(WEEKDAY(A13)=1,WEEKDAY(A13)=7,NOT(ISERROR(MATCH(A13,[1]Праздники!A:A,0)))),SUM(F13*225)*1.5,SUM(F13*225)) -> 0 | M13: =SUM(G13*15) -> 20896.875 | N13: =SUM(H13)*750 -> 0 | O13: =SUM(I13:N13) -> 22888.125 | P13: =IF(OR(WEEKDAY(A13)=1,WEEKDAY(A13)=7,NOT(ISERROR(MATCH(A13,[1]Праздники!A:A,0)))),"Выходной","Рабочий") -> Рабочий
A14: 46000 | C14: 0 | D14: 0 | G14: =IF(A14 ="",0,G13+C14+E14-D13-F13) -> 1379.85 | I14: =IF(P14="Выходной",SUM(C14*150)*1.5,SUM(C14*150)) -> 0 | J14: =IF(P14="Выходной",SUM(D14*150)*1.5,SUM(D14*150)) -> 0 | K14: =IF(OR(WEEKDAY(A14)=1,WEEKDAY(A14)=7,NOT(ISERROR(MATCH(A14,[1]Праздники!A:A,0)))),SUM(E14*225)*1.5,SUM(E14*225)) -> 0 | L14: =IF(OR(WEEKDAY(A14)=1,WEEKDAY(A14)=7,NOT(ISERROR(MATCH(A14,[1]Праздники!A:A,0)))),SUM(F14*225)*1.5,SUM(F14*225)) -> 0 | M14: =SUM(G14*15) -> 20697.75 | N14: =SUM(H14)*750 -> 0 | O14: =SUM(I14:N14) -> 20697.75 | P14: =IF(OR(WEEKDAY(A14)=1,WEEKDAY(A14)=7,NOT(ISERROR(MATCH(A14,[1]Праздники!A:A,0)))),"Выходной","Рабочий") -> Рабочий
A15: 46001 | C15: 0 | D15: 0 | G15: =IF(A15 ="",0,G14+C15+E15-D14-F14) -> 1379.85 | I15: =IF(P15="Выходной",SUM(C15*150)*1.5,SUM(C15*150)) -> 0 | J15: =IF(P15="Выходной",SUM(D15*150)*1.5,SUM(D15*150)) -> 0 | K15: =IF(OR(WEEKDAY(A15)=1,WEEKDAY(A15)=7,NOT(ISERROR(MATCH(A15,[1]Праздники!A:A,0)))),SUM(E15*225)*1.5,SUM(E15*225)) -> 0 | L15: =IF(OR(WEEKDAY(A15)=1,WEEKDAY(A15)=7,NOT(ISERROR(MATCH(A15,[1]Праздники!A:A,0)))),SUM(F15*225)*1.5,SUM(F15*225)) -> 0 | M15: =SUM(G15*15) -> 20697.75 | N15: =SUM(H15)*750 -> 0 | O15: =SUM(I15:N15) -> 20697.75 | P15: =IF(OR(WEEKDAY(A15)=1,WEEKDAY(A15)=7,NOT(ISERROR(MATCH(A15,[1]Праздники!A:A,0)))),"Выходной","Рабочий") -> Рабочий
A16: 46002 | C16: 0 | D16: 17.35 | G16: =IF(A16 ="",0,G15+C16+E16-D15-F15) -> 1379.85 | I16: =IF(P16="Выходной",SUM(C16*150)*1.5,SUM(C16*150)) -> 0 | J16: =IF(P16="Выходной",SUM(D16*150)*1.5,SUM(D16*150)) -> 2602.5 | K16: =IF(OR(WEEKDAY(A16)=1,WEEKDAY(A16)=7,NOT(ISERROR(MATCH(A16,[1]Праздники!A:A,0)))),SUM(E16*225)*1.5,SUM(E16*225)) -> 0 | L16: =IF(OR(WEEKDAY(A16)=1,WEEKDAY(A16)=7,NOT(ISERROR(MATCH(A16,[1]Праздники!A:A,0)))),SUM(F16*225)*1.5,SUM(F16*225)) -> 0 | M16: =SUM(G16*15) -> 20697.75 | N16: =SUM(H16)*750 -> 0 | O16: =SUM(I16:N16) -> 23300.25 | P16: =IF(OR(WEEKDAY(A16)=1,WEEKDAY(A16)=7,NOT(ISERROR(MATCH(A16,[1]Праздники!A:A,0)))),"Выходной","Рабочий") -> Рабочий
A17: 46003 | C17: 0 | D17: 0 | G17: =IF(A17 ="",0,G16+C17+E17-D16-F16) -> 1362.5 | I17: =IF(P17="Выходной",SUM(C17*150)*1.5,SUM(C17*150)) -> 0 | J17: =IF(P17="Выходной",SUM(D17*150)*1.5,SUM(D17*150)) -> 0 | K17: =IF(OR(WEEKDAY(A17)=1,WEEKDAY(A17)=7,NOT(ISERROR(MATCH(A17,[1]Праздники!A:A,0)))),SUM(E17*225)*1.5,SUM(E17*225)) -> 0 | L17: =IF(OR(WEEKDAY(A17)=1,WEEKDAY(A17)=7,NOT(ISERROR(MATCH(A17,[1]Праздники!A:A,0)))),SUM(F17*225)*1.5,SUM(F17*225)) -> 0 | M17: =SUM(G17*15) -> 20437.5 | N17: =SUM(H17)*750 -> 0 | O17: =SUM(I17:N17) -> 20437.5 | P17: =IF(OR(WEEKDAY(A17)=1,WEEKDAY(A17)=7,NOT(ISERROR(MATCH(A17,[1]Праздники!A:A,0)))),"Выходной","Рабочий") -> Рабочий
A18: 46004 | C18: 0 | D18: 0 | G18: =IF(A18 ="",0,G17+C18+E18-D17-F17) -> 1362.5 | I18: =IF(P18="Выходной",SUM(C18*150)*1.5,SUM(C18*150)) -> 0 | J18: =IF(P18="Выходной",SUM(D18*150)*1.5,SUM(D18*150)) -> 0 | K18: =IF(OR(WEEKDAY(A18)=1,WEEKDAY(A18)=7,NOT(ISERROR(MATCH(A18,[1]Праздники!A:A,0)))),SUM(E18*225)*1.5,SUM(E18*225)) -> 0 | L18: =IF(OR(WEEKDAY(A18)=1,WEEKDAY(A18)=7,NOT(ISERROR(MATCH(A18,[1]Праздники!A:A,0)))),SUM(F18*225)*1.5,SUM(F18*225)) -> 0 | M18: =SUM(G18*15) -> 20437.5 | N18: =SUM(H18)*750 -> 0 | O18: =SUM(I18:N18) -> 20437.5 | P18: =IF(OR(WEEKDAY(A18)=1,WEEKDAY(A18)=7,NOT(ISERROR(MATCH(A18,[1]Праздники!A:A,0)))),"Выходной","Рабочий") -> Выходной
... A36: 46022 | C36: 0 | D36: 0 | G36: =IF(A36 ="",0,G35+C36+E36-D35-F35) -> 883.225 | I36: =IF(P36="Выходной",SUM(C36*150)*1.5,SUM(C36*150)) -> 0 | J36: =IF(P36="Выходной",SUM(D36*150)*1.5,SUM(D36*150)) -> 0 | K36: =IF(OR(WEEKDAY(A36)=1,WEEKDAY(A36)=7,NOT(ISERROR(MATCH(A36,[1]Праздники!A:A,0)))),SUM(E36*225)*1.5,SUM(E36*225)) -> 0 | L36: =IF(OR(WEEKDAY(A36)=1,WEEKDAY(A36)=7,NOT(ISERROR(MATCH(A36,[1]Праздники!A:A,0)))),SUM(F36*225)*1.5,SUM(F36*225)) -> 0 | M36: =SUM(G36*15) -> 13248.375 | N36: =SUM(H36)*750 -> 0 | O36: =SUM(I36:N36) -> 13248.375 | P36: =IF(OR(WEEKDAY(A36)=1,WEEKDAY(A36)=7,NOT(ISERROR(MATCH(A36,[1]Праздники!A:A,0)))),"Выходной","Рабочий") -> Выходной
C37: =SUM(C6:C36) -> 0 | D37: =SUM(D6:D36) -> 511.07 | E37: =SUM(E6:E36) -> 0 | F37: =SUM(F6:F36) -> 0 | G37: =SUM(G6:G36) -> 39341.71 | H37: =SUM(H6:H36) -> 0 | I37: =SUM(I6:I36) -> 0 | J37: =SUM(J6:J36) -> 83457.375 | ... O37: =SUM(O6:O36) -> 673583.03
N38: С НДС; | O38: =O37*1.2 -> 808299.63

Sheet РВ Березовая Пойма
R1: Выходной | S1: Рабочий
Q2: Выгрузка | R2: =SUMIF($P$6:$P$36,R$1,$C6:$C36) -> 676.23 | S2: =SUMIF($P$6:$P$36,S$1,$C6:$C36) -> 723
A3: ="Отчет по хранению товара РВ " & TEXT(A6,"ММММ ") & YEAR(A6) & " Березовая Пойма" -> Отчет по хранению товара РВ Май 2025 Березовая Пойма | Q3: Отгрузка | R3: =SUMIF($P$6:$P$36,R$1,$D6:$D36) -> 22 | S3: =SUMIF($P$6:$P$36,S$1,$D6:$D36) -> 591
A4: дата | C4: Выгрузка кол-во тонн | D4: Загрузка кол-во тонн | E4: Выгрузка после 20:00 | F4: Загрузка после 20:00 | G4: Хранение | H4: переконсолидация (тонн) | I4: стоимость выгрузки | J4: стоимость загрузки | K4: Стоимость выгрузки после 20:00 | L4: Стоимость загрузки после 20:00 | M4: стоимость хранения | N4: стоимость переконс. | O4: итого
G5: (кол-во тонн)
A6: 45778 | C6: 0 | D6: 0 | G6: 0 | I6: =IF(P6="Выходной",SUM(C6*150)*1.5,SUM(C6*150)) -> 0 | J6: =IF(P6="Выходной",SUM(D6*150)*1.5,SUM(D6*150)) -> 0 | K6: =IF(OR(WEEKDAY(A6)=1,WEEKDAY(A6)=7,NOT(ISERROR(MATCH(A6,[1]Праздники!A:A,0)))),SUM(E6*225)*1.5,SUM(E6*225)) -> 0 | L6: =IF(OR(WEEKDAY(A6)=1,WEEKDAY(A6)=7,NOT(ISERROR(MATCH(A6,[1]Праздники!A:A,0)))),SUM(F6*225)*1.5,SUM(F6*225)) -> 0 | M6: =SUM(G6*15) -> 0 | N6: =SUM(H6)*750 -> 0 | O6: =SUM(I6:N6) -> 0 | P6: =IF(OR(WEEKDAY(A6)=1,WEEKDAY(A6)=7,NOT(ISERROR(MATCH(A6,[1]Праздники!A:A,0)))),"Выходной","Рабочий") -> Выходной
A7: 45779 | C7: 21 | D7: 0 | G7: =IF(A7 ="",0,G6+C7+E7-D6-F6) -> 21 | I7: =IF(P7="Выходной",SUM(C7*150)*1.5,SUM(C7*150)) -> 4725 | J7: =IF(P7="Выходной",SUM(D7*150)*1.5,SUM(D7*150)) -> 0 | K7: =IF(OR(WEEKDAY(A7)=1,WEEKDAY(A7)=7,NOT(ISERROR(MATCH(A7,[1]Праздники!A:A,0)))),SUM(E7*225)*1.5,SUM(E7*225)) -> 0 | L7: =IF(OR(WEEKDAY(A7)=1,WEEKDAY(A7)=7,NOT(ISERROR(MATCH(A7,[1]Праздники!A:A,0)))),SUM(F7*225)*1.5,SUM(F7*225)) -> 0 | M7: =SUM(G7*15) -> 315 | N7: =SUM(H7)*750 -> 0 | O7: =SUM(I7:N7) -> 5040 | P7: =IF(OR(WEEKDAY(A7)=1,WEEKDAY(A7)=7,NOT(ISERROR(MATCH(A7,[1]Праздники!A:A,0)))),"Выходной","Рабочий") -> Выходной
A8: 45780 | C8: 21 | D8: 0 | G8: =IF(A8 ="",0,G7+C8+E8-D7-F7) -> 42 | I8: =IF(P8="Выходной",SUM(C8*150)*1.5,SUM(C8*150)) -> 4725 | J8: =IF(P8="Выходной",SUM(D8*150)*1.5,SUM(D8*150)) -> 0 | K8: =IF(OR(WEEKDAY(A8)=1,WEEKDAY(A8)=7,NOT(ISERROR(MATCH(A8,[1]Праздники!A:A,0)))),SUM(E8*225)*1.5,SUM(E8*225)) -> 0 | L8: =IF(OR(WEEKDAY(A8)=1,WEEKDAY(A8)=7,NOT(ISERROR(MATCH(A8,[1]Праздники!A:A,0)))),SUM(F8*225)*1.5,SUM(F8*225)) -> 0 | M8: =SUM(G8*15) -> 630 | N8: =SUM(H8)*750 -> 0 | O8: =SUM(I8:N8) -> 5355 | P8: =IF(OR(WEEKDAY(A8)=1,WEEKDAY(A8)=7,NOT(ISERROR(MATCH(A8,[1]Праздники!A:A,0)))),"Выходной","Рабочий") -> Выходной
A9: 45781 | C9: 325 | D9: 0 | G9: =IF(A9 ="",0,G8+C9+E9-D8-F8) -> 367 | I9: =IF(P9="Выходной",SUM(C9*150)*1.5,SUM(C9*150)) -> 73125 | J9: =IF(P9="Выходной",SUM(D9*150)*1.5,SUM(D9*150)) -> 0 | K9: =IF(OR(WEEKDAY(A9)=1,WEEKDAY(A9)=7,NOT(ISERROR(MATCH(A9,[1]Праздники!A:A,0)))),SUM(E9*225)*1.5,SUM(E9*225)) -> 0 | L9: =IF(OR(WEEKDAY(A9)=1,WEEKDAY(A9)=7,NOT(ISERROR(MATCH(A9,[1]Праздники!A:A,0)))),SUM(F9*225)*1.5,SUM(F9*225)) -> 0 | M9: =SUM(G9*15) -> 5505 | N9: =SUM(H9)*750 -> 0 | O9: =SUM(I9:N9) -> 78630 | P9: =IF(OR(WEEKDAY(A9)=1,WEEKDAY(A9)=7,NOT(ISERROR(MATCH(A9,[1]Праздники!A:A,0)))),"Выходной","Рабочий") -> Выходной
A10: 45782 | C10: 196 | D10: 0 | G10: =IF(A10 ="",0,G9+C10+E10-D9-F9) -> 563 | I10: =IF(P10="Выходной",SUM(C10*150)*1.5,SUM(C10*150)) -> 29400 | J10: =IF(P10="Выходной",SUM(D10*150)*1.5,SUM(D10*150)) -> 0 | K10: =IF(OR(WEEKDAY(A10)=1,WEEKDAY(A10)=7,NOT(ISERROR(MATCH(A10,[1]Праздники!A:A,0)))),SUM(E10*225)*1.5,SUM(E10*225)) -> 0 | L10: =IF(OR(WEEKDAY(A10)=1,WEEKDAY(A10)=7,NOT(ISERROR(MATCH(A10,[1]Праздники!A:A,0)))),SUM(F10*225)*1.5,SUM(F10*225)) -> 0 | M10: =SUM(G10*15) -> 8445 | N10: =SUM(H10)*750 -> 0 | O10: =SUM(I10:N10) -> 37845 | P10: =IF(OR(WEEKDAY(A10)=1,WEEKDAY(A10)=7,NOT(ISERROR(MATCH(A10,[1]Праздники!A:A,0)))),"Выходной","Рабочий") -> Рабочий
A11: 45783 | C11: 66 | D11: 0 | G11: =IF(A11 ="",0,G10+C11+E11-D10-F10) -> 629 | I11: =IF(P11="Выходной",SUM(C11*150)*1.5,SUM(C11*150)) -> 9900 | J11: =IF(P11="Выходной",SUM(D11*150)*1.5,SUM(D11*150)) -> 0 | K11: =IF(OR(WEEKDAY(A11)=1,WEEKDAY(A11)=7,NOT(ISERROR(MATCH(A11,[1]Праздники!A:A,0)))),SUM(E11*225)*1.5,SUM(E11*225)) -> 0 | L11: =IF(OR(WEEKDAY(A11)=1,WEEKDAY(A11)=7,NOT(ISERROR(MATCH(A11,[1]Праздники!A:A,0)))),SUM(F11*225)*1.5,SUM(F11*225)) -> 0 | M11: =SUM(G11*15) -> 9435 | N11: =SUM(H11)*750 -> 0 | O11: =SUM(I11:N11) -> 19335 | P11: =IF(OR(WEEKDAY(A11)=1,WEEKDAY(A11)=7,NOT(ISERROR(MATCH(A11,[1]Праздники!A:A,0)))),"Выходной","Рабочий") -> Рабочий
A12: 45784 | C12: 21 | D12: 0 | G12: =IF(A12 ="",0,G11+C12+E12-D11-F11) -> 650 | I12: =IF(P12="Выходной",SUM(C12*150)*1.5,SUM(C12*150)) -> 3150 | J12: =IF(P12="Выходной",SUM(D12*150)*1.5,SUM(D12*150)) -> 0 | K12: =IF(OR(WEEKDAY(A12)=1,WEEKDAY(A12)=7,NOT(ISERROR(MATCH(A12,[1]Праздники!A:A,0)))),SUM(E12*225)*1.5,SUM(E12*225)) -> 0 | L12: =IF(OR(WEEKDAY(A12)=1,WEEKDAY(A12)=7,NOT(ISERROR(MATCH(A12,[1]Праздники!A:A,0)))),SUM(F12*225)*1.5,SUM(F12*225)) -> 0 | M12: =SUM(G12*15) -> 9750 | N12: =SUM(H12)*750 -> 0 | O12: =SUM(I12:N12) -> 12900 | P12: =IF(OR(WEEKDAY(A12)=1,WEEKDAY(A12)=7,NOT(ISERROR(MATCH(A12,[1]Праздники!A:A,0)))),"Выходной","Рабочий") -> Рабочий
A13: 45785 | C13: 0 | D13: 0 | G13: =IF(A13 ="",0,G12+C13+E13-D12-F12) -> 650 | I13: =IF(P13="Выходной",SUM(C13*150)*1.5,SUM(C13*150)) -> 0 | J13: =IF(P13="Выходной",SUM(D13*150)*1.5,SUM(D13*150)) -> 0 | K13: =IF(OR(WEEKDAY(A13)=1,WEEKDAY(A13)=7,NOT(ISERROR(MATCH(A13,[1]Праздники!A:A,0)))),SUM(E13*225)*1.5,SUM(E13*225)) -> 0 | L13: =IF(OR(WEEKDAY(A13)=1,WEEKDAY(A13)=7,NOT(ISERROR(MATCH(A13,[1]Праздники!A:A,0)))),SUM(F13*225)*1.5,SUM(F13*225)) -> 0 | M13: =SUM(G13*15) -> 9750 | N13: =SUM(H13)*750 -> 0 | O13: =SUM(I13:N13) -> 9750 | P13: =IF(OR(WEEKDAY(A13)=1,WEEKDAY(A13)=7,NOT(ISERROR(MATCH(A13,[1]Праздники!A:A,0)))),"Выходной","Рабочий") -> Выходной
A14: 45786 | C14: 0 | D14: 0 | G14: =IF(A14 ="",0,G13+C14+E14-D13-F13) -> 650 | I14: =IF(P14="Выходной",SUM(C14*150)*1.5,SUM(C14*150)) -> 0 | J14: =IF(P14="Выходной",SUM(D14*150)*1.5,SUM(D14*150)) -> 0 | K14: =IF(OR(WEEKDAY(A14)=1,WEEKDAY(A14)=7,NOT(ISERROR(MATCH(A14,[1]Праздники!A:A,0)))),SUM(E14*225)*1.5,SUM(E14*225)) -> 0 | L14: =IF(OR(WEEKDAY(A14)=1,WEEKDAY(A14)=7,NOT(ISERROR(MATCH(A14,[1]Праздники!A:A,0)))),SUM(F14*225)*1.5,SUM(F14*225)) -> 0 | M14: =SUM(G14*15) -> 9750 | N14: =SUM(H14)*750 -> 0 | O14: =SUM(I14:N14) -> 9750 | P14: =IF(OR(WEEKDAY(A14)=1,WEEKDAY(A14)=7,NOT(ISERROR(MATCH(A14,[1]Праздники!A:A,0)))),"Выходной","Рабочий") -> Выходной
A15: 45787 | C15: 89 | D15: 0 | G15: =IF(A15 ="",0,G14+C15+E15-D14-F14) -> 739 | I15: =IF(P15="Выходной",SUM(C15*150)*1.5,SUM(C15*150)) -> 20025 | J15: =IF(P15="Выходной",SUM(D15*150)*1.5,SUM(D15*150)) -> 0 | K15: =IF(OR(WEEKDAY(A15)=1,WEEKDAY(A15)=7,NOT(ISERROR(MATCH(A15,[1]Праздники!A:A,0)))),SUM(E15*225)*1.5,SUM(E15*225)) -> 0 | L15: =IF(OR(WEEKDAY(A15)=1,WEEKDAY(A15)=7,NOT(ISERROR(MATCH(A15,[1]Праздники!A:A,0)))),SUM(F15*225)*1.5,SUM(F15*225)) -> 0 | M15: =SUM(G15*15) -> 11085 | N15: =SUM(H15)*750 -> 0 | O15: =SUM(I15:N15) -> 31110 | P15: =IF(OR(WEEKDAY(A15)=1,WEEKDAY(A15)=7,NOT(ISERROR(MATCH(A15,[1]Праздники!A:A,0)))),"Выходной","Рабочий") -> Выходной
A16: 45788 | C16: 0 | D16: 0 | G16: =IF(A16 ="",0,G15+C16+E16-D15-F15) -> 739 | I16: =IF(P16="Выходной",SUM(C16*150)*1.5,SUM(C16*150)) -> 0 | J16: =IF(P16="Выходной",SUM(D16*150)*1.5,SUM(D16*150)) -> 0 | K16: =IF(OR(WEEKDAY(A16)=1,WEEKDAY(A16)=7,NOT(ISERROR(MATCH(A16,[1]Праздники!A:A,0)))),SUM(E16*225)*1.5,SUM(E16*225)) -> 0 | L16: =IF(OR(WEEKDAY(A16)=1,WEEKDAY(A16)=7,NOT(ISERROR(MATCH(A16,[1]Праздники!A:A,0)))),SUM(F16*225)*1.5,SUM(F16*225)) -> 0 | M16: =SUM(G16*15) -> 11085 | N16: =SUM(H16)*750 -> 0 | O16: =SUM(I16:N16) -> 11085 | P16: =IF(OR(WEEKDAY(A16)=1,WEEKDAY(A16)=7,NOT(ISERROR(MATCH(A16,[1]Праздники!A:A,0)))),"Выходной","Рабочий") -> Выходной
A17: 45789 | C17: 0 | D17: 0 | G17: =IF(A17 ="",0,G16+C17+E17-D16-F16) -> 739 | I17: =IF(P17="Выходной",SUM(C17*150)*1.5,SUM(C17*150)) -> 0 | J17: =IF(P17="Выходной",SUM(D17*150)*1.5,SUM(D17*150)) -> 0 | K17: =IF(OR(WEEKDAY(A17)=1,WEEKDAY(A17)=7,NOT(ISERROR(MATCH(A17,[1]Праздники!A:A,0)))),SUM(E17*225)*1.5,SUM(E17*225)) -> 0 | L17: =IF(OR(WEEKDAY(A17)=1,WEEKDAY(A17)=7,NOT(ISERROR(MATCH(A17,[1]Праздники!A:A,0)))),SUM(F17*225)*1.5,SUM(F17*225)) -> 0 | M17: =SUM(G17*15) -> 11085 | N17: =SUM(H17)*750 -> 0 | O17: =SUM(I17:N17) -> 11085 | P17: =IF(OR(WEEKDAY(A17)=1,WEEKDAY(A17)=7,NOT(ISERROR(MATCH(A17,[1]Праздники!A:A,0)))),"Выходной","Рабочий") -> Рабочий
A18: 45790 | C18: 0 | D18: 0 | G18: =IF(A18 ="",0,G17+C18+E18-D17-F17) -> 739 | I18: =IF(P18="Выходной",SUM(C18*150)*1.5,SUM(C18*150)) -> 0 | J18: =IF(P18="Выходной",SUM(D18*150)*1.5,SUM(D18*150)) -> 0 | K18: =IF(OR(WEEKDAY(A18)=1,WEEKDAY(A18)=7,NOT(ISERROR(MATCH(A18,[1]Праздники!A:A,0)))),SUM(E18*225)*1.5,SUM(E18*225)) -> 0 | L18: =IF(OR(WEEKDAY(A18)=1,WEEKDAY(A18)=7,NOT(ISERROR(MATCH(A18,[1]Праздники!A:A,0)))),SUM(F18*225)*1.5,SUM(F18*225)) -> 0 | M18: =SUM(G18*15) -> 11085 | N18: =SUM(H18)*750 -> 0 | O18: =SUM(I18:N18) -> 11085 | P18: =IF(OR(WEEKDAY(A18)=1,WEEKDAY(A18)=7,NOT(ISERROR(MATCH(A18,[1]Праздники!A:A,0)))),"Выходной","Рабочий") -> Рабочий
... A36: 45808 | C36: 220.23 | D36: 22 | G36: =IF(A36 ="",0,G35+C36+E36-D35-F35) -> 808.23 | I36: =IF(P36="Выходной",SUM(C36*150)*1.5,SUM(C36*150)) -> 49551.75 | J36: =IF(P36="Выходной",SUM(D36*150)*1.5,SUM(D36*150)) -> 4950 | K36: =IF(OR(WEEKDAY(A36)=1,WEEKDAY(A36)=7,NOT(ISERROR(MATCH(A36,[1]Праздники!A:A,0)))),SUM(E36*225)*1.5,SUM(E36*225)) -> 0 | L36: =IF(OR(WEEKDAY(A36)=1,WEEKDAY(A36)=7,NOT(ISERROR(MATCH(A36,[1]Праздники!A:A,0)))),SUM(F36*225)*1.5,SUM(F36*225)) -> 0 | M36: =SUM(G36*15) -> 12123.45 | N36: =SUM(H36)*750 -> 0 | O36: =SUM(I36:N36) -> 66625.2 | P36: =IF(OR(WEEKDAY(A36)=1,WEEKDAY(A36)=7,NOT(ISERROR(MATCH(A36,[1]Праздники!A:A,0)))),"Выходной","Рабочий") -> Выходной
C37: =SUM(C6:C36) -> 1399.23 | D37: =SUM(D6:D36) -> 613 | E37: =SUM(E6:E36) -> 0 | F37: =SUM(F6:F36) -> 0 | G37: =SUM(G6:G36) -> 22165.23 | H37: =SUM(H6:H36) -> 0 | I37: =SUM(I6:I36) -> 260601.75 | J37: =SUM(J6:J36) -> 93600 | ... O37: =SUM(O6:O36) -> 686680.2
N38: С НДС; | O38: =O37*1.2 -> 824016.24

Sheet РВ Новикова-Прибоя
R1: Выходной | S1: Рабочий
Q2: Выгрузка | R2: =SUMIF($P$6:$P$36,R$1,$C6:$C36) -> 0 | S2: =SUMIF($P$6:$P$36,S$1,$C6:$C36) -> 0
A3: ="Отчет по хранению товара РВ " & TEXT(A6,"ММММ ") & YEAR(A6) & " Новикова" -> Отчет по хранению товара РВ Май 2025 Новикова | Q3: Отгрузка | R3: =SUMIF($P$6:$P$36,R$1,$D6:$D36) -> 60.225 | S3: =SUMIF($P$6:$P$36,S$1,$D6:$D36) -> 48.25
A4: дата | C4: Выгрузка кол-во тонн | D4: Загрузка кол-во тонн | E4: Выгрузка после 20:00 | F4: Загрузка после 20:00 | G4: Хранение | H4: переконсолидация (тонн) | I4: стоимость выгрузки | J4: стоимость загрузки | K4: Стоимость выгрузки после 20:00 | L4: Стоимость загрузки после 20:00 | M4: стоимость хранения | N4: стоимость переконс. | O4: итого
G5: (кол-во тонн)
A6: 45778 | C6: 0 | D6: 0 | G6: 299.145 | I6: =IF(P6="Выходной",SUM(C6*150)*1.5,SUM(C6*150)) -> 0 | J6: =IF(P6="Выходной",SUM(D6*150)*1.5,SUM(D6*150)) -> 0 | K6: =IF(OR(WEEKDAY(A6)=1,WEEKDAY(A6)=7,NOT(ISERROR(MATCH(A6,[1]Праздники!A:A,0)))),SUM(E6*225)*1.5,SUM(E6*225)) -> 0 | L6: =IF(OR(WEEKDAY(A6)=1,WEEKDAY(A6)=7,NOT(ISERROR(MATCH(A6,[1]Праздники!A:A,0)))),SUM(F6*225)*1.5,SUM(F6*225)) -> 0 | M6: =SUM(G6*15) -> 4487.175 | N6: =SUM(H6)*750 -> 0 | O6: =SUM(I6:N6) -> 4487.175 | P6: =IF(OR(WEEKDAY(A6)=1,WEEKDAY(A6)=7,NOT(ISERROR(MATCH(A6,[1]Праздники!A:A,0)))),"Выходной","Рабочий") -> Выходной
A7: 45779 | C7: 0 | D7: 0 | G7: =IF(A7 ="",0,G6+C7+E7-D6-F6) -> 299.145 | I7: =IF(P7="Выходной",SUM(C7*150)*1.5,SUM(C7*150)) -> 0 | J7: =IF(P7="Выходной",SUM(D7*150)*1.5,SUM(D7*150)) -> 0 | K7: =IF(OR(WEEKDAY(A7)=1,WEEKDAY(A7)=7,NOT(ISERROR(MATCH(A7,[1]Праздники!A:A,0)))),SUM(E7*225)*1.5,SUM(E7*225)) -> 0 | L7: =IF(OR(WEEKDAY(A7)=1,WEEKDAY(A7)=7,NOT(ISERROR(MATCH(A7,[1]Праздники!A:A,0)))),SUM(F7*225)*1.5,SUM(F7*225)) -> 0 | M7: =SUM(G7*15) -> 4487.175 | N7: =SUM(H7)*750 -> 0 | O7: =SUM(I7:N7) -> 4487.175 | P7: =IF(OR(WEEKDAY(A7)=1,WEEKDAY(A7)=7,NOT(ISERROR(MATCH(A7,[1]Праздники!A:A,0)))),"Выходной","Рабочий") -> Выходной
A8: 45780 | C8: 0 | D8: 0 | G8: =IF(A8 ="",0,G7+C8+E8-D7-F7) -> 299.145 | I8: =IF(P8="Выходной",SUM(C8*150)*1.5,SUM(C8*150)) -> 0 | J8: =IF(P8="Выходной",SUM(D8*150)*1.5,SUM(D8*150)) -> 0 | K8: =IF(OR(WEEKDAY(A8)=1,WEEKDAY(A8)=7,NOT(ISERROR(MATCH(A8,[1]Праздники!A:A,0)))),SUM(E8*225)*1.5,SUM(E8*225)) -> 0 | L8: =IF(OR(WEEKDAY(A8)=1,WEEKDAY(A8)=7,NOT(ISERROR(MATCH(A8,[1]Праздники!A:A,0)))),SUM(F8*225)*1.5,SUM(F8*225)) -> 0 | M8: =SUM(G8*15) -> 4487.175 | N8: =SUM(H8)*750 -> 0 | O8: =SUM(I8:N8) -> 4487.175 | P8: =IF(OR(WEEKDAY(A8)=1,WEEKDAY(A8)=7,NOT(ISERROR(MATCH(A8,[1]Праздники!A:A,0)))),"Выходной","Рабочий") -> Выходной
A9: 45781 | C9: 0 | D9: 0 | G9: =IF(A9 ="",0,G8+C9+E9-D8-F8) -> 299.145 | I9: =IF(P9="Выходной",SUM(C9*150)*1.5,SUM(C9*150)) -> 0 | J9: =IF(P9="Выходной",SUM(D9*150)*1.5,SUM(D9*150)) -> 0 | K9: =IF(OR(WEEKDAY(A9)=1,WEEKDAY(A9)=7,NOT(ISERROR(MATCH(A9,[1]Праздники!A:A,0)))),SUM(E9*225)*1.5,SUM(E9*225)) -> 0 | L9: =IF(OR(WEEKDAY(A9)=1,WEEKDAY(A9)=7,NOT(ISERROR(MATCH(A9,[1]Праздники!A:A,0)))),SUM(F9*225)*1.5,SUM(F9*225)) -> 0 | M9: =SUM(G9*15) -> 4487.175 | N9: =SUM(H9)*750 -> 0 | O9: =SUM(I9:N9) -> 4487.175 | P9: =IF(OR(WEEKDAY(A9)=1,WEEKDAY(A9)=7,NOT(ISERROR(MATCH(A9,[1]Праздники!A:A,0)))),"Выходной","Рабочий") -> Выходной
A10: 45782 | C10: 0 | D10: 1.375 | G10: =IF(A10 ="",0,G9+C10+E10-D9-F9) -> 299.145 | I10: =IF(P10="Выходной",SUM(C10*150)*1.5,SUM(C10*150)) -> 0 | J10: =IF(P10="Выходной",SUM(D10*150)*1.5,SUM(D10*150)) -> 206.25 | K10: =IF(OR(WEEKDAY(A10)=1,WEEKDAY(A10)=7,NOT(ISERROR(MATCH(A10,[1]Праздники!A:A,0)))),SUM(E10*225)*1.5,SUM(E10*225)) -> 0 | L10: =IF(OR(WEEKDAY(A10)=1,WEEKDAY(A10)=7,NOT(ISERROR(MATCH(A10,[1]Праздники!A:A,0)))),SUM(F10*225)*1.5,SUM(F10*225)) -> 0 | M10: =SUM(G10*15) -> 4487.175 | N10: =SUM(H10)*750 -> 0 | O10: =SUM(I10:N10) -> 4693.425 | P10: =IF(OR(WEEKDAY(A10)=1,WEEKDAY(A10)=7,NOT(ISERROR(MATCH(A10,[1]Праздники!A:A,0)))),"Выходной","Рабочий") -> Рабочий
A11: 45783 | C11: 0 | D11: 0 | G11: =IF(A11 ="",0,G10+C11+E11-D10-F10) -> 297.77 | I11: =IF(P11="Выходной",SUM(C11*150)*1.5,SUM(C11*150)) -> 0 | J11: =IF(P11="Выходной",SUM(D11*150)*1.5,SUM(D11*150)) -> 0 | K11: =IF(OR(WEEKDAY(A11)=1,WEEKDAY(A11)=7,NOT(ISERROR(MATCH(A11,[1]Праздники!A:A,0)))),SUM(E11*225)*1.5,SUM(E11*225)) -> 0 | L11: =IF(OR(WEEKDAY(A11)=1,WEEKDAY(A11)=7,NOT(ISERROR(MATCH(A11,[1]Праздники!A:A,0)))),SUM(F11*225)*1.5,SUM(F11*225)) -> 0 | M11: =SUM(G11*15) -> 4466.55 | N11: =SUM(H11)*750 -> 0 | O11: =SUM(I11:N11) -> 4466.55 | P11: =IF(OR(WEEKDAY(A11)=1,WEEKDAY(A11)=7,NOT(ISERROR(MATCH(A11,[1]Праздники!A:A,0)))),"Выходной","Рабочий") -> Рабочий
A12: 45784 | C12: 0 | D12: 0 | G12: =IF(A12 ="",0,G11+C12+E12-D11-F11) -> 297.77 | I12: =IF(P12="Выходной",SUM(C12*150)*1.5,SUM(C12*150)) -> 0 | J12: =IF(P12="Выходной",SUM(D12*150)*1.5,SUM(D12*150)) -> 0 | K12: =IF(OR(WEEKDAY(A12)=1,WEEKDAY(A12)=7,NOT(ISERROR(MATCH(A12,[1]Праздники!A:A,0)))),SUM(E12*225)*1.5,SUM(E12*225)) -> 0 | L12: =IF(OR(WEEKDAY(A12)=1,WEEKDAY(A12)=7,NOT(ISERROR(MATCH(A12,[1]Праздники!A:A,0)))),SUM(F12*225)*1.5,SUM(F12*225)) -> 0 | M12: =SUM(G12*15) -> 4466.55 | N12: =SUM(H12)*750 -> 0 | O12: =SUM(I12:N12) -> 4466.55 | P12: =IF(OR(WEEKDAY(A12)=1,WEEKDAY(A12)=7,NOT(ISERROR(MATCH(A12,[1]Праздники!A:A,0)))),"Выходной","Рабочий") -> Рабочий
A13: 45785 | C13: 0 | D13: 8.125 | G13: =IF(A13 ="",0,G12+C13+E13-D12-F12) -> 297.77 | I13: =IF(P13="Выходной",SUM(C13*150)*1.5,SUM(C13*150)) -> 0 | J13: =IF(P13="Выходной",SUM(D13*150)*1.5,SUM(D13*150)) -> 1828.125 | K13: =IF(OR(WEEKDAY(A13)=1,WEEKDAY(A13)=7,NOT(ISERROR(MATCH(A13,[1]Праздники!A:A,0)))),SUM(E13*225)*1.5,SUM(E13*225)) -> 0 | L13: =IF(OR(WEEKDAY(A13)=1,WEEKDAY(A13)=7,NOT(ISERROR(MATCH(A13,[1]Праздники!A:A,0)))),SUM(F13*225)*1.5,SUM(F13*225)) -> 0 | M13: =SUM(G13*15) -> 4466.55 | N13: =SUM(H13)*750 -> 0 | O13: =SUM(I13:N13) -> 6294.675 | P13: =IF(OR(WEEKDAY(A13)=1,WEEKDAY(A13)=7,NOT(ISERROR(MATCH(A13,[1]Праздники!A:A,0)))),"Выходной","Рабочий") -> Выходной
A14: 45786 | C14: 0 | D14: 0 | G14: =IF(A14 ="",0,G13+C14+E14-D13-F13) -> 289.645 | I14: =IF(P14="Выходной",SUM(C14*150)*1.5,SUM(C14*150)) -> 0 | J14: =IF(P14="Выходной",SUM(D14*150)*1.5,SUM(D14*150)) -> 0 | K14: =IF(OR(WEEKDAY(A14)=1,WEEKDAY(A14)=7,NOT(ISERROR(MATCH(A14,[1]Праздники!A:A,0)))),SUM(E14*225)*1.5,SUM(E14*225)) -> 0 | L14: =IF(OR(WEEKDAY(A14)=1,WEEKDAY(A14)=7,NOT(ISERROR(MATCH(A14,[1]Праздники!A:A,0)))),SUM(F14*225)*1.5,SUM(F14*225)) -> 0 | M14: =SUM(G14*15) -> 4344.675 | N14: =SUM(H14)*750 -> 0 | O14: =SUM(I14:N14) -> 4344.675 | P14: =IF(OR(WEEKDAY(A14)=1,WEEKDAY(A14)=7,NOT(ISERROR(MATCH(A14,[1]Праздники!A:A,0)))),"Выходной","Рабочий") -> Выходной
A15: 45787 | C15: 0 | D15: 1.375 | G15: =IF(A15 ="",0,G14+C15+E15-D14-F14) -> 289.645 | I15: =IF(P15="Выходной",SUM(C15*150)*1.5,SUM(C15*150)) -> 0 | J15: =IF(P15="Выходной",SUM(D15*150)*1.5,SUM(D15*150)) -> 309.375 | K15: =IF(OR(WEEKDAY(A15)=1,WEEKDAY(A15)=7,NOT(ISERROR(MATCH(A15,[1]Праздники!A:A,0)))),SUM(E15*225)*1.5,SUM(E15*225)) -> 0 | L15: =IF(OR(WEEKDAY(A15)=1,WEEKDAY(A15)=7,NOT(ISERROR(MATCH(A15,[1]Праздники!A:A,0)))),SUM(F15*225)*1.5,SUM(F15*225)) -> 0 | M15: =SUM(G15*15) -> 4344.675 | N15: =SUM(H15)*750 -> 0 | O15: =SUM(I15:N15) -> 4654.05 | P15: =IF(OR(WEEKDAY(A15)=1,WEEKDAY(A15)=7,NOT(ISERROR(MATCH(A15,[1]Праздники!A:A,0)))),"Выходной","Рабочий") -> Выходной
A16: 45788 | C16: 0 | D16: 0 | G16: =IF(A16 ="",0,G15+C16+E16-D15-F15) -> 288.27 | I16: =IF(P16="Выходной",SUM(C16*150)*1.5,SUM(C16*150)) -> 0 | J16: =IF(P16="Выходной",SUM(D16*150)*1.5,SUM(D16*150)) -> 0 | K16: =IF(OR(WEEKDAY(A16)=1,WEEKDAY(A16)=7,NOT(ISERROR(MATCH(A16,[1]Праздники!A:A,0)))),SUM(E16*225)*1.5,SUM(E16*225)) -> 0 | L16: =IF(OR(WEEKDAY(A16)=1,WEEKDAY(A16)=7,NOT(ISERROR(MATCH(A16,[1]Праздники!A:A,0)))),SUM(F16*225)*1.5,SUM(F16*225)) -> 0 | M16: =SUM(G16*15) -> 4324.05 | N16: =SUM(H16)*750 -> 0 | O16: =SUM(I16:N16) -> 4324.05 | P16: =IF(OR(WEEKDAY(A16)=1,WEEKDAY(A16)=7,NOT(ISERROR(MATCH(A16,[1]Праздники!A:A,0)))),"Выходной","Рабочий") -> Выходной
A17: 45789 | C17: 0 | D17: 0 | G17: =IF(A17 ="",0,G16+C17+E17-D16-F16) -> 288.27 | I17: =IF(P17="Выходной",SUM(C17*150)*1.5,SUM(C17*150)) -> 0 | J17: =IF(P17="Выходной",SUM(D17*150)*1.5,SUM(D17*150)) -> 0 | K17: =IF(OR(WEEKDAY(A17)=1,WEEKDAY(A17)=7,NOT(ISERROR(MATCH(A17,[1]Праздники!A:A,0)))),SUM(E17*225)*1.5,SUM(E17*225)) -> 0 | L17: =IF(OR(WEEKDAY(A17)=1,WEEKDAY(A17)=7,NOT(ISERROR(MATCH(A17,[1]Праздники!A:A,0)))),SUM(F17*225)*1.5,SUM(F17*225)) -> 0 | M17: =SUM(G17*15) -> 4324.05 | N17: =SUM(H17)*750 -> 0 | O17: =SUM(I17:N17) -> 4324.05 | P17: =IF(OR(WEEKDAY(A17)=1,WEEKDAY(A17)=7,NOT(ISERROR(MATCH(A17,[1]Праздники!A:A,0)))),"Выходной","Рабочий") -> Рабочий
A18: 45790 | C18: 0 | D18: 0 | G18: =IF(A18 ="",0,G17+C18+E18-D17-F17) -> 288.27 | I18: =IF(P18="Выходной",SUM(C18*150)*1.5,SUM(C18*150)) -> 0 | J18: =IF(P18="Выходной",SUM(D18*150)*1.5,SUM(D18*150)) -> 0 | K18: =IF(OR(WEEKDAY(A18)=1,WEEKDAY(A18)=7,NOT(ISERROR(MATCH(A18,[1]Праздники!A:A,0)))),SUM(E18*225)*1.5,SUM(E18*225)) -> 0 | L18: =IF(OR(WEEKDAY(A18)=1,WEEKDAY(A18)=7,NOT(ISERROR(MATCH(A18,[1]Праздники!A:A,0)))),SUM(F18*225)*1.5,SUM(F18*225)) -> 0 | M18: =SUM(G18*15) -> 4324.05 | N18: =SUM(H18)*750 -> 0 | O18: =SUM(I18:N18) -> 4324.05 | P18: =IF(OR(WEEKDAY(A18)=1,WEEKDAY(A18)=7,NOT(ISERROR(MATCH(A18,[1]Праздники!A:A,0)))),"Выходной","Рабочий") -> Рабочий
... A36: 45808 | C36: 0 | D36: 0 | G36: =IF(A36 ="",0,G35+C36+E36-D35-F35) -> 190.67 | I36: =IF(P36="Выходной",SUM(C36*150)*1.5,SUM(C36*150)) -> 0 | J36: =IF(P36="Выходной",SUM(D36*150)*1.5,SUM(D36*150)) -> 0 | K36: =IF(OR(WEEKDAY(A36)=1,WEEKDAY(A36)=7,NOT(ISERROR(MATCH(A36,[1]Праздники!A:A,0)))),SUM(E36*225)*1.5,SUM(E36*225)) -> 0 | L36: =IF(OR(WEEKDAY(A36)=1,WEEKDAY(A36)=7,NOT(ISERROR(MATCH(A36,[1]Праздники!A:A,0)))),SUM(F36*225)*1.5,SUM(F36*225)) -> 0 | M36: =SUM(G36*15) -> 2860.05 | N36: =SUM(H36)*750 -> 0 | O36: =SUM(I36:N36) -> 2860.05 | P36: =IF(OR(WEEKDAY(A36)=1,WEEKDAY(A36)=7,NOT(ISERROR(MATCH(A36,[1]Праздники!A:A,0)))),"Выходной","Рабочий") -> Выходной
C37: =SUM(C6:C36) -> 0 | D37: =SUM(D6:D36) -> 108.475 | E37: =SUM(E6:E36) -> 0 | F37: =SUM(F6:F36) -> 0 | G37: =SUM(G6:G36) -> 8346.345 | H37: =SUM(H6:H36) -> 0 | I37: =SUM(I6:I36) -> 0 | J37: =SUM(J6:J36) -> 20788.125 | ... O37: =SUM(O6:O36) -> 145983.3
N38: С НДС; | O38: =O37*1.2 -> 175179.96

Sheet Нижнекамск экспорт
A3: =IF(DAY(TODAY())>27,"Акт № от " & TEXT(TODAY(),"ДД ММММ ГГГГ"),"Акт № от " & TEXT(TODAY()-DAY(TODAY()),"ДД ММММ ГГГГ")) -> Акт № от 31 Декабрь 2025
A4: =IF(DAY(TODAY()) > 27, "выполненных работ (оказанных услуг) за " & TEXT(TODAY(),"ММММ ГГГГ"),"выполненных работ (оказанных услуг) за " & TEXT(TODAY()-DAY(TODAY()),"ММММ ГГГГ")) -> выполненных работ (оказанных услуг) за Декабрь 2025
A5: по Договору хранения № СХ.47103 от «10» апреля 2025 г.
A7: =IF(DAY(TODAY()) > 27,"Во исполнение Договора в период с " & TEXT(TODAY()-DAY(TODAY()-DAY(TODAY())),"ДД ММММ ГГГГ") & " г. По " & TEXT(TODAY(),"ДД ММММ ГГГГ") & " г. ХРАНИТЕЛЬ оказал ПОКЛАЖЕДАТЕЛЮ следующие услуги (работы):"," Во исполнение Договора в период с " & TEXT(TODAY()-DAY(TODAY())-DAY(TODAY()-DAY(TODAY()))+1,"ДД ММММ ГГГГ") & " г. По " & TEXT(TODAY()-DAY(TODAY()),"ДД ММММ ГГГГ") & " г. ХРАНИТЕЛЬ оказал ПОКЛАЖЕДАТЕЛЮ следующие услуги (работы):") -> Во исполнение Договора в период с 01 Декабрь 2025 г. По 31 Декабрь 2025 г. ХРАНИТЕЛЬ оказал ПОКЛАЖЕДАТЕЛЮ следующие услуги (работы):
A9: № | B9: Наименование услуг (работ) | C9: Ед. изм. | D9: Количество | E9: Цена | F9: Сумма без НДС | G9: Сумма с НДС
A10: 1 | B10: оформление документов | C10: шт. | D10: 15 | E10: 2000 | F10: =SUM(D10*E10) -> 30000 | G10: =F10*1.2 -> 36000
A11: 2 | B11: Оформление сертификата | C11: шт. | F11: =SUM(D11*E11) -> 0 | G11: =F11*1.2 -> 0
F12: =SUM(F10:F11) -> 30000 | G12: =SUM(G10:G11) -> 36000
A13: Итого: | B13: тридцать тысячь рублей ноль копеек
A14: Без налога (НДС): | B14: =B13 -> тридцать тысячь рублей ноль копеек
A15: Всего (с учетом НДС) | B15: тридцать шесть тысяч рублей ноль копеек
A16: Вышеперечисленные услуги (работы) выполнены полностью.
A17: ПОКЛАЖЕДАТЕЛЬ претензий по объему, качеству и срокам оказания услуг претензий не имеет.
A20: ООО "ДТМ" | D20: ПАО "СИБУР Холдинг"
A22: ____________________Расстегаев Д.О. | D22: ____________________

Sheet Баумана экспорт
A3: =IF(DAY(TODAY())>27,"Акт № от " & TEXT(TODAY(),"ДД ММММ ГГГГ"),"Акт № от " & TEXT(TODAY()-DAY(TODAY()),"ДД ММММ ГГГГ")) & " г. Нижний Новгород склад Баумана" -> Акт № от 31 Декабрь 2025 г. Нижний Новгород склад Баумана
A4: =IF(DAY(TODAY()) > 27, "выполненных работ (оказанных услуг) за " & TEXT(TODAY(),"ММММ ГГГГ"),"выполненных работ (оказанных услуг) за " & TEXT(TODAY()-DAY(TODAY()),"ММММ ГГГГ")) -> выполненных работ (оказанных услуг) за Декабрь 2025
A5: по Договору хранения № СХ.45411 от «01» января 2025 г.
A7: =IF(DAY(TODAY()) > 27," Во исполнение Договора в период с " & TEXT(TODAY()-DAY(TODAY()-DAY(TODAY())),"ДД ММММ ГГГГ") & " г. По " & TEXT(TODAY(),"ДД ММММ ГГГГ") & " г. ХРАНИТЕЛЬ оказал ПОКЛАЖЕДАТЕЛЮ следующие услуги (работы):"," Во исполнение Договора в период с " & TEXT(TODAY()-DAY(TODAY())-DAY(TODAY()-DAY(TODAY()))+1,"ДД ММММ ГГГГ") & " г. По " & TEXT(TODAY()-DAY(TODAY()),"ДД ММММ ГГГГ") & " г. ХРАНИТЕЛЬ оказал ПОКЛАЖЕДАТЕЛЮ следующие услуги (работы):") -> Во исполнение Договора в период с 01 Декабрь 2025 г. По 31 Декабрь 2025 г. ХРАНИТЕЛЬ оказал ПОКЛАЖЕДАТЕЛЮ следующие услуги (работы):
A9: № | B9: Наименование услуг (работ) | C9: Ед. изм. | D9: Количество | E9: Цена | F9: Сумма без НДС | G9: Сумма с НДС
A10: 1 | B10: оформление документов | C10: шт. | D10: 1 | E10: 1000 | F10: =SUM(D10*E10) -> 1000 | G10: =F10*1.2 -> 1200
A11: 2 | B11: Оформление сертификата | C11: шт. | F11: =SUM(D11*E11) -> 0 | G11: =F11*1.2 -> 0
F12: =SUM(F10:F11) -> 1000 | G12: =SUM(G10:G11) -> 1200
A13: Итого: | B13: одна тысяча рублей ноль копеек
A14: Без налога (НДС): | B14: =B13 -> одна тысяча рублей ноль копеек
A15: Всего (с учетом НДС) | B15: одна тысяча двести рублей ноль копеек
A16: Вышеперечисленные услуги (работы) выполнены полностью.
A17: ПОКЛАЖЕДАТЕЛЬ претензий по объему, качеству и срокам оказания услуг претензий не имеет.
A20: ООО "ДТМ" | D20: ПАО "СИБУР Холдинг"
A22: ____________________Расстегаев Д.О. | D22: ____________________

Sheet Зеленодольск экспорт
A3: =IF(DAY(TODAY())>27,"Акт № от " & TEXT(TODAY(),"ДД ММММ ГГГГ"),"Акт № от " & TEXT(TODAY()-DAY(TODAY()),"ДД ММММ ГГГГ")) & " г. Зеленодольск" -> Акт № от 31 Декабрь 2025 г. Зеленодольск
A4: =IF(DAY(TODAY()) > 27, "выполненных работ (оказанных услуг) за " & TEXT(TODAY(),"ММММ ГГГГ"),"выполненных работ (оказанных услуг) за " & TEXT(TODAY()-DAY(TODAY()),"ММММ ГГГГ")) -> выполненных работ (оказанных услуг) за Декабрь 2025
A5: по Договору хранения № СХ.47103 от «10» апреля 2025 г.
A7: =IF(DAY(TODAY()) > 27," Во исполнение Договора в период с " & TEXT(TODAY()-DAY(TODAY()-DAY(TODAY())),"ДД ММММ ГГГГ") & " г. По " & TEXT(TODAY(),"ДД ММММ ГГГГ") & " г. ХРАНИТЕЛЬ оказал ПОКЛАЖЕДАТЕЛЮ следующие услуги (работы):"," Во исполнение Договора в период с " & TEXT(TODAY()-DAY(TODAY())-DAY(TODAY()-DAY(TODAY()))+1,"ДД ММММ ГГГГ") & " г. По " & TEXT(TODAY()-DAY(TODAY()),"ДД ММММ ГГГГ") & " г. ХРАНИТЕЛЬ оказал ПОКЛАЖЕДАТЕЛЮ следующие услуги (работы):") -> Во исполнение Договора в период с 01 Декабрь 2025 г. По 31 Декабрь 2025 г. ХРАНИТЕЛЬ оказал ПОКЛАЖЕДАТЕЛЮ следующие услуги (работы):
A9: № | B9: Наименование услуг (работ) | C9: Ед. изм. | D9: Количество | E9: Цена | F9: Сумма без НДС | G9: Сумма с НДС
A10: 1 | B10: оформление документов | C10: шт. | D10: 15 | E10: 2000 | F10: =SUM(D10*E10) -> 30000 | G10: =F10*1.2 -> 36000
A11: 2 | B11: Оформление сертификата | C11: шт. | F11: =SUM(D11*E11) -> 0 | G11: =F11*1.2 -> 0
F12: =SUM(F10:F11) -> 30000 | G12: =SUM(G10:G11) -> 36000
A13: Итого: | B13: тридцать тысяч рублей ноль копеек
A14: Без налога (НДС): | B14: =B13 -> тридцать тысяч рублей ноль копеек
A15: Всего (с учетом НДС) | B15: тридцать шесть тысяч рублей ноль копеек
A16: Вышеперечисленные услуги (работы) выполнены полностью.
A17: ПОКЛАЖЕДАТЕЛЬ претензий по объему, качеству и срокам оказания услуг претензий не имеет.
A20: ООО "ДТМ" | D20: ПАО "СИБУР Холдинг"
A22: ____________________Расстегаев Д.О. | D22: ____________________

Sheet Литейные решения
A1: =R36 -> 18648
B2: Отчет по хранению товара за Декабрь
A3: № | B3: дата | D3: Выгрузка кол-во паллет | E3: Загрузка кол-во паллет | F3: Ручная загрузка | G3: Ручная выгрузка | H3: Хранение | I3: предоставление паллеты | J3: Фильмаж (паллет) | K3: стоимость выгрузки | L3: стоимость загрузки | M3: Стоимость ручной загрузки | N3: Стоимость ручной выгрузки | O3: стоимость хранения | P3: Стоимость предоставления паллета | Q3: стоимость услуги фильмаж | R3: итого
H4: (кол-во паллет)
A5: 1 | B5: 45992 | H5: 26 | K5: =SUM(D5*168) -> 0 | L5: =SUM(E5*168) -> 0 | M5: =F5*1000 -> 0 | N5: =G5*1000 -> 0 | O5: =SUM(H5*21.6) -> 561.6 | P5: =I5*500 -> 0 | Q5: =SUM(J5)*600 -> 0 | R5: =SUM(K5:Q5) -> 561.6
A6: 2 | B6: 45993 | H6: =H5+D6-E5 -> 26 | K6: =SUM(D6*168) -> 0 | L6: =SUM(E6*168) -> 0 | M6: =F6*1000 -> 0 | N6: =G6*1000 -> 0 | O6: =SUM(H6*21.6) -> 561.6 | P6: =I6*500 -> 0 | Q6: =SUM(J6)*600 -> 0 | R6: =SUM(K6:Q6) -> 561.6
A7: 3 | B7: 45994 | H7: =H6+D7-E6 -> 26 | K7: =SUM(D7*168) -> 0 | L7: =SUM(E7*168) -> 0 | M7: =F7*1000 -> 0 | N7: =G7*1000 -> 0 | O7: =SUM(H7*21.6) -> 561.6 | P7: =I7*500 -> 0 | Q7: =SUM(J7)*600 -> 0 | R7: =SUM(K7:Q7) -> 561.6
A8: 4 | B8: 45995 | H8: =H7+D8-E7 -> 26 | K8: =SUM(D8*168) -> 0 | L8: =SUM(E8*168) -> 0 | M8: =F8*1000 -> 0 | N8: =G8*1000 -> 0 | O8: =SUM(H8*21.6) -> 561.6 | P8: =I8*500 -> 0 | Q8: =SUM(J8)*600 -> 0 | R8: =SUM(K8:Q8) -> 561.6
A9: 5 | B9: 45996 | H9: =H8+D9-E8 -> 26 | K9: =SUM(D9*168) -> 0 | L9: =SUM(E9*168) -> 0 | M9: =F9*1000 -> 0 | N9: =G9*1000 -> 0 | O9: =SUM(H9*21.6) -> 561.6 | P9: =I9*500 -> 0 | Q9: =SUM(J9)*600 -> 0 | R9: =SUM(K9:Q9) -> 561.6
A10: 6 | B10: 45997 | H10: =H9+D10-E9 -> 26 | K10: =SUM(D10*168) -> 0 | L10: =SUM(E10*168) -> 0 | M10: =F10*1000 -> 0 | N10: =G10*1000 -> 0 | O10: =SUM(H10*21.6) -> 561.6 | P10: =I10*500 -> 0 | Q10: =SUM(J10)*600 -> 0 | R10: =SUM(K10:Q10) -> 561.6
A11: 7 | B11: 45998 | H11: =H10+D11-E10 -> 26 | K11: =SUM(D11*168) -> 0 | L11: =SUM(E11*168) -> 0 | M11: =F11*1000 -> 0 | N11: =G11*1000 -> 0 | O11: =SUM(H11*21.6) -> 561.6 | P11: =I11*500 -> 0 | Q11: =SUM(J11)*600 -> 0 | R11: =SUM(K11:Q11) -> 561.6
A12: 8 | B12: 45999 | E12: 2 | H12: =H11+D12-E11 -> 26 | K12: =SUM(D12*168) -> 0 | L12: =SUM(E12*168) -> 336 | M12: =F12*1000 -> 0 | N12: =G12*1000 -> 0 | O12: =SUM(H12*21.6) -> 561.6 | P12: =I12*500 -> 0 | Q12: =SUM(J12)*600 -> 0 | R12: =SUM(K12:Q12) -> 897.6
A13: 9 | B13: 46000 | H13: =H12+D13-E12 -> 24 | K13: =SUM(D13*168) -> 0 | L13: =SUM(E13*168) -> 0 | M13: =F13*1000 -> 0 | N13: =G13*1000 -> 0 | O13: =SUM(H13*21.6) -> 518.4 | P13: =I13*500 -> 0 | Q13: =SUM(J13)*600 -> 0 | R13: =SUM(K13:Q13) -> 518.4
A14: 10 | B14: 46001 | H14: =H13+D14-E13 -> 24 | K14: =SUM(D14*168) -> 0 | L14: =SUM(E14*168) -> 0 | M14: =F14*1000 -> 0 | N14: =G14*1000 -> 0 | O14: =SUM(H14*21.6) -> 518.4 | P14: =I14*500 -> 0 | Q14: =SUM(J14)*600 -> 0 | R14: =SUM(K14:Q14) -> 518.4
A15: 11 | B15: 46002 | H15: =H14+D15-E14 -> 24 | K15: =SUM(D15*168) -> 0 | L15: =SUM(E15*168) -> 0 | M15: =F15*1000 -> 0 | N15: =G15*1000 -> 0 | O15: =SUM(H15*21.6) -> 518.4 | P15: =I15*500 -> 0 | Q15: =SUM(J15)*600 -> 0 | R15: =SUM(K15:Q15) -> 518.4
A16: 12 | B16: 46003 | E16: 3 | H16: =H15+D16-E15 -> 24 | K16: =SUM(D16*168) -> 0 | L16: =SUM(E16*168) -> 504 | M16: =F16*1000 -> 0 | N16: =G16*1000 -> 0 | O16: =SUM(H16*21.6) -> 518.4 | P16: =I16*500 -> 0 | Q16: =SUM(J16)*600 -> 0 | R16: =SUM(K16:Q16) -> 1022.4
A17: 13 | B17: 46004 | H17: =H16+D17-E16 -> 21 | K17: =SUM(D17*168) -> 0 | L17: =SUM(E17*168) -> 0 | M17: =F17*1000 -> 0 | N17: =G17*1000 -> 0 | O17: =SUM(H17*21.6) -> 453.6 | P17: =I17*500 -> 0 | Q17: =SUM(J17)*600 -> 0 | R17: =SUM(K17:Q17) -> 453.6
A18: 14 | B18: 46005 | H18: =H17+D18-E17 -> 21 | K18: =SUM(D18*168) -> 0 | L18: =SUM(E18*168) -> 0 | M18: =F18*1000 -> 0 | N18: =G18*1000 -> 0 | O18: =SUM(H18*21.6) -> 453.6 | P18: =I18*500 -> 0 | Q18: =SUM(J18)*600 -> 0 | R18: =SUM(K18:Q18) -> 453.6
A19: 15 | B19: 46006 | E19: 2 | H19: =H18+D19-E18 -> 21 | K19: =SUM(D19*168) -> 0 | L19: =SUM(E19*168) -> 336 | M19: =F19*1000 -> 0 | N19: =G19*1000 -> 0 | O19: =SUM(H19*21.6) -> 453.6 | P19: =I19*500 -> 0 | Q19: =SUM(J19)*600 -> 0 | R19: =SUM(K19:Q19) -> 789.6
A20: 16 | B20: 46007 | E20: 1 | H20: =H19+D20-E19 -> 19 | K20: =SUM(D20*168) -> 0 | L20: =SUM(E20*168) -> 168 | M20: =F20*1000 -> 0 | N20: =G20*1000 -> 0 | O20: =SUM(H20*21.6) -> 410.4 | P20: =I20*500 -> 0 | Q20: =SUM(J20)*600 -> 0 | R20: =SUM(K20:Q20) -> 578.4
A21: 17 | B21: 46008 | H21: =H20+D21-E20 -> 18 | K21: =SUM(D21*168) -> 0 | L21: =SUM(E21*168) -> 0 | M21: =F21*1000 -> 0 | N21: =G21*1000 -> 0 | O21: =SUM(H21*21.6) -> 388.8 | P21: =I21*500 -> 0 | Q21: =SUM(J21)*600 -> 0 | R21: =SUM(K21:Q21) -> 388.8
A22: 18 | B22: 46009 | H22: =H21+D22-E21 -> 18 | K22: =SUM(D22*168) -> 0 | L22: =SUM(E22*168) -> 0 | M22: =F22*1000 -> 0 | N22: =G22*1000 -> 0 | O22: =SUM(H22*21.6) -> 388.8 | P22: =I22*500 -> 0 | Q22: =SUM(J22)*600 -> 0 | R22: =SUM(K22:Q22) -> 388.8
A23: 19 | B23: 46010 | H23: =H22+D23-E22 -> 18 | K23: =SUM(D23*168) -> 0 | L23: =SUM(E23*168) -> 0 | M23: =F23*1000 -> 0 | N23: =G23*1000 -> 0 | O23: =SUM(H23*21.6) -> 388.8 | P23: =I23*500 -> 0 | Q23: =SUM(J23)*600 -> 0 | R23: =SUM(K23:Q23) -> 388.8
A24: 20 | B24: 46011 | H24: =H23+D24-E23 -> 18 | K24: =SUM(D24*168) -> 0 | L24: =SUM(E24*168) -> 0 | M24: =F24*1000 -> 0 | N24: =G24*1000 -> 0 | O24: =SUM(H24*21.6) -> 388.8 | P24: =I24*500 -> 0 | Q24: =SUM(J24)*600 -> 0 | R24: =SUM(K24:Q24) -> 388.8
A25: 21 | B25: 46012 | H25: =H24+D25-E24 -> 18 | K25: =SUM(D25*168) -> 0 | L25: =SUM(E25*168) -> 0 | M25: =F25*1000 -> 0 | N25: =G25*1000 -> 0 | O25: =SUM(H25*21.6) -> 388.8 | P25: =I25*500 -> 0 | Q25: =SUM(J25)*600 -> 0 | R25: =SUM(K25:Q25) -> 388.8
A26: 22 | B26: 46013 | E26: 7 | H26: =H25+D26-E25 -> 18 | K26: =SUM(D26*168) -> 0 | L26: =SUM(E26*168) -> 1176 | M26: =F26*1000 -> 0 | N26: =G26*1000 -> 0 | O26: =SUM(H26*21.6) -> 388.8 | P26: =I26*500 -> 0 | Q26: =SUM(J26)*600 -> 0 | R26: =SUM(K26:Q26) -> 1564.8
A27: 23 | B27: 46014 | H27: =H26+D27-E26 -> 11 | K27: =SUM(D27*168) -> 0 | L27: =SUM(E27*168) -> 0 | M27: =F27*1000 -> 0 | N27: =G27*1000 -> 0 | O27: =SUM(H27*21.6) -> 237.6 | P27: =I27*500 -> 0 | Q27: =SUM(J27)*600 -> 0 | R27: =SUM(K27:Q27) -> 237.6
A28: 24 | B28: 46015 | H28: =H27+D28-E27 -> 11 | K28: =SUM(D28*168) -> 0 | L28: =SUM(E28*168) -> 0 | M28: =F28*1000 -> 0 | N28: =G28*1000 -> 0 | O28: =SUM(H28*21.6) -> 237.6 | P28: =I28*500 -> 0 | Q28: =SUM(J28)*600 -> 0 | R28: =SUM(K28:Q28) -> 237.6
A29: 25 | B29: 46016 | H29: =H28+D29-E28 -> 11 | K29: =SUM(D29*168) -> 0 | L29: =SUM(E29*168) -> 0 | M29: =F29*1000 -> 0 | N29: =G29*1000 -> 0 | O29: =SUM(H29*21.6) -> 237.6 | P29: =I29*500 -> 0 | Q29: =SUM(J29)*600 -> 0 | R29: =SUM(K29:Q29) -> 237.6
A30: 26 | B30: 46017 | E30: 1 | H30: =H29+D30-E29 -> 11 | K30: =SUM(D30*168) -> 0 | L30: =SUM(E30*168) -> 168 | M30: =F30*1000 -> 0 | N30: =G30*1000 -> 0 | O30: =SUM(H30*21.6) -> 237.6 | P30: =I30*500 -> 0 | Q30: =SUM(J30)*600 -> 0 | R30: =SUM(K30:Q30) -> 405.6
A31: 27 | B31: 46018 | H31: =H30+D31-E30 -> 10 | K31: =SUM(D31*168) -> 0 | L31: =SUM(E31*168) -> 0 | M31: =F31*1000 -> 0 | N31: =G31*1000 -> 0 | O31: =SUM(H31*21.6) -> 216 | P31: =I31*500 -> 0 | Q31: =SUM(J31)*600 -> 0 | R31: =SUM(K31:Q31) -> 216
A32: 28 | B32: 46019 | H32: =H31+D32-E31 -> 10 | K32: =SUM(D32*168) -> 0 | L32: =SUM(E32*168) -> 0 | M32: =F32*1000 -> 0 | N32: =G32*1000 -> 0 | O32: =SUM(H32*21.6) -> 216 | P32: =I32*500 -> 0 | Q32: =SUM(J32)*600 -> 0 | R32: =SUM(K32:Q32) -> 216
A33: 29 | B33: 46020 | D33: 14 | H33: =H32+D33-E32 -> 24 | K33: =SUM(D33*168) -> 2352 | L33: =SUM(E33*168) -> 0 | M33: =F33*1000 -> 0 | N33: =G33*1000 -> 0 | O33: =SUM(H33*21.6) -> 518.4 | P33: =I33*500 -> 0 | Q33: =SUM(J33)*600 -> 0 | R33: =SUM(K33:Q33) -> 2870.4
A34: 30 | B34: 46021 | H34: =H33+D34-E33 -> 24 | K34: =SUM(D34*168) -> 0 | L34: =SUM(E34*168) -> 0 | M34: =F34*1000 -> 0 | N34: =G34*1000 -> 0 | O34: =SUM(H34*21.6) -> 518.4 | P34: =I34*500 -> 0 | Q34: =SUM(J34)*600 -> 0 | R34: =SUM(K34:Q34) -> 518.4
A35: 31 | B35: 46022 | H35: =H34+D35-E34 -> 24 | K35: =SUM(D35*168) -> 0 | L35: =SUM(E35*168) -> 0 | M35: =F35*1000 -> 0 | N35: =G35*1000 -> 0 | O35: =SUM(H35*21.6) -> 518.4 | P35: =I35*500 -> 0 | Q35: =SUM(J35)*600 -> 0 | R35: =SUM(K35:Q35) -> 518.4
D36: =SUM(D5:D35) -> 14 | E36: =SUM(E5:E35) -> 16 | F36: =SUM(F5:F35) -> 0 | H36: =SUM(H5:H35) -> 630 | K36: =SUM(K5:K35) -> 2352 | L36: =SUM(L5:L35) -> 2688 | M36: =SUM(M5:M35) -> 0 | N36: =SUM(N5:N35) -> 0 | O36: =SUM(O5:O35) -> 13608 | P36: =SUM(P5:P35) -> 0 | Q36: =SUM(Q5:Q35) -> 0 | R36: =SUM(R5:R35) -> 18648

Sheet ЛС-Техномет
A1: =R36 -> 669.6
B2: Отчет по хранению товара за Декабрь
A3: № | B3: дата | D3: Выгрузка кол-во паллет | E3: Загрузка кол-во паллет | F3: Ручная загрузка | G3: Ручная выгрузка | H3: Хранение | I3: предоставление паллеты | J3: Фильмаж (паллет) | K3: стоимость выгрузки | L3: стоимость загрузки | M3: Стоимость ручной загрузки | N3: Стоимость ручной выгрузки | O3: стоимость хранения | P3: Стоимость предоставления паллета | Q3: стоимость услуги фильмаж | R3: итого
H4: (кол-во паллет)
A5: 1 | B5: 45992 | H5: 1 | K5: =SUM(D5*168) -> 0 | L5: =SUM(E5*168) -> 0 | M5: =F5*1000 -> 0 | N5: =G5*1000 -> 0 | O5: =SUM(H5*21.6) -> 21.6 | P5: =I5*500 -> 0 | Q5: =SUM(J5)*600 -> 0 | R5: =SUM(K5:Q5) -> 21.6
A6: 2 | B6: 45993 | H6: 1 | K6: =SUM(D6*168) -> 0 | L6: =SUM(E6*168) -> 0 | M6: =F6*1000 -> 0 | N6: =G6*1000 -> 0 | O6: =SUM(H6*21.6) -> 21.6 | P6: =I6*500 -> 0 | Q6: =SUM(J6)*600 -> 0 | R6: =SUM(K6:Q6) -> 21.6
A7: 3 | B7: 45994 | H7: 1 | K7: =SUM(D7*168) -> 0 | L7: =SUM(E7*168) -> 0 | M7: =F7*1000 -> 0 | N7: =G7*1000 -> 0 | O7: =SUM(H7*21.6) -> 21.6 | P7: =I7*500 -> 0 | Q7: =SUM(J7)*600 -> 0 | R7: =SUM(K7:Q7) -> 21.6
A8: 4 | B8: 45995 | H8: 1 | K8: =SUM(D8*168) -> 0 | L8: =SUM(E8*168) -> 0 | M8: =F8*1000 -> 0 | N8: =G8*1000 -> 0 | O8: =SUM(H8*21.6) -> 21.6 | P8: =I8*500 -> 0 | Q8: =SUM(J8)*600 -> 0 | R8: =SUM(K8:Q8) -> 21.6
A9: 5 | B9: 45996 | H9: 1 | K9: =SUM(D9*168) -> 0 | L9: =SUM(E9*168) -> 0 | M9: =F9*1000 -> 0 | N9: =G9*1000 -> 0 | O9: =SUM(H9*21.6) -> 21.6 | P9: =I9*500 -> 0 | Q9: =SUM(J9)*600 -> 0 | R9: =SUM(K9:Q9) -> 21.6
A10: 6 | B10: 45997 | H10: 1 | K10: =SUM(D10*168) -> 0 | L10: =SUM(E10*168) -> 0 | M10: =F10*1000 -> 0 | N10: =G10*1000 -> 0 | O10: =SUM(H10*21.6) -> 21.6 | P10: =I10*500 -> 0 | Q10: =SUM(J10)*600 -> 0 | R10: =SUM(K10:Q10) -> 21.6
A11: 7 | B11: 45998 | H11: 1 | K11: =SUM(D11*168) -> 0 | L11: =SUM(E11*168) -> 0 | M11: =F11*1000 -> 0 | N11: =G11*1000 -> 0 | O11: =SUM(H11*21.6) -> 21.6 | P11: =I11*500 -> 0 | Q11: =SUM(J11)*600 -> 0 | R11: =SUM(K11:Q11) -> 21.6
A12: 8 | B12: 45999 | H12: 1 | K12: =SUM(D12*168) -> 0 | L12: =SUM(E12*168) -> 0 | M12: =F12*1000 -> 0 | N12: =G12*1000 -> 0 | O12: =SUM(H12*21.6) -> 21.6 | P12: =I12*500 -> 0 | Q12: =SUM(J12)*600 -> 0 | R12: =SUM(K12:Q12) -> 21.6
A13: 9 | B13: 46000 | H13: 1 | K13: =SUM(D13*168) -> 0 | L13: =SUM(E13*168) -> 0 | M13: =F13*1000 -> 0 | N13: =G13*1000 -> 0 | O13: =SUM(H13*21.6) -> 21.6 | P13: =I13*500 -> 0 | Q13: =SUM(J13)*600 -> 0 | R13: =SUM(K13:Q13) -> 21.6
A14: 10 | B14: 46001 | H14: 1 | K14: =SUM(D14*168) -> 0 | L14: =SUM(E14*168) -> 0 | M14: =F14*1000 -> 0 | N14: =G14*1000 -> 0 | O14: =SUM(H14*21.6) -> 21.6 | P14: =I14*500 -> 0 | Q14: =SUM(J14)*600 -> 0 | R14: =SUM(K14:Q14) -> 21.6
A15: 11 | B15: 46002 | H15: 1 | K15: =SUM(D15*168) -> 0 | L15: =SUM(E15*168) -> 0 | M15: =F15*1000 -> 0 | N15: =G15*1000 -> 0 | O15: =SUM(H15*21.6) -> 21.6 | P15: =I15*500 -> 0 | Q15: =SUM(J15)*600 -> 0 | R15: =SUM(K15:Q15) -> 21.6
A16: 12 | B16: 46003 | H16: 1 | K16: =SUM(D16*168) -> 0 | L16: =SUM(E16*168) -> 0 | M16: =F16*1000 -> 0 | N16: =G16*1000 -> 0 | O16: =SUM(H16*21.6) -> 21.6 | P16: =I16*500 -> 0 | Q16: =SUM(J16)*600 -> 0 | R16: =SUM(K16:Q16) -> 21.6
... A34: 30 | B34: 46021 | H34: 1 | K34: =SUM(D34*168) -> 0 | L34: =SUM(E34*168) -> 0 | M34: =F34*1000 -> 0 | N34: =G34*1000 -> 0 | O34: =SUM(H34*21.6) -> 21.6 | P34: =I34*500 -> 0 | Q34: =SUM(J34)*600 -> 0 | R34: =SUM(K34:Q34) -> 21.6
B35: 46022 | H35: 1 | K35: =SUM(D35*168) -> 0 | L35: =SUM(E35*168) -> 0 | M35: =F35*1000 -> 0 | N35: =G35*1000 -> 0 | O35: =SUM(H35*21.6) -> 21.6 | P35: =I35*500 -> 0 | Q35: =SUM(J35)*600 -> 0 | R35: =SUM(K35:Q35) -> 21.6
D36: =SUM(D5:D35) -> 0 | E36: =SUM(E5:E35) -> 0 | F36: =SUM(F5:F35) -> 0 | H36: =SUM(H5:H35) -> 31 | K36: =SUM(K5:K35) -> 0 | L36: =SUM(L5:L35) -> 0 | M36: =SUM(M5:M35) -> 0 | N36: =SUM(N5:N35) -> 0 | O36: =SUM(O5:O35) -> 669.6 | P36: =SUM(P5:P35) -> 0 | Q36: =SUM(Q5:Q35) -> 0 | R36: =SUM(R5:R35) -> 669.6

Sheet Сандекс
A1: =S39 -> 24609.6
A4: Отчет "Сандекс" Декабрь 2025 | L4: Стоимость
A5: дата | C5: Выгрузка паллет | D5: Выгрузка короб | E5: Загрузка паллет | F5: Загрузка короб | G5: Наборка короб | J5: Палетирование | K5: Хранение | L5: Выгрузка палллет | M5: Выгрузка короб | N5: Загрузка паллет | O5: Загрузка короб | P5: Наборка | Q5: Паллетирование | R5: Хранение | S5: итого
K6: 31
A7: 45992 | J7: 0 | K7: 31 | L7: =C7*168 -> 0 | M7: =D7*4 -> 0 | N7: =E7*168 -> 0 | O7: =F7*4 -> 0 | P7: =G7*4 -> 0 | Q7: =J7*600 -> 0 | R7: =K7*21.6 -> 669.6 | S7: =SUM(L7:R7) -> 669.6
A8: 45993 | J8: 0 | K8: =ROUND(K7+C8+H8-E7,0) -> 31 | L8: =C8*168 -> 0 | M8: =D8*4 -> 0 | N8: =E8*168 -> 0 | O8: =F8*4 -> 0 | P8: =G8*4 -> 0 | Q8: =J8*600 -> 0 | R8: =K8*21.6 -> 669.6 | S8: =SUM(L8:R8) -> 669.6
A9: 45994 | J9: 0 | K9: =ROUND(K8+C9+H9-E8,0) -> 31 | L9: =C9*168 -> 0 | M9: =D9*4 -> 0 | N9: =E9*168 -> 0 | O9: =F9*4 -> 0 | P9: =G9*4 -> 0 | Q9: =J9*600 -> 0 | R9: =K9*21.6 -> 669.6 | S9: =SUM(L9:R9) -> 669.6
A10: 45995 | J10: 0 | K10: =ROUND(K9+C10+H10-E9,0) -> 31 | L10: =C10*168 -> 0 | M10: =D10*4 -> 0 | N10: =E10*168 -> 0 | O10: =F10*4 -> 0 | P10: =G10*4 -> 0 | Q10: =J10*600 -> 0 | R10: =K10*21.6 -> 669.6 | S10: =SUM(L10:R10) -> 669.6
A11: 45996 | E11: 1 | J11: 0 | K11: =ROUND(K10+C11+H11-E10,0) -> 31 | L11: =C11*168 -> 0 | M11: =D11*4 -> 0 | N11: =E11*168 -> 168 | O11: =F11*4 -> 0 | P11: =G11*4 -> 0 | Q11: =J11*600 -> 0 | R11: =K11*21.6 -> 669.6 | S11: =SUM(L11:R11) -> 837.6
A12: 45997 | J12: 0 | K12: =ROUND(K11+C12+H12-E11,0) -> 30 | L12: =C12*168 -> 0 | M12: =D12*4 -> 0 | N12: =E12*168 -> 0 | O12: =F12*4 -> 0 | P12: =G12*4 -> 0 | Q12: =J12*600 -> 0 | R12: =K12*21.6 -> 648 | S12: =SUM(L12:R12) -> 648
A13: 45998 | J13: 0 | K13: =ROUND(K12+C13+H13-E12,0) -> 30 | L13: =C13*168 -> 0 | M13: =D13*4 -> 0 | N13: =E13*168 -> 0 | O13: =F13*4 -> 0 | P13: =G13*4 -> 0 | Q13: =J13*600 -> 0 | R13: =K13*21.6 -> 648 | S13: =SUM(L13:R13) -> 648
A14: 45999 | J14: 0 | K14: =ROUND(K13+C14+H14-E13,0) -> 30 | L14: =C14*168 -> 0 | M14: =D14*4 -> 0 | N14: =E14*168 -> 0 | O14: =F14*4 -> 0 | P14: =G14*4 -> 0 | Q14: =J14*600 -> 0 | R14: =K14*21.6 -> 648 | S14: =SUM(L14:R14) -> 648
A15: 46000 | J15: 0 | K15: =ROUND(K14+C15+H15-E14,0) -> 30 | L15: =C15*168 -> 0 | M15: =D15*4 -> 0 | N15: =E15*168 -> 0 | O15: =F15*4 -> 0 | P15: =G15*4 -> 0 | Q15: =J15*600 -> 0 | R15: =K15*21.6 -> 648 | S15: =SUM(L15:R15) -> 648
A16: 46001 | J16: 0 | K16: =ROUND(K15+C16+H16-E15,0) -> 30 | L16: =C16*168 -> 0 | M16: =D16*4 -> 0 | N16: =E16*168 -> 0 | O16: =F16*4 -> 0 | P16: =G16*4 -> 0 | Q16: =J16*600 -> 0 | R16: =K16*21.6 -> 648 | S16: =SUM(L16:R16) -> 648
A17: 46002 | J17: 0 | K17: =ROUND(K16+C17+H17-E16,0) -> 30 | L17: =C17*168 -> 0 | M17: =D17*4 -> 0 | N17: =E17*168 -> 0 | O17: =F17*4 -> 0 | P17: =G17*4 -> 0 | Q17: =J17*600 -> 0 | R17: =K17*21.6 -> 648 | S17: =SUM(L17:R17) -> 648
A18: 46003 | J18: 0 | K18: =ROUND(K17+C18+H18-E17,0) -> 30 | L18: =C18*168 -> 0 | M18: =D18*4 -> 0 | N18: =E18*168 -> 0 | O18: =F18*4 -> 0 | P18: =G18*4 -> 0 | Q18: =J18*600 -> 0 | R18: =K18*21.6 -> 648 | S18: =SUM(L18:R18) -> 648
A19: 46004 | J19: 0 | K19: =ROUND(K18+C19+H19-E18,0) -> 30 | L19: =C19*168 -> 0 | M19: =D19*4 -> 0 | N19: =E19*168 -> 0 | O19: =F19*4 -> 0 | P19: =G19*4 -> 0 | Q19: =J19*600 -> 0 | R19: =K19*21.6 -> 648 | S19: =SUM(L19:R19) -> 648
A20: 46005 | J20: 0 | K20: =ROUND(K19+C20+H20-E19,0) -> 30 | L20: =C20*168 -> 0 | M20: =D20*4 -> 0 | N20: =E20*168 -> 0 | O20: =F20*4 -> 0 | P20: =G20*4 -> 0 | Q20: =J20*600 -> 0 | R20: =K20*21.6 -> 648 | S20: =SUM(L20:R20) -> 648
A21: 46006 | J21: 0 | K21: =ROUND(K20+C21+H21-E20,0) -> 30 | L21: =C21*168 -> 0 | M21: =D21*4 -> 0 | N21: =E21*168 -> 0 | O21: =F21*4 -> 0 | P21: =G21*4 -> 0 | Q21: =J21*600 -> 0 | R21: =K21*21.6 -> 648 | S21: =SUM(L21:R21) -> 648
A22: 46007 | J22: 0 | K22: =ROUND(K21+C22+H22-E21,0) -> 30 | L22: =C22*168 -> 0 | M22: =D22*4 -> 0 | N22: =E22*168 -> 0 | O22: =F22*4 -> 0 | P22: =G22*4 -> 0 | Q22: =J22*600 -> 0 | R22: =K22*21.6 -> 648 | S22: =SUM(L22:R22) -> 648
A23: 46008 | J23: 0 | K23: =ROUND(K22+C23+H23-E22,0) -> 30 | L23: =C23*168 -> 0 | M23: =D23*4 -> 0 | N23: =E23*168 -> 0 | O23: =F23*4 -> 0 | P23: =G23*4 -> 0 | Q23: =J23*600 -> 0 | R23: =K23*21.6 -> 648 | S23: =SUM(L23:R23) -> 648
... A35: 46020 | J35: 0 | K35: =ROUND(K34+C35+H35-E34,0) -> 30 | L35: =C35*168 -> 0 | M35: =D35*4 -> 0 | N35: =E35*168 -> 0 | O35: =F35*4 -> 0 | P35: =G35*4 -> 0 | Q35: =J35*600 -> 0 | R35: =K35*21.6 -> 648 | S35: =SUM(L35:R35) -> 648
A36: 46021 | E36: 29 | J36: 0 | K36: =ROUND(K35+C36+H36-E35,0) -> 30 | L36: =C36*168 -> 0 | M36: =D36*4 -> 0 | N36: =E36*168 -> 4872 | O36: =F36*4 -> 0 | P36: =G36*4 -> 0 | Q36: =J36*600 -> 0 | R36: =K36*21.6 -> 648 | S36: =SUM(L36:R36) -> 5520
A37: 46022 | J37: 0 | K37: =ROUND(K36+C37+H37-E36,0) -> 1 | L37: =C37*168 -> 0 | M37: =D37*4 -> 0 | N37: =E37*168 -> 0 | O37: =F37*4 -> 0 | P37: =G37*4 -> 0 | Q37: =J37*600 -> 0 | R37: =K37*21.6 -> 21.6 | S37: =SUM(L37:R37) -> 21.6
A38: Итого | C38: =SUM(C7:C37) -> 0 | D38: =SUM(D7:D37) -> 0 | E38: =SUM(E7:E37) -> 30 | F38: =SUM(F7:F37) -> 0 | G38: =SUM(G7:G37) -> 0 | H38: =SUM(H7:H37) -> 0 | I38: =SUM(I7:I37) -> 0 | J38: =SUM(J7:J37) -> 0 | ... S38: =SUM(S7:S37) -> 24609.6
R39: Итого | S39: =S38 -> 24609.6

Sheet СтройТех
A1: =K36 -> 22627
A2: Отчет по хранению товара СтройТех за Декабрь
A3: № | B3: дата | D3: Выгрузка кол-во паллет | E3: ручная загрузка | G3: Хранение | H3: стоимость выгрузки | I3: стоимость загр.. Работ | J3: стоимость хранения | K3: итого
E4: мультипак | F4: шт,. | G4: (кол-во паллет)
A5: 1 | B5: 45992 | F5: 23 | G5: 48 | H5: =SUM(D5*60) -> 0 | I5: =SUM(E5*25+F5*7) -> 161 | J5: =SUM(G5*15) -> 720 | K5: =SUM(H5:J5) -> 881
A6: 2 | B6: 45993 | G6: 48 | H6: =SUM(D6*60) -> 0 | I6: =SUM(E6*25+F6*7) -> 0 | J6: =SUM(G6*15) -> 720 | K6: =SUM(H6:J6) -> 720
A7: 3 | B7: 45994 | G7: 48 | H7: =SUM(D7*60) -> 0 | I7: =SUM(E7*25+F7*7) -> 0 | J7: =SUM(G7*15) -> 720 | K7: =SUM(H7:J7) -> 720
A8: 4 | B8: 45995 | G8: 48 | H8: =SUM(D8*60) -> 0 | I8: =SUM(E8*25+F8*7) -> 0 | J8: =SUM(G8*15) -> 720 | K8: =SUM(H8:J8) -> 720
A9: 5 | B9: 45996 | G9: 48 | H9: =SUM(D9*60) -> 0 | I9: =SUM(E9*25+F9*7) -> 0 | J9: =SUM(G9*15) -> 720 | K9: =SUM(H9:J9) -> 720
A10: 6 | B10: 45997 | G10: 48 | H10: =SUM(D10*60) -> 0 | I10: =SUM(E10*25+F10*7) -> 0 | J10: =SUM(G10*15) -> 720 | K10: =SUM(H10:J10) -> 720
A11: 7 | B11: 45998 | G11: 48 | H11: =SUM(D11*60) -> 0 | I11: =SUM(E11*25+F11*7) -> 0 | J11: =SUM(G11*15) -> 720 | K11: =SUM(H11:J11) -> 720
A12: 8 | B12: 45999 | G12: 48 | H12: =SUM(D12*60) -> 0 | I12: =SUM(E12*25+F12*7) -> 0 | J12: =SUM(G12*15) -> 720 | K12: =SUM(H12:J12) -> 720
A13: 9 | B13: 46000 | G13: 48 | H13: =SUM(D13*60) -> 0 | I13: =SUM(E13*25+F13*7) -> 0 | J13: =SUM(G13*15) -> 720 | K13: =SUM(H13:J13) -> 720
A14: 10 | B14: 46001 | G14: 48 | H14: =SUM(D14*60) -> 0 | I14: =SUM(E14*25+F14*7) -> 0 | J14: =SUM(G14*15) -> 720 | K14: =SUM(H14:J14) -> 720
A15: 11 | B15: 46002 | G15: 48 | H15: =SUM(D15*60) -> 0 | I15: =SUM(E15*25+F15*7) -> 0 | J15: =SUM(G15*15) -> 720 | K15: =SUM(H15:J15) -> 720
A16: 12 | B16: 46003 | G16: 48 | H16: =SUM(D16*60) -> 0 | I16: =SUM(E16*25+F16*7) -> 0 | J16: =SUM(G16*15) -> 720 | K16: =SUM(H16:J16) -> 720
A17: 13 | B17: 46004 | G17: 48 | H17: =SUM(D17*60) -> 0 | I17: =SUM(E17*25+F17*7) -> 0 | J17: =SUM(G17*15) -> 720 | K17: =SUM(H17:J17) -> 720
... A21: 17 | B21: 46008 | G21: 48 | H21: =SUM(D21*60) -> 0 | I21: =SUM(E21*25+F21*7) -> 0 | J21: =SUM(G21*15) -> 720 | K21: =SUM(H21:J21) -> 720
A22: 18 | B22: 46009 | E22: 6 | F22: 25 | G22: 48 | H22: =SUM(D22*60) -> 0 | I22: =SUM(E22*25+F22*7) -> 325 | J22: =SUM(G22*15) -> 720 | K22: =SUM(H22:J22) -> 1045
A23: 19 | B23: 46010 | G23: 46 | H23: =SUM(D23*60) -> 0 | I23: =SUM(E23*25+F23*7) -> 0 | J23: =SUM(G23*15) -> 690 | K23: =SUM(H23:J23) -> 690
A24: 20 | B24: 46011 | G24: 46 | H24: =SUM(D24*60) -> 0 | I24: =SUM(E24*25+F24*7) -> 0 | J24: =SUM(G24*15) -> 690 | K24: =SUM(H24:J24) -> 690
A25: 21 | B25: 46012 | G25: 46 | H25: =SUM(D25*60) -> 0 | I25: =SUM(E25*25+F25*7) -> 0 | J25: =SUM(G25*15) -> 690 | K25: =SUM(H25:J25) -> 690
A26: 22 | B26: 46013 | G26: 46 | H26: =SUM(D26*60) -> 0 | I26: =SUM(E26*25+F26*7) -> 0 | J26: =SUM(G26*15) -> 690 | K26: =SUM(H26:J26) -> 690
A27: 23 | B27: 46014 | G27: 46 | H27: =SUM(D27*60) -> 0 | I27: =SUM(E27*25+F27*7) -> 0 | J27: =SUM(G27*15) -> 690 | K27: =SUM(H27:J27) -> 690
A28: 24 | B28: 46015 | G28: 46 | H28: =SUM(D28*60) -> 0 | I28: =SUM(E28*25+F28*7) -> 0 | J28: =SUM(G28*15) -> 690 | K28: =SUM(H28:J28) -> 690
A29: 25 | B29: 46016 | E29: 22 | F29: 3 | G29: 46 | H29: =SUM(D29*60) -> 0 | I29: =SUM(E29*25+F29*7) -> 571 | J29: =SUM(G29*15) -> 690 | K29: =SUM(H29:J29) -> 1261
A30: 26 | B30: 46017 | G30: 42 | H30: =SUM(D30*60) -> 0 | I30: =SUM(E30*25+F30*7) -> 0 | J30: =SUM(G30*15) -> 630 | K30: =SUM(H30:J30) -> 630
A31: 27 | B31: 46018 | G31: 42 | H31: =SUM(D31*60) -> 0 | I31: =SUM(E31*25+F31*7) -> 0 | J31: =SUM(G31*15) -> 630 | K31: =SUM(H31:J31) -> 630
A32: 28 | B32: 46019 | G32: 42 | H32: =SUM(D32*60) -> 0 | I32: =SUM(E32*25+F32*7) -> 0 | J32: =SUM(G32*15) -> 630 | K32: =SUM(H32:J32) -> 630
A33: 29 | B33: 46020 | G33: 42 | H33: =SUM(D33*60) -> 0 | I33: =SUM(E33*25+F33*7) -> 0 | J33: =SUM(G33*15) -> 630 | K33: =SUM(H33:J33) -> 630
A34: 30 | B34: 46021 | G34: 42 | H34: =SUM(D34*60) -> 0 | I34: =SUM(E34*25+F34*7) -> 0 | J34: =SUM(G34*15) -> 630 | K34: =SUM(H34:J34) -> 630
B35: 46022 | G35: 42 | H35: =SUM(D35*60) -> 0 | I35: =SUM(E35*25+F35*7) -> 0 | J35: =SUM(G35*15) -> 630 | K35: =SUM(H35:J35) -> 630
G36: =SUM(G5:G35) -> 1438 | H36: =SUM(H5:H35) -> 0 | I36: =SUM(I5:I35) -> 1057 | J36: =SUM(J5:J35) -> 21570 | K36: =SUM(K5:K35) -> 22627

Sheet Доктор Франк
A1: =AE41 -> 8184
A4: Отчет "Доктор Франк" Декабрь 2025 | Q4: Стоимость
A5: дата | C5: Выгрузка паллет | D5: Выгрузка короб | E5: Загрузка паллет | F5: Загрузка короб | G5: Наборка короб | H5: Предоставление паддона | I5: оформление и выдача ТТН | J5: Печать этикеток | K5: Маркировка | L5: Перекладка Товара | M5: Упаковка в стрейч | N5: Упаковка в пупырку | O5: Палетирование | P5: Хранение | Q5: Выгрузка палллет | R5: Выгрузка короб | S5: Загрузка паллет | T5: Загрузка короб | U5: Наборка | V5: Паллеты | W5: Документы | X5: Печать этикеток | Y5: Маркировка | Z5: Упаковка в стрейч | AA5: Перекладка товара | AB5: Упаковка в пупырку | AC5: Паллетирование | AD5: Хранение | AE5: итого
P6: 8
A7: 45992 | K7: =J7 -> 0 | O7: =E7 -> 0 | P7: =ROUND(P6+C7+H7-E7,0) -> 8 | Q7: =C7*225 -> 0 | R7: =D7*15.6 -> 0 | S7: =E7*225 -> 0 | T7: =F7*15.6 -> 0 | U7: =G7*19 -> 0 | V7: =H7*675 -> 0 | W7: =I7*430 -> 0 | X7: =J7*3.3 -> 0 | Y7: =K7*1.9 -> 0 | Z7: =M7*21.6 -> 0 | AA7: =L7*11.5 -> 0 | AB7: =N7*24 -> 0 | AC7: =O7*243 -> 0 | AD7: =P7*33 -> 264 | AE7: =SUM(Q7:AD7) -> 264
A8: 45993 | K8: =J8 -> 0 | O8: =E8 -> 0 | P8: =ROUND(P7+C8+H8-E8,0) -> 8 | Q8: =C8*225 -> 0 | R8: =D8*15.6 -> 0 | S8: =E8*225 -> 0 | T8: =F8*15.6 -> 0 | U8: =G8*19 -> 0 | V8: =H8*675 -> 0 | W8: =I8*430 -> 0 | X8: =J8*3.3 -> 0 | Y8: =K8*1.9 -> 0 | Z8: =M8*21.6 -> 0 | AA8: =L8*11.5 -> 0 | AB8: =N8*24 -> 0 | AC8: =O8*243 -> 0 | AD8: =P8*33 -> 264 | AE8: =SUM(Q8:AD8) -> 264
A9: 45994 | K9: =J9 -> 0 | O9: =E9 -> 0 | P9: =ROUND(P8+C9+H9-E9,0) -> 8 | Q9: =C9*225 -> 0 | R9: =D9*15.6 -> 0 | S9: =E9*225 -> 0 | T9: =F9*15.6 -> 0 | U9: =G9*19 -> 0 | V9: =H9*675 -> 0 | W9: =I9*430 -> 0 | X9: =J9*3.3 -> 0 | Y9: =K9*1.9 -> 0 | Z9: =M9*21.6 -> 0 | AA9: =L9*11.5 -> 0 | AB9: =N9*24 -> 0 | AC9: =O9*243 -> 0 | AD9: =P9*33 -> 264 | AE9: =SUM(Q9:AD9) -> 264
A10: 45995 | K10: =J10 -> 0 | O10: =E10 -> 0 | P10: =ROUND(P9+C10+H10-E10,0) -> 8 | Q10: =C10*225 -> 0 | R10: =D10*15.6 -> 0 | S10: =E10*225 -> 0 | T10: =F10*15.6 -> 0 | U10: =G10*19 -> 0 | V10: =H10*675 -> 0 | W10: =I10*430 -> 0 | X10: =J10*3.3 -> 0 | Y10: =K10*1.9 -> 0 | Z10: =M10*21.6 -> 0 | AA10: =L10*11.5 -> 0 | AB10: =N10*24 -> 0 | AC10: =O10*243 -> 0 | AD10: =P10*33 -> 264 | AE10: =SUM(Q10:AD10) -> 264
A11: 45996 | K11: =J11 -> 0 | O11: =E11 -> 0 | P11: =ROUND(P10+C11+H11-E11,0) -> 8 | Q11: =C11*225 -> 0 | R11: =D11*15.6 -> 0 | S11: =E11*225 -> 0 | T11: =F11*15.6 -> 0 | U11: =G11*19 -> 0 | V11: =H11*675 -> 0 | W11: =I11*430 -> 0 | X11: =J11*3.3 -> 0 | Y11: =K11*1.9 -> 0 | Z11: =M11*21.6 -> 0 | AA11: =L11*11.5 -> 0 | AB11: =N11*24 -> 0 | AC11: =O11*243 -> 0 | AD11: =P11*33 -> 264 | AE11: =SUM(Q11:AD11) -> 264
A12: 45997 | K12: =J12 -> 0 | O12: =E12 -> 0 | P12: =ROUND(P11+C12+H12-E12,0) -> 8 | Q12: =C12*225 -> 0 | R12: =D12*15.6 -> 0 | S12: =E12*225 -> 0 | T12: =F12*15.6 -> 0 | U12: =G12*19 -> 0 | V12: =H12*675 -> 0 | W12: =I12*430 -> 0 | X12: =J12*3.3 -> 0 | Y12: =K12*1.9 -> 0 | Z12: =M12*21.6 -> 0 | AA12: =L12*11.5 -> 0 | AB12: =N12*24 -> 0 | AC12: =O12*243 -> 0 | AD12: =P12*33 -> 264 | AE12: =SUM(Q12:AD12) -> 264
A13: 45998 | K13: =J13 -> 0 | O13: =E13 -> 0 | P13: =ROUND(P12+C13+H13-E13,0) -> 8 | Q13: =C13*225 -> 0 | R13: =D13*15.6 -> 0 | S13: =E13*225 -> 0 | T13: =F13*15.6 -> 0 | U13: =G13*19 -> 0 | V13: =H13*675 -> 0 | W13: =I13*430 -> 0 | X13: =J13*3.3 -> 0 | Y13: =K13*1.9 -> 0 | Z13: =M13*21.6 -> 0 | AA13: =L13*11.5 -> 0 | AB13: =N13*24 -> 0 | AC13: =O13*243 -> 0 | AD13: =P13*33 -> 264 | AE13: =SUM(Q13:AD13) -> 264
A14: 45999 | K14: =J14 -> 0 | O14: =E14 -> 0 | P14: =ROUND(P13+C14+H14-E14,0) -> 8 | Q14: =C14*225 -> 0 | R14: =D14*15.6 -> 0 | S14: =E14*225 -> 0 | T14: =F14*15.6 -> 0 | U14: =G14*19 -> 0 | V14: =H14*675 -> 0 | W14: =I14*430 -> 0 | X14: =J14*3.3 -> 0 | Y14: =K14*1.9 -> 0 | Z14: =M14*21.6 -> 0 | AA14: =L14*11.5 -> 0 | AB14: =N14*24 -> 0 | AC14: =O14*243 -> 0 | AD14: =P14*33 -> 264 | AE14: =SUM(Q14:AD14) -> 264
A15: 46000 | K15: =J15 -> 0 | O15: =E15 -> 0 | P15: =ROUND(P14+C15+H15-E15,0) -> 8 | Q15: =C15*225 -> 0 | R15: =D15*15.6 -> 0 | S15: =E15*225 -> 0 | T15: =F15*15.6 -> 0 | U15: =G15*19 -> 0 | V15: =H15*675 -> 0 | W15: =I15*430 -> 0 | X15: =J15*3.3 -> 0 | Y15: =K15*1.9 -> 0 | Z15: =M15*21.6 -> 0 | AA15: =L15*11.5 -> 0 | AB15: =N15*24 -> 0 | AC15: =O15*243 -> 0 | AD15: =P15*33 -> 264 | AE15: =SUM(Q15:AD15) -> 264
A16: 46001 | K16: =J16 -> 0 | O16: =E16 -> 0 | P16: =ROUND(P15+C16+H16-E16,0) -> 8 | Q16: =C16*225 -> 0 | R16: =D16*15.6 -> 0 | S16: =E16*225 -> 0 | T16: =F16*15.6 -> 0 | U16: =G16*19 -> 0 | V16: =H16*675 -> 0 | W16: =I16*430 -> 0 | X16: =J16*3.3 -> 0 | Y16: =K16*1.9 -> 0 | Z16: =M16*21.6 -> 0 | AA16: =L16*11.5 -> 0 | AB16: =N16*24 -> 0 | AC16: =O16*243 -> 0 | AD16: =P16*33 -> 264 | AE16: =SUM(Q16:AD16) -> 264
A17: 46002 | K17: =J17 -> 0 | O17: =E17 -> 0 | P17: =ROUND(P16+C17+H17-E17,0) -> 8 | Q17: =C17*225 -> 0 | R17: =D17*15.6 -> 0 | S17: =E17*225 -> 0 | T17: =F17*15.6 -> 0 | U17: =G17*19 -> 0 | V17: =H17*675 -> 0 | W17: =I17*430 -> 0 | X17: =J17*3.3 -> 0 | Y17: =K17*1.9 -> 0 | Z17: =M17*21.6 -> 0 | AA17: =L17*11.5 -> 0 | AB17: =N17*24 -> 0 | AC17: =O17*243 -> 0 | AD17: =P17*33 -> 264 | AE17: =SUM(Q17:AD17) -> 264
A18: 46003 | K18: =J18 -> 0 | O18: =E18 -> 0 | P18: =ROUND(P17+C18+H18-E18,0) -> 8 | Q18: =C18*225 -> 0 | R18: =D18*15.6 -> 0 | S18: =E18*225 -> 0 | T18: =F18*15.6 -> 0 | U18: =G18*19 -> 0 | V18: =H18*675 -> 0 | W18: =I18*430 -> 0 | X18: =J18*3.3 -> 0 | Y18: =K18*1.9 -> 0 | Z18: =M18*21.6 -> 0 | AA18: =L18*11.5 -> 0 | AB18: =N18*24 -> 0 | AC18: =O18*243 -> 0 | AD18: =P18*33 -> 264 | AE18: =SUM(Q18:AD18) -> 264
... A36: 46021 | K36: =J36 -> 0 | O36: =E36 -> 0 | P36: =ROUND(P35+C36+H36-E36,0) -> 8 | Q36: =C36*225 -> 0 | R36: =D36*15.6 -> 0 | S36: =E36*225 -> 0 | T36: =F36*15.6 -> 0 | U36: =G36*19 -> 0 | V36: =H36*675 -> 0 | W36: =I36*430 -> 0 | X36: =J36*3.3 -> 0 | Y36: =K36*1.9 -> 0 | Z36: =M36*21.6 -> 0 | AA36: =L36*11.5 -> 0 | AB36: =N36*24 -> 0 | AC36: =O36*243 -> 0 | AD36: =P36*33 -> 264 | AE36: =SUM(Q36:AD36) -> 264
A37: 46022 | O37: =E37 -> 0 | P37: =ROUND(P36+C37+H37-E37,0) -> 8 | Q37: =C37*225 -> 0 | R37: =D37*15.6 -> 0 | S37: =E37*225 -> 0 | T37: =F37*15.6 -> 0 | U37: =G37*19 -> 0 | V37: =H37*675 -> 0 | W37: =I37*430 -> 0 | X37: =J37*3.3 -> 0 | Y37: =K37*1.9 -> 0 | Z37: =M37*21.6 -> 0 | AA37: =L37*11.5 -> 0 | AB37: =N37*24 -> 0 | AC37: =O37*243 -> 0 | AD37: =P37*33 -> 264 | AE37: =SUM(Q37:AD37) -> 264
A38: Итого | C38: =SUM(C7:C37) -> 0 | D38: =SUM(D7:D37) -> 0 | E38: =SUM(E7:E37) -> 0 | F38: =SUM(F7:F37) -> 0 | G38: =SUM(G7:G37) -> 0 | H38: =SUM(H7:H37) -> 0 | I38: =SUM(I7:I37) -> 0 | J38: =SUM(J7:J37) -> 0 | ... AE38: =SUM(AE7:AE37) -> 8184
AE39: 0
AE40: =-(K3*14+K3*24+K3*2*2.7) -> 0
AE41: =AE38+AE39+AE40 -> 8184

Sheet Ергарда
A1: =J35 -> 8928 | B1: Отчет по хранению товара Ергарда за Декабрь
A2: № | B2: дата | D2: Выгрузка кол-во паллет | E2: Загрузка кол-во паллет | F2: Хранение | G2: стоимость выгрузки | H2: стоимость загрузки | I2: стоимость хранения | J2: итого
F3: (кол-во паллет)
A4: 1 | B4: 45992 | F4: 24 | G4: =SUM(D4*120) -> 0 | H4: =SUM(E4*120) -> 0 | I4: =SUM(F4*12) -> 288 | J4: =SUM(G4:I4) -> 288
A5: 2 | B5: 45993 | F5: 24 | G5: =SUM(D5*120) -> 0 | H5: =SUM(E5*120) -> 0 | I5: =SUM(F5*12) -> 288 | J5: =SUM(G5:I5) -> 288
A6: 3 | B6: 45994 | F6: 24 | G6: =SUM(D6*120) -> 0 | H6: =SUM(E6*120) -> 0 | I6: =SUM(F6*12) -> 288 | J6: =SUM(G6:I6) -> 288
A7: 4 | B7: 45995 | F7: 24 | G7: =SUM(D7*120) -> 0 | H7: =SUM(E7*120) -> 0 | I7: =SUM(F7*12) -> 288 | J7: =SUM(G7:I7) -> 288
A8: 5 | B8: 45996 | F8: 24 | G8: =SUM(D8*120) -> 0 | H8: =SUM(E8*120) -> 0 | I8: =SUM(F8*12) -> 288 | J8: =SUM(G8:I8) -> 288
A9: 6 | B9: 45997 | F9: 24 | G9: =SUM(D9*120) -> 0 | H9: =SUM(E9*120) -> 0 | I9: =SUM(F9*12) -> 288 | J9: =SUM(G9:I9) -> 288
A10: 7 | B10: 45998 | F10: 24 | G10: =SUM(D10*120) -> 0 | H10: =SUM(E10*120) -> 0 | I10: =SUM(F10*12) -> 288 | J10: =SUM(G10:I10) -> 288
A11: 8 | B11: 45999 | F11: 24 | G11: =SUM(D11*120) -> 0 | H11: =SUM(E11*120) -> 0 | I11: =SUM(F11*12) -> 288 | J11: =SUM(G11:I11) -> 288
A12: 9 | B12: 46000 | F12: 24 | G12: =SUM(D12*120) -> 0 | H12: =SUM(E12*120) -> 0 | I12: =SUM(F12*12) -> 288 | J12: =SUM(G12:I12) -> 288
A13: 10 | B13: 46001 | F13: 24 | G13: =SUM(D13*120) -> 0 | H13: =SUM(E13*120) -> 0 | I13: =SUM(F13*12) -> 288 | J13: =SUM(G13:I13) -> 288
A14: 11 | B14: 46002 | F14: 24 | G14: =SUM(D14*120) -> 0 | H14: =SUM(E14*120) -> 0 | I14: =SUM(F14*12) -> 288 | J14: =SUM(G14:I14) -> 288
A15: 12 | B15: 46003 | F15: 24 | G15: =SUM(D15*120) -> 0 | H15: =SUM(E15*120) -> 0 | I15: =SUM(F15*12) -> 288 | J15: =SUM(G15:I15) -> 288
... A34: 31 | B34: 46022 | F34: 24 | G34: =SUM(D34*120) -> 0 | H34: =SUM(E34*120) -> 0 | I34: =SUM(F34*12) -> 288 | J34: =SUM(G34:I34) -> 288
G35: =SUM(G4:G34) -> 0 | H35: =SUM(H4:H34) -> 0 | I35: =SUM(I4:I34) -> 8928 | J35: =SUM(J4:J34) -> 8928

Sheet Зеленодольск Доп услуги
A2: =IF(DAY(TODAY())>27,"Акт № от " & TEXT(TODAY(),"ДД ММММ ГГГГ"),"Акт № от " & TEXT(TODAY()-DAY(TODAY()),"ДД ММММ ГГГГ")) -> Акт № от 31 Декабрь 2025
A3: =IF(DAY(TODAY()) > 27, "выполненных работ (оказанных услуг) за " & TEXT(TODAY(),"ММММ ГГГГ"),"выполненных работ (оказанных услуг) за " & TEXT(TODAY()-DAY(TODAY()),"ММММ ГГГГ")) -> выполненных работ (оказанных услуг) за Декабрь 2025
A4: по Договору хранения № СХ.45411 от «01» января 2025 г.
A6: =IF(DAY(TODAY()) > 27," Во исполнение Договора в период с " & TEXT(TODAY()-DAY(TODAY()-DAY(TODAY())),"ДД ММММ ГГГГ") & " г. По " & TEXT(TODAY(),"ДД ММММ ГГГГ") & " г. ХРАНИТЕЛЬ оказал ПОКЛАЖЕДАТЕЛЮ следующие услуги (работы):"," Во исполнение Договора в период с " & TEXT(TODAY()-DAY(TODAY())-DAY(TODAY()-DAY(TODAY()))+1,"ДД ММММ ГГГГ") & " г. По " & TEXT(TODAY()-DAY(TODAY()),"ДД ММММ ГГГГ") & " г. ХРАНИТЕЛЬ оказал ПОКЛАЖЕДАТЕЛЮ следующие услуги (работы):") -> Во исполнение Договора в период с 01 Декабрь 2025 г. По 31 Декабрь 2025 г. ХРАНИТЕЛЬ оказал ПОКЛАЖЕДАТЕЛЮ следующие услуги (работы):
A8: № | B8: Наименование услуг (работ) | C8: Ед. изм. | D8: Количество | E8: Цена | F8: Сумма
A9: 1 | B9: Переконсолидация Товара | C9: тонна | D9: 225.5 | E9: 950 | F9: =D9*E9 -> 214225
A10: 2 | B10: Паллетирование | C10: тонна | D10: =D9 -> 225.5 | E10: 120 | F10: =D10*E10 -> 27060
A11: 3 | B11: Предоставление фито поддона | C11: штука | D11: 164 | E11: 830 | F11: =D11*E11 -> 136120
A12: Итого: | F12: =SUM(F9:F11) -> 377405
A13: Без налога (НДС) | F13: =F12 -> 377405
A14: Всего (с учетом НДС) | F14: =F13*1.2 -> 452886
A15: Вышеперечисленные услуги (работы) выполнены полностью.
A16: ПОКЛАЖЕДАТЕЛЬ претензий по объему, качеству и срокам оказания услуг претензий не имеет.
A19: ООО "ДТМ" | D19: ПАО "СИБУР Холдинг"
A21: ____________________Расстегаев Д.О. | D21: ____________________

Sheet Казань_Приволжская экспорт
A3: Акт № от «30» Сентября 2025 г. Казань_Приволжская
A4: =IF(DAY(TODAY()) > 27, "выполненных работ (оказанных услуг) за " & TEXT(TODAY(),"ММММ ГГГГ"),"выполненных работ (оказанных услуг) за " & TEXT(TODAY()-DAY(TODAY()),"ММММ ГГГГ")) -> выполненных работ (оказанных услуг) за Декабрь 2025
A5: по Договору хранения № СХ.47103 от «10» апреля 2025 г.
A7: Во исполнение Договора в период с "01" Сентября 2025 г. по "30" Сентября 2025 г. ХРАНИТЕЛЬ оказал ПОКЛАЖЕДАТЕЛЮ следующие услуги (работы):
A9: № | B9: Наименование услуг (работ) | C9: Ед. изм. | D9: Количество | E9: Цена | F9: Сумма без НДС | G9: Сумма с НДС
A10: 1 | B10: оформление документов | C10: шт. | D10: 5 | E10: 2000 | F10: =SUM(D10*E10) -> 10000 | G10: =F10*1.2 -> 12000
A11: 2 | B11: Оформление сертификата | C11: шт. | F11: =SUM(D11*E11) -> 0 | G11: =F11*1.2 -> 0
F12: =SUM(F10:F11) -> 10000 | G12: =SUM(G10:G11) -> 12000
A13: Итого: | B13: десять тысяч рублей ноль копеек
A14: Без налога (НДС): | B14: =B13 -> десять тысяч рублей ноль копеек
A15: Всего (с учетом НДС) | B15: двеналцать тысяч рублей ноль копеек
A16: Вышеперечисленные услуги (работы) выполнены полностью.
A17: ПОКЛАЖЕДАТЕЛЬ претензий по объему, качеству и срокам оказания услуг претензий не имеет.
A20: ООО "ДТМ" | D20: ПАО "СИБУР Холдинг"
A22: ____________________Расстегаев Д.О. | D22: ____________________

Sheet Казань_Автосервисная экспорт
A3: =IF(DAY(TODAY())>27,"Акт № от " & TEXT(TODAY(),"ДД ММММ ГГГГ"),"Акт № от " & TEXT(TODAY()-DAY(TODAY()),"ДД ММММ ГГГГ")) & " г. Казань_Автосервисная" -> Акт № от 31 Декабрь 2025 г. Казань_Автосервисная
A4: =IF(DAY(TODAY()) > 27, "выполненных работ (оказанных услуг) за " & TEXT(TODAY(),"ММММ ГГГГ"),"выполненных работ (оказанных услуг) за " & TEXT(TODAY()-DAY(TODAY()),"ММММ ГГГГ")) -> выполненных работ (оказанных услуг) за Декабрь 2025
A5: по Договору хранения № СХ.47103 от «10» апреля 2025 г.
A7: =IF(DAY(TODAY()) > 27,"Во исполнение Договора в период с " & TEXT(TODAY()-DAY(TODAY()-DAY(TODAY())),"ДД ММММ ГГГГ") & " г. По " & TEXT(TODAY(),"ДД ММММ ГГГГ") & " г. ХРАНИТЕЛЬ оказал ПОКЛАЖЕДАТЕЛЮ следующие услуги (работы):"," Во исполнение Договора в период с " & TEXT(TODAY()-DAY(TODAY())-DAY(TODAY()-DAY(TODAY()))+1,"ДД ММММ ГГГГ") & " г. По " & TEXT(TODAY()-DAY(TODAY()),"ДД ММММ ГГГГ") & " г. ХРАНИТЕЛЬ оказал ПОКЛАЖЕДАТЕЛЮ следующие услуги (работы):") -> Во исполнение Договора в период с 01 Декабрь 2025 г. По 31 Декабрь 2025 г. ХРАНИТЕЛЬ оказал ПОКЛАЖЕДАТЕЛЮ следующие услуги (работы):
A9: № | B9: Наименование услуг (работ) | C9: Ед. изм. | D9: Количество | E9: Цена | F9: Сумма без НДС | G9: Сумма с НДС
A10: 1 | B10: оформление документов | C10: шт. | D10: 28 | E10: 2000 | F10: =SUM(D10*E10) -> 56000 | G10: =F10*1.2 -> 67200
A11: 2 | B11: Оформление сертификата | C11: шт. | F11: =SUM(D11*E11) -> 0 | G11: =F11*1.2 -> 0
F12: =SUM(F10:F11) -> 56000 | G12: =SUM(G10:G11) -> 67200
A13: Итого: | B13: пятьдесят шесть тысячь рублей ноль копеек
A14: Без налога (НДС): | B14: =B13 -> пятьдесят шесть тысячь рублей ноль копеек
A15: Всего (с учетом НДС) | B15: шестьдесят семь тысяч двести рублей ноль копеек
A16: Вышеперечисленные услуги (работы) выполнены полностью.
A17: ПОКЛАЖЕДАТЕЛЬ претензий по объему, качеству и срокам оказания услуг претензий не имеет.
A20: ООО "ДТМ" | D20: ПАО "СИБУР Холдинг"
A22: ____________________Расстегаев Д.О. | D22: ____________________

Sheet Казань_Автосервисная Доп услуги
A2: =IF(DAY(TODAY())>27,"Акт № от " & TEXT(TODAY(),"ДД ММММ ГГГГ"),"Акт № от " & TEXT(TODAY()-DAY(TODAY()),"ДД ММММ ГГГГ")) -> Акт № от 31 Декабрь 2025
A3: =IF(DAY(TODAY()) > 27, "выполненных работ (оказанных услуг) за " & TEXT(TODAY(),"ММММ ГГГГ"),"выполненных работ (оказанных услуг) за " & TEXT(TODAY()-DAY(TODAY()),"ММММ ГГГГ")) -> выполненных работ (оказанных услуг) за Декабрь 2025
A4: по Договору хранения № СХ.45411 от «01» января 2025 г.
A6: =IF(DAY(TODAY()) > 27," Во исполнение Договора в период с " & TEXT(TODAY()-DAY(TODAY()-DAY(TODAY())),"ДД ММММ ГГГГ") & " г. По " & TEXT(TODAY(),"ДД ММММ ГГГГ") & " г. ХРАНИТЕЛЬ оказал ПОКЛАЖЕДАТЕЛЮ следующие услуги (работы):"," Во исполнение Договора в период с " & TEXT(TODAY()-DAY(TODAY())-DAY(TODAY()-DAY(TODAY()))+1,"ДД ММММ ГГГГ") & " г. По " & TEXT(TODAY()-DAY(TODAY()),"ДД ММММ ГГГГ") & " г. ХРАНИТЕЛЬ оказал ПОКЛАЖЕДАТЕЛЮ следующие услуги (работы):") -> Во исполнение Договора в период с 01 Декабрь 2025 г. По 31 Декабрь 2025 г. ХРАНИТЕЛЬ оказал ПОКЛАЖЕДАТЕЛЮ следующие услуги (работы):
A8: № | B8: Наименование услуг (работ) | C8: Ед. изм. | D8: Количество | E8: Цена | F8: Сумма
A9: 1 | B9: Переконсолидация Товара | C9: тонна | D9: 24.75 | E9: 1000 | F9: =SUM(D9*E9) -> 24750
A10: 2 | B10: Паллетирование | C10: тонна | D10: =D9 -> 24.75 | E10: 200 | F10: =SUM(D10*E10) -> 4950
A11: 3 | B11: Предоставление фито поддона | C11: штука | D11: 18 | E11: 830 | F11: =SUM(D11*E11) -> 14940
A12: Итого: | F12: =SUM(F9:F11) -> 44640
A13: Без налога (НДС) | F13: =SUM(F12) -> 44640
A14: Всего (с учетом НДС) | F14: =SUM(F13)*1.2 -> 53568
A15: Вышеперечисленные услуги (работы) выполнены полностью.
A16: ПОКЛАЖЕДАТЕЛЬ претензий по объему, качеству и срокам оказания услуг претензий не имеет.
A19: ООО "ДТМ" | D19: ПАО "СИБУР Холдинг"
A21: ____________________Расстегаев Д.О. | D21: ____________________

Sheet Казань_Приволжская Доп услуги
A2: =IF(DAY(TODAY())>27,"Акт № от " & TEXT(TODAY(),"ДД ММММ ГГГГ"),"Акт № от " & TEXT(TODAY()-DAY(TODAY()),"ДД ММММ ГГГГ")) -> Акт № от 31 Декабрь 2025
A3: =IF(DAY(TODAY()) > 27, "выполненных работ (оказанных услуг) за " & TEXT(TODAY(),"ММММ ГГГГ"),"выполненных работ (оказанных услуг) за " & TEXT(TODAY()-DAY(TODAY()),"ММММ ГГГГ")) -> выполненных работ (оказанных услуг) за Декабрь 2025
A4: по Договору хранения № СХ.45411 от «01» января 2025 г.
A6: =IF(DAY(TODAY()) > 27," Во исполнение Договора в период с " & TEXT(TODAY()-DAY(TODAY()-DAY(TODAY())),"ДД ММММ ГГГГ") & " г. По " & TEXT(TODAY(),"ДД ММММ ГГГГ") & " г. ХРАНИТЕЛЬ оказал ПОКЛАЖЕДАТЕЛЮ следующие услуги (работы):"," Во исполнение Договора в период с " & TEXT(TODAY()-DAY(TODAY())-DAY(TODAY()-DAY(TODAY()))+1,"ДД ММММ ГГГГ") & " г. По " & TEXT(TODAY()-DAY(TODAY()),"ДД ММММ ГГГГ") & " г. ХРАНИТЕЛЬ оказал ПОКЛАЖЕДАТЕЛЮ следующие услуги (работы):") -> Во исполнение Договора в период с 01 Декабрь 2025 г. По 31 Декабрь 2025 г. ХРАНИТЕЛЬ оказал ПОКЛАЖЕДАТЕЛЮ следующие услуги (работы):
A8: № | B8: Наименование услуг (работ) | C8: Ед. изм. | D8: Количество | E8: Цена | F8: Сумма
A9: 1 | B9: Переконсолидация Товара | C9: тонна | D9: 19.25 | E9: 1000 | F9: =SUM(D9*E9) -> 19250
A10: 2 | B10: Паллетирование | C10: тонна | D10: =D9 -> 19.25 | E10: 200 | F10: =SUM(D10*E10) -> 3850
A11: 3 | B11: Предоставление фито поддона | C11: штука | D11: 14 | E11: 830 | F11: =SUM(D11*E11) -> 11620
A12: Итого: | F12: =SUM(F9:F11) -> 34720
A13: Без налога (НДС) | F13: =SUM(F12) -> 34720
A14: Всего (с учетом НДС) | F14: =SUM(F13)*1.2 -> 41664
A15: Вышеперечисленные услуги (работы) выполнены полностью.
A16: ПОКЛАЖЕДАТЕЛЬ претензий по объему, качеству и срокам оказания услуг претензий не имеет.
A19: ООО "ДТМ" | D19: ПАО "СИБУР Холдинг"
A21: ____________________Расстегаев Д.О. | D21: ____________________

Sheet Новикова-Прибоя Доп услуги
A2: =IF(DAY(TODAY())>27,"Акт № от " & TEXT(TODAY(),"ДД ММММ ГГГГ"),"Акт № от " & TEXT(TODAY()-DAY(TODAY()),"ДД ММММ ГГГГ")) -> Акт № от 31 Декабрь 2025
A3: =IF(DAY(TODAY()) > 27, "выполненных работ (оказанных услуг) за " & TEXT(TODAY(),"ММММ ГГГГ"),"выполненных работ (оказанных услуг) за " & TEXT(TODAY()-DAY(TODAY()),"ММММ ГГГГ")) -> выполненных работ (оказанных услуг) за Декабрь 2025
A4: по Договору хранения № СХ.45111 от «01» января 2025 г.
A6: =IF(DAY(TODAY()) > 27," Во исполнение Договора в период с " & TEXT(TODAY()-DAY(TODAY()-DAY(TODAY())),"ДД ММММ ГГГГ") & " г. По " & TEXT(TODAY(),"ДД ММММ ГГГГ") & " г. ХРАНИТЕЛЬ оказал ПОКЛАЖЕДАТЕЛЮ следующие услуги (работы):"," Во исполнение Договора в период с " & TEXT(TODAY()-DAY(TODAY())-DAY(TODAY()-DAY(TODAY()))+1,"ДД ММММ ГГГГ") & " г. По " & TEXT(TODAY()-DAY(TODAY()),"ДД ММММ ГГГГ") & " г. ХРАНИТЕЛЬ оказал ПОКЛАЖЕДАТЕЛЮ следующие услуги (работы):") -> Во исполнение Договора в период с 01 Декабрь 2025 г. По 31 Декабрь 2025 г. ХРАНИТЕЛЬ оказал ПОКЛАЖЕДАТЕЛЮ следующие услуги (работы):
A8: № | B8: Наименование услуг (работ) | C8: Ед. изм. | D8: Количество | E8: Цена | F8: Сумма
A9: 1 | B9: Переконсолидация Товара | C9: тонна | D9: 538.75 | E9: 950 | F9: =D9*E9 -> 511812.5
A10: 2 | B10: Паллетирование | C10: тонна | D10: =D9 -> 538.75 | E10: 120 | F10: =D10*E10 -> 64650
A11: 3 | B11: Предоставление фито поддона | C11: штука | D11: 473 | E11: 830 | F11: =D11*E11 -> 392590
A12: Итого: | F12: =SUM(F9:F11) -> 969052.5
A13: Без налога (НДС) | F13: =F12 -> 969052.5
A14: Всего (с учетом НДС) | F14: =F13*1.2 -> 1162863
A15: Вышеперечисленные услуги (работы) выполнены полностью.
A16: ПОКЛАЖЕДАТЕЛЬ претензий по объему, качеству и срокам оказания услуг претензий не имеет.
A19: ООО "ДТМ" | D19: ПАО "СИБУР Холдинг"
A21: ____________________Расстегаев Д.О. | D21: ____________________

Sheet Екатеринбург экспорт
A3: =IF(DAY(TODAY())>27,"Акт № от " & TEXT(TODAY(),"ДД ММММ ГГГГ"),"Акт № от " & TEXT(TODAY()-DAY(TODAY()),"ДД ММММ ГГГГ")) & " г. Екатеринбург" -> Акт № от 31 Декабрь 2025 г. Екатеринбург
A4: =IF(DAY(TODAY()) > 27, "выполненных работ (оказанных услуг) за " & TEXT(TODAY(),"ММММ ГГГГ"),"выполненных работ (оказанных услуг) за " & TEXT(TODAY()-DAY(TODAY()),"ММММ ГГГГ")) -> выполненных работ (оказанных услуг) за Декабрь 2025
A5: по Договору хранения № СХ.47103 от «10» апреля 2025 г.
A7: =IF(DAY(TODAY()) > 27," Во исполнение Договора в период с " & TEXT(TODAY()-DAY(TODAY()-DAY(TODAY())),"ДД ММММ ГГГГ") & " г. По " & TEXT(TODAY(),"ДД ММММ ГГГГ") & " г. ХРАНИТЕЛЬ оказал ПОКЛАЖЕДАТЕЛЮ следующие услуги (работы):"," Во исполнение Договора в период с " & TEXT(TODAY()-DAY(TODAY())-DAY(TODAY()-DAY(TODAY()))+1,"ДД ММММ ГГГГ") & " г. По " & TEXT(TODAY()-DAY(TODAY()),"ДД ММММ ГГГГ") & " г. ХРАНИТЕЛЬ оказал ПОКЛАЖЕДАТЕЛЮ следующие услуги (работы):") -> Во исполнение Договора в период с 01 Декабрь 2025 г. По 31 Декабрь 2025 г. ХРАНИТЕЛЬ оказал ПОКЛАЖЕДАТЕЛЮ следующие услуги (работы):
A9: № | B9: Наименование услуг (работ) | C9: Ед. изм. | D9: Количество | E9: Цена | F9: Сумма без НДС | G9: Сумма с НДС
A10: 1 | B10: оформление документов | C10: шт. | D10: 108 | E10: 2000 | F10: =SUM(D10*E10) -> 216000 | G10: =F10*1.2 -> 259200
A11: 2 | B11: Оформление сертификата | C11: шт. | F11: =SUM(D11*E11) -> 0 | G11: =F11*1.2 -> 0
F12: =SUM(F10:F11) -> 216000 | G12: =SUM(G10:G11) -> 259200
A13: Итого: | B13: двести шестнадцать тысяч рублей ноль копеек
A14: Без налога (НДС): | B14: =B13 -> двести шестнадцать тысяч рублей ноль копеек
A15: Всего (с учетом НДС) | B15: двести пятьдесят девять тысяч двести рублей ноль копеек
A16: Вышеперечисленные услуги (работы) выполнены полностью.
A17: ПОКЛАЖЕДАТЕЛЬ претензий по объему, качеству и срокам оказания услуг претензий не имеет.
A20: ООО "ДТМ" | D20: ПАО "СИБУР Холдинг"
A22: ____________________Расстегаев Д.О. | D22: ____________________

Sheet ИП Ксендз Нижнекамск
A1: =N37 -> 28252.224
A2: ="Отчет по хранению товара за " & TEXT(B5,"ММММ ГГГГ") -> Отчет по хранению товара за Декабрь 2025
A3: № | B3: дата | D3: Выгрузка кол-во | E3: Загрузка кол-во | F3: Хранение | G3: переконсолидация (тонн) | H3: Паллетирование | I3: стоимость выгрузки | J3: стоимость загрузки | K3: стоимость хранения | L3: стоимость переконс. | M3: Стоимость паллетирования | N3: итого
A5: 1 | B5: 45992 | D5: 0 | E5: 0 | F5: 0 | G5: 0 | H5: 0 | I5: =SUM(D5*130) -> 0 | J5: =SUM(E5*130) -> 0 | K5: =SUM(F5*22) -> 0 | L5: =SUM(G5*950) -> 0 | M5: =SUM(H5*120) -> 0 | N5: =SUM(I5:M5) -> 0
A6: 2 | B6: 45993 | D6: 0 | E6: 0 | F6: =F5+D6-E5 -> 0 | G6: 0 | H6: 0 | I6: =SUM(D6*130) -> 0 | J6: =SUM(E6*130) -> 0 | K6: =SUM(F6*22) -> 0 | L6: =SUM(G6*950) -> 0 | M6: =SUM(H6*120) -> 0 | N6: =SUM(I6:M6) -> 0
A7: 3 | B7: 45994 | D7: 0 | E7: 0 | F7: =F6+D7-E6 -> 0 | G7: 0 | H7: 0 | I7: =SUM(D7*130) -> 0 | J7: =SUM(E7*130) -> 0 | K7: =SUM(F7*22) -> 0 | L7: =SUM(G7*950) -> 0 | M7: =SUM(H7*120) -> 0 | N7: =SUM(I7:M7) -> 0
A8: 4 | B8: 45995 | D8: 0 | E8: 0 | F8: =F7+D8-E7 -> 0 | G8: 0 | H8: 0 | I8: =SUM(D8*130) -> 0 | J8: =SUM(E8*130) -> 0 | K8: =SUM(F8*22) -> 0 | L8: =SUM(G8*950) -> 0 | M8: =SUM(H8*120) -> 0 | N8: =SUM(I8:M8) -> 0
A9: 5 | B9: 45996 | D9: 0 | E9: 0 | F9: =F8+D9-E8 -> 0 | G9: 0 | H9: 0 | I9: =SUM(D9*130) -> 0 | J9: =SUM(E9*130) -> 0 | K9: =SUM(F9*22) -> 0 | L9: =SUM(G9*950) -> 0 | M9: =SUM(H9*120) -> 0 | N9: =SUM(I9:M9) -> 0
A10: 6 | B10: 45997 | D10: 0 | E10: 0 | F10: =F9+D10-E9 -> 0 | G10: 0 | H10: 0 | I10: =SUM(D10*130) -> 0 | J10: =SUM(E10*130) -> 0 | K10: =SUM(F10*22) -> 0 | L10: =SUM(G10*950) -> 0 | M10: =SUM(H10*120) -> 0 | N10: =SUM(I10:M10) -> 0
A11: 7 | B11: 45998 | D11: 0 | E11: 0 | F11: =F10+D11-E10 -> 0 | G11: 0 | H11: 0 | I11: =SUM(D11*130) -> 0 | J11: =SUM(E11*130) -> 0 | K11: =SUM(F11*22) -> 0 | L11: =SUM(G11*950) -> 0 | M11: =SUM(H11*120) -> 0 | N11: =SUM(I11:M11) -> 0
A12: 8 | B12: 45999 | D12: 0 | E12: 0 | F12: =F11+D12-E11 -> 0 | G12: 0 | H12: 0 | I12: =SUM(D12*130) -> 0 | J12: =SUM(E12*130) -> 0 | K12: =SUM(F12*22) -> 0 | L12: =SUM(G12*950) -> 0 | M12: =SUM(H12*120) -> 0 | N12: =SUM(I12:M12) -> 0
A13: 9 | B13: 46000 | D13: 0 | E13: 0 | F13: =F12+D13-E12 -> 0 | G13: 0 | H13: 0 | I13: =SUM(D13*130) -> 0 | J13: =SUM(E13*130) -> 0 | K13: =SUM(F13*22) -> 0 | L13: =SUM(G13*950) -> 0 | M13: =SUM(H13*120) -> 0 | N13: =SUM(I13:M13) -> 0
A14: 10 | B14: 46001 | D14: 0 | E14: 0 | F14: =F13+D14-E13 -> 0 | G14: 0 | H14: 0 | I14: =SUM(D14*130) -> 0 | J14: =SUM(E14*130) -> 0 | K14: =SUM(F14*22) -> 0 | L14: =SUM(G14*950) -> 0 | M14: =SUM(H14*120) -> 0 | N14: =SUM(I14:M14) -> 0
A15: 11 | B15: 46002 | D15: 0 | E15: 0 | F15: =F14+D15-E14 -> 0 | G15: 0 | H15: 0 | I15: =SUM(D15*130) -> 0 | J15: =SUM(E15*130) -> 0 | K15: =SUM(F15*22) -> 0 | L15: =SUM(G15*950) -> 0 | M15: =SUM(H15*120) -> 0 | N15: =SUM(I15:M15) -> 0
A16: 12 | B16: 46003 | D16: 0 | E16: 0 | F16: =F15+D16-E15 -> 0 | G16: 0 | H16: 0 | I16: =SUM(D16*130) -> 0 | J16: =SUM(E16*130) -> 0 | K16: =SUM(F16*22) -> 0 | L16: =SUM(G16*950) -> 0 | M16: =SUM(H16*120) -> 0 | N16: =SUM(I16:M16) -> 0
A17: 13 | B17: 46004 | D17: 0 | E17: 0 | F17: =F16+D17-E16 -> 0 | G17: 0 | H17: 0 | I17: =SUM(D17*130) -> 0 | J17: =SUM(E17*130) -> 0 | K17: =SUM(F17*22) -> 0 | L17: =SUM(G17*950) -> 0 | M17: =SUM(H17*120) -> 0 | N17: =SUM(I17:M17) -> 0
... A28: 24 | B28: 46015 | D28: 0 | E28: 0 | F28: =F27+D28-E27 -> 0 | G28: 0 | H28: 0 | I28: =SUM(D28*130) -> 0 | J28: =SUM(E28*130) -> 0 | K28: =SUM(F28*22) -> 0 | L28: =SUM(G28*950) -> 0 | M28: =SUM(H28*120) -> 0 | N28: =SUM(I28:M28) -> 0
A29: 25 | B29: 46016 | D29: 0 | E29: 0 | F29: 152.88 | G29: 0 | H29: 0 | I29: =SUM(D29*130) -> 0 | J29: =SUM(E29*130) -> 0 | K29: =SUM(F29*22) -> 3363.36 | L29: =SUM(G29*950) -> 0 | M29: =SUM(H29*120) -> 0 | N29: =SUM(I29:M29) -> 3363.36
A30: 26 | B30: 46017 | D30: 0 | E30: 0 | F30: =F29+D30-E29 -> 152.88 | G30: 0 | H30: 0 | I30: =SUM(D30*130) -> 0 | J30: =SUM(E30*130) -> 0 | K30: =SUM(F30*22) -> 3363.36 | L30: =SUM(G30*950) -> 0 | M30: =SUM(H30*120) -> 0 | N30: =SUM(I30:M30) -> 3363.36
A31: 27 | B31: 46018 | D31: 0 | E31: 0 | F31: =F30+D31-E30 -> 152.88 | G31: 0 | H31: 0 | I31: =SUM(D31*130) -> 0 | J31: =SUM(E31*130) -> 0 | K31: =SUM(F31*22) -> 3363.36 | L31: =SUM(G31*950) -> 0 | M31: =SUM(H31*120) -> 0 | N31: =SUM(I31:M31) -> 3363.36
A32: 28 | B32: 46019 | D32: 0 | E32: 0 | F32: =F31+D32-E31 -> 152.88 | G32: 0 | H32: 0 | I32: =SUM(D32*130) -> 0 | J32: =SUM(E32*130) -> 0 | K32: =SUM(F32*22) -> 3363.36 | L32: =SUM(G32*950) -> 0 | M32: =SUM(H32*120) -> 0 | N32: =SUM(I32:M32) -> 3363.36
A33: 29 | B33: 46020 | D33: 0 | E33: 0 | F33: =F32+D33-E32 -> 152.88 | G33: 0 | H33: 0 | I33: =SUM(D33*130) -> 0 | J33: =SUM(E33*130) -> 0 | K33: =SUM(F33*22) -> 3363.36 | L33: =SUM(G33*950) -> 0 | M33: =SUM(H33*120) -> 0 | N33: =SUM(I33:M33) -> 3363.36
A34: 30 | B34: 46021 | D34: 0 | E34: 0 | F34: =F33+D34-E33 -> 152.88 | G34: 0 | H34: 0 | I34: =SUM(D34*130) -> 0 | J34: =SUM(E34*130) -> 0 | K34: =SUM(F34*22) -> 3363.36 | L34: =SUM(G34*950) -> 0 | M34: =SUM(H34*120) -> 0 | N34: =SUM(I34:M34) -> 3363.36
A35: 31 | B35: 46022 | D35: 0 | E35: 0 | F35: =F34+D35-E34 -> 152.88 | G35: 0 | H35: 0 | I35: =SUM(D35*130) -> 0 | J35: =SUM(E35*130) -> 0 | K35: =SUM(F35*22) -> 3363.36 | L35: =SUM(G35*950) -> 0 | M35: =SUM(H35*120) -> 0 | N35: =SUM(I35:M35) -> 3363.36
D36: =SUM(D5:D35) -> 0 | E36: =SUM(E5:E35) -> 0 | F36: =SUM(F5:F35) -> 1070.16 | G36: =SUM(G5:G35) -> 0 | H36: =SUM(H5:H35) -> 0 | I36: =SUM(I5:I35) -> 0 | J36: =SUM(J5:J35) -> 0 | K36: =SUM(K5:K35) -> 23543.52 | ... N36: =SUM(N5:N35) -> 23543.52
N37: =N36*1.2 -> 28252.224

Sheet Баумана KPI
A2: Отчет по хранению товара за Декабрь 2025 Баумана KPI
A3: № | B3: дата | D3: Выгрузка кол-во паллет | E3: Загрузка кол-во паллет | F3: Хранение | G3: Резервирование 6920 ГЕ | H3: Мин. Суточный резерв 625 | I3: переконсолидация (тонн) | J3: Паллетирование | K3: Взвешивание | L3: Стоимость взвешивания | M3: стоимость выгрузки | N3: стоимость загрузки | O3: стоимость хранения | P3: Стоимость резервирования | Q3: Стоимость мин.суточной бработки | R3: стоимость переконс. | S3: Стоимость паллетирования | T3: итого
F4: (кол-во паллет)
A5: 1 | B5: 01.12.2025 | D5: 0 | E5: 0 | F5: 16 | G5: 0 | H5: 0 | I5: 0 | J5: 0 | K5: 0 | L5: 0 | M5: 0 | N5: 0 | O5: 319.04 | P5: 0 | Q5: 0 | R5: 0 | S5: 0 | T5: 319.04
A6: 2 | B6: 02.12.2025 | D6: 0 | E6: 0 | F6: 16 | G6: 0 | H6: 0 | I6: 0 | J6: 0 | K6: 0 | L6: 0 | M6: 0 | N6: 0 | O6: 319.04 | P6: 0 | Q6: 0 | R6: 0 | S6: 0 | T6: 319.04
A7: 3 | B7: 03.12.2025 | D7: 0 | E7: 0 | F7: 16 | G7: 0 | H7: 0 | I7: 0 | J7: 0 | K7: 0 | L7: 0 | M7: 0 | N7: 0 | O7: 319.04 | P7: 0 | Q7: 0 | R7: 0 | S7: 0 | T7: 319.04
A8: 4 | B8: 04.12.2025 | D8: 0 | E8: 0 | F8: 16 | G8: 0 | H8: 0 | I8: 0 | J8: 0 | K8: 0 | L8: 0 | M8: 0 | N8: 0 | O8: 319.04 | P8: 0 | Q8: 0 | R8: 0 | S8: 0 | T8: 319.04
A9: 5 | B9: 05.12.2025 | D9: 0 | E9: 0 | F9: 16 | G9: 0 | H9: 0 | I9: 0 | J9: 0 | K9: 0 | L9: 0 | M9: 0 | N9: 0 | O9: 319.04 | P9: 0 | Q9: 0 | R9: 0 | S9: 0 | T9: 319.04
A10: 6 | B10: 06.12.2025 | D10: 0 | E10: 0 | F10: 16 | G10: 0 | H10: 0 | I10: 0 | J10: 0 | K10: 0 | L10: 0 | M10: 0 | N10: 0 | O10: 319.04 | P10: 0 | Q10: 0 | R10: 0 | S10: 0 | T10: 319.04
A11: 7 | B11: 07.12.2025 | D11: 0 | E11: 0 | F11: 16 | G11: 0 | H11: 0 | I11: 0 | J11: 0 | K11: 0 | L11: 0 | M11: 0 | N11: 0 | O11: 319.04 | P11: 0 | Q11: 0 | R11: 0 | S11: 0 | T11: 319.04
A12: 8 | B12: 08.12.2025 | D12: 0 | E12: 0 | F12: 16 | G12: 0 | H12: 0 | I12: 0 | J12: 0 | K12: 0 | L12: 0 | M12: 0 | N12: 0 | O12: 319.04 | P12: 0 | Q12: 0 | R12: 0 | S12: 0 | T12: 319.04
A13: 9 | B13: 09.12.2025 | D13: 0 | E13: 0 | F13: 16 | G13: 0 | H13: 0 | I13: 0 | J13: 0 | K13: 0 | L13: 0 | M13: 0 | N13: 0 | O13: 319.04 | P13: 0 | Q13: 0 | R13: 0 | S13: 0 | T13: 319.04
A14: 10 | B14: 10.12.2025 | D14: 0 | E14: 0 | F14: 16 | G14: 0 | H14: 0 | I14: 0 | J14: 0 | K14: 0 | L14: 0 | M14: 0 | N14: 0 | O14: 319.04 | P14: 0 | Q14: 0 | R14: 0 | S14: 0 | T14: 319.04
A15: 11 | B15: 11.12.2025 | D15: 0 | E15: 0 | F15: 16 | G15: 0 | H15: 0 | I15: 0 | J15: 0 | K15: 0 | L15: 0 | M15: 0 | N15: 0 | O15: 319.04 | P15: 0 | Q15: 0 | R15: 0 | S15: 0 | T15: 319.04
A16: 12 | B16: 12.12.2025 | D16: 0 | E16: 0 | F16: 16 | G16: 0 | H16: 0 | I16: 0 | J16: 0 | K16: 0 | L16: 0 | M16: 0 | N16: 0 | O16: 319.04 | P16: 0 | Q16: 0 | R16: 0 | S16: 0 | T16: 319.04
... A35: 31 | B35: 31.12.2025 | D35: 0 | E35: 0 | F35: 8 | G35: 0 | H35: 0 | I35: 0 | J35: 0 | K35: 0 | L35: 0 | M35: 0 | N35: 0 | O35: 159.52 | P35: 0 | Q35: 0 | R35: 0 | S35: 0 | T35: 159.52
D36: 0 | E36: 8 | F36: 464 | G36: 0 | H36: 0 | I36: 0 | J36: 0 | K36: 0 | L36: 0 | M36: 0 | N36: 1210 | O36: 9252.16 | P36: 0 | Q36: 0 | R36: 0 | S36: 0 | T36: 10462.16
T37: 12554.59

Sheet Баумана Полимеры
A2: Отчет по хранению товара за Декабрь 2025 Баумана Полимеры
A3: № | B3: дата | D3: Выгрузка кол-во паллет | E3: Загрузка кол-во паллет | F3: Хранение | G3: Резервирование 6920 ГЕ | H3: Мин. Суточный резерв 625 | I3: переконсолидация (тонн) | J3: Паллетирование | K3: Взвешивание | L3: Стоимость взвешивания | M3: стоимость выгрузки | N3: стоимость загрузки | O3: стоимость хранения | P3: Стоимость резервирования | Q3: Стоимость мин.суточной бработки | R3: стоимость переконс. | S3: Стоимость паллетирования | T3: итого
F4: (кол-во паллет)
A5: 1 | B5: 01.12.2025 | D5: 63 | E5: 30 | F5: 4219 | G5: 2701 | H5: 532 | I5: 0 | J5: 0 | K5: 0 | L5: 0 | M5: 9528.75 | N5: 4537.5 | O5: 84126.86 | P5: 53857.94 | Q5: 80465 | R5: 0 | S5: 0 | T5: 232516.05
A6: 2 | B6: 02.12.2025 | D6: 15 | E6: 62 | F6: 4172 | G6: 2748 | H6: 548 | I6: 0 | J6: 0 | K6: 0 | L6: 0 | M6: 2268.75 | N6: 9377.5 | O6: 83189.68 | P6: 54795.12 | Q6: 82885 | R6: 0 | S6: 0 | T6: 232516.05
A7: 3 | B7: 03.12.2025 | D7: 30 | E7: 51 | F7: 4151 | G7: 2769 | H7: 544 | I7: 0 | J7: 0 | K7: 0 | L7: 0 | M7: 4537.5 | N7: 7713.75 | O7: 82770.94 | P7: 55213.86 | Q7: 82280 | R7: 0 | S7: 0 | T7: 232516.05
A8: 4 | B8: 04.12.2025 | D8: 137 | E8: 97 | F8: 4191 | G8: 2729 | H8: 391 | I8: 0 | J8: 0 | K8: 0 | L8: 0 | M8: 20721.25 | N8: 14671.25 | O8: 83568.54 | P8: 54416.26 | Q8: 59138.75 | R8: 0 | S8: 0 | T8: 232516.05
A9: 5 | B9: 05.12.2025 | D9: 47 | E9: 171 | F9: 4067 | G9: 2853 | H9: 407 | I9: 0 | J9: 0 | K9: 0 | L9: 0 | M9: 7108.75 | N9: 25863.75 | O9: 81095.98 | P9: 56888.82 | Q9: 61558.75 | R9: 0 | S9: 0 | T9: 232516.05
A10: 6 | B10: 06.12.2025 | D10: 0 | E10: 121 | F10: 3946 | G10: 2974 | H10: 504 | I10: 0 | J10: 0 | K10: 0 | L10: 0 | M10: 0 | N10: 18301.25 | O10: 78683.24 | P10: 59301.56 | Q10: 76230 | R10: 0 | S10: 0 | T10: 232516.05
A11: 7 | B11: 07.12.2025 | D11: 16 | E11: 189 | F11: 3773 | G11: 3147 | H11: 420 | I11: 0 | J11: 0 | K11: 0 | L11: 0 | M11: 2420 | N11: 28586.25 | O11: 75233.62 | P11: 62751.18 | Q11: 63525 | R11: 0 | S11: 0 | T11: 232516.05
A12: 8 | B12: 08.12.2025 | D12: 156 | E12: 124 | F12: 3805 | G12: 3115 | H12: 345 | I12: 0 | J12: 0 | K12: 0 | L12: 0 | M12: 23595 | N12: 18755 | O12: 75871.7 | P12: 62113.1 | Q12: 52181.25 | R12: 0 | S12: 0 | T12: 232516.05
A13: 9 | B13: 09.12.2025 | D13: 16 | E13: 162 | F13: 3659 | G13: 3261 | H13: 447 | I13: 0 | J13: 0 | K13: 0 | L13: 0 | M13: 2420 | N13: 24502.5 | O13: 72960.46 | P13: 65024.34 | Q13: 67608.75 | R13: 0 | S13: 0 | T13: 232516.05
A14: 10 | B14: 10.12.2025 | D14: 46 | E14: 85 | F14: 3620 | G14: 3300 | H14: 494 | I14: 0 | J14: 0 | K14: 0 | L14: 0 | M14: 6957.5 | N14: 12856.25 | O14: 72182.8 | P14: 65802 | Q14: 74717.5 | R14: 0 | S14: 0 | T14: 232516.05
A15: 11 | B15: 11.12.2025 | D15: 92 | E15: 138 | F15: 3574 | G15: 3346 | H15: 395 | I15: 0 | J15: 0 | K15: 0 | L15: 0 | M15: 13915 | N15: 20872.5 | O15: 71265.56 | P15: 66719.24 | Q15: 59743.75 | R15: 0 | S15: 0 | T15: 232516.05
A16: 12 | B16: 12.12.2025 | D16: 106 | E16: 31 | F16: 3649 | G16: 3271 | H16: 488 | I16: 3 | J16: 3 | K16: 0 | L16: 0 | M16: 16032.5 | N16: 4688.75 | O16: 72761.06 | P16: 65223.74 | Q16: 73810 | R16: 2475 | S16: 360 | T16: 235351.05
... A35: 31 | B35: 31.12.2025 | D35: 16 | E35: 0 | F35: 3159 | G35: 3761 | H35: 609 | I35: 0 | J35: 0 | K35: 0 | L35: 0 | M35: 2420 | N35: 0 | O35: 62990.46 | P35: 74994.34 | Q35: 92111.25 | R35: 0 | S35: 0 | T35: 232516.05
D36: 1611 | E36: 2638 | F36: 108099 | G36: 106421 | H36: 15126 | I36: 12 | J36: 12 | K36: 0 | L36: 0 | M36: 243663.75 | N36: 398997.5 | O36: 2155494.1 | P36: 2122034.7 | Q36: 2287807.5 | R36: 9900 | S36: 1440 | T36: 7219337.5
T37: 8663205.1

Sheet Баумана Полиом
A2: Отчет по хранению товара за Декабрь 2025 Баумана Полиом
A3: № | B3: дата | D3: Выгрузка кол-во паллет | E3: Загрузка кол-во паллет | F3: Хранение | G3: Резервирование 6920 ГЕ | H3: Мин. Суточный резерв 625 | I3: переконсолидация (тонн) | J3: Паллетирование | K3: Взвешивание | L3: Стоимость взвешивания | M3: стоимость выгрузки | N3: стоимость загрузки | O3: стоимость хранения | P3: Стоимость резервирования | Q3: Стоимость мин.суточной бработки | R3: стоимость переконс. | S3: Стоимость паллетирования | T3: итого
F4: (кол-во паллет)
A5: 1 | B5: 01.12.2025 | D5: 0 | E5: 0 | F5: 417 | G5: 0 | H5: 0 | I5: 0 | J5: 0 | K5: 0 | L5: 0 | M5: 0 | N5: 0 | O5: 8314.98 | P5: 0 | Q5: 0 | R5: 0 | S5: 0 | T5: 8314.98
A6: 2 | B6: 02.12.2025 | D6: 0 | E6: 7 | F6: 410 | G6: 0 | H6: 0 | I6: 0 | J6: 0 | K6: 0 | L6: 0 | M6: 0 | N6: 1058.75 | O6: 8175.4 | P6: 0 | Q6: 0 | R6: 0 | S6: 0 | T6: 9234.15
A7: 3 | B7: 03.12.2025 | D7: 0 | E7: 32 | F7: 378 | G7: 0 | H7: 0 | I7: 0 | J7: 0 | K7: 0 | L7: 0 | M7: 0 | N7: 4840 | O7: 7537.32 | P7: 0 | Q7: 0 | R7: 0 | S7: 0 | T7: 12377.32
A8: 4 | B8: 04.12.2025 | D8: 0 | E8: 0 | F8: 378 | G8: 0 | H8: 0 | I8: 0 | J8: 0 | K8: 0 | L8: 0 | M8: 0 | N8: 0 | O8: 7537.32 | P8: 0 | Q8: 0 | R8: 0 | S8: 0 | T8: 7537.32
A9: 5 | B9: 05.12.2025 | D9: 0 | E9: 0 | F9: 378 | G9: 0 | H9: 0 | I9: 0 | J9: 0 | K9: 0 | L9: 0 | M9: 0 | N9: 0 | O9: 7537.32 | P9: 0 | Q9: 0 | R9: 0 | S9: 0 | T9: 7537.32
A10: 6 | B10: 06.12.2025 | D10: 0 | E10: 16 | F10: 362 | G10: 0 | H10: 0 | I10: 0 | J10: 0 | K10: 0 | L10: 0 | M10: 0 | N10: 2420 | O10: 7218.28 | P10: 0 | Q10: 0 | R10: 0 | S10: 0 | T10: 9638.28
A11: 7 | B11: 07.12.2025 | D11: 16 | E11: 0 | F11: 378 | G11: 0 | H11: 0 | I11: 0 | J11: 0 | K11: 0 | L11: 0 | M11: 2420 | N11: 0 | O11: 7537.32 | P11: 0 | Q11: 0 | R11: 0 | S11: 0 | T11: 9957.32
A12: 8 | B12: 08.12.2025 | D12: 48 | E12: 0 | F12: 426 | G12: 0 | H12: 0 | I12: 0 | J12: 0 | K12: 0 | L12: 0 | M12: 7260 | N12: 0 | O12: 8494.44 | P12: 0 | Q12: 0 | R12: 0 | S12: 0 | T12: 15754.44
A13: 9 | B13: 09.12.2025 | D13: 80 | E13: 1 | F13: 505 | G13: 0 | H13: 0 | I13: 0 | J13: 0 | K13: 0 | L13: 0 | M13: 12100 | N13: 151.25 | O13: 10069.7 | P13: 0 | Q13: 0 | R13: 0 | S13: 0 | T13: 22320.95
A14: 10 | B14: 10.12.2025 | D14: 16 | E14: 32 | F14: 489 | G14: 0 | H14: 0 | I14: 0 | J14: 0 | K14: 0 | L14: 0 | M14: 2420 | N14: 4840 | O14: 9750.66 | P14: 0 | Q14: 0 | R14: 0 | S14: 0 | T14: 17010.66
A15: 11 | B15: 11.12.2025 | D15: 32 | E15: 0 | F15: 521 | G15: 0 | H15: 0 | I15: 0 | J15: 0 | K15: 0 | L15: 0 | M15: 4840 | N15: 0 | O15: 10388.74 | P15: 0 | Q15: 0 | R15: 0 | S15: 0 | T15: 15228.74
A16: 12 | B16: 12.12.2025 | D16: 48 | E16: 0 | F16: 569 | G16: 0 | H16: 0 | I16: 0 | J16: 0 | K16: 0 | L16: 0 | M16: 7260 | N16: 0 | O16: 11345.86 | P16: 0 | Q16: 0 | R16: 0 | S16: 0 | T16: 18605.86
... A35: 31 | B35: 31.12.2025 | D35: 0 | E35: 0 | F35: 113 | G35: 0 | H35: 0 | I35: 0 | J35: 0 | K35: 0 | L35: 0 | M35: 0 | N35: 0 | O35: 2253.22 | P35: 0 | Q35: 0 | R35: 0 | S35: 0 | T35: 2253.22
D36: 272 | E36: 576 | F36: 12246 | G36: 0 | H36: 0 | I36: 0 | J36: 0 | K36: 0 | L36: 0 | M36: 41140 | N36: 87120 | O36: 244185.24 | P36: 0 | Q36: 0 | R36: 0 | S36: 0 | T36: 372445.24
T37: 446934.29

Sheet Баумана Каучук
A2: Отчет по хранению товара за Декабрь 2025 Баумана Каучук Каучук
A3: № | B3: дата | D3: Выгрузка кол-во | E3: Загрузка кол-во | F3: Хранение | G3: Резервирование 8000 ГЕ | H3: Мин. Суточный резерв 200 | I3: переконсолидация (тонн) | J3: Паллетирование | K3: Ночная загруска выгрузка | L3: стоимость ночной загруски | M3: стоимость выгрузки | N3: стоимость загрузки | O3: стоимость хранения | P3: Стоимость резервирования | Q3: Стоимость мин.суточной бработки | R3: стоимость переконс. | S3: Стоимость паллетирования | T3: итого
A5: 1 | B5: 01.12.2025 | D5: 0 | E5: 0 | F5: 34 | L5: 0 | M5: 0 | N5: 0 | O5: 612 | P5: 0 | Q5: 0 | R5: 0 | S5: 0 | T5: 612
A6: 2 | B6: 02.12.2025 | D6: 0 | E6: 0 | F6: 34 | L6: 0 | M6: 0 | N6: 0 | O6: 612 | P6: 0 | Q6: 0 | R6: 0 | S6: 0 | T6: 612
A7: 3 | B7: 03.12.2025 | D7: 0 | E7: 0 | F7: 34 | L7: 0 | M7: 0 | N7: 0 | O7: 612 | P7: 0 | Q7: 0 | R7: 0 | S7: 0 | T7: 612
A8: 4 | B8: 04.12.2025 | D8: 0 | E8: 0 | F8: 34 | L8: 0 | M8: 0 | N8: 0 | O8: 612 | P8: 0 | Q8: 0 | R8: 0 | S8: 0 | T8: 612
A9: 5 | B9: 05.12.2025 | D9: 0 | E9: 0 | F9: 34 | L9: 0 | M9: 0 | N9: 0 | O9: 612 | P9: 0 | Q9: 0 | R9: 0 | S9: 0 | T9: 612
A10: 6 | B10: 06.12.2025 | D10: 0 | E10: 0 | F10: 34 | L10: 0 | M10: 0 | N10: 0 | O10: 612 | P10: 0 | Q10: 0 | R10: 0 | S10: 0 | T10: 612
A11: 7 | B11: 07.12.2025 | D11: 0 | E11: 0 | F11: 34 | L11: 0 | M11: 0 | N11: 0 | O11: 612 | P11: 0 | Q11: 0 | R11: 0 | S11: 0 | T11: 612
A12: 8 | B12: 08.12.2025 | D12: 0 | E12: 0 | F12: 34 | L12: 0 | M12: 0 | N12: 0 | O12: 612 | P12: 0 | Q12: 0 | R12: 0 | S12: 0 | T12: 612
A13: 9 | B13: 09.12.2025 | D13: 0 | E13: 0 | F13: 34 | L13: 0 | M13: 0 | N13: 0 | O13: 612 | P13: 0 | Q13: 0 | R13: 0 | S13: 0 | T13: 612
A14: 10 | B14: 10.12.2025 | D14: 0 | E14: 0 | F14: 34 | L14: 0 | M14: 0 | N14: 0 | O14: 612 | P14: 0 | Q14: 0 | R14: 0 | S14: 0 | T14: 612
A15: 11 | B15: 11.12.2025 | D15: 0 | E15: 0 | F15: 34 | L15: 0 | M15: 0 | N15: 0 | O15: 612 | P15: 0 | Q15: 0 | R15: 0 | S15: 0 | T15: 612
A16: 12 | B16: 12.12.2025 | D16: 0 | E16: 0 | F16: 34 | L16: 0 | M16: 0 | N16: 0 | O16: 612 | P16: 0 | Q16: 0 | R16: 0 | S16: 0 | T16: 612
... A35: 31 | B35: 31.12.2025 | D35: 0 | E35: 0 | F35: 34 | L35: 0 | M35: 0 | N35: 0 | O35: 612 | P35: 0 | Q35: 0 | R35: 0 | S35: 0 | T35: 612
D36: 0 | E36: 0 | F36: 1054 | G36: 0 | H36: 0 | I36: 0 | J36: 0 | K36: 0 | L36: 0 | M36: 0 | N36: 0 | O36: 18972 | P36: 0 | Q36: 0 | R36: 0 | S36: 0 | T36: 18972
T37: 22766.4

Sheet Екатеринбург KPI
A2: Отчет по хранению товара за Декабрь 2025 Екатеринбург KPI
A3: № | B3: дата | D3: Выгрузка кол-во | E3: Загрузка кол-во | F3: Хранение | G3: Резервирование 10500 ГЕ | H3: Мин. Суточный резерв 1000 | I3: переконсолидация (тонн) | J3: Паллетирование | K3: Взвешивание | L3: стоимость взвешивания | M3: стоимость выгрузки | N3: стоимость загрузки | O3: стоимость хранения | P3: Стоимость резервирования | Q3: Стоимость мин.суточной бработки | R3: стоимость переконс. | S3: Стоимость паллетирования | T3: итого
A5: 1 | B5: 01.12.2025 | D5: 0 | E5: 0 | F5: 21.725 | G5: 0 | H5: 0 | I5: 0 | J5: 0 | K5: 0 | L5: 0 | M5: 0 | N5: 0 | O5: 349.12 | P5: 0 | Q5: 0 | R5: 0 | S5: 0 | T5: 349.12
A6: 2 | B6: 02.12.2025 | D6: 0 | E6: 0 | F6: 21.725 | G6: 0 | H6: 0 | I6: 0 | J6: 0 | K6: 0 | L6: 0 | M6: 0 | N6: 0 | O6: 349.12 | P6: 0 | Q6: 0 | R6: 0 | S6: 0 | T6: 349.12
A7: 3 | B7: 03.12.2025 | D7: 0 | E7: 0 | F7: 21.725 | G7: 0 | H7: 0 | I7: 0 | J7: 0 | K7: 0 | L7: 0 | M7: 0 | N7: 0 | O7: 349.12 | P7: 0 | Q7: 0 | R7: 0 | S7: 0 | T7: 349.12
A8: 4 | B8: 04.12.2025 | D8: 0 | E8: 0 | F8: 21.725 | G8: 0 | H8: 0 | I8: 0 | J8: 0 | K8: 0 | L8: 0 | M8: 0 | N8: 0 | O8: 349.12 | P8: 0 | Q8: 0 | R8: 0 | S8: 0 | T8: 349.12
A9: 5 | B9: 05.12.2025 | D9: 0 | E9: 0 | F9: 21.725 | G9: 0 | H9: 0 | I9: 0 | J9: 0 | K9: 0 | L9: 0 | M9: 0 | N9: 0 | O9: 349.12 | P9: 0 | Q9: 0 | R9: 0 | S9: 0 | T9: 349.12
A10: 6 | B10: 06.12.2025 | D10: 0 | E10: 0 | F10: 21.725 | G10: 0 | H10: 0 | I10: 0 | J10: 0 | K10: 0 | L10: 0 | M10: 0 | N10: 0 | O10: 349.12 | P10: 0 | Q10: 0 | R10: 0 | S10: 0 | T10: 349.12
A11: 7 | B11: 07.12.2025 | D11: 0 | E11: 0 | F11: 21.725 | G11: 0 | H11: 0 | I11: 0 | J11: 0 | K11: 0 | L11: 0 | M11: 0 | N11: 0 | O11: 349.12 | P11: 0 | Q11: 0 | R11: 0 | S11: 0 | T11: 349.12
A12: 8 | B12: 08.12.2025 | D12: 0 | E12: 0 | F12: 21.725 | G12: 0 | H12: 0 | I12: 0 | J12: 0 | K12: 0 | L12: 0 | M12: 0 | N12: 0 | O12: 349.12 | P12: 0 | Q12: 0 | R12: 0 | S12: 0 | T12: 349.12
A13: 9 | B13: 09.12.2025 | D13: 0 | E13: 0 | F13: 21.725 | G13: 0 | H13: 0 | I13: 0 | J13: 0 | K13: 0 | L13: 0 | M13: 0 | N13: 0 | O13: 349.12 | P13: 0 | Q13: 0 | R13: 0 | S13: 0 | T13: 349.12
A14: 10 | B14: 10.12.2025 | D14: 0 | E14: 0 | F14: 21.725 | G14: 0 | H14: 0 | I14: 0 | J14: 0 | K14: 0 | L14: 0 | M14: 0 | N14: 0 | O14: 349.12 | P14: 0 | Q14: 0 | R14: 0 | S14: 0 | T14: 349.12
A15: 11 | B15: 11.12.2025 | D15: 0 | E15: 17.875 | F15: 3.85 | G15: 0 | H15: 0 | I15: 0 | J15: 0 | K15: 0 | L15: 0 | M15: 0 | N15: 1698.13 | O15: 61.87 | P15: 0 | Q15: 0 | R15: 0 | S15: 0 | T15: 1759.99
A16: 12 | B16: 12.12.2025 | D16: 0 | E16: 0 | F16: 3.85 | G16: 0 | H16: 0 | I16: 0 | J16: 0 | K16: 0 | L16: 0 | M16: 0 | N16: 0 | O16: 61.87 | P16: 0 | Q16: 0 | R16: 0 | S16: 0 | T16: 61.87
... A35: 31 | B35: 31.12.2025 | D35: 0 | E35: 0 | F35: 3.85 | G35: 0 | H35: 0 | I35: 0 | J35: 0 | K35: 0 | L35: 0 | M35: 0 | N35: 0 | O35: 61.87 | P35: 0 | Q35: 0 | R35: 0 | S35: 0 | T35: 61.87
D36: 0 | E36: 17.875 | F36: 298.1 | G36: 0 | H36: 0 | I36: 0 | J36: 0 | K36: 0 | L36: 0 | M36: 0 | N36: 1698.13 | O36: 4790.47 | P36: 0 | Q36: 0 | R36: 0 | S36: 0 | T36: 6488.59
T37: 7786.31

Sheet Екатеринбург Полимеры
A2: Отчет по хранению товара за Декабрь 2025 Екатеринбург Полимеры
A3: № | B3: дата | D3: Выгрузка кол-во | E3: Загрузка кол-во | F3: Хранение | G3: Резервирование 10500 ГЕ | H3: Мин. Суточный резерв 1000 | I3: переконсолидация (тонн) | J3: Паллетирование | K3: Взвешивание | L3: стоимость взвешивания | M3: стоимость выгрузки | N3: стоимость загрузки | O3: стоимость хранения | P3: Стоимость резервирования | Q3: Стоимость мин.суточной бработки | R3: стоимость переконс. | S3: Стоимость паллетирования | T3: итого
A5: 1 | B5: 01.12.2025 | D5: 67 | E5: 39 | F5: 10213.302 | G5: 286.698 | H5: 894 | I5: 0 | J5: 0 | K5: 0 | L5: 0 | M5: 6365 | N5: 3705 | O5: 164127.76 | P5: 4607.24 | Q5: 84930 | R5: 0 | S5: 0 | T5: 263735
A6: 2 | B6: 02.12.2025 | D6: 21 | E6: 44.5 | F6: 10189.802 | G6: 310.198 | H6: 934.5 | I6: 0 | J6: 0 | K6: 0 | L6: 0 | M6: 1995 | N6: 4227.5 | O6: 163750.12 | P6: 4984.88 | Q6: 88777.5 | R6: 0 | S6: 0 | T6: 263735
A7: 3 | B7: 03.12.2025 | D7: 0 | E7: 118.125 | F7: 10071.677 | G7: 428.323 | H7: 881.875 | I7: 0 | J7: 0 | K7: 0 | L7: 0 | M7: 0 | N7: 11221.88 | O7: 161851.85 | P7: 6883.15 | Q7: 83778.13 | R7: 0 | S7: 0 | T7: 263735
A8: 4 | B8: 04.12.2025 | D8: 0 | E8: 175.75 | F8: 9895.927 | G8: 604.073 | H8: 824.25 | I8: 0 | J8: 0 | K8: 0 | L8: 0 | M8: 0 | N8: 16696.25 | O8: 159027.55 | P8: 9707.45 | Q8: 78303.75 | R8: 0 | S8: 0 | T8: 263735
A9: 5 | B9: 05.12.2025 | D9: 0 | E9: 115.625 | F9: 9780.302 | G9: 719.698 | H9: 884.375 | I9: 0 | J9: 0 | K9: 0 | L9: 0 | M9: 0 | N9: 10984.38 | O9: 157169.45 | P9: 11565.55 | Q9: 84015.63 | R9: 0 | S9: 0 | T9: 263735
A10: 6 | B10: 06.12.2025 | D10: 0 | E10: 246 | F10: 9534.302 | G10: 965.698 | H10: 754 | I10: 0 | J10: 0 | K10: 0 | L10: 0 | M10: 0 | N10: 23370 | O10: 153216.23 | P10: 15518.77 | Q10: 71630 | R10: 0 | S10: 0 | T10: 263735
A11: 7 | B11: 07.12.2025 | D11: 177 | E11: 134.5 | F11: 9576.802 | G11: 923.198 | H11: 688.5 | I11: 0 | J11: 0 | K11: 0 | L11: 0 | M11: 16815 | N11: 12777.5 | O11: 153899.21 | P11: 14835.79 | Q11: 65407.5 | R11: 0 | S11: 0 | T11: 263735
A12: 8 | B12: 08.12.2025 | D12: 310.5 | E12: 182.625 | F12: 9704.677 | G12: 795.323 | H12: 506.875 | I12: 0 | J12: 0 | K12: 0 | L12: 0 | M12: 29497.5 | N12: 17349.38 | O12: 155954.16 | P12: 12780.84 | Q12: 48153.13 | R12: 0 | S12: 0 | T12: 263735
A13: 9 | B13: 09.12.2025 | D13: 132.5 | E13: 71.125 | F13: 9766.052 | G13: 733.948 | H13: 796.375 | I13: 0 | J13: 0 | K13: 0 | L13: 0 | M13: 12587.5 | N13: 6756.88 | O13: 156940.46 | P13: 11794.54 | Q13: 75655.63 | R13: 0 | S13: 0 | T13: 263735
A14: 10 | B14: 10.12.2025 | D14: 198.492 | E14: 222 | F14: 9742.544 | G14: 757.456 | H14: 579.508 | I14: 2.75 | J14: 2.75 | K14: 2.75 | L14: 412.5 | M14: 18856.74 | N14: 21090 | O14: 156562.68 | P14: 12172.32 | Q14: 55053.26 | R14: 2750 | S14: 550 | T14: 267447.5
A15: 11 | B15: 11.12.2025 | D15: 45 | E15: 215.575 | F15: 9571.969 | G15: 928.031 | H15: 739.425 | I15: 0 | J15: 0 | K15: 0 | L15: 0 | M15: 4275 | N15: 20479.63 | O15: 153821.54 | P15: 14913.46 | Q15: 70245.38 | R15: 0 | S15: 0 | T15: 263735
A16: 12 | B16: 12.12.2025 | D16: 494.99 | E16: 139.5 | F16: 9927.459 | G16: 572.541 | H16: 365.51 | I16: 1.475 | J16: 1.475 | K16: 0.015 | L16: 2.25 | M16: 47024.05 | N16: 13252.5 | O16: 159534.27 | P16: 9200.73 | Q16: 34723.45 | R16: 1475 | S16: 295 | T16: 265507.25
... A35: 31 | B35: 31.12.2025 | D35: 0 | E35: 0 | F35: 6250.177 | G35: 4249.823 | H35: 1000 | I35: 0 | J35: 0 | K35: 0 | L35: 0 | M35: 0 | N35: 0 | O35: 100440.34 | P35: 68294.66 | Q35: 95000 | R35: 0 | S35: 0 | T35: 263735
D36: 4296.575 | E36: 8231.7 | F36: 269831.17 | G36: 55668.832 | H36: 18755.145 | I36: 70.725 | J36: 54.999 | K36: 3.465 | L36: 519.75 | M36: 408174.63 | N36: 782011.5 | O36: 4336186.9 | P36: 894598.13 | Q36: 1781738.8 | R36: 70725 | S36: 10999.8 | T36: 8284954.5
T37: 9941945.3

Sheet Екатеринбург Полиом
A2: Отчет по хранению товара за Декабрь 2025 Екатеринбург Полиом
A3: № | B3: дата | D3: Выгрузка кол-во | E3: Загрузка кол-во | F3: Хранение | G3: Резервирование 10500 ГЕ | H3: Мин. Суточный резерв 1000 | I3: переконсолидация (тонн) | J3: Паллетирование | K3: Взвешивание | L3: стоимость взвешивания | M3: стоимость выгрузки | N3: стоимость загрузки | O3: стоимость хранения | P3: Стоимость резервирования | Q3: Стоимость мин.суточной бработки | R3: стоимость переконс. | S3: Стоимость паллетирования | T3: итого
A5: 1 | B5: 01.12.2025 | D5: 0 | E5: 0 | F5: 322.725 | G5: 0 | H5: 0 | I5: 0 | J5: 0 | K5: 0 | L5: 0 | M5: 0 | N5: 0 | O5: 5186.19 | P5: 0 | Q5: 0 | R5: 0 | S5: 0 | T5: 5186.19
A6: 2 | B6: 02.12.2025 | D6: 0 | E6: 0 | F6: 322.725 | G6: 0 | H6: 0 | I6: 0 | J6: 0 | K6: 0 | L6: 0 | M6: 0 | N6: 0 | O6: 5186.19 | P6: 0 | Q6: 0 | R6: 0 | S6: 0 | T6: 5186.19
A7: 3 | B7: 03.12.2025 | D7: 0 | E7: 0 | F7: 322.725 | G7: 0 | H7: 0 | I7: 0 | J7: 0 | K7: 0 | L7: 0 | M7: 0 | N7: 0 | O7: 5186.19 | P7: 0 | Q7: 0 | R7: 0 | S7: 0 | T7: 5186.19
A8: 4 | B8: 04.12.2025 | D8: 0 | E8: 0 | F8: 322.725 | G8: 0 | H8: 0 | I8: 0 | J8: 0 | K8: 0 | L8: 0 | M8: 0 | N8: 0 | O8: 5186.19 | P8: 0 | Q8: 0 | R8: 0 | S8: 0 | T8: 5186.19
A9: 5 | B9: 05.12.2025 | D9: 0 | E9: 22 | F9: 300.725 | G9: 0 | H9: 0 | I9: 0 | J9: 0 | K9: 0 | L9: 0 | M9: 0 | N9: 2090 | O9: 4832.65 | P9: 0 | Q9: 0 | R9: 0 | S9: 0 | T9: 6922.65
A10: 6 | B10: 06.12.2025 | D10: 0 | E10: 0 | F10: 300.725 | G10: 0 | H10: 0 | I10: 0 | J10: 0 | K10: 0 | L10: 0 | M10: 0 | N10: 0 | O10: 4832.65 | P10: 0 | Q10: 0 | R10: 0 | S10: 0 | T10: 4832.65
A11: 7 | B11: 07.12.2025 | D11: 22 | E11: 0 | F11: 322.725 | G11: 0 | H11: 0 | I11: 0 | J11: 0 | K11: 0 | L11: 0 | M11: 2090 | N11: 0 | O11: 5186.19 | P11: 0 | Q11: 0 | R11: 0 | S11: 0 | T11: 7276.19
A12: 8 | B12: 08.12.2025 | D12: 22 | E12: 0 | F12: 344.725 | G12: 0 | H12: 0 | I12: 0 | J12: 0 | K12: 0 | L12: 0 | M12: 2090 | N12: 0 | O12: 5539.73 | P12: 0 | Q12: 0 | R12: 0 | S12: 0 | T12: 7629.73
A13: 9 | B13: 09.12.2025 | D13: 0 | E13: 0 | F13: 344.725 | G13: 0 | H13: 0 | I13: 0 | J13: 0 | K13: 0 | L13: 0 | M13: 0 | N13: 0 | O13: 5539.73 | P13: 0 | Q13: 0 | R13: 0 | S13: 0 | T13: 5539.73
A14: 10 | B14: 10.12.2025 | D14: 88 | E14: 0 | F14: 432.725 | G14: 0 | H14: 0 | I14: 0 | J14: 0 | K14: 0 | L14: 0 | M14: 8360 | N14: 0 | O14: 6953.89 | P14: 0 | Q14: 0 | R14: 0 | S14: 0 | T14: 15313.89
A15: 11 | B15: 11.12.2025 | D15: 44 | E15: 0.025 | F15: 476.7 | G15: 0 | H15: 0 | I15: 0 | J15: 0 | K15: 0 | L15: 0 | M15: 4180 | N15: 2.38 | O15: 7660.57 | P15: 0 | Q15: 0 | R15: 0 | S15: 0 | T15: 11842.94
A16: 12 | B16: 12.12.2025 | D16: 0 | E16: 0 | F16: 476.7 | G16: 0 | H16: 0 | I16: 0 | J16: 0 | K16: 0 | L16: 0 | M16: 0 | N16: 0 | O16: 7660.57 | P16: 0 | Q16: 0 | R16: 0 | S16: 0 | T16: 7660.57
... A35: 31 | B35: 31.12.2025 | D35: 0 | E35: 0 | F35: 256.7 | G35: 0 | H35: 0 | I35: 0 | J35: 0 | K35: 0 | L35: 0 | M35: 0 | N35: 0 | O35: 4125.17 | P35: 0 | Q35: 0 | R35: 0 | S35: 0 | T35: 4125.17
D36: 198 | E36: 264.025 | F36: 10817.95 | G36: 0 | H36: 0 | I36: 0 | J36: 0 | K36: 0 | L36: 0 | M36: 18810 | N36: 25082.38 | O36: 173844.46 | P36: 0 | Q36: 0 | R36: 0 | S36: 0 | T36: 217736.83
T37: 261284.2

Sheet Екатеринбург НПЭГ
A2: Отчет по хранению товара за Декабрь 2025 Екатеринбург НПЭГ НПЭГ
A3: № | B3: дата | D3: Выгрузка кол-во | E3: Загрузка кол-во | F3: Хранение | G3: Резервирование 10500 ГЕ | H3: Мин. Суточный резерв 1000 | I3: переконсолидация (тонн) | J3: Паллетирование | K3: Взвешивание | L3: стоимость взвешивания | M3: стоимость выгрузки | N3: стоимость загрузки | O3: стоимость хранения | P3: Стоимость резервирования | Q3: Стоимость мин.суточной бработки | R3: стоимость переконс. | S3: Стоимость паллетирования | T3: итого
A5: 1 | B5: 01.12.2025 | D5: 0 | E5: 0 | F5: 77.397 | L5: 0 | M5: 0 | N5: 0 | O5: 1243.77 | P5: 0 | Q5: 0 | R5: 0 | S5: 0 | T5: 1243.77
A6: 2 | B6: 02.12.2025 | D6: 0 | E6: 0 | F6: 77.397 | L6: 0 | M6: 0 | N6: 0 | O6: 1243.77 | P6: 0 | Q6: 0 | R6: 0 | S6: 0 | T6: 1243.77
A7: 3 | B7: 03.12.2025 | D7: 0 | E7: 0 | F7: 77.397 | L7: 0 | M7: 0 | N7: 0 | O7: 1243.77 | P7: 0 | Q7: 0 | R7: 0 | S7: 0 | T7: 1243.77
A8: 4 | B8: 04.12.2025 | D8: 0 | E8: 0 | F8: 77.397 | L8: 0 | M8: 0 | N8: 0 | O8: 1243.77 | P8: 0 | Q8: 0 | R8: 0 | S8: 0 | T8: 1243.77
A9: 5 | B9: 05.12.2025 | D9: 0 | E9: 0 | F9: 77.397 | L9: 0 | M9: 0 | N9: 0 | O9: 1243.77 | P9: 0 | Q9: 0 | R9: 0 | S9: 0 | T9: 1243.77
A10: 6 | B10: 06.12.2025 | D10: 0 | E10: 0 | F10: 77.397 | L10: 0 | M10: 0 | N10: 0 | O10: 1243.77 | P10: 0 | Q10: 0 | R10: 0 | S10: 0 | T10: 1243.77
A11: 7 | B11: 07.12.2025 | D11: 0 | E11: 0 | F11: 77.397 | L11: 0 | M11: 0 | N11: 0 | O11: 1243.77 | P11: 0 | Q11: 0 | R11: 0 | S11: 0 | T11: 1243.77
A12: 8 | B12: 08.12.2025 | D12: 0 | E12: 0 | F12: 77.397 | L12: 0 | M12: 0 | N12: 0 | O12: 1243.77 | P12: 0 | Q12: 0 | R12: 0 | S12: 0 | T12: 1243.77
A13: 9 | B13: 09.12.2025 | D13: 0 | E13: 0 | F13: 77.397 | L13: 0 | M13: 0 | N13: 0 | O13: 1243.77 | P13: 0 | Q13: 0 | R13: 0 | S13: 0 | T13: 1243.77
A14: 10 | B14: 10.12.2025 | D14: 0 | E14: 0 | F14: 77.397 | L14: 0 | M14: 0 | N14: 0 | O14: 1243.77 | P14: 0 | Q14: 0 | R14: 0 | S14: 0 | T14: 1243.77
A15: 11 | B15: 11.12.2025 | D15: 0 | E15: 0 | F15: 77.397 | L15: 0 | M15: 0 | N15: 0 | O15: 1243.77 | P15: 0 | Q15: 0 | R15: 0 | S15: 0 | T15: 1243.77
A16: 12 | B16: 12.12.2025 | D16: 0 | E16: 0 | F16: 77.397 | L16: 0 | M16: 0 | N16: 0 | O16: 1243.77 | P16: 0 | Q16: 0 | R16: 0 | S16: 0 | T16: 1243.77
... A35: 31 | B35: 31.12.2025 | D35: 0 | E35: 0 | F35: 177.394 | L35: 0 | M35: 0 | N35: 0 | O35: 2850.72 | P35: 0 | Q35: 0 | R35: 0 | S35: 0 | T35: 2850.72
D36: 99.997 | E36: 0 | F36: 3332.879 | G36: 0 | H36: 0 | I36: 0 | J36: 0 | K36: 0 | L36: 0 | M36: 14999.55 | N36: 0 | O36: 53559.37 | P36: 0 | Q36: 0 | R36: 0 | S36: 0 | T36: 68558.92
T37: 82270.7

Sheet Зеленодольск Полимеры
A2: Отчет по хранению товара за Декабрь 2025 Зеленодольск Полимеры
A3: № | B3: дата | D3: Выгрузка кол-во | E3: Загрузка кол-во | F3: Хранение | G3: Резервирование 9500 ГЕ | H3: Мин. Суточный резерв 700 | I3: переконсолидация (тонн) | J3: Паллетирование | K3: Ночная загруска выгрузка | L3: стоимость ночной загруски | M3: стоимость выгрузки | N3: стоимость загрузки | O3: стоимость хранения | P3: Стоимость резервирования | Q3: Стоимость мин.суточной бработки | R3: стоимость переконс. | S3: Стоимость паллетирования | T3: итого
A5: 1 | B5: 01.12.2025 | D5: 130.125 | E5: 129 | F5: 11138.444 | G5: 0 | H5: 440.875 | I5: 0 | J5: 0 | L5: 0 | M5: 14128.97 | N5: 14006.82 | O5: 113612.13 | P5: 0 | Q5: 47870.21 | R5: 0 | S5: 0 | T5: 189618.13
A6: 2 | B6: 02.12.2025 | D6: 281.625 | E6: 285.75 | F6: 11134.319 | G6: 0 | H6: 132.625 | I6: 0 | J6: 0 | L6: 0 | M6: 30578.84 | N6: 31026.74 | O6: 113570.05 | P6: 0 | Q6: 14400.42 | R6: 0 | S6: 0 | T6: 189576.05
A7: 3 | B7: 03.12.2025 | D7: 172.875 | E7: 730.75 | F7: 10576.444 | G7: 0 | H7: 0 | I7: 0 | J7: 0 | L7: 0 | M7: 18770.77 | N7: 79344.84 | O7: 107879.73 | P7: 0 | Q7: 0 | R7: 0 | S7: 0 | T7: 205995.33
A8: 4 | B8: 04.12.2025 | D8: 130.75 | E8: 132.375 | F8: 10574.819 | G8: 0 | H8: 436.875 | I8: 0 | J8: 0 | L8: 0 | M8: 14196.84 | N8: 14373.28 | O8: 107863.15 | P8: 0 | Q8: 47435.89 | R8: 0 | S8: 0 | T8: 183869.15
A9: 5 | B9: 05.12.2025 | D9: 278.5 | E9: 246.25 | F9: 10607.069 | G9: 0 | H9: 175.25 | I9: 0 | J9: 0 | L9: 0 | M9: 30239.53 | N9: 26737.83 | O9: 108192.1 | P9: 0 | Q9: 19028.65 | R9: 0 | S9: 0 | T9: 184198.1
A10: 6 | B10: 06.12.2025 | D10: 0 | E10: 0 | F10: 10607.069 | G10: 0 | H10: 700 | I10: 0 | J10: 0 | L10: 0 | M10: 0 | N10: 0 | O10: 108192.1 | P10: 0 | Q10: 76006 | R10: 0 | S10: 0 | T10: 184198.1
A11: 7 | B11: 07.12.2025 | D11: 0 | E11: 0 | F11: 10607.069 | G11: 0 | H11: 700 | I11: 0 | J11: 0 | L11: 0 | M11: 0 | N11: 0 | O11: 108192.1 | P11: 0 | Q11: 76006 | R11: 0 | S11: 0 | T11: 184198.1
A12: 8 | B12: 08.12.2025 | D12: 130.125 | E12: 221.875 | F12: 10515.319 | G12: 0 | H12: 348 | I12: 0 | J12: 0 | L12: 0 | M12: 14128.97 | N12: 24091.19 | O12: 107256.25 | P12: 0 | Q12: 37785.84 | R12: 0 | S12: 0 | T12: 183262.25
A13: 9 | B13: 09.12.2025 | D13: 108.75 | E13: 198.25 | F13: 10425.819 | G13: 0 | H13: 393 | I13: 0 | J13: 0 | L13: 0 | M13: 11808.08 | N13: 21525.99 | O13: 106343.35 | P13: 0 | Q13: 42671.94 | R13: 0 | S13: 0 | T13: 182349.35
A14: 10 | B14: 10.12.2025 | D14: 130.125 | E14: 380.125 | F14: 10175.819 | G14: 0 | H14: 189.75 | I14: 0 | J14: 0 | L14: 0 | M14: 14128.97 | N14: 41273.97 | O14: 103793.35 | P14: 0 | Q14: 20603.06 | R14: 0 | S14: 0 | T14: 179799.35
A15: 11 | B15: 11.12.2025 | D15: 194.25 | E15: 551.025 | F15: 9819.044 | G15: 0 | H15: 0 | I15: 0 | J15: 0 | L15: 0 | M15: 21091.67 | N15: 59830.29 | O15: 100154.25 | P15: 0 | Q15: 0 | R15: 0 | S15: 0 | T15: 181076.21
A16: 12 | B16: 12.12.2025 | D16: 151.5 | E16: 309.25 | F16: 9661.294 | G16: 0 | H16: 239.25 | I16: 0 | J16: 0 | L16: 0 | M16: 16449.87 | N16: 33578.37 | O16: 98545.2 | P16: 0 | Q16: 25977.77 | R16: 0 | S16: 0 | T16: 174551.2
... A35: 31 | B35: 31.12.2025 | D35: 215 | E35: 0 | F35: 11502.608 | G35: 0 | H35: 485 | I35: 0 | J35: 0 | L35: 0 | M35: 23344.7 | N35: 0 | O35: 117326.6 | P35: 0 | Q35: 52661.3 | R35: 0 | S35: 0 | T35: 193332.6
D36: 6396.125 | E36: 6030.836 | F36: 314018.84 | G36: 223.532 | H36: 9959.434 | I36: 0 | J36: 0 | K36: 0 | L36: 0 | M36: 694491.25 | N36: 654828.17 | O36: 3202992.1 | P36: 2280.03 | Q36: 1081395.3 | R36: 0 | S36: 0 | T36: 5635986.9
T37: 6763184.3

Sheet Данафлекс Зеленодольск
A2: Отчет по хранению товара за Декабрь 2025 Зеленодольск Данафлекс Данафлекс
A3: № | B3: дата | D3: Выгрузка кол-во | E3: Загрузка кол-во | F3: Хранение | G3: Резервирование 9500 ГЕ | H3: Мин. Суточный резерв 800 | I3: переконсолидация (тонн) | J3: Паллетирование | K3: Ночная загруска выгрузка | L3: стоимость ночной загруски | M3: стоимость выгрузки | N3: стоимость загрузки | O3: стоимость хранения | P3: Стоимость резервирования | Q3: Стоимость мин.суточной бработки | R3: стоимость переконс. | S3: Стоимость паллетирования | T3: итого
A5: 1 | B5: 01.12.2025 | D5: 88 | E5: 44 | F5: 496.25 | G5: 0 | H5: 0 | I5: 0 | J5: 0 | L5: 0 | M5: 9555.04 | N5: 4777.52 | O5: 5061.75 | P5: 0 | Q5: 0 | R5: 0 | S5: 0 | T5: 19394.31
A6: 2 | B6: 02.12.2025 | D6: 88.25 | E6: 44 | F6: 540.5 | G6: 0 | H6: 0 | I6: 0 | J6: 0 | L6: 0 | M6: 9582.19 | N6: 4777.52 | O6: 5513.1 | P6: 0 | Q6: 0 | R6: 0 | S6: 0 | T6: 19872.81
A7: 3 | B7: 03.12.2025 | D7: 462 | E7: 44.25 | F7: 958.25 | G7: 0 | H7: 0 | I7: 0 | J7: 0 | L7: 0 | M7: 50163.96 | N7: 4804.67 | O7: 9774.15 | P7: 0 | Q7: 0 | R7: 0 | S7: 0 | T7: 64742.78
A8: 4 | B8: 04.12.2025 | D8: 0 | E8: 22 | F8: 936.25 | G8: 0 | H8: 0 | I8: 0 | J8: 0 | L8: 0 | M8: 0 | N8: 2388.76 | O8: 9549.75 | P8: 0 | Q8: 0 | R8: 0 | S8: 0 | T8: 11938.51
A9: 5 | B9: 05.12.2025 | D9: 0 | E9: 43.25 | F9: 893 | G9: 0 | H9: 0 | I9: 0 | J9: 0 | L9: 0 | M9: 0 | N9: 4696.09 | O9: 9108.6 | P9: 0 | Q9: 0 | R9: 0 | S9: 0 | T9: 13804.69
A10: 6 | B10: 06.12.2025 | D10: 0 | E10: 0 | F10: 893 | G10: 0 | H10: 0 | I10: 0 | J10: 0 | L10: 0 | M10: 0 | N10: 0 | O10: 9108.6 | P10: 0 | Q10: 0 | R10: 0 | S10: 0 | T10: 9108.6
A11: 7 | B11: 07.12.2025 | D11: 109.25 | E11: 0 | F11: 1002.25 | G11: 0 | H11: 0 | I11: 0 | J11: 0 | L11: 0 | M11: 11862.37 | N11: 0 | O11: 10222.95 | P11: 0 | Q11: 0 | R11: 0 | S11: 0 | T11: 22085.32
A12: 8 | B12: 08.12.2025 | D12: 44 | E12: 0 | F12: 1046.25 | G12: 0 | H12: 0 | I12: 0 | J12: 0 | L12: 0 | M12: 4777.52 | N12: 0 | O12: 10671.75 | P12: 0 | Q12: 0 | R12: 0 | S12: 0 | T12: 15449.27
A13: 9 | B13: 09.12.2025 | D13: 0 | E13: 44 | F13: 1002.25 | G13: 0 | H13: 0 | I13: 0 | J13: 0 | L13: 0 | M13: 0 | N13: 4777.52 | O13: 10222.95 | P13: 0 | Q13: 0 | R13: 0 | S13: 0 | T13: 15000.47
A14: 10 | B14: 10.12.2025 | D14: 0 | E14: 44 | F14: 958.25 | G14: 0 | H14: 0 | I14: 0 | J14: 0 | L14: 0 | M14: 0 | N14: 4777.52 | O14: 9774.15 | P14: 0 | Q14: 0 | R14: 0 | S14: 0 | T14: 14551.67
A15: 11 | B15: 11.12.2025 | D15: 0 | E15: 22 | F15: 936.25 | G15: 0 | H15: 0 | I15: 0 | J15: 0 | L15: 0 | M15: 0 | N15: 2388.76 | O15: 9549.75 | P15: 0 | Q15: 0 | R15: 0 | S15: 0 | T15: 11938.51
A16: 12 | B16: 12.12.2025 | D16: 0 | E16: 43.25 | F16: 893 | G16: 0 | H16: 0 | I16: 0 | J16: 0 | L16: 0 | M16: 0 | N16: 4696.09 | O16: 9108.6 | P16: 0 | Q16: 0 | R16: 0 | S16: 0 | T16: 13804.69
... A35: 31 | B35: 31.12.2025 | D35: 22 | E35: 0 | F35: 1023.375 | G35: 0 | H35: 0 | I35: 0 | J35: 0 | L35: 0 | M35: 2388.76 | N35: 0 | O35: 10438.43 | P35: 0 | Q35: 0 | R35: 0 | S35: 0 | T35: 12827.19
D36: 1336.875 | E36: 765.75 | F36: 28225.375 | G36: 0 | H36: 0 | I36: 0 | J36: 0 | K36: 0 | L36: 0 | M36: 145157.89 | N36: 83145.14 | O36: 287898.83 | P36: 0 | Q36: 0 | R36: 0 | S36: 0 | T36: 516201.85
T37: 619442.22

Sheet Казань_Автосервисная Полимеры
A2: Отчет по хранению товара за Декабрь 2025 Казань_Автосервисная Полимеры
A3: № | B3: дата | D3: Выгрузка кол-во | E3: Загрузка кол-во | F3: Хранение | G3: Резервирование 12000 т | H3: Мин. Суточный резерв 1000 т | I3: переконсолидация (тонн) | J3: Паллетирование | K3: Ночная загруска выгрузка | L3: стоимость ночной загруски | M3: стоимость выгрузки | N3: стоимость загрузки | O3: стоимость хранения | P3: Стоимость резервирования | Q3: Стоимость мин.суточной бработки | R3: стоимость переконс. | S3: Стоимость паллетирования | T3: итого
A5: 1 | B5: 01.12.2025 | D5: 286 | E5: 352 | F5: 11123.457 | G5: 876.543 | H5: 362 | I5: 0 | J5: 0 | L5: 0 | M5: 34320 | N5: 42240 | O5: 389321 | P5: 30679.01 | Q5: 43440 | R5: 0 | S5: 0 | T5: 540000
A6: 2 | B6: 02.12.2025 | D6: 176 | E6: 136.125 | F6: 11163.332 | G6: 836.668 | H6: 687.875 | I6: 0 | J6: 0 | L6: 0 | M6: 21120 | N6: 16335 | O6: 390716.62 | P6: 29283.38 | Q6: 82545 | R6: 0 | S6: 0 | T6: 540000
A7: 3 | B7: 03.12.2025 | D7: 132 | E7: 159.495 | F7: 11135.837 | G7: 864.163 | H7: 708.505 | I7: 0 | J7: 0 | L7: 0 | M7: 15840 | N7: 19139.4 | O7: 389754.3 | P7: 30245.71 | Q7: 85020.6 | R7: 0 | S7: 0 | T7: 540000
A8: 4 | B8: 04.12.2025 | D8: 176 | E8: 203.5 | F8: 11108.337 | G8: 891.663 | H8: 620.5 | I8: 0 | J8: 0 | L8: 0 | M8: 21120 | N8: 24420 | O8: 388791.8 | P8: 31208.21 | Q8: 74460 | R8: 0 | S8: 0 | T8: 540000
A9: 5 | B9: 05.12.2025 | D9: 132 | E9: 155.375 | F9: 11084.962 | G9: 915.038 | H9: 712.625 | I9: 0 | J9: 0 | L9: 0 | M9: 15840 | N9: 18645 | O9: 387973.67 | P9: 32026.33 | Q9: 85515 | R9: 0 | S9: 0 | T9: 540000
A10: 6 | B10: 06.12.2025 | D10: 176 | E10: 286 | F10: 10974.962 | G10: 1025.038 | H10: 538 | I10: 0 | J10: 0 | L10: 0 | M10: 21120 | N10: 34320 | O10: 384123.67 | P10: 35876.33 | Q10: 64560 | R10: 0 | S10: 0 | T10: 540000
A11: 7 | B11: 07.12.2025 | D11: 241.375 | E11: 291.5 | F11: 10924.837 | G11: 1075.163 | H11: 467.125 | I11: 0 | J11: 0 | L11: 0 | M11: 28965 | N11: 34980 | O11: 382369.3 | P11: 37630.71 | Q11: 56055 | R11: 0 | S11: 0 | T11: 540000
A12: 8 | B12: 08.12.2025 | D12: 195.5 | E12: 209 | F12: 10911.337 | G12: 1088.663 | H12: 595.5 | I12: 0 | J12: 0 | L12: 0 | M12: 23460 | N12: 25080 | O12: 381896.8 | P12: 38103.21 | Q12: 71460 | R12: 0 | S12: 0 | T12: 540000
A13: 9 | B13: 09.12.2025 | D13: 195.5 | E13: 279.125 | F13: 10827.712 | G13: 1172.288 | H13: 525.375 | I13: 0 | J13: 0 | L13: 0 | M13: 23460 | N13: 33495 | O13: 378969.92 | P13: 41030.08 | Q13: 63045 | R13: 0 | S13: 0 | T13: 540000
A14: 10 | B14: 10.12.2025 | D14: 66 | E14: 398.75 | F14: 10494.962 | G14: 1505.038 | H14: 535.25 | I14: 0 | J14: 0 | L14: 0 | M14: 7920 | N14: 47850 | O14: 367323.67 | P14: 52676.33 | Q14: 64230 | R14: 0 | S14: 0 | T14: 540000
A15: 11 | B15: 11.12.2025 | D15: 215.625 | E15: 294.275 | F15: 10416.312 | G15: 1583.688 | H15: 490.1 | I15: 0 | J15: 0 | L15: 0 | M15: 25875 | N15: 35313 | O15: 364570.92 | P15: 55429.08 | Q15: 58812 | R15: 0 | S15: 0 | T15: 540000
A16: 12 | B16: 12.12.2025 | D16: 87.375 | E16: 132 | F16: 10371.687 | G16: 1628.313 | H16: 780.625 | I16: 0 | J16: 0 | L16: 0 | M16: 10485 | N16: 15840 | O16: 363009.05 | P16: 56990.96 | Q16: 93675 | R16: 0 | S16: 0 | T16: 540000
... A35: 31 | B35: 31.12.2025 | D35: 374 | E35: 0 | F35: 9466.562 | G35: 2533.438 | H35: 626 | I35: 0 | J35: 0 | L35: 0 | M35: 44880 | N35: 0 | O35: 331329.67 | P35: 88670.33 | Q35: 75120 | R35: 0 | S35: 0 | T35: 540000
D36: 6508.375 | E36: 8231.27 | F36: 299891.41 | G36: 72108.588 | H36: 16382.355 | I36: 0 | J36: 0 | K36: 0 | L36: 0 | M36: 781005 | N36: 987752.4 | O36: 10496199 | P36: 2523800.6 | Q36: 1965882.6 | R36: 0 | S36: 0 | T36: 16754640
T37: 20105568

Sheet Казань_Автосервисная Полиом
A2: Отчет по хранению товара за Декабрь 2025 Казань_Автосервисная Полиом
A3: № | B3: дата | D3: Выгрузка кол-во | E3: Загрузка кол-во | F3: Хранение | G3: Резервирование 12000 т | H3: Мин. Суточный резерв 1000 т | I3: переконсолидация (тонн) | J3: Паллетирование | K3: Ночная загруска выгрузка | L3: стоимость ночной загруски | M3: стоимость выгрузки | N3: стоимость загрузки | O3: стоимость хранения | P3: Стоимость резервирования | Q3: Стоимость мин.суточной бработки | R3: стоимость переконс. | S3: Стоимость паллетирования | T3: итого
A5: 1 | B5: 01.12.2025 | D5: 0 | E5: 0 | F5: 10.5 | G5: 0 | H5: 0 | I5: 0 | J5: 0 | L5: 0 | M5: 0 | N5: 0 | O5: 367.5 | P5: 0 | Q5: 0 | R5: 0 | S5: 0 | T5: 367.5
A6: 2 | B6: 02.12.2025 | D6: 0 | E6: 0 | F6: 10.5 | G6: 0 | H6: 0 | I6: 0 | J6: 0 | L6: 0 | M6: 0 | N6: 0 | O6: 367.5 | P6: 0 | Q6: 0 | R6: 0 | S6: 0 | T6: 367.5
A7: 3 | B7: 03.12.2025 | D7: 0 | E7: 0 | F7: 10.5 | G7: 0 | H7: 0 | I7: 0 | J7: 0 | L7: 0 | M7: 0 | N7: 0 | O7: 367.5 | P7: 0 | Q7: 0 | R7: 0 | S7: 0 | T7: 367.5
A8: 4 | B8: 04.12.2025 | D8: 0 | E8: 0 | F8: 10.5 | G8: 0 | H8: 0 | I8: 0 | J8: 0 | L8: 0 | M8: 0 | N8: 0 | O8: 367.5 | P8: 0 | Q8: 0 | R8: 0 | S8: 0 | T8: 367.5
A9: 5 | B9: 05.12.2025 | D9: 0 | E9: 0 | F9: 10.5 | G9: 0 | H9: 0 | I9: 0 | J9: 0 | L9: 0 | M9: 0 | N9: 0 | O9: 367.5 | P9: 0 | Q9: 0 | R9: 0 | S9: 0 | T9: 367.5
A10: 6 | B10: 06.12.2025 | D10: 0 | E10: 0 | F10: 10.5 | G10: 0 | H10: 0 | I10: 0 | J10: 0 | L10: 0 | M10: 0 | N10: 0 | O10: 367.5 | P10: 0 | Q10: 0 | R10: 0 | S10: 0 | T10: 367.5
A11: 7 | B11: 07.12.2025 | D11: 0 | E11: 0 | F11: 10.5 | G11: 0 | H11: 0 | I11: 0 | J11: 0 | L11: 0 | M11: 0 | N11: 0 | O11: 367.5 | P11: 0 | Q11: 0 | R11: 0 | S11: 0 | T11: 367.5
A12: 8 | B12: 08.12.2025 | D12: 0 | E12: 0 | F12: 10.5 | G12: 0 | H12: 0 | I12: 0 | J12: 0 | L12: 0 | M12: 0 | N12: 0 | O12: 367.5 | P12: 0 | Q12: 0 | R12: 0 | S12: 0 | T12: 367.5
A13: 9 | B13: 09.12.2025 | D13: 0 | E13: 0 | F13: 10.5 | G13: 0 | H13: 0 | I13: 0 | J13: 0 | L13: 0 | M13: 0 | N13: 0 | O13: 367.5 | P13: 0 | Q13: 0 | R13: 0 | S13: 0 | T13: 367.5
A14: 10 | B14: 10.12.2025 | D14: 0 | E14: 0 | F14: 10.5 | G14: 0 | H14: 0 | I14: 0 | J14: 0 | L14: 0 | M14: 0 | N14: 0 | O14: 367.5 | P14: 0 | Q14: 0 | R14: 0 | S14: 0 | T14: 367.5
A15: 11 | B15: 11.12.2025 | D15: 0 | E15: 0 | F15: 10.5 | G15: 0 | H15: 0 | I15: 0 | J15: 0 | L15: 0 | M15: 0 | N15: 0 | O15: 367.5 | P15: 0 | Q15: 0 | R15: 0 | S15: 0 | T15: 367.5
A16: 12 | B16: 12.12.2025 | D16: 0 | E16: 0 | F16: 10.5 | G16: 0 | H16: 0 | I16: 0 | J16: 0 | L16: 0 | M16: 0 | N16: 0 | O16: 367.5 | P16: 0 | Q16: 0 | R16: 0 | S16: 0 | T16: 367.5
... A35: 31 | B35: 31.12.2025 | D35: 0 | E35: 0 | F35: 10.5 | G35: 0 | H35: 0 | I35: 0 | J35: 0 | L35: 0 | M35: 0 | N35: 0 | O35: 367.5 | P35: 0 | Q35: 0 | R35: 0 | S35: 0 | T35: 367.5
D36: 0 | E36: 0 | F36: 325.5 | G36: 0 | H36: 0 | I36: 0 | J36: 0 | K36: 0 | L36: 0 | M36: 0 | N36: 0 | O36: 11392.5 | P36: 0 | Q36: 0 | R36: 0 | S36: 0 | T36: 11392.5
T37: 13671

Sheet Казань_Приволжская Полимеры
A2: Отчет по хранению товара за Декабрь 2025 Казань_Приволжская Полимеры
A3: № | B3: дата | D3: Выгрузка кол-во | E3: Загрузка кол-во | F3: Хранение | G3: Резервирование 6000 т | H3: Мин. Суточный резерв 500 т | I3: переконсолидация (тонн) | J3: Паллетирование | K3: Взвешивание | L3: стоимость взвешивания | M3: стоимость выгрузки | N3: стоимость загрузки | O3: стоимость хранения | P3: Стоимость резервирования | Q3: Стоимость мин.суточной бработки | R3: стоимость переконс. | S3: Стоимость паллетирования | T3: итого
A5: 1 | B5: 01.12.2025 | D5: 176 | E5: 88 | F5: 6408.925 | G5: 0 | H5: 236 | I5: 0 | J5: 0 | K5: 0 | L5: 0 | M5: 20592 | N5: 10296 | O5: 179449.9 | P5: 0 | Q5: 27612 | R5: 0 | S5: 0 | T5: 237949.9
A6: 2 | B6: 02.12.2025 | D6: 263.375 | E6: 77 | F6: 6595.3 | G6: 0 | H6: 159.625 | I6: 0 | J6: 0 | K6: 0 | L6: 0 | M6: 30814.88 | N6: 9009 | O6: 184668.4 | P6: 0 | Q6: 18676.13 | R6: 0 | S6: 0 | T6: 243168.4
A7: 3 | B7: 03.12.2025 | D7: 130.75 | E7: 22 | F7: 6704.05 | G7: 0 | H7: 347.25 | I7: 0 | J7: 0 | K7: 0 | L7: 0 | M7: 15297.75 | N7: 2574 | O7: 187713.4 | P7: 0 | Q7: 40628.25 | R7: 0 | S7: 0 | T7: 246213.4
A8: 4 | B8: 04.12.2025 | D8: 44 | E8: 11 | F8: 6737.05 | G8: 0 | H8: 445 | I8: 0 | J8: 0 | K8: 0 | L8: 0 | M8: 5148 | N8: 1287 | O8: 188637.4 | P8: 0 | Q8: 52065 | R8: 0 | S8: 0 | T8: 247137.4
A9: 5 | B9: 05.12.2025 | D9: 66 | E9: 154 | F9: 6649.05 | G9: 0 | H9: 280 | I9: 0 | J9: 0 | K9: 0 | L9: 0 | M9: 7722 | N9: 18018 | O9: 186173.4 | P9: 0 | Q9: 32760 | R9: 0 | S9: 0 | T9: 244673.4
A10: 6 | B10: 06.12.2025 | D10: 108.75 | E10: 66 | F10: 6691.8 | G10: 0 | H10: 325.25 | I10: 0 | J10: 0 | K10: 0 | L10: 0 | M10: 12723.75 | N10: 7722 | O10: 187370.4 | P10: 0 | Q10: 38054.25 | R10: 0 | S10: 0 | T10: 245870.4
A11: 7 | B11: 07.12.2025 | D11: 109.375 | E11: 44 | F11: 6757.175 | G11: 0 | H11: 346.625 | I11: 0 | J11: 0 | K11: 0 | L11: 0 | M11: 12796.88 | N11: 5148 | O11: 189200.9 | P11: 0 | Q11: 40555.13 | R11: 0 | S11: 0 | T11: 247700.9
A12: 8 | B12: 08.12.2025 | D12: 66 | E12: 0 | F12: 6823.175 | G12: 0 | H12: 434 | I12: 0 | J12: 0 | K12: 0 | L12: 0 | M12: 7722 | N12: 0 | O12: 191048.9 | P12: 0 | Q12: 50778 | R12: 0 | S12: 0 | T12: 249548.9
A13: 9 | B13: 09.12.2025 | D13: 66 | E13: 0 | F13: 6889.175 | G13: 0 | H13: 434 | I13: 0 | J13: 0 | K13: 0 | L13: 0 | M13: 7722 | N13: 0 | O13: 192896.9 | P13: 0 | Q13: 50778 | R13: 0 | S13: 0 | T13: 251396.9
A14: 10 | B14: 10.12.2025 | D14: 88 | E14: 70.125 | F14: 6907.05 | G14: 0 | H14: 341.875 | I14: 0 | J14: 0 | K14: 0 | L14: 0 | M14: 10296 | N14: 8204.63 | O14: 193397.4 | P14: 0 | Q14: 39999.38 | R14: 0 | S14: 0 | T14: 251897.4
A15: 11 | B15: 11.12.2025 | D15: 0 | E15: 110 | F15: 6797.05 | G15: 0 | H15: 390 | I15: 0 | J15: 0 | K15: 0 | L15: 0 | M15: 0 | N15: 12870 | O15: 190317.4 | P15: 0 | Q15: 45630 | R15: 0 | S15: 0 | T15: 248817.4
A16: 12 | B16: 12.12.2025 | D16: 66 | E16: 35.75 | F16: 6827.3 | G16: 0 | H16: 398.25 | I16: 0 | J16: 0 | K16: 0 | L16: 0 | M16: 7722 | N16: 4182.75 | O16: 191164.4 | P16: 0 | Q16: 46595.25 | R16: 0 | S16: 0 | T16: 249664.4
... A35: 31 | B35: 31.12.2025 | D35: 0 | E35: 0 | F35: 5633.75 | G35: 366.25 | H35: 500 | I35: 0 | J35: 0 | K35: 0 | L35: 0 | M35: 0 | N35: 0 | O35: 157745 | P35: 10255 | Q35: 58500 | R35: 0 | S35: 0 | T35: 226500
D36: 2872.75 | E36: 3559.925 | F36: 191541.2 | G36: 7479.825 | H36: 9184.6 | I36: 0 | J36: 0 | K36: 0 | L36: 0 | M36: 336111.75 | N36: 416511.23 | O36: 5363153.6 | P36: 209435.1 | Q36: 1074598.2 | R36: 0 | S36: 0 | T36: 7399809.9
T37: 8879771.8

Sheet Нижнекамск Каучук
A2: Отчет по хранению товара за Декабрь 2025 Нижнекамск Каучук Каучук
A3: № | B3: дата | D3: Выгрузка кол-во | E3: Загрузка кол-во | F3: Хранение | G3: Резервирование 3250 ГЕ | H3: Мин. Суточный резерв 200 | I3: переконсолидация (тонн) | J3: Паллетирование | K3: Ночная загруска выгрузка | L3: стоимость ночной загруски | M3: стоимость выгрузки | N3: стоимость загрузки | O3: стоимость хранения | P3: Стоимость резервирования | Q3: Стоимость мин.суточной бработки | R3: стоимость переконс. | S3: Стоимость паллетирования | T3: итого
A5: 1 | B5: 01.12.2025 | D5: 0 | E5: 0 | F5: 3424.34 | G5: 0 | L5: 0 | M5: 0 | N5: 0 | O5: 61638.12 | P5: 0 | Q5: 0 | R5: 0 | S5: 0 | T5: 61638.12
A6: 2 | B6: 02.12.2025 | D6: 0 | E6: 0 | F6: 3424.34 | G6: 0 | L6: 0 | M6: 0 | N6: 0 | O6: 61638.12 | P6: 0 | Q6: 0 | R6: 0 | S6: 0 | T6: 61638.12
A7: 3 | B7: 03.12.2025 | D7: 83.239 | E7: 11.392 | F7: 3496.187 | G7: 0 | L7: 0 | M7: 9572.49 | N7: 1310.08 | O7: 62931.37 | P7: 0 | Q7: 0 | R7: 0 | S7: 0 | T7: 73813.93
A8: 4 | B8: 04.12.2025 | D8: 33.962 | E8: 38.524 | F8: 3491.625 | G8: 0 | L8: 0 | M8: 3905.63 | N8: 4430.26 | O8: 62849.25 | P8: 0 | Q8: 0 | R8: 0 | S8: 0 | T8: 71185.14
A9: 5 | B9: 05.12.2025 | D9: 0 | E9: 26.815 | F9: 3464.81 | G9: 0 | L9: 0 | M9: 0 | N9: 3083.73 | O9: 62366.58 | P9: 0 | Q9: 0 | R9: 0 | S9: 0 | T9: 65450.31
A10: 6 | B10: 06.12.2025 | D10: 0 | E10: 0 | F10: 3464.81 | G10: 0 | L10: 0 | M10: 0 | N10: 0 | O10: 62366.58 | P10: 0 | Q10: 0 | R10: 0 | S10: 0 | T10: 62366.58
A11: 7 | B11: 07.12.2025 | D11: 0 | E11: 0 | F11: 3464.81 | G11: 0 | L11: 0 | M11: 0 | N11: 0 | O11: 62366.58 | P11: 0 | Q11: 0 | R11: 0 | S11: 0 | T11: 62366.58
A12: 8 | B12: 08.12.2025 | D12: 0 | E12: 37.811 | F12: 3426.999 | G12: 0 | L12: 0 | M12: 0 | N12: 4348.27 | O12: 61685.98 | P12: 0 | Q12: 0 | R12: 0 | S12: 0 | T12: 66034.25
A13: 9 | B13: 09.12.2025 | D13: 0 | E13: 13.05 | F13: 3413.949 | G13: 0 | L13: 0 | M13: 0 | N13: 1500.75 | O13: 61451.08 | P13: 0 | Q13: 0 | R13: 0 | S13: 0 | T13: 62951.83
A14: 10 | B14: 10.12.2025 | D14: 0 | E14: 19.939 | F14: 3394.01 | G14: 0 | L14: 0 | M14: 0 | N14: 2292.99 | O14: 61092.18 | P14: 0 | Q14: 0 | R14: 0 | S14: 0 | T14: 63385.17
A15: 11 | B15: 11.12.2025 | D15: 0 | E15: 20.16 | F15: 3373.85 | G15: 0 | L15: 0 | M15: 0 | N15: 2318.4 | O15: 60729.3 | P15: 0 | Q15: 0 | R15: 0 | S15: 0 | T15: 63047.7
A16: 12 | B16: 12.12.2025 | D16: 21.6 | E16: 0 | F16: 3395.45 | G16: 0 | L16: 0 | M16: 2484 | N16: 0 | O16: 61118.1 | P16: 0 | Q16: 0 | R16: 0 | S16: 0 | T16: 63602.1
... A35: 31 | B35: 31.12.2025 | D35: 43.2 | E35: 0 | F35: 3726.014 | G35: 0 | L35: 0 | M35: 4968 | N35: 0 | O35: 67068.25 | P35: 0 | Q35: 0 | R35: 0 | S35: 0 | T35: 72036.25
D36: 898.514 | E36: 596.84 | F36: 107361.72 | G36: 10.825 | H36: 0 | I36: 0 | J36: 0 | K36: 0 | L36: 0 | M36: 103329.11 | N36: 68636.6 | O36: 1932511 | P36: 194.85 | Q36: 0 | R36: 0 | S36: 0 | T36: 2104671.6
T37: 2525605.9

Sheet Нижнекамск НПЭГ
A2: Отчет по хранению товара за Декабрь 2025 Нижнекамск НПЭГ НПЭГ
A3: № | B3: дата | D3: Выгрузка кол-во | E3: Загрузка кол-во | F3: Хранение | G3: Резервирование 1000 ГЕ | H3: Мин. Суточный резерв 100 | I3: переконсолидация (тонн) | J3: Паллетирование | K3: Ночная загруска выгрузка | L3: стоимость ночной загруски | M3: стоимость выгрузки | N3: стоимость загрузки | O3: стоимость хранения | P3: Стоимость резервирования | Q3: Стоимость мин.суточной бработки | R3: стоимость переконс. | S3: Стоимость паллетирования | T3: итого
A5: 1 | B5: 01.12.2025 | D5: 0 | E5: 20.25 | F5: 143.25 | I5: 0 | J5: 0 | L5: 0 | M5: 0 | N5: 2328.75 | O5: 2077.13 | P5: 0 | Q5: 0 | R5: 0 | S5: 0 | T5: 4405.88
A6: 2 | B6: 02.12.2025 | D6: 0 | E6: 0 | F6: 143.25 | I6: 0 | J6: 0 | L6: 0 | M6: 0 | N6: 0 | O6: 2077.13 | P6: 0 | Q6: 0 | R6: 0 | S6: 0 | T6: 2077.13
A7: 3 | B7: 03.12.2025 | D7: 0 | E7: 0 | F7: 143.25 | I7: 0 | J7: 0 | L7: 0 | M7: 0 | N7: 0 | O7: 2077.13 | P7: 0 | Q7: 0 | R7: 0 | S7: 0 | T7: 2077.13
A8: 4 | B8: 04.12.2025 | D8: 0 | E8: 0 | F8: 143.25 | I8: 0 | J8: 0 | L8: 0 | M8: 0 | N8: 0 | O8: 2077.13 | P8: 0 | Q8: 0 | R8: 0 | S8: 0 | T8: 2077.13
A9: 5 | B9: 05.12.2025 | D9: 0 | E9: 20.25 | F9: 123 | I9: 0 | J9: 0 | L9: 0 | M9: 0 | N9: 2328.75 | O9: 1783.5 | P9: 0 | Q9: 0 | R9: 0 | S9: 0 | T9: 4112.25
A10: 6 | B10: 06.12.2025 | D10: 0 | E10: 20.25 | F10: 102.75 | I10: 0 | J10: 0 | L10: 0 | M10: 0 | N10: 2328.75 | O10: 1489.88 | P10: 0 | Q10: 0 | R10: 0 | S10: 0 | T10: 3818.63
A11: 7 | B11: 07.12.2025 | D11: 0 | E11: 0 | F11: 102.75 | I11: 0 | J11: 0 | L11: 0 | M11: 0 | N11: 0 | O11: 1489.88 | P11: 0 | Q11: 0 | R11: 0 | S11: 0 | T11: 1489.88
A12: 8 | B12: 08.12.2025 | D12: 0 | E12: 0 | F12: 102.75 | I12: 0 | J12: 0 | L12: 0 | M12: 0 | N12: 0 | O12: 1489.88 | P12: 0 | Q12: 0 | R12: 0 | S12: 0 | T12: 1489.88
A13: 9 | B13: 09.12.2025 | D13: 0 | E13: 0 | F13: 102.75 | I13: 0 | J13: 0 | L13: 0 | M13: 0 | N13: 0 | O13: 1489.88 | P13: 0 | Q13: 0 | R13: 0 | S13: 0 | T13: 1489.88
A14: 10 | B14: 10.12.2025 | D14: 0 | E14: 20.25 | F14: 82.5 | I14: 0 | J14: 0 | L14: 0 | M14: 0 | N14: 2328.75 | O14: 1196.25 | P14: 0 | Q14: 0 | R14: 0 | S14: 0 | T14: 3525
A15: 11 | B15: 11.12.2025 | D15: 0 | E15: 0 | F15: 82.5 | I15: 0 | J15: 0 | L15: 0 | M15: 0 | N15: 0 | O15: 1196.25 | P15: 0 | Q15: 0 | R15: 0 | S15: 0 | T15: 1196.25
A16: 12 | B16: 12.12.2025 | D16: 0 | E16: 0 | F16: 82.5 | I16: 0 | J16: 0 | L16: 0 | M16: 0 | N16: 0 | O16: 1196.25 | P16: 0 | Q16: 0 | R16: 0 | S16: 0 | T16: 1196.25
... A35: 31 | B35: 31.12.2025 | D35: 0 | E35: 0 | F35: 1.5 | I35: 0 | J35: 0 | L35: 0 | M35: 0 | N35: 0 | O35: 21.75 | P35: 0 | Q35: 0 | R35: 0 | S35: 0 | T35: 21.75
D36: 0 | E36: 162 | F36: 2031 | G36: 0 | H36: 0 | I36: 0 | J36: 0 | K36: 0 | L36: 0 | M36: 0 | N36: 18630 | O36: 29449.5 | P36: 0 | Q36: 0 | R36: 0 | S36: 0 | T36: 48079.5
T37: 57695.4

Sheet Нижнекамск ПСОН
A2: Отчет по хранению товара за Декабрь 2025 Нижнекамск ПСОН ПСОН
A3: № | B3: дата | D3: Выгрузка кол-во | E3: Загрузка кол-во | F3: Хранение | G3: Резервирование 8000 ГЕ | H3: Мин. Суточный резерв 200 | I3: переконсолидация (тонн) | J3: Паллетирование | K3: Взвешивание | L3: стоимость взвешивания | M3: стоимость выгрузки | N3: стоимость загрузки | O3: стоимость хранения | P3: Стоимость резервирования | Q3: Стоимость мин.суточной бработки | R3: стоимость переконс. | S3: Стоимость паллетирования | T3: итого
A5: 1 | B5: 01.12.2025 | D5: 196.997 | E5: 22 | F5: 1819.987 | I5: 1.35 | J5: 1.35 | K5: 0.025 | L5: 2.88 | M5: 22654.66 | N5: 2530 | O5: 26025.81 | P5: 0 | Q5: 0 | R5: 1282.5 | S5: 162 | T5: 52657.84
A6: 2 | B6: 02.12.2025 | D6: 88 | E6: 22 | F6: 1885.987 | I6: 0 | J6: 0 | K6: 0 | L6: 0 | M6: 10120 | N6: 2530 | O6: 26969.61 | P6: 0 | Q6: 0 | R6: 0 | S6: 0 | T6: 39619.61
A7: 3 | B7: 03.12.2025 | D7: 44 | E7: 0 | F7: 1929.987 | I7: 0 | J7: 0 | K7: 0 | L7: 0 | M7: 5060 | N7: 0 | O7: 27598.81 | P7: 0 | Q7: 0 | R7: 0 | S7: 0 | T7: 32658.81
A8: 4 | B8: 04.12.2025 | D8: 176 | E8: 44 | F8: 2061.987 | I8: 0 | J8: 0 | K8: 0 | L8: 0 | M8: 20240 | N8: 5060 | O8: 29486.41 | P8: 0 | Q8: 0 | R8: 0 | S8: 0 | T8: 54786.41
A9: 5 | B9: 05.12.2025 | D9: 44 | E9: 71.5 | F9: 2034.487 | I9: 0 | J9: 0 | K9: 0 | L9: 0 | M9: 5060 | N9: 8222.5 | O9: 29093.16 | P9: 0 | Q9: 0 | R9: 0 | S9: 0 | T9: 42375.66
A10: 6 | B10: 06.12.2025 | D10: 0 | E10: 88 | F10: 1946.487 | I10: 0 | J10: 0 | K10: 0 | L10: 0 | M10: 0 | N10: 10120 | O10: 27834.76 | P10: 0 | Q10: 0 | R10: 0 | S10: 0 | T10: 37954.76
A11: 7 | B11: 07.12.2025 | D11: 0 | E11: 0 | F11: 1946.487 | I11: 0 | J11: 0 | K11: 0 | L11: 0 | M11: 0 | N11: 0 | O11: 27834.76 | P11: 0 | Q11: 0 | R11: 0 | S11: 0 | T11: 27834.76
A12: 8 | B12: 08.12.2025 | D12: 0 | E12: 23.375 | F12: 1923.112 | I12: 0 | J12: 0 | K12: 0 | L12: 0 | M12: 0 | N12: 2688.13 | O12: 27500.5 | P12: 0 | Q12: 0 | R12: 0 | S12: 0 | T12: 30188.63
A13: 9 | B13: 09.12.2025 | D13: 22 | E13: 11 | F13: 1934.112 | I13: 0 | J13: 16 | K13: 0 | L13: 0 | M13: 2530 | N13: 1265 | O13: 27657.8 | P13: 0 | Q13: 0 | R13: 0 | S13: 1920 | T13: 33372.8
A14: 10 | B14: 10.12.2025 | D14: 110 | E14: 64 | F14: 1980.112 | I14: 0 | J14: 0 | K14: 0 | L14: 0 | M14: 12650 | N14: 7360 | O14: 28315.6 | P14: 0 | Q14: 0 | R14: 0 | S14: 0 | T14: 48325.6
A15: 11 | B15: 11.12.2025 | D15: 109.998 | E15: 22 | F15: 2068.11 | I15: 1.325 | J15: 1.325 | K15: 0.05 | L15: 5.75 | M15: 12649.77 | N15: 2530 | O15: 29573.97 | P15: 0 | Q15: 0 | R15: 1258.75 | S15: 159 | T15: 46177.24
A16: 12 | B16: 12.12.2025 | D16: 22 | E16: 70.5 | F16: 2019.61 | I16: 0 | J16: 0 | K16: 0 | L16: 0 | M16: 2530 | N16: 8107.5 | O16: 28880.42 | P16: 0 | Q16: 0 | R16: 0 | S16: 0 | T16: 39517.92
... A35: 31 | B35: 31.12.2025 | D35: 0 | E35: 0 | F35: 1240.785 | I35: 0 | J35: 0 | K35: 0 | L35: 0 | M35: 0 | N35: 0 | O35: 17743.23 | P35: 0 | Q35: 0 | R35: 0 | S35: 0 | T35: 17743.23
D36: 966.995 | E36: 1371.2 | F36: 55407.13 | G36: 0 | H36: 0 | I36: 5.425 | J36: 62.675 | K36: 0.075 | L36: 8.63 | M36: 111204.43 | N36: 157688 | O36: 792321.96 | P36: 0 | Q36: 0 | R36: 5153.75 | S36: 7521 | T36: 1073897.8
T37: 1288677.3

Sheet Нижнекамск СБС
A2: Отчет по хранению товара за Декабрь 2025 Нижнекамск СБС СБС
A3: № | B3: дата | D3: Выгрузка кол-во | E3: Загрузка кол-во | F3: Хранение | G3: Резервирование 1000 ГЕ | H3: Мин. Суточный резерв 100 | I3: переконсолидация (тонн) | J3: Паллетирование | K3: Ночная загруска выгрузка | L3: стоимость ночной загруски | M3: стоимость выгрузки | N3: стоимость загрузки | O3: стоимость хранения | P3: Стоимость резервирования | Q3: Стоимость мин.суточной бработки | R3: стоимость переконс. | S3: Стоимость паллетирования | T3: итого
A5: 1 | B5: 01.12.2025 | D5: 0 | E5: 0 | F5: 0.075 | I5: 0 | J5: 0 | L5: 0 | M5: 0 | N5: 0 | O5: 1.4 | P5: 0 | Q5: 0 | R5: 0 | S5: 0 | T5: 1.4
A6: 2 | B6: 02.12.2025 | D6: 0 | E6: 0 | F6: 0.075 | I6: 0 | J6: 0 | L6: 0 | M6: 0 | N6: 0 | O6: 1.4 | P6: 0 | Q6: 0 | R6: 0 | S6: 0 | T6: 1.4
A7: 3 | B7: 03.12.2025 | D7: 0 | E7: 0 | F7: 0.075 | I7: 0 | J7: 0 | L7: 0 | M7: 0 | N7: 0 | O7: 1.4 | P7: 0 | Q7: 0 | R7: 0 | S7: 0 | T7: 1.4
A8: 4 | B8: 04.12.2025 | D8: 0 | E8: 0 | F8: 0.075 | I8: 0 | J8: 0 | L8: 0 | M8: 0 | N8: 0 | O8: 1.4 | P8: 0 | Q8: 0 | R8: 0 | S8: 0 | T8: 1.4
A9: 5 | B9: 05.12.2025 | D9: 0 | E9: 0 | F9: 0.075 | I9: 0 | J9: 0 | L9: 0 | M9: 0 | N9: 0 | O9: 1.4 | P9: 0 | Q9: 0 | R9: 0 | S9: 0 | T9: 1.4
A10: 6 | B10: 06.12.2025 | D10: 0 | E10: 0 | F10: 0.075 | I10: 0 | J10: 0 | L10: 0 | M10: 0 | N10: 0 | O10: 1.4 | P10: 0 | Q10: 0 | R10: 0 | S10: 0 | T10: 1.4
A11: 7 | B11: 07.12.2025 | D11: 0 | E11: 0 | F11: 0.075 | I11: 0 | J11: 0 | L11: 0 | M11: 0 | N11: 0 | O11: 1.4 | P11: 0 | Q11: 0 | R11: 0 | S11: 0 | T11: 1.4
A12: 8 | B12: 08.12.2025 | D12: 0 | E12: 0 | F12: 0.075 | I12: 0 | J12: 0 | L12: 0 | M12: 0 | N12: 0 | O12: 1.4 | P12: 0 | Q12: 0 | R12: 0 | S12: 0 | T12: 1.4
A13: 9 | B13: 09.12.2025 | D13: 0 | E13: 0 | F13: 0.075 | I13: 0 | J13: 0 | L13: 0 | M13: 0 | N13: 0 | O13: 1.4 | P13: 0 | Q13: 0 | R13: 0 | S13: 0 | T13: 1.4
A14: 10 | B14: 10.12.2025 | D14: 0 | E14: 0 | F14: 0.075 | I14: 0 | J14: 0 | L14: 0 | M14: 0 | N14: 0 | O14: 1.4 | P14: 0 | Q14: 0 | R14: 0 | S14: 0 | T14: 1.4
A15: 11 | B15: 11.12.2025 | D15: 0 | E15: 0 | F15: 0.075 | I15: 0 | J15: 0 | L15: 0 | M15: 0 | N15: 0 | O15: 1.4 | P15: 0 | Q15: 0 | R15: 0 | S15: 0 | T15: 1.4
A16: 12 | B16: 12.12.2025 | D16: 0 | E16: 0 | F16: 0.075 | I16: 0 | J16: 0 | L16: 0 | M16: 0 | N16: 0 | O16: 1.4 | P16: 0 | Q16: 0 | R16: 0 | S16: 0 | T16: 1.4
... A35: 31 | B35: 31.12.2025 | D35: 0 | E35: 0 | F35: 0.075 | I35: 0 | J35: 0 | L35: 0 | M35: 0 | N35: 0 | O35: 1.4 | P35: 0 | Q35: 0 | R35: 0 | S35: 0 | T35: 1.4
D36: 0 | E36: 0 | F36: 2.325 | G36: 0 | H36: 0 | I36: 0 | J36: 0 | K36: 0 | L36: 0 | M36: 0 | N36: 0 | O36: 43.48 | P36: 0 | Q36: 0 | R36: 0 | S36: 0 | T36: 43.48
T37: 52.17

Sheet Новикова-Прибоя KPI
A2: Отчет по хранению товара за Декабрь 2025 Новикова-Прибоя KPI
A3: № | B3: дата | D3: Выгрузка кол-во | E3: Загрузка кол-во | F3: Хранение | G3: Резервирование 12000 ГЕ | H3: Мин. Суточный резерв 1400 | I3: переконсолидация (тонн) | J3: Паллетирование | K3: Взвешивание | L3: стоимость взвешивания | M3: стоимость выгрузки | N3: стоимость загрузки | O3: стоимость хранения в месяц | P3: Стоимость резервирования | Q3: Стоимость мин.суточной бработки | R3: стоимость переконс. | S3: Стоимость паллетирования | T3: итого
A5: 1 | B5: 01.12.2025 | D5: 0 | E5: 0 | F5: 142.86 | G5: 0 | H5: 0 | I5: 0 | J5: 0 | K5: 0 | L5: 0 | M5: =D5*150 -> 0 | N5: =E5*150 -> 0 | O5: 0 | P5: 0 | Q5: 0 | R5: 0 | S5: 0 | T5: =SUM(L5:S5) -> 0
A6: 2 | B6: 02.12.2025 | D6: 0 | E6: 22 | F6: 120.86 | G6: 0 | H6: 0 | I6: 0 | J6: 0 | K6: 0 | L6: 0 | M6: =D6*150 -> 0 | N6: =E6*150 -> 3300 | O6: 0 | P6: 0 | Q6: 0 | R6: 0 | S6: 0 | T6: =SUM(L6:S6) -> 3300
A7: 3 | B7: 03.12.2025 | D7: 0 | E7: 0 | F7: 120.86 | G7: 0 | H7: 0 | I7: 0 | J7: 0 | K7: 0 | L7: 0 | M7: =D7*150 -> 0 | N7: =E7*150 -> 0 | O7: 0 | P7: 0 | Q7: 0 | R7: 0 | S7: 0 | T7: =SUM(L7:S7) -> 0
A8: 4 | B8: 04.12.2025 | D8: 0 | E8: 22 | F8: 98.86 | G8: 0 | H8: 0 | I8: 0 | J8: 0 | K8: 0 | L8: 0 | M8: =D8*150 -> 0 | N8: =E8*150 -> 3300 | O8: 0 | P8: 0 | Q8: 0 | R8: 0 | S8: 0 | T8: =SUM(L8:S8) -> 3300
A9: 5 | B9: 05.12.2025 | D9: 0 | E9: 0 | F9: 98.86 | G9: 0 | H9: 0 | I9: 0 | J9: 0 | K9: 0 | L9: 0 | M9: =D9*150 -> 0 | N9: =E9*150 -> 0 | O9: 0 | P9: 0 | Q9: 0 | R9: 0 | S9: 0 | T9: =SUM(L9:S9) -> 0
A10: 6 | B10: 06.12.2025 | D10: 0 | E10: 0 | F10: 98.86 | G10: 0 | H10: 0 | I10: 0 | J10: 0 | K10: 0 | L10: 0 | M10: =D10*150 -> 0 | N10: =E10*150 -> 0 | O10: 0 | P10: 0 | Q10: 0 | R10: 0 | S10: 0 | T10: =SUM(L10:S10) -> 0
A11: 7 | B11: 07.12.2025 | D11: 0 | E11: 0 | F11: 98.86 | G11: 0 | H11: 0 | I11: 0 | J11: 0 | K11: 0 | L11: 0 | M11: =D11*150 -> 0 | N11: =E11*150 -> 0 | O11: 0 | P11: 0 | Q11: 0 | R11: 0 | S11: 0 | T11: =SUM(L11:S11) -> 0
A12: 8 | B12: 08.12.2025 | D12: 0 | E12: 22 | F12: 76.86 | G12: 0 | H12: 0 | I12: 0 | J12: 0 | K12: 0 | L12: 0 | M12: =D12*150 -> 0 | N12: =E12*150 -> 3300 | O12: 0 | P12: 0 | Q12: 0 | R12: 0 | S12: 0 | T12: =SUM(L12:S12) -> 3300
A13: 9 | B13: 09.12.2025 | D13: 0 | E13: 0 | F13: 76.86 | G13: 0 | H13: 0 | I13: 0 | J13: 0 | K13: 0 | L13: 0 | M13: =D13*150 -> 0 | N13: =E13*150 -> 0 | O13: 0 | P13: 0 | Q13: 0 | R13: 0 | S13: 0 | T13: =SUM(L13:S13) -> 0
A14: 10 | B14: 10.12.2025 | D14: 0 | E14: 0 | F14: 76.86 | G14: 0 | H14: 0 | I14: 0 | J14: 0 | K14: 0 | L14: 0 | M14: =D14*150 -> 0 | N14: =E14*150 -> 0 | O14: 0 | P14: 0 | Q14: 0 | R14: 0 | S14: 0 | T14: =SUM(L14:S14) -> 0
A15: 11 | B15: 11.12.2025 | D15: 0 | E15: 0 | F15: 76.86 | G15: 0 | H15: 0 | I15: 0 | J15: 0 | K15: 0 | L15: 0 | M15: =D15*150 -> 0 | N15: =E15*150 -> 0 | O15: 0 | P15: 0 | Q15: 0 | R15: 0 | S15: 0 | T15: =SUM(L15:S15) -> 0
A16: 12 | B16: 12.12.2025 | D16: 0 | E16: 0 | F16: 76.86 | G16: 0 | H16: 0 | I16: 0 | J16: 0 | K16: 0 | L16: 0 | M16: =D16*150 -> 0 | N16: =E16*150 -> 0 | O16: 0 | P16: 0 | Q16: 0 | R16: 0 | S16: 0 | T16: =SUM(L16:S16) -> 0
... A35: 31 | B35: 31.12.2025 | D35: 0 | E35: 0 | F35: 32.86 | G35: 0 | H35: 0 | I35: 0 | J35: 0 | K35: 0 | L35: 0 | M35: =D35*150 -> 0 | N35: =E35*150 -> 0 | O35: 0 | P35: 0 | Q35: 0 | R35: 0 | S35: 0 | T35: =SUM(L35:S35) -> 0
D36: 0 | E36: 110 | F36: 1942.66 | G36: 0 | H36: 0 | I36: 0 | J36: 0 | K36: 0 | L36: 0 | M36: =SUM(M5:M35) -> 0 | N36: =SUM(N5:N35) -> 16500 | O36: =6840000/(F36+O37+O38)*F36 -> 102384.63 | P36: 0 | Q36: 0 | R36: 0 | S36: 0 | T36: =SUM(L36:S36) -> 118884.63
N37: Хранение Сибур | O37: 127330.48 | T37: =T36*1.2 -> 142661.56
N38: Хранение Полиом | O38: 509.95

Sheet Новикова-Прибоя Полимеры
A2: Отчет по хранению товара за Декабрь 2025 Новикова-Прибоя Полимеры
A3: № | B3: дата | D3: Выгрузка кол-во | E3: Загрузка кол-во | F3: Хранение | G3: Резервирование 0 | H3: Мин. Суточный резерв 400 | I3: переконсолидация (тонн) | J3: Паллетирование | K3: Взвешивание | L3: стоимость взвешивания | M3: стоимость выгрузки | N3: стоимость загрузки | O3: стоимость хранения 6 840 000 в месяц | P3: Стоимость резервирования | Q3: Стоимость мин.суточной бработки | R3: стоимость переконс. | S3: Стоимость паллетирования | T3: итого
A5: 1 | B5: 01.12.2025 | D5: 0 | E5: 0 | F5: 6082.439 | G5: 0 | H5: 400 | I5: 0 | J5: 0 | K5: 0 | L5: 0 | M5: 0 | N5: 0 | O5: 0 | P5: 0 | Q5: 60000 | R5: 0 | S5: 0 | T5: 60000
A6: 2 | B6: 02.12.2025 | D6: 0 | E6: 48.125 | F6: 6034.314 | G6: 0 | H6: 351.875 | I6: 0 | J6: 0 | K6: 0 | L6: 0 | M6: 0 | N6: 7218.75 | O6: 0 | P6: 0 | Q6: 52781.25 | R6: 0 | S6: 0 | T6: 60000
A7: 3 | B7: 03.12.2025 | D7: 0 | E7: 0 | F7: 6034.314 | G7: 0 | H7: 400 | I7: 0 | J7: 0 | K7: 0 | L7: 0 | M7: 0 | N7: 0 | O7: 0 | P7: 0 | Q7: 60000 | R7: 0 | S7: 0 | T7: 60000
A8: 4 | B8: 04.12.2025 | D8: 0 | E8: 44 | F8: 5990.314 | G8: 0 | H8: 356 | I8: 0 | J8: 0 | K8: 0 | L8: 0 | M8: 0 | N8: 6600 | O8: 0 | P8: 0 | Q8: 53400 | R8: 0 | S8: 0 | T8: 60000
A9: 5 | B9: 05.12.2025 | D9: 0 | E9: 156.75 | F9: 5833.564 | G9: 0 | H9: 243.25 | I9: 0 | J9: 0 | K9: 0 | L9: 0 | M9: 0 | N9: 23512.5 | O9: 0 | P9: 0 | Q9: 36487.5 | R9: 0 | S9: 0 | T9: 60000
A10: 6 | B10: 06.12.2025 | D10: 0 | E10: 220 | F10: 5613.564 | G10: 0 | H10: 180 | I10: 0 | J10: 0 | K10: 0 | L10: 0 | M10: 0 | N10: 33000 | O10: 0 | P10: 0 | Q10: 27000 | R10: 0 | S10: 0 | T10: 60000
A11: 7 | B11: 07.12.2025 | D11: 0 | E11: 66 | F11: 5547.564 | G11: 0 | H11: 334 | I11: 0 | J11: 0 | K11: 0 | L11: 0 | M11: 0 | N11: 9900 | O11: 0 | P11: 0 | Q11: 50100 | R11: 0 | S11: 0 | T11: 60000
A12: 8 | B12: 08.12.2025 | D12: 22 | E12: 101.75 | F12: 5467.814 | G12: 0 | H12: 276.25 | I12: 0 | J12: 0 | K12: 0 | L12: 0 | M12: 3300 | N12: 15262.5 | O12: 0 | P12: 0 | Q12: 41437.5 | R12: 0 | S12: 0 | T12: 60000
A13: 9 | B13: 09.12.2025 | D13: 22 | E13: 195.5 | F13: 5294.314 | G13: 0 | H13: 182.5 | I13: 0 | J13: 0 | K13: 0 | L13: 0 | M13: 3300 | N13: 29325 | O13: 0 | P13: 0 | Q13: 27375 | R13: 0 | S13: 0 | T13: 60000
A14: 10 | B14: 10.12.2025 | D14: 0 | E14: 219 | F14: 5075.314 | G14: 0 | H14: 181 | I14: 0 | J14: 0 | K14: 0 | L14: 0 | M14: 0 | N14: 32850 | O14: 0 | P14: 0 | Q14: 27150 | R14: 0 | S14: 0 | T14: 60000
A15: 11 | B15: 11.12.2025 | D15: 0 | E15: 183.875 | F15: 4891.439 | G15: 0 | H15: 216.125 | I15: 0 | J15: 0 | K15: 0 | L15: 0 | M15: 0 | N15: 27581.25 | O15: 0 | P15: 0 | Q15: 32418.75 | R15: 0 | S15: 0 | T15: 60000
A16: 12 | B16: 12.12.2025 | D16: 0 | E16: 453.525 | F16: 4437.914 | G16: 0 | H16: 0 | I16: 0 | J16: 0 | K16: 0 | L16: 0 | M16: 0 | N16: 68028.75 | O16: 0 | P16: 0 | Q16: 0 | R16: 0 | S16: 0 | T16: 68028.75
... A35: 31 | B35: 31.12.2025 | D35: 0 | E35: 0 | F35: 2570.514 | G35: 0 | H35: 400 | I35: 0 | J35: 0 | K35: 0 | L35: 0 | M35: 0 | N35: 0 | O35: 0 | P35: 0 | Q35: 60000 | R35: 0 | S35: 0 | T35: 60000
D36: 156.5 | E36: 3668.425 | F36: 127330.48 | G36: 0 | H36: 8628.6 | I36: 0 | J36: 0 | K36: 0 | L36: 0 | M36: 23475 | N36: 550263.75 | O36: =6840000/(F36+O37+O38)*F36 -> 6710739.3 | P36: 0 | Q36: 1294290 | R36: 0 | S36: 0 | T36: =SUM(L36:S36) -> 8578768.1
N37: Хранение Полиом | O37: 509.95 | T37: =T36*1.2 -> 10294522
N38: Хранение KPI | O38: 1942.66

Sheet Новикова-Прибоя Полиом
A2: Отчет по хранению товара за Декабрь 2025 Новикова-Прибоя Полиом
A3: № | B3: дата | D3: Выгрузка кол-во | E3: Загрузка кол-во | F3: Хранение | G3: Резервирование 12000 ГЕ | H3: Мин. Суточный резерв 1400 | I3: переконсолидация (тонн) | J3: Паллетирование | K3: Взвешивание | L3: стоимость взвешивания | M3: стоимость выгрузки | N3: стоимость загрузки | O3: стоимость хранения в месяц | P3: Стоимость резервирования | Q3: Стоимость мин.суточной бработки | R3: стоимость переконс. | S3: Стоимость паллетирования | T3: итого
A5: 1 | B5: 01.12.2025 | D5: 0 | E5: 0 | F5: 16.45 | G5: 0 | H5: 0 | I5: 0 | J5: 0 | K5: 0 | L5: 0 | M5: 0 | N5: 0 | O5: 0 | P5: 0 | Q5: 0 | R5: 0 | S5: 0 | T5: 0
A6: 2 | B6: 02.12.2025 | D6: 0 | E6: 0 | F6: 16.45 | G6: 0 | H6: 0 | I6: 0 | J6: 0 | K6: 0 | L6: 0 | M6: 0 | N6: 0 | O6: 0 | P6: 0 | Q6: 0 | R6: 0 | S6: 0 | T6: 0
A7: 3 | B7: 03.12.2025 | D7: 0 | E7: 0 | F7: 16.45 | G7: 0 | H7: 0 | I7: 0 | J7: 0 | K7: 0 | L7: 0 | M7: 0 | N7: 0 | O7: 0 | P7: 0 | Q7: 0 | R7: 0 | S7: 0 | T7: 0
A8: 4 | B8: 04.12.2025 | D8: 0 | E8: 0 | F8: 16.45 | G8: 0 | H8: 0 | I8: 0 | J8: 0 | K8: 0 | L8: 0 | M8: 0 | N8: 0 | O8: 0 | P8: 0 | Q8: 0 | R8: 0 | S8: 0 | T8: 0
A9: 5 | B9: 05.12.2025 | D9: 0 | E9: 0 | F9: 16.45 | G9: 0 | H9: 0 | I9: 0 | J9: 0 | K9: 0 | L9: 0 | M9: 0 | N9: 0 | O9: 0 | P9: 0 | Q9: 0 | R9: 0 | S9: 0 | T9: 0
A10: 6 | B10: 06.12.2025 | D10: 0 | E10: 0 | F10: 16.45 | G10: 0 | H10: 0 | I10: 0 | J10: 0 | K10: 0 | L10: 0 | M10: 0 | N10: 0 | O10: 0 | P10: 0 | Q10: 0 | R10: 0 | S10: 0 | T10: 0
A11: 7 | B11: 07.12.2025 | D11: 0 | E11: 0 | F11: 16.45 | G11: 0 | H11: 0 | I11: 0 | J11: 0 | K11: 0 | L11: 0 | M11: 0 | N11: 0 | O11: 0 | P11: 0 | Q11: 0 | R11: 0 | S11: 0 | T11: 0
A12: 8 | B12: 08.12.2025 | D12: 0 | E12: 0 | F12: 16.45 | G12: 0 | H12: 0 | I12: 0 | J12: 0 | K12: 0 | L12: 0 | M12: 0 | N12: 0 | O12: 0 | P12: 0 | Q12: 0 | R12: 0 | S12: 0 | T12: 0
A13: 9 | B13: 09.12.2025 | D13: 0 | E13: 0 | F13: 16.45 | G13: 0 | H13: 0 | I13: 0 | J13: 0 | K13: 0 | L13: 0 | M13: 0 | N13: 0 | O13: 0 | P13: 0 | Q13: 0 | R13: 0 | S13: 0 | T13: 0
A14: 10 | B14: 10.12.2025 | D14: 0 | E14: 0 | F14: 16.45 | G14: 0 | H14: 0 | I14: 0 | J14: 0 | K14: 0 | L14: 0 | M14: 0 | N14: 0 | O14: 0 | P14: 0 | Q14: 0 | R14: 0 | S14: 0 | T14: 0
A15: 11 | B15: 11.12.2025 | D15: 0 | E15: 0 | F15: 16.45 | G15: 0 | H15: 0 | I15: 0 | J15: 0 | K15: 0 | L15: 0 | M15: 0 | N15: 0 | O15: 0 | P15: 0 | Q15: 0 | R15: 0 | S15: 0 | T15: 0
A16: 12 | B16: 12.12.2025 | D16: 0 | E16: 0 | F16: 16.45 | G16: 0 | H16: 0 | I16: 0 | J16: 0 | K16: 0 | L16: 0 | M16: 0 | N16: 0 | O16: 0 | P16: 0 | Q16: 0 | R16: 0 | S16: 0 | T16: 0
... A35: 31 | B35: 31.12.2025 | D35: 0 | E35: 0 | F35: 16.45 | G35: 0 | H35: 0 | I35: 0 | J35: 0 | K35: 0 | L35: 0 | M35: 0 | N35: 0 | O35: 0 | P35: 0 | Q35: 0 | R35: 0 | S35: 0 | T35: 0
D36: 0 | E36: 0 | F36: 509.95 | G36: 0 | H36: 0 | I36: 0 | J36: 0 | K36: 0 | L36: 0 | M36: 0 | N36: 0 | O36: =6840000/(F36+O37+O38)*F36 -> 26876.058 | P36: 0 | Q36: 0 | R36: 0 | S36: 0 | T36: =SUM(L36:S36) -> 26876.058
N37: Хранение Сибур | O37: 127330.48 | T37: =T36*1.2 -> 32251.27
N38: Хранение KPI | O38: 1942.66

Sheet Новосибирск KPI
A2: Отчет по хранению товара за Декабрь 2025 Новосибирск KPI
A3: № | B3: дата | D3: Выгрузка кол-во | E3: Загрузка кол-во | F3: Хранение | G3: Резервирование 4000 ГЕ | H3: Мин. Суточный резерв 600 | I3: переконсолидация (тонн) | J3: Паллетирование | K3: Взвешивание | L3: стоимость взвешивания | M3: стоимость выгрузки | N3: стоимость загрузки | O3: стоимость хранения | P3: Стоимость резервирования | Q3: Стоимость мин.суточной бработки | R3: стоимость переконс. | S3: Стоимость паллетирования | T3: итого
A5: 1 | B5: 01.12.2025 | D5: 0 | E5: 0 | F5: 21.91 | G5: 0 | H5: 0 | I5: 0 | J5: 0 | K5: 0 | L5: 0 | M5: 0 | N5: 0 | O5: 468.87 | P5: 0 | Q5: 0 | R5: 0 | S5: 0 | T5: 468.87
A6: 2 | B6: 02.12.2025 | D6: 0 | E6: 0 | F6: 21.91 | G6: 0 | H6: 0 | I6: 0 | J6: 0 | K6: 0 | L6: 0 | M6: 0 | N6: 0 | O6: 468.87 | P6: 0 | Q6: 0 | R6: 0 | S6: 0 | T6: 468.87
A7: 3 | B7: 03.12.2025 | D7: 0 | E7: 0 | F7: 21.91 | G7: 0 | H7: 0 | I7: 0 | J7: 0 | K7: 0 | L7: 0 | M7: 0 | N7: 0 | O7: 468.87 | P7: 0 | Q7: 0 | R7: 0 | S7: 0 | T7: 468.87
A8: 4 | B8: 04.12.2025 | D8: 0 | E8: 0 | F8: 21.91 | G8: 0 | H8: 0 | I8: 0 | J8: 0 | K8: 0 | L8: 0 | M8: 0 | N8: 0 | O8: 468.87 | P8: 0 | Q8: 0 | R8: 0 | S8: 0 | T8: 468.87
A9: 5 | B9: 05.12.2025 | D9: 0 | E9: 0 | F9: 21.91 | G9: 0 | H9: 0 | I9: 0 | J9: 0 | K9: 0 | L9: 0 | M9: 0 | N9: 0 | O9: 468.87 | P9: 0 | Q9: 0 | R9: 0 | S9: 0 | T9: 468.87
A10: 6 | B10: 06.12.2025 | D10: 0 | E10: 0 | F10: 21.91 | G10: 0 | H10: 0 | I10: 0 | J10: 0 | K10: 0 | L10: 0 | M10: 0 | N10: 0 | O10: 468.87 | P10: 0 | Q10: 0 | R10: 0 | S10: 0 | T10: 468.87
A11: 7 | B11: 07.12.2025 | D11: 0 | E11: 0 | F11: 21.91 | G11: 0 | H11: 0 | I11: 0 | J11: 0 | K11: 0 | L11: 0 | M11: 0 | N11: 0 | O11: 468.87 | P11: 0 | Q11: 0 | R11: 0 | S11: 0 | T11: 468.87
A12: 8 | B12: 08.12.2025 | D12: 0 | E12: 0 | F12: 21.91 | G12: 0 | H12: 0 | I12: 0 | J12: 0 | K12: 0 | L12: 0 | M12: 0 | N12: 0 | O12: 468.87 | P12: 0 | Q12: 0 | R12: 0 | S12: 0 | T12: 468.87
A13: 9 | B13: 09.12.2025 | D13: 0 | E13: 0 | F13: 21.91 | G13: 0 | H13: 0 | I13: 0 | J13: 0 | K13: 0 | L13: 0 | M13: 0 | N13: 0 | O13: 468.87 | P13: 0 | Q13: 0 | R13: 0 | S13: 0 | T13: 468.87
A14: 10 | B14: 10.12.2025 | D14: 0 | E14: 0 | F14: 21.91 | G14: 0 | H14: 0 | I14: 0 | J14: 0 | K14: 0 | L14: 0 | M14: 0 | N14: 0 | O14: 468.87 | P14: 0 | Q14: 0 | R14: 0 | S14: 0 | T14: 468.87
A15: 11 | B15: 11.12.2025 | D15: 0 | E15: 0 | F15: 21.91 | G15: 0 | H15: 0 | I15: 0 | J15: 0 | K15: 0 | L15: 0 | M15: 0 | N15: 0 | O15: 468.87 | P15: 0 | Q15: 0 | R15: 0 | S15: 0 | T15: 468.87
A16: 12 | B16: 12.12.2025 | D16: 0 | E16: 0 | F16: 21.91 | G16: 0 | H16: 0 | I16: 0 | J16: 0 | K16: 0 | L16: 0 | M16: 0 | N16: 0 | O16: 468.87 | P16: 0 | Q16: 0 | R16: 0 | S16: 0 | T16: 468.87
... A35: 31 | B35: 31.12.2025 | D35: 0 | E35: 0 | F35: 21.91 | G35: 0 | H35: 0 | I35: 0 | J35: 0 | K35: 0 | L35: 0 | M35: 0 | N35: 0 | O35: 468.87 | P35: 0 | Q35: 0 | R35: 0 | S35: 0 | T35: 468.87
D36: 0 | E36: 0 | F36: 679.21 | G36: 0 | H36: 0 | I36: 0 | J36: 0 | K36: 0 | L36: 0 | M36: 0 | N36: 0 | O36: 14535.09 | P36: 0 | Q36: 0 | R36: 0 | S36: 0 | T36: 14535.09
T37: 17442.11

Sheet Новосибирск Полимеры
A2: Отчет по хранению товара за Декабрь 2025 Новосибирск Полимеры
A3: № | B3: дата | D3: Выгрузка кол-во | E3: Загрузка кол-во | F3: Хранение | G3: Резервирование 4000 ГЕ | H3: Мин. Суточный резерв 600 | I3: переконсолидация (тонн) | J3: Паллетирование | K3: Взвешивание | L3: стоимость взвешивания | M3: стоимость выгрузки | N3: стоимость загрузки | O3: стоимость хранения | P3: Стоимость резервирования | Q3: Стоимость мин.суточной бработки | R3: стоимость переконс. | S3: Стоимость паллетирования | T3: итого
A5: 1 | B5: 01.12.2025 | D5: 0 | E5: 0 | F5: 3743.789 | G5: 256.211 | H5: 600 | I5: 0 | J5: 0 | K5: 0 | L5: 0 | M5: 0 | N5: 0 | O5: 80117.08 | P5: 5482.92 | Q5: 68220 | R5: 0 | S5: 0 | T5: 153820
A6: 2 | B6: 02.12.2025 | D6: 0 | E6: 44 | F6: 3699.789 | G6: 300.211 | H6: 556 | I6: 0 | J6: 0 | K6: 0 | L6: 0 | M6: 0 | N6: 5002.8 | O6: 79175.48 | P6: 6424.52 | Q6: 63217.2 | R6: 0 | S6: 0 | T6: 153820
A7: 3 | B7: 03.12.2025 | D7: 0 | E7: 70.125 | F7: 3629.664 | G7: 370.336 | H7: 529.875 | I7: 0 | J7: 0 | K7: 0 | L7: 0 | M7: 0 | N7: 7973.21 | O7: 77674.81 | P7: 7925.19 | Q7: 60246.79 | R7: 0 | S7: 0 | T7: 153820
A8: 4 | B8: 04.12.2025 | D8: 0 | E8: 0 | F8: 3629.664 | G8: 370.336 | H8: 600 | I8: 0 | J8: 0 | K8: 0 | L8: 0 | M8: 0 | N8: 0 | O8: 77674.81 | P8: 7925.19 | Q8: 68220 | R8: 0 | S8: 0 | T8: 153820
A9: 5 | B9: 05.12.2025 | D9: 0 | E9: 100 | F9: 3529.664 | G9: 470.336 | H9: 500 | I9: 0 | J9: 0 | K9: 0 | L9: 0 | M9: 0 | N9: 11370 | O9: 75534.81 | P9: 10065.19 | Q9: 56850 | R9: 0 | S9: 0 | T9: 153820
A10: 6 | B10: 06.12.2025 | D10: 0 | E10: 0 | F10: 3529.664 | G10: 470.336 | H10: 600 | I10: 0 | J10: 0 | K10: 0 | L10: 0 | M10: 0 | N10: 0 | O10: 75534.81 | P10: 10065.19 | Q10: 68220 | R10: 0 | S10: 0 | T10: 153820
A11: 7 | B11: 07.12.2025 | D11: 0 | E11: 0 | F11: 3529.664 | G11: 470.336 | H11: 600 | I11: 0 | J11: 0 | K11: 0 | L11: 0 | M11: 0 | N11: 0 | O11: 75534.81 | P11: 10065.19 | Q11: 68220 | R11: 0 | S11: 0 | T11: 153820
A12: 8 | B12: 08.12.2025 | D12: 0 | E12: 209.375 | F12: 3320.289 | G12: 679.711 | H12: 390.625 | I12: 0 | J12: 0 | K12: 0 | L12: 0 | M12: 0 | N12: 23805.94 | O12: 71054.18 | P12: 14545.82 | Q12: 44414.06 | R12: 0 | S12: 0 | T12: 153820
A13: 9 | B13: 09.12.2025 | D13: 0 | E13: 194.5 | F13: 3125.789 | G13: 874.211 | H13: 405.5 | I13: 0 | J13: 0 | K13: 0 | L13: 0 | M13: 0 | N13: 22114.65 | O13: 66891.88 | P13: 18708.12 | Q13: 46105.35 | R13: 0 | S13: 0 | T13: 153820
A14: 10 | B14: 10.12.2025 | D14: 0 | E14: 89.5 | F14: 3036.289 | G14: 963.711 | H14: 510.5 | I14: 0 | J14: 0 | K14: 0 | L14: 0 | M14: 0 | N14: 10176.15 | O14: 64976.58 | P14: 20623.42 | Q14: 58043.85 | R14: 0 | S14: 0 | T14: 153820
A15: 11 | B15: 11.12.2025 | D15: 0 | E15: 271.375 | F15: 2764.914 | G15: 1235.086 | H15: 328.625 | I15: 0 | J15: 0 | K15: 0 | L15: 0 | M15: 0 | N15: 30855.34 | O15: 59169.16 | P15: 26430.84 | Q15: 37364.66 | R15: 0 | S15: 0 | T15: 153820
A16: 12 | B16: 12.12.2025 | D16: 12.375 | E16: 202 | F16: 2575.289 | G16: 1424.711 | H16: 385.625 | I16: 0 | J16: 0 | K16: 0 | L16: 0 | M16: 1407.04 | N16: 22967.4 | O16: 55111.18 | P16: 30488.82 | Q16: 43845.56 | R16: 0 | S16: 0 | T16: 153820
... A35: 31 | B35: 31.12.2025 | D35: 0 | E35: 0 | F35: 1460.114 | G35: 2539.886 | H35: 600 | I35: 0 | J35: 0 | K35: 0 | L35: 0 | M35: 0 | N35: 0 | O35: 31246.44 | P35: 54353.56 | Q35: 68220 | R35: 0 | S35: 0 | T35: 153820
D36: 55.75 | E36: 2339.425 | F36: 76058.184 | G36: 47941.816 | H36: 16204.825 | I36: 0 | J36: 0 | K36: 0 | L36: 0 | M36: 6338.78 | N36: 265992.62 | O36: 1627645.1 | P36: 1025954.9 | Q36: 1842488.6 | R36: 0 | S36: 0 | T36: 4768420
T37: 5722104

Sheet Новосибирск Полиом
A2: Отчет по хранению товара за Декабрь 2025 Новосибирск Полиом
A3: № | B3: дата | D3: Выгрузка кол-во | E3: Загрузка кол-во | F3: Хранение | G3: Резервирование 4000 ГЕ | H3: Мин. Суточный резерв 600 | I3: переконсолидация (тонн) | J3: Паллетирование | K3: Взвешивание | L3: стоимость взвешивания | M3: стоимость выгрузки | N3: стоимость загрузки | O3: стоимость хранения | P3: Стоимость резервирования | Q3: Стоимость мин.суточной бработки | R3: стоимость переконс. | S3: Стоимость паллетирования | T3: итого
A5: 1 | B5: 01.12.2025 | D5: 0 | E5: 0 | F5: 27.775 | G5: 0 | H5: 0 | I5: 0 | J5: 0 | K5: 0 | L5: 0 | M5: 0 | N5: 0 | O5: 594.39 | P5: 0 | Q5: 0 | R5: 0 | S5: 0 | T5: 594.39
A6: 2 | B6: 02.12.2025 | D6: 0 | E6: 0 | F6: 27.775 | G6: 0 | H6: 0 | I6: 0 | J6: 0 | K6: 0 | L6: 0 | M6: 0 | N6: 0 | O6: 594.39 | P6: 0 | Q6: 0 | R6: 0 | S6: 0 | T6: 594.39
A7: 3 | B7: 03.12.2025 | D7: 0 | E7: 0 | F7: 27.775 | G7: 0 | H7: 0 | I7: 0 | J7: 0 | K7: 0 | L7: 0 | M7: 0 | N7: 0 | O7: 594.39 | P7: 0 | Q7: 0 | R7: 0 | S7: 0 | T7: 594.39
A8: 4 | B8: 04.12.2025 | D8: 0 | E8: 0 | F8: 27.775 | G8: 0 | H8: 0 | I8: 0 | J8: 0 | K8: 0 | L8: 0 | M8: 0 | N8: 0 | O8: 594.39 | P8: 0 | Q8: 0 | R8: 0 | S8: 0 | T8: 594.39
A9: 5 | B9: 05.12.2025 | D9: 0 | E9: 0 | F9: 27.775 | G9: 0 | H9: 0 | I9: 0 | J9: 0 | K9: 0 | L9: 0 | M9: 0 | N9: 0 | O9: 594.39 | P9: 0 | Q9: 0 | R9: 0 | S9: 0 | T9: 594.39
A10: 6 | B10: 06.12.2025 | D10: 0 | E10: 0 | F10: 27.775 | G10: 0 | H10: 0 | I10: 0 | J10: 0 | K10: 0 | L10: 0 | M10: 0 | N10: 0 | O10: 594.39 | P10: 0 | Q10: 0 | R10: 0 | S10: 0 | T10: 594.39
A11: 7 | B11: 07.12.2025 | D11: 0 | E11: 0 | F11: 27.775 | G11: 0 | H11: 0 | I11: 0 | J11: 0 | K11: 0 | L11: 0 | M11: 0 | N11: 0 | O11: 594.39 | P11: 0 | Q11: 0 | R11: 0 | S11: 0 | T11: 594.39
A12: 8 | B12: 08.12.2025 | D12: 0 | E12: 0 | F12: 27.775 | G12: 0 | H12: 0 | I12: 0 | J12: 0 | K12: 0 | L12: 0 | M12: 0 | N12: 0 | O12: 594.39 | P12: 0 | Q12: 0 | R12: 0 | S12: 0 | T12: 594.39
A13: 9 | B13: 09.12.2025 | D13: 0 | E13: 0 | F13: 27.775 | G13: 0 | H13: 0 | I13: 0 | J13: 0 | K13: 0 | L13: 0 | M13: 0 | N13: 0 | O13: 594.39 | P13: 0 | Q13: 0 | R13: 0 | S13: 0 | T13: 594.39
A14: 10 | B14: 10.12.2025 | D14: 0 | E14: 13.75 | F14: 14.025 | G14: 0 | H14: 0 | I14: 0 | J14: 0 | K14: 0 | L14: 0 | M14: 0 | N14: 1563.38 | O14: 300.14 | P14: 0 | Q14: 0 | R14: 0 | S14: 0 | T14: 1863.51
A15: 11 | B15: 11.12.2025 | D15: 22 | E15: 0 | F15: 36.025 | G15: 0 | H15: 0 | I15: 0 | J15: 0 | K15: 0 | L15: 0 | M15: 2501.4 | N15: 0 | O15: 770.94 | P15: 0 | Q15: 0 | R15: 0 | S15: 0 | T15: 3272.34
A16: 12 | B16: 12.12.2025 | D16: 22 | E16: 0 | F16: 58.025 | G16: 0 | H16: 0 | I16: 0 | J16: 0 | K16: 0 | L16: 0 | M16: 2501.4 | N16: 0 | O16: 1241.74 | P16: 0 | Q16: 0 | R16: 0 | S16: 0 | T16: 3743.14
... A35: 31 | B35: 31.12.2025 | D35: 0 | E35: 0 | F35: 29.15 | G35: 0 | H35: 0 | I35: 0 | J35: 0 | K35: 0 | L35: 0 | M35: 0 | N35: 0 | O35: 623.81 | P35: 0 | Q35: 0 | R35: 0 | S35: 0 | T35: 623.81
D36: 44 | E36: 42.625 | F36: 1031.525 | G36: 0 | H36: 0 | I36: 0 | J36: 0 | K36: 0 | L36: 0 | M36: 5002.8 | N36: 4846.46 | O36: 22074.64 | P36: 0 | Q36: 0 | R36: 0 | S36: 0 | T36: 31923.9
T37: 38308.68

Sheet Новосибирск Порошок
A2: Отчет по хранению товара за Декабрь 2025 Новосибирск Порошок Порошок
A3: № | B3: дата | D3: Выгрузка кол-во | E3: Загрузка кол-во | F3: Хранение | G3: Резервирование 510 т | H3: Мин. Суточный резерв 0 | I3: переконсолидация (тонн) | J3: Паллетирование | K3: Ночная загруска выгрузка | L3: стоимость ночной загруски | M3: стоимость выгрузки | N3: стоимость загрузки | O3: стоимость хранения | P3: Стоимость резервирования | Q3: Стоимость мин.суточной бработки | R3: стоимость переконс. | S3: Стоимость паллетирования | T3: итого
A5: 1 | B5: 01.12.2025 | D5: 0 | E5: 0 | F5: 927.843 | G5: 0 | H5: 0 | I5: 0 | J5: 0 | L5: 0 | M5: 0 | N5: 0 | O5: 60309.8 | P5: 0 | Q5: 0 | R5: 0 | S5: 0 | T5: 60309.8
A6: 2 | B6: 02.12.2025 | D6: 0 | E6: 0 | F6: 927.843 | G6: 0 | H6: 0 | I6: 0 | J6: 0 | L6: 0 | M6: 0 | N6: 0 | O6: 60309.8 | P6: 0 | Q6: 0 | R6: 0 | S6: 0 | T6: 60309.8
A7: 3 | B7: 03.12.2025 | D7: 0 | E7: 0 | F7: 927.843 | G7: 0 | H7: 0 | I7: 0 | J7: 0 | L7: 0 | M7: 0 | N7: 0 | O7: 60309.8 | P7: 0 | Q7: 0 | R7: 0 | S7: 0 | T7: 60309.8
A8: 4 | B8: 04.12.2025 | D8: 0 | E8: 0 | F8: 927.843 | G8: 0 | H8: 0 | I8: 0 | J8: 0 | L8: 0 | M8: 0 | N8: 0 | O8: 60309.8 | P8: 0 | Q8: 0 | R8: 0 | S8: 0 | T8: 60309.8
A9: 5 | B9: 05.12.2025 | D9: 0 | E9: 0 | F9: 927.843 | G9: 0 | H9: 0 | I9: 0 | J9: 0 | L9: 0 | M9: 0 | N9: 0 | O9: 60309.8 | P9: 0 | Q9: 0 | R9: 0 | S9: 0 | T9: 60309.8
A10: 6 | B10: 06.12.2025 | D10: 0 | E10: 0 | F10: 927.843 | G10: 0 | H10: 0 | I10: 0 | J10: 0 | L10: 0 | M10: 0 | N10: 0 | O10: 60309.8 | P10: 0 | Q10: 0 | R10: 0 | S10: 0 | T10: 60309.8
