Workbook

Sheet Лист1

Sheet Биаксплен Новосибирск
A1: =T37 -> 406065.26
A2: ="Отчет по хранению товара за " & TEXT(B5,"ММММ ГГГГ") -> Отчет по хранению товара за Ноябрь 2025
A3: № | B3: дата | D3: Выгрузка кол-во | E3: Загрузка кол-во | F3: Хранение | G3: Резервирование 70 т | H3: Мин. Суточный резерв 0 т | I3: переконсолидация (тонн) | J3: Паллетирование | K3: Ночная загруска выгрузка | L3: стоимость ночной загруски | M3: стоимость выгрузки | N3: стоимость загрузки | O3: стоимость хранения | P3: Стоимость резервирования | Q3: Стоимость мин.суточной бработки | R3: стоимость переконс. | S3: Стоимость паллетирования | T3: итого
A5: 1 | B5: 45962 | F5: =124.81618+D5-E5 -> 124.81618 | G5: =IF(OR(B5="",NOT(ISERROR(SEARCH("KPI",$A$2))),NOT(ISERROR(SEARCH("Полиом",$A$2)))),0,IF(70-F5<=0,0,70-F5)) -> 0 | L5: =SUM(K5*240) -> 0 | M5: =SUM(D5*120) -> 0 | N5: =SUM(E5*120) -> 0 | O5: =SUM(F5*54) -> 6740.0737 | P5: =SUM(G5*54) -> 0 | Q5: =SUM(H5*120) -> 0 | R5: =SUM(I5*1000) -> 0 | S5: =SUM(J5*140) -> 0 | T5: =SUM(L5:S5) -> 6740.0737
A6: 2 | B6: 45963 | F6: =F5-E6+D6 -> 124.81618 | G6: =IF(OR(B6="",NOT(ISERROR(SEARCH("KPI",$A$2))),NOT(ISERROR(SEARCH("Полиом",$A$2)))),0,IF(70-F6<=0,0,70-F6)) -> 0 | L6: =SUM(K6*240) -> 0 | M6: =SUM(D6*120) -> 0 | N6: =SUM(E6*120) -> 0 | O6: =SUM(F6*54) -> 6740.0737 | P6: =SUM(G6*54) -> 0 | Q6: =SUM(H6*120) -> 0 | R6: =SUM(I6*1000) -> 0 | S6: =SUM(J6*140) -> 0 | T6: =SUM(L6:S6) -> 6740.0737
A7: 3 | B7: 45964 | F7: =F6-E7+D7 -> 124.81618 | G7: =IF(OR(B7="",NOT(ISERROR(SEARCH("KPI",$A$2))),NOT(ISERROR(SEARCH("Полиом",$A$2)))),0,IF(70-F7<=0,0,70-F7)) -> 0 | L7: =SUM(K7*240) -> 0 | M7: =SUM(D7*120) -> 0 | N7: =SUM(E7*120) -> 0 | O7: =SUM(F7*54) -> 6740.0737 | P7: =SUM(G7*54) -> 0 | Q7: =SUM(H7*120) -> 0 | R7: =SUM(I7*1000) -> 0 | S7: =SUM(J7*140) -> 0 | T7: =SUM(L7:S7) -> 6740.0737
A8: 4 | B8: 45965 | F8: =F7-E8+D8 -> 124.81618 | G8: =IF(OR(B8="",NOT(ISERROR(SEARCH("KPI",$A$2))),NOT(ISERROR(SEARCH("Полиом",$A$2)))),0,IF(70-F8<=0,0,70-F8)) -> 0 | L8: =SUM(K8*240) -> 0 | M8: =SUM(D8*120) -> 0 | N8: =SUM(E8*120) -> 0 | O8: =SUM(F8*54) -> 6740.0737 | P8: =SUM(G8*54) -> 0 | Q8: =SUM(H8*120) -> 0 | R8: =SUM(I8*1000) -> 0 | S8: =SUM(J8*140) -> 0 | T8: =SUM(L8:S8) -> 6740.0737
A9: 5 | B9: 45966 | D9: 18.0268 | F9: =F8-E9+D9 -> 142.84298 | G9: =IF(OR(B9="",NOT(ISERROR(SEARCH("KPI",$A$2))),NOT(ISERROR(SEARCH("Полиом",$A$2)))),0,IF(70-F9<=0,0,70-F9)) -> 0 | L9: =SUM(K9*240) -> 0 | M9: =SUM(D9*120) -> 2163.216 | N9: =SUM(E9*120) -> 0 | O9: =SUM(F9*54) -> 7713.5209 | P9: =SUM(G9*54) -> 0 | Q9: =SUM(H9*120) -> 0 | R9: =SUM(I9*1000) -> 0 | S9: =SUM(J9*140) -> 0 | T9: =SUM(L9:S9) -> 9876.7369
A10: 6 | B10: 45967 | F10: =F9-E10+D10 -> 142.84298 | G10: =IF(OR(B10="",NOT(ISERROR(SEARCH("KPI",$A$2))),NOT(ISERROR(SEARCH("Полиом",$A$2)))),0,IF(70-F10<=0,0,70-F10)) -> 0 | L10: =SUM(K10*240) -> 0 | M10: =SUM(D10*120) -> 0 | N10: =SUM(E10*120) -> 0 | O10: =SUM(F10*54) -> 7713.5209 | P10: =SUM(G10*54) -> 0 | Q10: =SUM(H10*120) -> 0 | R10: =SUM(I10*1000) -> 0 | S10: =SUM(J10*140) -> 0 | T10: =SUM(L10:S10) -> 7713.5209
A11: 7 | B11: 45968 | F11: =F10-E11+D11 -> 142.84298 | G11: =IF(OR(B11="",NOT(ISERROR(SEARCH("KPI",$A$2))),NOT(ISERROR(SEARCH("Полиом",$A$2)))),0,IF(70-F11<=0,0,70-F11)) -> 0 | L11: =SUM(K11*240) -> 0 | M11: =SUM(D11*120) -> 0 | N11: =SUM(E11*120) -> 0 | O11: =SUM(F11*54) -> 7713.5209 | P11: =SUM(G11*54) -> 0 | Q11: =SUM(H11*120) -> 0 | R11: =SUM(I11*1000) -> 0 | S11: =SUM(J11*140) -> 0 | T11: =SUM(L11:S11) -> 7713.5209
A12: 8 | B12: 45969 | F12: =F11-E12+D12 -> 142.84298 | G12: =IF(OR(B12="",NOT(ISERROR(SEARCH("KPI",$A$2))),NOT(ISERROR(SEARCH("Полиом",$A$2)))),0,IF(70-F12<=0,0,70-F12)) -> 0 | L12: =SUM(K12*240) -> 0 | M12: =SUM(D12*120) -> 0 | N12: =SUM(E12*120) -> 0 | O12: =SUM(F12*54) -> 7713.5209 | P12: =SUM(G12*54) -> 0 | Q12: =SUM(H12*120) -> 0 | R12: =SUM(I12*1000) -> 0 | S12: =SUM(J12*140) -> 0 | T12: =SUM(L12:S12) -> 7713.5209
A13: 9 | B13: 45970 | F13: =F12-E13+D13 -> 142.84298 | G13: =IF(OR(B13="",NOT(ISERROR(SEARCH("KPI",$A$2))),NOT(ISERROR(SEARCH("Полиом",$A$2)))),0,IF(70-F13<=0,0,70-F13)) -> 0 | L13: =SUM(K13*240) -> 0 | M13: =SUM(D13*120) -> 0 | N13: =SUM(E13*120) -> 0 | O13: =SUM(F13*54) -> 7713.5209 | P13: =SUM(G13*54) -> 0 | Q13: =SUM(H13*120) -> 0 | R13: =SUM(I13*1000) -> 0 | S13: =SUM(J13*140) -> 0 | T13: =SUM(L13:S13) -> 7713.5209
A14: 10 | B14: 45971 | D14: 70.4946 | F14: =F13-E14+D14 -> 213.33758 | G14: =IF(OR(B14="",NOT(ISERROR(SEARCH("KPI",$A$2))),NOT(ISERROR(SEARCH("Полиом",$A$2)))),0,IF(70-F14<=0,0,70-F14)) -> 0 | L14: =SUM(K14*240) -> 0 | M14: =SUM(D14*120) -> 8459.352 | N14: =SUM(E14*120) -> 0 | O14: =SUM(F14*54) -> 11520.229 | P14: =SUM(G14*54) -> 0 | Q14: =SUM(H14*120) -> 0 | R14: =SUM(I14*1000) -> 0 | S14: =SUM(J14*140) -> 0 | T14: =SUM(L14:S14) -> 19979.581
A15: 11 | B15: 45972 | E15: 20.9834 | F15: =F14-E15+D15 -> 192.35418 | G15: =IF(OR(B15="",NOT(ISERROR(SEARCH("KPI",$A$2))),NOT(ISERROR(SEARCH("Полиом",$A$2)))),0,IF(70-F15<=0,0,70-F15)) -> 0 | L15: =SUM(K15*240) -> 0 | M15: =SUM(D15*120) -> 0 | N15: =SUM(E15*120) -> 2518.008 | O15: =SUM(F15*54) -> 10387.126 | P15: =SUM(G15*54) -> 0 | Q15: =SUM(H15*120) -> 0 | R15: =SUM(I15*1000) -> 0 | S15: =SUM(J15*140) -> 0 | T15: =SUM(L15:S15) -> 12905.134
A16: 12 | B16: 45973 | E16: 20.5248 | F16: =F15-E16+D16 -> 171.82938 | G16: =IF(OR(B16="",NOT(ISERROR(SEARCH("KPI",$A$2))),NOT(ISERROR(SEARCH("Полиом",$A$2)))),0,IF(70-F16<=0,0,70-F16)) -> 0 | L16: =SUM(K16*240) -> 0 | M16: =SUM(D16*120) -> 0 | N16: =SUM(E16*120) -> 2462.976 | O16: =SUM(F16*54) -> 9278.7865 | P16: =SUM(G16*54) -> 0 | Q16: =SUM(H16*120) -> 0 | R16: =SUM(I16*1000) -> 0 | S16: =SUM(J16*140) -> 0 | T16: =SUM(L16:S16) -> 11741.763
A17: 13 | B17: 45974 | D17: 17.9925 | E17: 19.7894 | F17: =F16-E17+D17 -> 170.03248 | G17: =IF(OR(B17="",NOT(ISERROR(SEARCH("KPI",$A$2))),NOT(ISERROR(SEARCH("Полиом",$A$2)))),0,IF(70-F17<=0,0,70-F17)) -> 0 | L17: =SUM(K17*240) -> 0 | M17: =SUM(D17*120) -> 2159.1 | N17: =SUM(E17*120) -> 2374.728 | O17: =SUM(F17*54) -> 9181.7539 | P17: =SUM(G17*54) -> 0 | Q17: =SUM(H17*120) -> 0 | R17: =SUM(I17*1000) -> 0 | S17: =SUM(J17*140) -> 0 | T17: =SUM(L17:S17) -> 13715.582
A18: 14 | B18: 45975 | F18: =F17-E18+D18 -> 170.03248 | G18: =IF(OR(B18="",NOT(ISERROR(SEARCH("KPI",$A$2))),NOT(ISERROR(SEARCH("Полиом",$A$2)))),0,IF(70-F18<=0,0,70-F18)) -> 0 | L18: =SUM(K18*240) -> 0 | M18: =SUM(D18*120) -> 0 | N18: =SUM(E18*120) -> 0 | O18: =SUM(F18*54) -> 9181.7539 | P18: =SUM(G18*54) -> 0 | Q18: =SUM(H18*120) -> 0 | R18: =SUM(I18*1000) -> 0 | S18: =SUM(J18*140) -> 0 | T18: =SUM(L18:S18) -> 9181.7539
A19: 15 | B19: 45976 | F19: =F18-E19+D19 -> 170.03248 | G19: =IF(OR(B19="",NOT(ISERROR(SEARCH("KPI",$A$2))),NOT(ISERROR(SEARCH("Полиом",$A$2)))),0,IF(70-F19<=0,0,70-F19)) -> 0 | L19: =SUM(K19*240) -> 0 | M19: =SUM(D19*120) -> 0 | N19: =SUM(E19*120) -> 0 | O19: =SUM(F19*54) -> 9181.7539 | P19: =SUM(G19*54) -> 0 | Q19: =SUM(H19*120) -> 0 | R19: =SUM(I19*1000) -> 0 | S19: =SUM(J19*140) -> 0 | T19: =SUM(L19:S19) -> 9181.7539
A20: 16 | B20: 45977 | F20: =F19-E20+D20 -> 170.03248 | G20: =IF(OR(B20="",NOT(ISERROR(SEARCH("KPI",$A$2))),NOT(ISERROR(SEARCH("Полиом",$A$2)))),0,IF(70-F20<=0,0,70-F20)) -> 0 | L20: =SUM(K20*240) -> 0 | M20: =SUM(D20*120) -> 0 | N20: =SUM(E20*120) -> 0 | O20: =SUM(F20*54) -> 9181.7539 | P20: =SUM(G20*54) -> 0 | Q20: =SUM(H20*120) -> 0 | R20: =SUM(I20*1000) -> 0 | S20: =SUM(J20*140) -> 0 | T20: =SUM(L20:S20) -> 9181.7539
A21: 17 | B21: 45978 | E21: 3.2094 | F21: =F20-E21+D21 -> 166.82308 | G21: =IF(OR(B21="",NOT(ISERROR(SEARCH("KPI",$A$2))),NOT(ISERROR(SEARCH("Полиом",$A$2)))),0,IF(70-F21<=0,0,70-F21)) -> 0 | L21: =SUM(K21*240) -> 0 | M21: =SUM(D21*120) -> 0 | N21: =SUM(E21*120) -> 385.128 | O21: =SUM(F21*54) -> 9008.4463 | P21: =SUM(G21*54) -> 0 | Q21: =SUM(H21*120) -> 0 | R21: =SUM(I21*1000) -> 0 | S21: =SUM(J21*140) -> 0 | T21: =SUM(L21:S21) -> 9393.5743
A22: 18 | B22: 45979 | E22: 8.65788 | F22: =F21-E22+D22 -> 158.1652 | G22: =IF(OR(B22="",NOT(ISERROR(SEARCH("KPI",$A$2))),NOT(ISERROR(SEARCH("Полиом",$A$2)))),0,IF(70-F22<=0,0,70-F22)) -> 0 | L22: =SUM(K22*240) -> 0 | M22: =SUM(D22*120) -> 0 | N22: =SUM(E22*120) -> 1038.9456 | O22: =SUM(F22*54) -> 8540.9208 | P22: =SUM(G22*54) -> 0 | Q22: =SUM(H22*120) -> 0 | R22: =SUM(I22*1000) -> 0 | S22: =SUM(J22*140) -> 0 | T22: =SUM(L22:S22) -> 9579.8664
A23: 19 | B23: 45980 | E23: 3.9537 | F23: =F22-E23+D23 -> 154.2115 | G23: =IF(OR(B23="",NOT(ISERROR(SEARCH("KPI",$A$2))),NOT(ISERROR(SEARCH("Полиом",$A$2)))),0,IF(70-F23<=0,0,70-F23)) -> 0 | L23: =SUM(K23*240) -> 0 | M23: =SUM(D23*120) -> 0 | N23: =SUM(E23*120) -> 474.444 | O23: =SUM(F23*54) -> 8327.421 | P23: =SUM(G23*54) -> 0 | Q23: =SUM(H23*120) -> 0 | R23: =SUM(I23*1000) -> 0 | S23: =SUM(J23*140) -> 0 | T23: =SUM(L23:S23) -> 8801.865
A24: 20 | B24: 45981 | D24: 17.4615 | E24: 3.6718 | F24: =F23-E24+D24 -> 168.0012 | G24: =IF(OR(B24="",NOT(ISERROR(SEARCH("KPI",$A$2))),NOT(ISERROR(SEARCH("Полиом",$A$2)))),0,IF(70-F24<=0,0,70-F24)) -> 0 | L24: =SUM(K24*240) -> 0 | M24: =SUM(D24*120) -> 2095.38 | N24: =SUM(E24*120) -> 440.616 | O24: =SUM(F24*54) -> 9072.0648 | P24: =SUM(G24*54) -> 0 | Q24: =SUM(H24*120) -> 0 | R24: =SUM(I24*1000) -> 0 | S24: =SUM(J24*140) -> 0 | T24: =SUM(L24:S24) -> 11608.061
A25: 21 | B25: 45982 | D25: 70.9234 | E25: 21.7115 | F25: =F24-E25+D25 -> 217.2131 | G25: =IF(OR(B25="",NOT(ISERROR(SEARCH("KPI",$A$2))),NOT(ISERROR(SEARCH("Полиом",$A$2)))),0,IF(70-F25<=0,0,70-F25)) -> 0 | L25: =SUM(K25*240) -> 0 | M25: =SUM(D25*120) -> 8510.808 | N25: =SUM(E25*120) -> 2605.38 | O25: =SUM(F25*54) -> 11729.507 | P25: =SUM(G25*54) -> 0 | Q25: =SUM(H25*120) -> 0 | R25: =SUM(I25*1000) -> 0 | S25: =SUM(J25*140) -> 0 | T25: =SUM(L25:S25) -> 22845.695
A26: 22 | B26: 45983 | F26: =F25-E26+D26 -> 217.2131 | G26: =IF(OR(B26="",NOT(ISERROR(SEARCH("KPI",$A$2))),NOT(ISERROR(SEARCH("Полиом",$A$2)))),0,IF(70-F26<=0,0,70-F26)) -> 0 | L26: =SUM(K26*240) -> 0 | M26: =SUM(D26*120) -> 0 | N26: =SUM(E26*120) -> 0 | O26: =SUM(F26*54) -> 11729.507 | P26: =SUM(G26*54) -> 0 | Q26: =SUM(H26*120) -> 0 | R26: =SUM(I26*1000) -> 0 | S26: =SUM(J26*140) -> 0 | T26: =SUM(L26:S26) -> 11729.507
A27: 23 | B27: 45984 | F27: =F26-E27+D27 -> 217.2131 | G27: =IF(OR(B27="",NOT(ISERROR(SEARCH("KPI",$A$2))),NOT(ISERROR(SEARCH("Полиом",$A$2)))),0,IF(70-F27<=0,0,70-F27)) -> 0 | L27: =SUM(K27*240) -> 0 | M27: =SUM(D27*120) -> 0 | N27: =SUM(E27*120) -> 0 | O27: =SUM(F27*54) -> 11729.507 | P27: =SUM(G27*54) -> 0 | Q27: =SUM(H27*120) -> 0 | R27: =SUM(I27*1000) -> 0 | S27: =SUM(J27*140) -> 0 | T27: =SUM(L27:S27) -> 11729.507
A28: 24 | B28: 45985 | D28: 34.9712 | E28: 4.0396 | F28: =F27-E28+D28 -> 248.1447 | G28: =IF(OR(B28="",NOT(ISERROR(SEARCH("KPI",$A$2))),NOT(ISERROR(SEARCH("Полиом",$A$2)))),0,IF(70-F28<=0,0,70-F28)) -> 0 | L28: =SUM(K28*240) -> 0 | M28: =SUM(D28*120) -> 4196.544 | N28: =SUM(E28*120) -> 484.752 | O28: =SUM(F28*54) -> 13399.814 | P28: =SUM(G28*54) -> 0 | Q28: =SUM(H28*120) -> 0 | R28: =SUM(I28*1000) -> 0 | S28: =SUM(J28*140) -> 0 | T28: =SUM(L28:S28) -> 18081.11
A29: 25 | B29: 45986 | E29: 21.7725 | F29: =F28-E29+D29 -> 226.3722 | G29: =IF(OR(B29="",NOT(ISERROR(SEARCH("KPI",$A$2))),NOT(ISERROR(SEARCH("Полиом",$A$2)))),0,IF(70-F29<=0,0,70-F29)) -> 0 | L29: =SUM(K29*240) -> 0 | M29: =SUM(D29*120) -> 0 | N29: =SUM(E29*120) -> 2612.7 | O29: =SUM(F29*54) -> 12224.099 | P29: =SUM(G29*54) -> 0 | Q29: =SUM(H29*120) -> 0 | R29: =SUM(I29*1000) -> 0 | S29: =SUM(J29*140) -> 0 | T29: =SUM(L29:S29) -> 14836.799
A30: 26 | B30: 45987 | D30: 17.7885 | E30: 23.4968 | F30: =F29-E30+D30 -> 220.6639 | G30: =IF(OR(B30="",NOT(ISERROR(SEARCH("KPI",$A$2))),NOT(ISERROR(SEARCH("Полиом",$A$2)))),0,IF(70-F30<=0,0,70-F30)) -> 0 | L30: =SUM(K30*240) -> 0 | M30: =SUM(D30*120) -> 2134.62 | N30: =SUM(E30*120) -> 2819.616 | O30: =SUM(F30*54) -> 11915.851 | P30: =SUM(G30*54) -> 0 | Q30: =SUM(H30*120) -> 0 | R30: =SUM(I30*1000) -> 0 | S30: =SUM(J30*140) -> 0 | T30: =SUM(L30:S30) -> 16870.087
A31: 27 | B31: 45988 | E31: 28.4518 | F31: =F30-E31+D31 -> 192.2121 | G31: =IF(OR(B31="",NOT(ISERROR(SEARCH("KPI",$A$2))),NOT(ISERROR(SEARCH("Полиом",$A$2)))),0,IF(70-F31<=0,0,70-F31)) -> 0 | L31: =SUM(K31*240) -> 0 | M31: =SUM(D31*120) -> 0 | N31: =SUM(E31*120) -> 3414.216 | O31: =SUM(F31*54) -> 10379.453 | P31: =SUM(G31*54) -> 0 | Q31: =SUM(H31*120) -> 0 | R31: =SUM(I31*1000) -> 0 | S31: =SUM(J31*140) -> 0 | T31: =SUM(L31:S31) -> 13793.669
A32: 28 | B32: 45989 | D32: 17.9406 | E32: 15.6684 | F32: =F31-E32+D32 -> 194.4843 | G32: =IF(OR(B32="",NOT(ISERROR(SEARCH("KPI",$A$2))),NOT(ISERROR(SEARCH("Полиом",$A$2)))),0,IF(70-F32<=0,0,70-F32)) -> 0 | L32: =SUM(K32*240) -> 0 | M32: =SUM(D32*120) -> 2152.872 | N32: =SUM(E32*120) -> 1880.208 | O32: =SUM(F32*54) -> 10502.152 | P32: =SUM(G32*54) -> 0 | Q32: =SUM(H32*120) -> 0 | R32: =SUM(I32*1000) -> 0 | S32: =SUM(J32*140) -> 0 | T32: =SUM(L32:S32) -> 14535.232
A33: 29 | B33: 45990 | F33: =F32-E33+D33 -> 194.4843 | G33: =IF(OR(B33="",NOT(ISERROR(SEARCH("KPI",$A$2))),NOT(ISERROR(SEARCH("Полиом",$A$2)))),0,IF(70-F33<=0,0,70-F33)) -> 0 | L33: =SUM(K33*240) -> 0 | M33: =SUM(D33*120) -> 0 | N33: =SUM(E33*120) -> 0 | O33: =SUM(F33*54) -> 10502.152 | P33: =SUM(G33*54) -> 0 | Q33: =SUM(H33*120) -> 0 | R33: =SUM(I33*1000) -> 0 | S33: =SUM(J33*140) -> 0 | T33: =SUM(L33:S33) -> 10502.152
A34: 30 | B34: 45991 | F34: =F33-E34+D34 -> 194.4843 | G34: =IF(OR(B34="",NOT(ISERROR(SEARCH("KPI",$A$2))),NOT(ISERROR(SEARCH("Полиом",$A$2)))),0,IF(70-F34<=0,0,70-F34)) -> 0 | L34: =SUM(K34*240) -> 0 | M34: =SUM(D34*120) -> 0 | N34: =SUM(E34*120) -> 0 | O34: =SUM(F34*54) -> 10502.152 | P34: =SUM(G34*54) -> 0 | Q34: =SUM(H34*120) -> 0 | R34: =SUM(I34*1000) -> 0 | S34: =SUM(J34*140) -> 0 | T34: =SUM(L34:S34) -> 10502.152
G35: =IF(OR(B35="",NOT(ISERROR(SEARCH("KPI",$A$2))),NOT(ISERROR(SEARCH("Полиом",$A$2)))),0,IF(70-F35<=0,0,70-F35)) -> 0 | L35: =SUM(K35*240) -> 0 | M35: =SUM(D35*120) -> 0 | N35: =SUM(E35*120) -> 0 | O35: =SUM(F35*54) -> 0 | P35: =SUM(G35*54) -> 0 | Q35: =SUM(H35*120) -> 0 | R35: =SUM(I35*1000) -> 0 | S35: =SUM(J35*140) -> 0 | T35: =SUM(L35:S35) -> 0
D36: =SUM(D5:D35) -> 265.5991 | E36: =SUM(E5:E35) -> 195.93098 | F36: =SUM(F5:F35) -> 5240.8168 | G36: =SUM(G5:G35) -> 0 | H36: =SUM(H5:H35) -> 0 | I36: =SUM(I5:I35) -> 0 | J36: =SUM(J5:J35) -> 0 | K36: =SUM(K5:K35) -> 0 | ... T36: =SUM(T5:T35) -> 338387.71
T37: =T36*1.2 -> 406065.26

Sheet ИТОГО
A1: =G16 -> 1.2249274e+08
I2: ТОП
A3: Склад | B3: Сибур | C3: Завод | D3: Русвинил | E3: Клиенты сибура | F3: Остальные | G3: Итого | I3: Казань_Автосервисная | J3: 23143268
A4: Баумана | B4: =INDEX($M$44:$M$53,MATCH(A4,$A$44:$A$53,0),1) -> 8924080 | C4: 0 | D4: =INDEX($B$56:$B$72,MATCH(A4,$A$56:$A$72,0),1) -> 774895.05 | E4: =SUMIF($F$19:$F$41,A4,$G$19:$G$41) -> 0 | F4: =SUMIF($B$19:$B$27,A4,$C$19:$C$27) -> 73217.6 | G4: =SUM(B4:F4) -> 9772192.6 | I4: Нижнекамск завод | J4: 19482962
A5: Новикова-Прибоя | B5: =INDEX($M$44:$M$53,MATCH(A5,$A$44:$A$53,0),1) -> 11956020 | C5: 0 | D5: =INDEX($B$56:$B$72,MATCH(A5,$A$56:$A$72,0),1) -> 187151.94 | E5: =SUMIF($F$19:$F$41,A5,$G$19:$G$41) -> 0 | F5: =SUMIF($B$19:$B$27,A5,$C$19:$C$27) -> 7920 | G5: =SUM(B5:F5) -> 12151092 | I5: Новикова-Прибоя | J5: 14483152
A6: Екатеринбург | B6: =INDEX($M$44:$M$53,MATCH(A6,$A$44:$A$53,0),1) -> 10380689 | C6: 0 | D6: =INDEX($B$56:$B$72,MATCH(A6,$A$56:$A$72,0),1) -> 0 | E6: =SUMIF($F$19:$F$41,A6,$G$19:$G$41) -> 0 | F6: =SUMIF($B$19:$B$27,A6,$C$19:$C$27) -> 0 | G6: =SUM(B6:F6) -> 10380689 | I6: Екатеринбург | J6: 11908609
A7: Новосибирск | B7: =INDEX($M$44:$M$53,MATCH(A7,$A$44:$A$53,0),1) -> 7819161.9 | C7: 0 | D7: =INDEX($B$56:$B$72,MATCH(A7,$A$56:$A$72,0),1) -> 0 | E7: =SUMIF($F$19:$F$41,A7,$G$19:$G$41) -> 406065.26 | F7: =SUMIF($B$19:$B$27,A7,$C$19:$C$27) -> 0 | G7: =SUM(B7:F7) -> 8225227.1 | I7: Баумана | J7: 11544503
A8: Новосибирск_Пасечная | B8: =INDEX($M$44:$M$53,MATCH(A8,$A$44:$A$53,0),1) -> 4797371.4 | C8: 0 | D8: =INDEX($B$56:$B$72,MATCH(A8,$A$56:$A$72,0),1) -> 0 | E8: =SUMIF($F$19:$F$41,A8,$G$19:$G$41) -> 0 | F8: =SUMIF($B$19:$B$27,A8,$C$19:$C$27) -> 0 | G8: =SUM(B8:F8) -> 4797371.4
A9: Казань_Автосервисная | B9: =INDEX($M$44:$M$53,MATCH(A9,$A$44:$A$53,0),1) -> 23025567 | C9: 0 | D9: =INDEX($B$56:$B$72,MATCH(A9,$A$56:$A$72,0),1) -> 0 | E9: =SUMIF($F$19:$F$41,A9,$G$19:$G$41) -> 0 | F9: =SUMIF($B$19:$B$27,A9,$C$19:$C$27) -> 0 | G9: =SUM(B9:F9) -> 23025567 | I9: Казань_Приволжская | J9: 9900926.9
A10: Казань_Приволжская | B10: =INDEX($M$44:$M$53,MATCH(A10,$A$44:$A$53,0),1) -> 9548916.4 | C10: 0 | D10: =INDEX($B$56:$B$72,MATCH(A10,$A$56:$A$72,0),1) -> 0 | E10: =SUMIF($F$19:$F$41,A10,$G$19:$G$41) -> 0 | F10: =SUMIF($B$19:$B$27,A10,$C$19:$C$27) -> 0 | G10: =SUM(B10:F10) -> 9548916.4 | I10: Зеленодольск | J10: 9082789.1
A11: Зеленодольск | B11: =INDEX($M$44:$M$53,MATCH(A11,$A$44:$A$53,0),1) -> 8845863.3 | C11: 0 | D11: =INDEX($B$56:$B$72,MATCH(A11,$A$56:$A$72,0),1) -> 0 | E11: =SUMIF($F$19:$F$41,A11,$G$19:$G$41) -> 360241.3 | F11: =SUMIF($B$19:$B$27,A11,$C$19:$C$27) -> 0 | G11: =SUM(B11:F11) -> 9206104.6 | I11: Новосибирск | J11: 7932975.6
A12: Нижнекамск | B12: =INDEX($M$44:$M$53,MATCH(A12,$A$44:$A$53,0),1) -> 4418904.4 | C12: 0 | D12: =INDEX($B$56:$B$72,MATCH(A12,$A$56:$A$72,0),1) -> 0 | E12: =SUMIF($F$19:$F$41,A12,$G$19:$G$41) -> 0 | F12: =SUMIF($B$19:$B$27,A12,$C$19:$C$27) -> 0 | G12: =SUM(B12:F12) -> 4418904.4 | I12: Нижнекамск | J12: 7580244.6
A13: Нижнекамск завод | B13: 0 | C13: =C29+C36 -> 30820063 | D13: =INDEX($B$56:$B$72,MATCH(A13,$A$56:$A$72,0),1) -> 0 | E13: =SUMIF($F$19:$F$41,A13,$G$19:$G$41) -> 0 | F13: =SUMIF($B$19:$B$27,A13,$C$19:$C$27) -> 0 | G13: =SUM(B13:F13) -> 30820063 | I13: ГАЗ | J13: 6720000
A14: Монастырка | B14: 0 | C14: 0 | D14: =INDEX($B$56:$B$72,MATCH(A14,$A$56:$A$72,0),1) -> 0 | E14: =SUMIF($F$19:$F$41,A14,$G$19:$G$41) -> 0 | F14: =SUMIF($B$19:$B$27,A14,$C$19:$C$27) -> 0 | G14: =SUM(B14:F14) -> 0 | I14: Монастырка | J14: 2464921.6
A15: ГАЗ | B15: =INDEX($M$44:$M$53,MATCH(A15,$A$44:$A$53,0),1) -> 0 | C15: 0 | D15: =INDEX($B$56:$B$72,MATCH(A15,$A$56:$A$72,0),1) -> 146608.11 | E15: =SUMIF($F$19:$F$41,A15,$G$19:$G$41) -> 0 | F15: =SUMIF($B$19:$B$27,A15,$C$19:$C$27) -> 0 | G15: =SUM(B15:F15) -> 146608.11
B16: =SUM(B4:B15) -> 89716573 | C16: =SUM(C4:C15) -> 30820063 | D16: =SUM(D4:D15) -> 1108655.1 | E16: =SUM(E4:E15) -> 766306.56 | F16: =SUM(F4:F15) -> 81137.6 | G16: =SUM(G4:G15) -> 1.2249274e+08
A18: Остальные клиенты | C18: =SUM(C19:C27) -> 81137.6 | E18: Клиенты сибура | G18: =SUM(G19:G40) -> 766306.56
A19: Стройтех | B19: Баумана | C19: {=IFERROR(INDIRECT("'" & A19 & "'!A1"),)} -> 23948 | E19: Приоритет | F19: Баумана | G19: {=IFERROR(INDIRECT("'" & E19 & " " & F19 & "'!A1"),0)} -> 0
A20: Ергарда | B20: Баумана | C20: {=IFERROR(INDIRECT("'" & A20 & "'!A1"),)} -> 8640 | E20: Фармпласт | F20: Баумана | G20: {=IFERROR(INDIRECT("'" & E20 & " " & F20 & "'!A1"),0)} -> 0
A21: Литейные решения | B21: Баумана | C21: {=IFERROR(INDIRECT("'" & A21 & "'!A1"),)} -> 16675.2 | E21: Юг Полимер | F21: Баумана | G21: {=IFERROR(INDIRECT("'" & E21 & " " & F21 & "'!A1"),0)} -> 0
A22: Сандекс | B22: Баумана | C22: {=IFERROR(INDIRECT("'" & A22 & "'!A1"),)} -> 21823.2 | E22: Центрополимер | F22: Екатеринбург | G22: {=IFERROR(INDIRECT("'" & E22 & " " & F22 & "'!A1"),0)} -> 0
A23: ЛС-Техномет | B23: Баумана | C23: {=IFERROR(INDIRECT("'" & A23 & "'!A1"),)} -> 2131.2 | E23: Приоритет | F23: Екатеринбург | G23: {=IFERROR(INDIRECT("'" & E23 & " " & F23 & "'!A1"),0)} -> 0
A24: РусДжам | B24: ГАЗ | C24: {=IFERROR(INDIRECT("'" & A24 & "'!A1"),)} -> 0 | E24: Фармпласт | F24: Екатеринбург | G24: {=IFERROR(INDIRECT("'" & E24 & " " & F24 & "'!A1"),0)} -> 0
A25: Виго | B25: Новикова-Прибоя | C25: {=IFERROR(INDIRECT("'" & A25 & "'!A1"),)} -> 0 | E25: Приоритет | F25: Зеленодольск | G25: {=IFERROR(INDIRECT("'" & E25 & " " & F25 & "'!A1"),0)} -> 0
A26: Доктор Франк | B26: Новикова-Прибоя | C26: {=IFERROR(INDIRECT("'" & A26 & "'!A1"),)} -> 7920 | E26: Данафлекс | F26: Зеленодольск | G26: {=IFERROR(INDIRECT("'" & E26 & " " & F26 & "'!t37"),0)} -> 360241.3
A27: Нефтезол | B27: Новикова-Прибоя | C27: {=IFERROR(INDIRECT("'" & A27 & "'!A1"),)} -> 0 | E27: ИП Ксендз | F27: Нижнекамск | G27: {=IFERROR(INDIRECT("'" & E27 & " " & F27 & "'!A1"),0)} -> 0
E28: Фармпласт | F28: Новикова-Прибоя | G28: {=IFERROR(INDIRECT("'" & E28 & " " & F28 & "'!A1"),0)} -> 0
A29: Нижнекамск завод | C29: =SUM(C30:C34) -> 19155890 | E29: Центрополимер | F29: Новикова-Прибоя | G29: {=IFERROR(INDIRECT("'" & E29 & " " & F29 & "'!A1"),0)} -> 0
A30: ПРР | C30: {=INDIRECT("'" & A29 & "'!F17")} -> 15902450 | E30: Юг Полимер | F30: Новикова-Прибоя | G30: {=IFERROR(INDIRECT("'" & E30 & " " & F30 & "'!A1"),0)} -> 0
A31: Кладовки | C31: {=INDIRECT("'" & A29 & "'!F16")} -> 0 | E31: Приоритет | F31: Новикова-Прибоя | G31: {=IFERROR(INDIRECT("'" & E31 & " " & F31 & "'!A1"),0)} -> 0 | J31: 16297524
A32: Стропальщики | C32: {=INDIRECT("'" & A29 & "'!F18")} -> 804000 | E32: Биаксплен | F32: Новосибирск | G32: {=IFERROR(INDIRECT("'" & E32 & " " & F32 & "'!A1"),0)} -> 406065.26 | J32: 71775903
A33: Мойка контейнеров | C33: {=INDIRECT("'" & A29 & "'!F19")} -> 2449440 | E33: Центрополимер | F33: Новосибирск | G33: {=IFERROR(INDIRECT("'" & E33 & " " & F33 & "'!A1"),0)} -> 0 | J33: =J31+J32-78062.4 -> 87995365
A34: Комитаус | C34: {=INDIRECT("'" & A29 & "'!F20")} -> 0 | E34: Фармпласт | F34: Новосибирск | G34: {=IFERROR(INDIRECT("'" & E34 & " " & F34 & "'!A1"),0)} -> 0
E35: Юг Полимер | F35: Зеленодольск | G35: {=IFERROR(INDIRECT("'" & E35 & " " & F35 & "'!A1"),0)} -> 0
A36: Контейнерные площадки | C36: =SUM(C37:C41) -> 11664173 | E36: Фармпласт | F36: Казань_Автосервисная | G36: {=IFERROR(INDIRECT("'" & E36 & " " & F36 & "'!A1"),0)} -> 0 | I36: =K42-J33 -> 1721208.3
A37: КОС | C37: 4715760.6 | E37: Приоритет | F37: Казань_Приволжская | G37: {=IFERROR(INDIRECT("'" & E37 & " " & F37 & "'!A1"),0)} -> 0
A38: Нижнекамск | C38: 6948412.8 | E38: Центрополимер | F38: Баумана | G38: {=IFERROR(INDIRECT("'" & E38 & " " & F38 & "'!A1"),0)} -> 0
E39: Приоритет | F39: Казань_Автосервисная | G39: {=IFERROR(INDIRECT("'" & E39 & " " & F39 & "'!A1"),0)} -> 0
E40: Оникс | F40: Нижнекамск | G40: {=IFERROR(INDIRECT("'" & E40 & " " & F40 & "'!A1"),0)} -> 0
A42: СИБУР | K42: =SUM(M44:M53) -> 89716573
B43: KPI | C43: Полиом | D43: Полимеры | E43: Каучук | F43: ПСОН | G43: Полиэфир | H43: СБС | I43: Порошок | J43: НПЭГ | K43: Экспорт | L43: Доп услуги | M43: ИТОГО
A44: Баумана | B44: {=IFERROR(INDIRECT("'" & $A44 & " " & B$43 & "'!T37"),)} -> 98335.49 | C44: {=IFERROR(INDIRECT("'" & $A44 & " " & C$43 & "'!T37"),)} -> 412734.67 | D44: {=IFERROR(INDIRECT("'" & $A44 & " " & D$43 & "'!T37"),)} -> 8370577.8 | E44: {=IFERROR(INDIRECT("'" & $A44 & " " & E$43 & "'!T37"),)} -> 22032 | F44: {=IFERROR(INDIRECT("'" & $A44 & " " & F$43 & "'!T37"),)} -> 0 | G44: {=IFERROR(INDIRECT("'" & $A44 & " " & G$43 & "'!T37"),)} -> 0 | H44: {=IFERROR(INDIRECT("'" & $A44 & " " & H$43 & "'!T37"),)} -> 0 | I44: {=IFERROR(INDIRECT("'" & $A44 & " " & I$43 & "'!T37"),)} -> 0 | J44: {=IFERROR(INDIRECT("'" & $A44 & " " & J$43 & "'!T37"),)} -> 0 | K44: {=IFERROR(INDIRECT("'" & $A44 & " " & K$43 & "'!G12"),)} -> 20400 | L44: {=IFERROR(INDIRECT("'" & $A44 & " " & L$43 & "'!F14"),)} -> 0 | M44: =SUM(B44:L44) -> 8924080
A45: Новикова-Прибоя | B45: {=IFERROR(INDIRECT("'" & $A45 & " " & B$43 & "'!T37"),)} -> 95811.91 | C45: {=IFERROR(INDIRECT("'" & $A45 & " " & C$43 & "'!T37"),)} -> 8409.24 | D45: {=IFERROR(INDIRECT("'" & $A45 & " " & D$43 & "'!T37"),)} -> 11678400 | E45: {=IFERROR(INDIRECT("'" & $A45 & " " & E$43 & "'!T37"),)} -> 0 | F45: {=IFERROR(INDIRECT("'" & $A45 & " " & F$43 & "'!T37"),)} -> 0 | G45: {=IFERROR(INDIRECT("'" & $A45 & " " & G$43 & "'!T37"),)} -> 0 | H45: {=IFERROR(INDIRECT("'" & $A45 & " " & H$43 & "'!T37"),)} -> 0 | I45: {=IFERROR(INDIRECT("'" & $A45 & " " & I$43 & "'!T37"),)} -> 0 | J45: {=IFERROR(INDIRECT("'" & $A45 & " " & J$43 & "'!T37"),)} -> 0 | K45: {=IFERROR(INDIRECT("'" & $A45 & " " & K$43 & "'!G12"),)} -> 0 | L45: {=IFERROR(INDIRECT("'" & $A45 & " " & L$43 & "'!F14"),)} -> 173398.5 | M45: =SUM(B45:L45) -> 11956020
A46: Екатеринбург | B46: {=IFERROR(INDIRECT("'" & $A46 & " " & B$43 & "'!T37"),)} -> 12568.35 | C46: {=IFERROR(INDIRECT("'" & $A46 & " " & C$43 & "'!T37"),)} -> 219606.77 | D46: {=IFERROR(INDIRECT("'" & $A46 & " " & D$43 & "'!T37"),)} -> 10045314 | E46: {=IFERROR(INDIRECT("'" & $A46 & " " & E$43 & "'!T37"),)} -> 0 | F46: {=IFERROR(INDIRECT("'" & $A46 & " " & F$43 & "'!T37"),)} -> 0 | G46: {=IFERROR(INDIRECT("'" & $A46 & " " & G$43 & "'!T37"),)} -> 0 | H46: {=IFERROR(INDIRECT("'" & $A46 & " " & H$43 & "'!T37"),)} -> 0 | I46: {=IFERROR(INDIRECT("'" & $A46 & " " & I$43 & "'!T37"),)} -> 0 | J46: {=IFERROR(INDIRECT("'" & $A46 & " " & J$43 & "'!T37"),)} -> 0 | K46: {=IFERROR(INDIRECT("'" & $A46 & " " & K$43 & "'!G12"),)} -> 103200 | L46: {=IFERROR(INDIRECT("'" & $A46 & " " & L$43 & "'!F14"),)} -> 0 | M46: =SUM(B46:L46) -> 10380689
A47: Новосибирск | B47: {=IFERROR(INDIRECT("'" & $A47 & " " & B$43 & "'!T37"),)} -> 33617.06 | C47: {=IFERROR(INDIRECT("'" & $A47 & " " & C$43 & "'!T37"),)} -> 76872.18 | D47: {=IFERROR(INDIRECT("'" & $A47 & " " & D$43 & "'!T37"),)} -> 5537520 | E47: {=IFERROR(INDIRECT("'" & $A47 & " " & E$43 & "'!T37"),)} -> 0 | F47: {=IFERROR(INDIRECT("'" & $A47 & " " & F$43 & "'!T37"),)} -> 0 | G47: {=IFERROR(INDIRECT("'" & $A47 & " " & G$43 & "'!T37"),)} -> 0 | H47: {=IFERROR(INDIRECT("'" & $A47 & " " & H$43 & "'!T37"),)} -> 0 | I47: {=IFERROR(INDIRECT("'" & $A47 & " " & I$43 & "'!T37"),)} -> 2171152.6 | J47: {=IFERROR(INDIRECT("'" & $A47 & " " & J$43 & "'!T37"),)} -> 0 | K47: {=IFERROR(INDIRECT("'" & $A47 & " " & K$43 & "'!G12"),)} -> 0 | L47: {=IFERROR(INDIRECT("'" & $A47 & " " & L$43 & "'!F14"),)} -> 0 | M47: =SUM(B47:L47) -> 7819161.9
A48: Новосибирск_Пасечная | B48: {=IFERROR(INDIRECT("'" & $A48 & " " & B$43 & "'!T37"),)} -> 0 | C48: {=IFERROR(INDIRECT("'" & $A48 & " " & C$43 & "'!T37"),)} -> 0 | D48: {=IFERROR(INDIRECT("'" & $A48 & " " & D$43 & "'!T37"),)} -> 0 | E48: {=IFERROR(INDIRECT("'" & $A48 & " " & E$43 & "'!T37"),)} -> 0 | F48: {=IFERROR(INDIRECT("'" & $A48 & " " & F$43 & "'!T37"),)} -> 0 | G48: {=IFERROR(INDIRECT("'" & $A48 & " " & G$43 & "'!T37"),)} -> 0 | H48: {=IFERROR(INDIRECT("'" & $A48 & " " & H$43 & "'!T37"),)} -> 0 | I48: {=IFERROR(INDIRECT("'" & $A48 & " " & I$43 & "'!T37"),)} -> 4797371.4 | J48: {=IFERROR(INDIRECT("'" & $A48 & " " & J$43 & "'!T37"),)} -> 0 | K48: {=IFERROR(INDIRECT("'" & $A48 & " " & K$43 & "'!G12"),)} -> 0 | L48: {=IFERROR(INDIRECT("'" & $A48 & " " & L$43 & "'!F14"),)} -> 0 | M48: =SUM(B48:L48) -> 4797371.4
A49: Казань_Автосервисная | B49: {=IFERROR(INDIRECT("'" & $A49 & " " & B$43 & "'!T37"),)} -> 0 | C49: {=IFERROR(INDIRECT("'" & $A49 & " " & C$43 & "'!T37"),)} -> 13659 | D49: {=IFERROR(INDIRECT("'" & $A49 & " " & D$43 & "'!T37"),)} -> 19440000 | E49: {=IFERROR(INDIRECT("'" & $A49 & " " & E$43 & "'!T37"),)} -> 0 | F49: {=IFERROR(INDIRECT("'" & $A49 & " " & F$43 & "'!T37"),)} -> 0 | G49: {=IFERROR(INDIRECT("'" & $A49 & " " & G$43 & "'!T37"),)} -> 0 | H49: {=IFERROR(INDIRECT("'" & $A49 & " " & H$43 & "'!T37"),)} -> 0 | I49: {=IFERROR(INDIRECT("'" & $A49 & " " & I$43 & "'!T37"),)} -> 0 | J49: {=IFERROR(INDIRECT("'" & $A49 & " " & J$43 & "'!T37"),)} -> 0 | K49: {=IFERROR(INDIRECT("'" & $A49 & " " & K$43 & "'!G12"),)} -> 12000 | L49: {=IFERROR(INDIRECT("'" & $A49 & " " & L$43 & "'!F14"),)} -> 3559908 | M49: =SUM(B49:L49) -> 23025567
A50: Казань_Приволжская | B50: {=IFERROR(INDIRECT("'" & $A50 & " " & B$43 & "'!T37"),)} -> 0 | C50: {=IFERROR(INDIRECT("'" & $A50 & " " & C$43 & "'!T37"),)} -> 0 | D50: {=IFERROR(INDIRECT("'" & $A50 & " " & D$43 & "'!T37"),)} -> 8420916.4 | E50: {=IFERROR(INDIRECT("'" & $A50 & " " & E$43 & "'!T37"),)} -> 0 | F50: {=IFERROR(INDIRECT("'" & $A50 & " " & F$43 & "'!T37"),)} -> 0 | G50: {=IFERROR(INDIRECT("'" & $A50 & " " & G$43 & "'!T37"),)} -> 0 | H50: {=IFERROR(INDIRECT("'" & $A50 & " " & H$43 & "'!T37"),)} -> 0 | I50: {=IFERROR(INDIRECT("'" & $A50 & " " & I$43 & "'!T37"),)} -> 0 | J50: {=IFERROR(INDIRECT("'" & $A50 & " " & J$43 & "'!T37"),)} -> 0 | K50: {=IFERROR(INDIRECT("'" & $A50 & " " & K$43 & "'!G12"),)} -> 12000 | L50: {=IFERROR(INDIRECT("'" & $A50 & " " & L$43 & "'!F14"),)} -> 1116000 | M50: =SUM(B50:L50) -> 9548916.4
A51: Зеленодольск | B51: {=IFERROR(INDIRECT("'" & $A51 & " " & B$43 & "'!T37"),)} -> 0 | C51: {=IFERROR(INDIRECT("'" & $A51 & " " & C$43 & "'!T37"),)} -> 0 | D51: {=IFERROR(INDIRECT("'" & $A51 & " " & D$43 & "'!T37"),)} -> 7133502.3 | E51: {=IFERROR(INDIRECT("'" & $A51 & " " & E$43 & "'!T37"),)} -> 0 | F51: {=IFERROR(INDIRECT("'" & $A51 & " " & F$43 & "'!T37"),)} -> 0 | G51: {=IFERROR(INDIRECT("'" & $A51 & " " & G$43 & "'!T37"),)} -> 0 | H51: {=IFERROR(INDIRECT("'" & $A51 & " " & H$43 & "'!T37"),)} -> 0 | I51: {=IFERROR(INDIRECT("'" & $A51 & " " & I$43 & "'!T37"),)} -> 0 | J51: {=IFERROR(INDIRECT("'" & $A51 & " " & J$43 & "'!T37"),)} -> 0 | K51: {=IFERROR(INDIRECT("'" & $A51 & " " & K$43 & "'!G12"),)} -> 16800 | L51: {=IFERROR(INDIRECT("'" & $A51 & " " & L$43 & "'!F14"),)} -> 1695561 | M51: =SUM(B51:L51) -> 8845863.3
A52: Нижнекамск | B52: {=IFERROR(INDIRECT("'" & $A52 & " " & B$43 & "'!T37"),)} -> 0 | C52: {=IFERROR(INDIRECT("'" & $A52 & " " & C$43 & "'!T37"),)} -> 0 | D52: {=IFERROR(INDIRECT("'" & $A52 & " " & D$43 & "'!T37"),)} -> 0 | E52: {=IFERROR(INDIRECT("'" & $A52 & " " & E$43 & "'!T37"),)} -> 2624649.5 | F52: {=IFERROR(INDIRECT("'" & $A52 & " " & F$43 & "'!T37"),)} -> 1278171.1 | G52: {=IFERROR(INDIRECT("'" & $A52 & " " & G$43 & "'!T37"),)} -> 0 | H52: {=IFERROR(INDIRECT("'" & $A52 & " " & H$43 & "'!T37"),)} -> 50.49 | I52: {=IFERROR(INDIRECT("'" & $A52 & " " & I$43 & "'!T37"),)} -> 0 | J52: {=IFERROR(INDIRECT("'" & $A52 & " " & J$43 & "'!T37"),)} -> 193569.3 | K52: {=IFERROR(INDIRECT("'" & $A52 & " " & K$43 & "'!G12"),)} -> 62400 | L52: {=IFERROR(INDIRECT("'" & $A52 & " " & L$43 & "'!F14"),)} -> 260064 | M52: =SUM(B52:L52) -> 4418904.4
A53: ГАЗ | B53: {=IFERROR(INDIRECT("'" & $A53 & "'!F16"),) + IFERROR(INDIRECT("'" & $A53 & "'!F17"),)} -> 0 | C53: {=IFERROR(INDIRECT("'" & $A53 & "'!F16"),) + IFERROR(INDIRECT("'" & $A53 & "'!F17"),)} -> 0 | D53: {=IFERROR(INDIRECT("'" & $A53 & "'!F16"),) + IFERROR(INDIRECT("'" & $A53 & "'!F17"),)} -> 0 | E53: {=IFERROR(INDIRECT("'" & $A53 & "'!F16"),) + IFERROR(INDIRECT("'" & $A53 & "'!F17"),)} -> 0 | F53: {=IFERROR(INDIRECT("'" & $A53 & "'!F16"),) + IFERROR(INDIRECT("'" & $A53 & "'!F17"),)} -> 0 | G53: {=IFERROR(INDIRECT("'" & $A53 & "'!F16"),) + IFERROR(INDIRECT("'" & $A53 & "'!F17"),)} -> 0 | H53: {=IFERROR(INDIRECT("'" & $A53 & "'!F16"),) + IFERROR(INDIRECT("'" & $A53 & "'!F17"),)} -> 0 | I53: {=IFERROR(INDIRECT("'" & $A53 & "'!F16"),) + IFERROR(INDIRECT("'" & $A53 & "'!F17"),)} -> 0 | J53: {=IFERROR(INDIRECT("'" & $A53 & "'!F16"),) + IFERROR(INDIRECT("'" & $A53 & "'!F17"),)} -> 0 | K53: {=IFERROR(INDIRECT("'" & $A53 & " " & K$43 & "'!G12"),)} -> 0 | L53: {=IFERROR(INDIRECT("'" & $A53 & " " & L$43 & "'!F14"),)} -> 0 | M53: =SUM(B53:L53) -> 0
A55: Русвинил | B55: =SUM(B56:B66) -> 1108655.1
A56: Баумана | B56: {=IFERROR(INDIRECT("'РВ " & A56 & "'!O38"),0)} -> 774895.05
A57: Новикова-Прибоя | B57: {=IFERROR(INDIRECT("'РВ " & A57 & "'!O38"),0)} -> 187151.94
A58: Монастырка | B58: {=IFERROR(INDIRECT("'РВ " & A58 & "'!O38"),0)} -> 0
A59: Екатеринбург | B59: {=IFERROR(INDIRECT("'РВ " & A59 & "'!O38"),0)} -> 0
A60: Новосибирск | B60: {=IFERROR(INDIRECT("'РВ " & A60 & "'!O38"),0)} -> 0
A61: Казань_Приволжская | B61: {=IFERROR(INDIRECT("'РВ " & A61 & "'!O38"),0)} -> 0
A62: Казань_Автосервисная | B62: {=IFERROR(INDIRECT("'РВ " & A62 & "'!O38"),0)} -> 0
A63: Зеленодольск | B63: {=IFERROR(INDIRECT("'РВ " & A63 & "'!O38"),0)} -> 0
A64: Нижнекамск | B64: {=IFERROR(INDIRECT("'РВ " & A64 & "'!O38"),0)} -> 0
A65: Нижнекамск завод | B65: {=IFERROR(INDIRECT("'РВ " & A65 & "'!O38"),0)} -> 0
A66: ГАЗ | B66: {=IFERROR(INDIRECT("'РВ " & A66 & "'!O38"),0)} -> 146608.11
A67: Новосибирск_Пасечная | B67: {=IFERROR(INDIRECT("'РВ " & A67 & "'!O38"),0)} -> 0

Sheet Другое

Sheet Нижнекамск завод
A9: № | B9: Наименование услуг (работ) | C9: Ед. изм. | D9: Количество | E9: Цена | F9: Сумма
A14: Итого: | F14: =SUM(F10:F13) -> 0
A15: Без налога (НДС) | F15: =SUM(F14) -> 0
A16: Всего (с учетом НДС) | F16: =SUM(F15)*1.2 -> 0
A17: Вышеперечисленные услуги (работы) выполнены полностью. | E17: ПРР | F17: 15902450
A18: ПОКЛАЖЕДАТЕЛЬ претензий по объему, качеству и срокам оказания услуг претензий не имеет. | E18: Стропальщики | F18: 804000
E19: Контейнеры | F19: 2449440
E20: Комитаус | F20: 0
A21: ООО "ДТМ" | D21: ПАО "Нижнекамскнефтехим"
A23: ____________________Молькова Т.Ю. | B23: Расстегаев Д.О. | D23: ____________________

Sheet РВ Баумана
R1: Выходной | S1: Рабочий
Q2: Выгрузка | R2: =SUMIF($P$6:$P$36,R$1,$C6:$C36) -> 0 | S2: =SUMIF($P$6:$P$36,S$1,$C6:$C36) -> 0
A3: ="Отчет по хранению товара РВ " & TEXT(A6,"ММММ ") & YEAR(A6) & " Баумана" -> Отчет по хранению товара РВ Ноябрь 2025 Баумана | Q3: Отгрузка | R3: =SUMIF($P$6:$P$36,R$1,$D6:$D36) -> 19.35 | S3: =SUMIF($P$6:$P$36,S$1,$D6:$D36) -> 208.97
A4: дата | C4: Выгрузка кол-во тонн | D4: Загрузка кол-во тонн | E4: Выгрузка после 20:00 | F4: Загрузка после 20:00 | G4: Хранение | H4: переконсолидация (тонн) | I4: стоимость выгрузки | J4: стоимость загрузки | K4: Стоимость выгрузки после 20:00 | L4: Стоимость загрузки после 20:00 | M4: стоимость хранения | N4: стоимость переконс. | O4: итого
G5: (кол-во тонн)
A6: 45962 | C6: 0 | D6: 40.85 | G6: 1448.615 | I6: =IF(P6="Выходной",SUM(C6*150)*1.5,SUM(C6*150)) -> 0 | J6: =IF(P6="Выходной",SUM(D6*150)*1.5,SUM(D6*150)) -> 6127.5 | K6: =IF(OR(WEEKDAY(A6)=1,WEEKDAY(A6)=7,NOT(ISERROR(MATCH(A6,[1]Праздники!A:A,0)))),SUM(E6*225)*1.5,SUM(E6*225)) -> 0 | L6: =IF(OR(WEEKDAY(A6)=1,WEEKDAY(A6)=7,NOT(ISERROR(MATCH(A6,[1]Праздники!A:A,0)))),SUM(F6*225)*1.5,SUM(F6*225)) -> 0 | M6: =SUM(G6*15) -> 21729.225 | N6: =SUM(H6)*750 -> 0 | O6: =SUM(I6:N6) -> 27856.725 | P6: Рабочий
A7: 45963 | C7: 0 | D7: 0 | G7: =IF(A7 ="",0,G6+C7+E7-D6-F6) -> 1407.765 | I7: =IF(P7="Выходной",SUM(C7*150)*1.5,SUM(C7*150)) -> 0 | J7: =IF(P7="Выходной",SUM(D7*150)*1.5,SUM(D7*150)) -> 0 | K7: =IF(OR(WEEKDAY(A7)=1,WEEKDAY(A7)=7,NOT(ISERROR(MATCH(A7,[1]Праздники!A:A,0)))),SUM(E7*225)*1.5,SUM(E7*225)) -> 0 | L7: =IF(OR(WEEKDAY(A7)=1,WEEKDAY(A7)=7,NOT(ISERROR(MATCH(A7,[1]Праздники!A:A,0)))),SUM(F7*225)*1.5,SUM(F7*225)) -> 0 | M7: =SUM(G7*15) -> 21116.475 | N7: =SUM(H7)*750 -> 0 | O7: =SUM(I7:N7) -> 21116.475 | P7: =IF(OR(WEEKDAY(A7)=1,WEEKDAY(A7)=7,NOT(ISERROR(MATCH(A7,[1]Праздники!A:A,0)))),"Выходной","Рабочий") -> Выходной
A8: 45964 | C8: 0 | D8: 18 | G8: =IF(A8 ="",0,G7+C8+E8-D7-F7) -> 1407.765 | I8: =IF(P8="Выходной",SUM(C8*150)*1.5,SUM(C8*150)) -> 0 | J8: =IF(P8="Выходной",SUM(D8*150)*1.5,SUM(D8*150)) -> 4050 | K8: =IF(OR(WEEKDAY(A8)=1,WEEKDAY(A8)=7,NOT(ISERROR(MATCH(A8,[1]Праздники!A:A,0)))),SUM(E8*225)*1.5,SUM(E8*225)) -> 0 | L8: =IF(OR(WEEKDAY(A8)=1,WEEKDAY(A8)=7,NOT(ISERROR(MATCH(A8,[1]Праздники!A:A,0)))),SUM(F8*225)*1.5,SUM(F8*225)) -> 0 | M8: =SUM(G8*15) -> 21116.475 | N8: =SUM(H8)*750 -> 0 | O8: =SUM(I8:N8) -> 25166.475 | P8: =IF(OR(WEEKDAY(A8)=1,WEEKDAY(A8)=7,NOT(ISERROR(MATCH(A8,[1]Праздники!A:A,0)))),"Выходной","Рабочий") -> Выходной
A9: 45965 | C9: 0 | D9: 0 | G9: =IF(A9 ="",0,G8+C9+E9-D8-F8) -> 1389.765 | I9: =IF(P9="Выходной",SUM(C9*150)*1.5,SUM(C9*150)) -> 0 | J9: =IF(P9="Выходной",SUM(D9*150)*1.5,SUM(D9*150)) -> 0 | K9: =IF(OR(WEEKDAY(A9)=1,WEEKDAY(A9)=7,NOT(ISERROR(MATCH(A9,[1]Праздники!A:A,0)))),SUM(E9*225)*1.5,SUM(E9*225)) -> 0 | L9: =IF(OR(WEEKDAY(A9)=1,WEEKDAY(A9)=7,NOT(ISERROR(MATCH(A9,[1]Праздники!A:A,0)))),SUM(F9*225)*1.5,SUM(F9*225)) -> 0 | M9: =SUM(G9*15) -> 20846.475 | N9: =SUM(H9)*750 -> 0 | O9: =SUM(I9:N9) -> 20846.475 | P9: =IF(OR(WEEKDAY(A9)=1,WEEKDAY(A9)=7,NOT(ISERROR(MATCH(A9,[1]Праздники!A:A,0)))),"Выходной","Рабочий") -> Выходной
A10: 45966 | C10: 0 | D10: 8.575 | G10: =IF(A10 ="",0,G9+C10+E10-D9-F9) -> 1389.765 | I10: =IF(P10="Выходной",SUM(C10*150)*1.5,SUM(C10*150)) -> 0 | J10: =IF(P10="Выходной",SUM(D10*150)*1.5,SUM(D10*150)) -> 1286.25 | K10: =IF(OR(WEEKDAY(A10)=1,WEEKDAY(A10)=7,NOT(ISERROR(MATCH(A10,[1]Праздники!A:A,0)))),SUM(E10*225)*1.5,SUM(E10*225)) -> 0 | L10: =IF(OR(WEEKDAY(A10)=1,WEEKDAY(A10)=7,NOT(ISERROR(MATCH(A10,[1]Праздники!A:A,0)))),SUM(F10*225)*1.5,SUM(F10*225)) -> 0 | M10: =SUM(G10*15) -> 20846.475 | N10: =SUM(H10)*750 -> 0 | O10: =SUM(I10:N10) -> 22132.725 | P10: =IF(OR(WEEKDAY(A10)=1,WEEKDAY(A10)=7,NOT(ISERROR(MATCH(A10,[1]Праздники!A:A,0)))),"Выходной","Рабочий") -> Рабочий
A11: 45967 | C11: 0 | D11: 0 | G11: =IF(A11 ="",0,G10+C11+E11-D10-F10) -> 1381.19 | I11: =IF(P11="Выходной",SUM(C11*150)*1.5,SUM(C11*150)) -> 0 | J11: =IF(P11="Выходной",SUM(D11*150)*1.5,SUM(D11*150)) -> 0 | K11: =IF(OR(WEEKDAY(A11)=1,WEEKDAY(A11)=7,NOT(ISERROR(MATCH(A11,[1]Праздники!A:A,0)))),SUM(E11*225)*1.5,SUM(E11*225)) -> 0 | L11: =IF(OR(WEEKDAY(A11)=1,WEEKDAY(A11)=7,NOT(ISERROR(MATCH(A11,[1]Праздники!A:A,0)))),SUM(F11*225)*1.5,SUM(F11*225)) -> 0 | M11: =SUM(G11*15) -> 20717.85 | N11: =SUM(H11)*750 -> 0 | O11: =SUM(I11:N11) -> 20717.85 | P11: =IF(OR(WEEKDAY(A11)=1,WEEKDAY(A11)=7,NOT(ISERROR(MATCH(A11,[1]Праздники!A:A,0)))),"Выходной","Рабочий") -> Рабочий
A12: 45968 | C12: 0 | D12: 0 | G12: =IF(A12 ="",0,G11+C12+E12-D11-F11) -> 1381.19 | I12: =IF(P12="Выходной",SUM(C12*150)*1.5,SUM(C12*150)) -> 0 | J12: =IF(P12="Выходной",SUM(D12*150)*1.5,SUM(D12*150)) -> 0 | K12: =IF(OR(WEEKDAY(A12)=1,WEEKDAY(A12)=7,NOT(ISERROR(MATCH(A12,[1]Праздники!A:A,0)))),SUM(E12*225)*1.5,SUM(E12*225)) -> 0 | L12: =IF(OR(WEEKDAY(A12)=1,WEEKDAY(A12)=7,NOT(ISERROR(MATCH(A12,[1]Праздники!A:A,0)))),SUM(F12*225)*1.5,SUM(F12*225)) -> 0 | M12: =SUM(G12*15) -> 20717.85 | N12: =SUM(H12)*750 -> 0 | O12: =SUM(I12:N12) -> 20717.85 | P12: =IF(OR(WEEKDAY(A12)=1,WEEKDAY(A12)=7,NOT(ISERROR(MATCH(A12,[1]Праздники!A:A,0)))),"Выходной","Рабочий") -> Рабочий
A13: 45969 | C13: 0 | D13: 0 | G13: =IF(A13 ="",0,G12+C13+E13-D12-F12) -> 1381.19 | I13: =IF(P13="Выходной",SUM(C13*150)*1.5,SUM(C13*150)) -> 0 | J13: =IF(P13="Выходной",SUM(D13*150)*1.5,SUM(D13*150)) -> 0 | K13: =IF(OR(WEEKDAY(A13)=1,WEEKDAY(A13)=7,NOT(ISERROR(MATCH(A13,[1]Праздники!A:A,0)))),SUM(E13*225)*1.5,SUM(E13*225)) -> 0 | L13: =IF(OR(WEEKDAY(A13)=1,WEEKDAY(A13)=7,NOT(ISERROR(MATCH(A13,[1]Праздники!A:A,0)))),SUM(F13*225)*1.5,SUM(F13*225)) -> 0 | M13: =SUM(G13*15) -> 20717.85 | N13: =SUM(H13)*750 -> 0 | O13: =SUM(I13:N13) -> 20717.85 | P13: =IF(OR(WEEKDAY(A13)=1,WEEKDAY(A13)=7,NOT(ISERROR(MATCH(A13,[1]Праздники!A:A,0)))),"Выходной","Рабочий") -> Выходной
A14: 45970 | C14: 0 | D14: 0 | G14: =IF(A14 ="",0,G13+C14+E14-D13-F13) -> 1381.19 | I14: =IF(P14="Выходной",SUM(C14*150)*1.5,SUM(C14*150)) -> 0 | J14: =IF(P14="Выходной",SUM(D14*150)*1.5,SUM(D14*150)) -> 0 | K14: =IF(OR(WEEKDAY(A14)=1,WEEKDAY(A14)=7,NOT(ISERROR(MATCH(A14,[1]Праздники!A:A,0)))),SUM(E14*225)*1.5,SUM(E14*225)) -> 0 | L14: =IF(OR(WEEKDAY(A14)=1,WEEKDAY(A14)=7,NOT(ISERROR(MATCH(A14,[1]Праздники!A:A,0)))),SUM(F14*225)*1.5,SUM(F14*225)) -> 0 | M14: =SUM(G14*15) -> 20717.85 | N14: =SUM(H14)*750 -> 0 | O14: =SUM(I14:N14) -> 20717.85 | P14: =IF(OR(WEEKDAY(A14)=1,WEEKDAY(A14)=7,NOT(ISERROR(MATCH(A14,[1]Праздники!A:A,0)))),"Выходной","Рабочий") -> Выходной
A15: 45971 | C15: 0 | D15: 12.375 | G15: =IF(A15 ="",0,G14+C15+E15-D14-F14) -> 1381.19 | I15: =IF(P15="Выходной",SUM(C15*150)*1.5,SUM(C15*150)) -> 0 | J15: =IF(P15="Выходной",SUM(D15*150)*1.5,SUM(D15*150)) -> 1856.25 | K15: =IF(OR(WEEKDAY(A15)=1,WEEKDAY(A15)=7,NOT(ISERROR(MATCH(A15,[1]Праздники!A:A,0)))),SUM(E15*225)*1.5,SUM(E15*225)) -> 0 | L15: =IF(OR(WEEKDAY(A15)=1,WEEKDAY(A15)=7,NOT(ISERROR(MATCH(A15,[1]Праздники!A:A,0)))),SUM(F15*225)*1.5,SUM(F15*225)) -> 0 | M15: =SUM(G15*15) -> 20717.85 | N15: =SUM(H15)*750 -> 0 | O15: =SUM(I15:N15) -> 22574.1 | P15: =IF(OR(WEEKDAY(A15)=1,WEEKDAY(A15)=7,NOT(ISERROR(MATCH(A15,[1]Праздники!A:A,0)))),"Выходной","Рабочий") -> Рабочий
A16: 45972 | C16: 0 | D16: 34.875 | G16: =IF(A16 ="",0,G15+C16+E16-D15-F15) -> 1368.815 | I16: =IF(P16="Выходной",SUM(C16*150)*1.5,SUM(C16*150)) -> 0 | J16: =IF(P16="Выходной",SUM(D16*150)*1.5,SUM(D16*150)) -> 5231.25 | K16: =IF(OR(WEEKDAY(A16)=1,WEEKDAY(A16)=7,NOT(ISERROR(MATCH(A16,[1]Праздники!A:A,0)))),SUM(E16*225)*1.5,SUM(E16*225)) -> 0 | L16: =IF(OR(WEEKDAY(A16)=1,WEEKDAY(A16)=7,NOT(ISERROR(MATCH(A16,[1]Праздники!A:A,0)))),SUM(F16*225)*1.5,SUM(F16*225)) -> 0 | M16: =SUM(G16*15) -> 20532.225 | N16: =SUM(H16)*750 -> 0 | O16: =SUM(I16:N16) -> 25763.475 | P16: =IF(OR(WEEKDAY(A16)=1,WEEKDAY(A16)=7,NOT(ISERROR(MATCH(A16,[1]Праздники!A:A,0)))),"Выходной","Рабочий") -> Рабочий
A17: 45973 | C17: 0 | D17: 0 | G17: =IF(A17 ="",0,G16+C17+E17-D16-F16) -> 1333.94 | I17: =IF(P17="Выходной",SUM(C17*150)*1.5,SUM(C17*150)) -> 0 | J17: =IF(P17="Выходной",SUM(D17*150)*1.5,SUM(D17*150)) -> 0 | K17: =IF(OR(WEEKDAY(A17)=1,WEEKDAY(A17)=7,NOT(ISERROR(MATCH(A17,[1]Праздники!A:A,0)))),SUM(E17*225)*1.5,SUM(E17*225)) -> 0 | L17: =IF(OR(WEEKDAY(A17)=1,WEEKDAY(A17)=7,NOT(ISERROR(MATCH(A17,[1]Праздники!A:A,0)))),SUM(F17*225)*1.5,SUM(F17*225)) -> 0 | M17: =SUM(G17*15) -> 20009.1 | N17: =SUM(H17)*750 -> 0 | O17: =SUM(I17:N17) -> 20009.1 | P17: =IF(OR(WEEKDAY(A17)=1,WEEKDAY(A17)=7,NOT(ISERROR(MATCH(A17,[1]Праздники!A:A,0)))),"Выходной","Рабочий") -> Рабочий
A18: 45974 | C18: 0 | D18: 37.125 | G18: =IF(A18 ="",0,G17+C18+E18-D17-F17) -> 1333.94 | I18: =IF(P18="Выходной",SUM(C18*150)*1.5,SUM(C18*150)) -> 0 | J18: =IF(P18="Выходной",SUM(D18*150)*1.5,SUM(D18*150)) -> 5568.75 | K18: =IF(OR(WEEKDAY(A18)=1,WEEKDAY(A18)=7,NOT(ISERROR(MATCH(A18,[1]Праздники!A:A,0)))),SUM(E18*225)*1.5,SUM(E18*225)) -> 0 | L18: =IF(OR(WEEKDAY(A18)=1,WEEKDAY(A18)=7,NOT(ISERROR(MATCH(A18,[1]Праздники!A:A,0)))),SUM(F18*225)*1.5,SUM(F18*225)) -> 0 | M18: =SUM(G18*15) -> 20009.1 | N18: =SUM(H18)*750 -> 0 | O18: =SUM(I18:N18) -> 25577.85 | P18: =IF(OR(WEEKDAY(A18)=1,WEEKDAY(A18)=7,NOT(ISERROR(MATCH(A18,[1]Праздники!A:A,0)))),"Выходной","Рабочий") -> Рабочий
... A24: 45980 | C24: 0 | D24: 0 | G24: =IF(A24 ="",0,G23+C24+E24-D23-F23) -> 1296.815 | I24: =IF(P24="Выходной",SUM(C24*150)*1.5,SUM(C24*150)) -> 0 | J24: =IF(P24="Выходной",SUM(D24*150)*1.5,SUM(D24*150)) -> 0 | K24: =IF(OR(WEEKDAY(A24)=1,WEEKDAY(A24)=7,NOT(ISERROR(MATCH(A24,[1]Праздники!A:A,0)))),SUM(E24*225)*1.5,SUM(E24*225)) -> 0 | L24: =IF(OR(WEEKDAY(A24)=1,WEEKDAY(A24)=7,NOT(ISERROR(MATCH(A24,[1]Праздники!A:A,0)))),SUM(F24*225)*1.5,SUM(F24*225)) -> 0 | M24: =SUM(G24*15) -> 19452.225 | N24: =SUM(H24)*750 -> 0 | O24: =SUM(I24:N24) -> 19452.225 | P24: =IF(OR(WEEKDAY(A24)=1,WEEKDAY(A24)=7,NOT(ISERROR(MATCH(A24,[1]Праздники!A:A,0)))),"Выходной","Рабочий") -> Рабочий
A25: 45981 | C25: 0 | D25: 17.17 | G25: =IF(A25 ="",0,G24+C25+E25-D24-F24) -> 1296.815 | I25: =IF(P25="Выходной",SUM(C25*150)*1.5,SUM(C25*150)) -> 0 | J25: =IF(P25="Выходной",SUM(D25*150)*1.5,SUM(D25*150))-7.17*150 -> 1500 | K25: =IF(OR(WEEKDAY(A25)=1,WEEKDAY(A25)=7,NOT(ISERROR(MATCH(A25,[1]Праздники!A:A,0)))),SUM(E25*225)*1.5,SUM(E25*225)) -> 0 | L25: =IF(OR(WEEKDAY(A25)=1,WEEKDAY(A25)=7,NOT(ISERROR(MATCH(A25,[1]Праздники!A:A,0)))),SUM(F25*225)*1.5,SUM(F25*225)) -> 0 | M25: =SUM(G25*15) -> 19452.225 | N25: =SUM(H25)*750 -> 0 | O25: =SUM(I25:N25) -> 20952.225 | P25: =IF(OR(WEEKDAY(A25)=1,WEEKDAY(A25)=7,NOT(ISERROR(MATCH(A25,[1]Праздники!A:A,0)))),"Выходной","Рабочий") -> Рабочий
A26: 45982 | C26: 0 | D26: 22 | G26: =IF(A26 ="",0,G25+C26+E26-D25-F25) -> 1279.645 | I26: =IF(P26="Выходной",SUM(C26*150)*1.5,SUM(C26*150)) -> 0 | J26: =IF(P26="Выходной",SUM(D26*150)*1.5,SUM(D26*150)) -> 3300 | K26: =IF(OR(WEEKDAY(A26)=1,WEEKDAY(A26)=7,NOT(ISERROR(MATCH(A26,[1]Праздники!A:A,0)))),SUM(E26*225)*1.5,SUM(E26*225)) -> 0 | L26: =IF(OR(WEEKDAY(A26)=1,WEEKDAY(A26)=7,NOT(ISERROR(MATCH(A26,[1]Праздники!A:A,0)))),SUM(F26*225)*1.5,SUM(F26*225)) -> 0 | M26: =SUM(G26*15) -> 19194.675 | N26: =SUM(H26)*750 -> 0 | O26: =SUM(I26:N26) -> 22494.675 | P26: =IF(OR(WEEKDAY(A26)=1,WEEKDAY(A26)=7,NOT(ISERROR(MATCH(A26,[1]Праздники!A:A,0)))),"Выходной","Рабочий") -> Рабочий
A27: 45983 | C27: 0 | D27: 0 | G27: =IF(A27 ="",0,G26+C27+E27-D26-F26) -> 1257.645 | I27: =IF(P27="Выходной",SUM(C27*150)*1.5,SUM(C27*150)) -> 0 | J27: =IF(P27="Выходной",SUM(D27*150)*1.5,SUM(D27*150)) -> 0 | K27: =IF(OR(WEEKDAY(A27)=1,WEEKDAY(A27)=7,NOT(ISERROR(MATCH(A27,[1]Праздники!A:A,0)))),SUM(E27*225)*1.5,SUM(E27*225)) -> 0 | L27: =IF(OR(WEEKDAY(A27)=1,WEEKDAY(A27)=7,NOT(ISERROR(MATCH(A27,[1]Праздники!A:A,0)))),SUM(F27*225)*1.5,SUM(F27*225)) -> 0 | M27: =SUM(G27*15) -> 18864.675 | N27: =SUM(H27)*750 -> 0 | O27: =SUM(I27:N27) -> 18864.675 | P27: =IF(OR(WEEKDAY(A27)=1,WEEKDAY(A27)=7,NOT(ISERROR(MATCH(A27,[1]Праздники!A:A,0)))),"Выходной","Рабочий") -> Выходной
A28: 45984 | C28: 0 | D28: 0 | G28: =IF(A28 ="",0,G27+C28+E28-D27-F27) -> 1257.645 | I28: =IF(P28="Выходной",SUM(C28*150)*1.5,SUM(C28*150)) -> 0 | J28: =IF(P28="Выходной",SUM(D28*150)*1.5,SUM(D28*150)) -> 0 | K28: =IF(OR(WEEKDAY(A28)=1,WEEKDAY(A28)=7,NOT(ISERROR(MATCH(A28,[1]Праздники!A:A,0)))),SUM(E28*225)*1.5,SUM(E28*225)) -> 0 | L28: =IF(OR(WEEKDAY(A28)=1,WEEKDAY(A28)=7,NOT(ISERROR(MATCH(A28,[1]Праздники!A:A,0)))),SUM(F28*225)*1.5,SUM(F28*225)) -> 0 | M28: =SUM(G28*15) -> 18864.675 | N28: =SUM(H28)*750 -> 0 | O28: =SUM(I28:N28) -> 18864.675 | P28: =IF(OR(WEEKDAY(A28)=1,WEEKDAY(A28)=7,NOT(ISERROR(MATCH(A28,[1]Праздники!A:A,0)))),"Выходной","Рабочий") -> Выходной
A29: 45985 | C29: 0 | D29: 0 | G29: =IF(A29 ="",0,G28+C29+E29-D28-F28)+129 -> 1386.645 | I29: =IF(P29="Выходной",SUM(C29*150)*1.5,SUM(C29*150)) -> 0 | J29: =IF(P29="Выходной",SUM(D29*150)*1.5,SUM(D29*150)) -> 0 | K29: =IF(OR(WEEKDAY(A29)=1,WEEKDAY(A29)=7,NOT(ISERROR(MATCH(A29,[1]Праздники!A:A,0)))),SUM(E29*225)*1.5,SUM(E29*225)) -> 0 | L29: =IF(OR(WEEKDAY(A29)=1,WEEKDAY(A29)=7,NOT(ISERROR(MATCH(A29,[1]Праздники!A:A,0)))),SUM(F29*225)*1.5,SUM(F29*225)) -> 0 | M29: =SUM(G29*15) -> 20799.675 | N29: =SUM(H29)*750 -> 0 | O29: =SUM(I29:N29) -> 20799.675 | P29: =IF(OR(WEEKDAY(A29)=1,WEEKDAY(A29)=7,NOT(ISERROR(MATCH(A29,[1]Праздники!A:A,0)))),"Выходной","Рабочий") -> Рабочий
A30: 45986 | C30: 0 | D30: 0 | G30: =IF(A30 ="",0,G29+C30+E30-D29-F29)+45 -> 1431.645 | I30: =IF(P30="Выходной",SUM(C30*150)*1.5,SUM(C30*150)) -> 0 | J30: =IF(P30="Выходной",SUM(D30*150)*1.5,SUM(D30*150)) -> 0 | K30: =IF(OR(WEEKDAY(A30)=1,WEEKDAY(A30)=7,NOT(ISERROR(MATCH(A30,[1]Праздники!A:A,0)))),SUM(E30*225)*1.5,SUM(E30*225)) -> 0 | L30: =IF(OR(WEEKDAY(A30)=1,WEEKDAY(A30)=7,NOT(ISERROR(MATCH(A30,[1]Праздники!A:A,0)))),SUM(F30*225)*1.5,SUM(F30*225)) -> 0 | M30: =SUM(G30*15) -> 21474.675 | N30: =SUM(H30)*750 -> 0 | O30: =SUM(I30:N30) -> 21474.675 | P30: =IF(OR(WEEKDAY(A30)=1,WEEKDAY(A30)=7,NOT(ISERROR(MATCH(A30,[1]Праздники!A:A,0)))),"Выходной","Рабочий") -> Рабочий
A31: 45987 | C31: 0 | D31: 11 | G31: =IF(A31 ="",0,G30+C31+E31-D30-F30) -> 1431.645 | I31: =IF(P31="Выходной",SUM(C31*150)*1.5,SUM(C31*150)) -> 0 | J31: =IF(P31="Выходной",SUM(D31*150)*1.5,SUM(D31*150)) -> 1650 | K31: =IF(OR(WEEKDAY(A31)=1,WEEKDAY(A31)=7,NOT(ISERROR(MATCH(A31,[1]Праздники!A:A,0)))),SUM(E31*225)*1.5,SUM(E31*225)) -> 0 | L31: =IF(OR(WEEKDAY(A31)=1,WEEKDAY(A31)=7,NOT(ISERROR(MATCH(A31,[1]Праздники!A:A,0)))),SUM(F31*225)*1.5,SUM(F31*225)) -> 0 | M31: =SUM(G31*15) -> 21474.675 | N31: =SUM(H31)*750 -> 0 | O31: =SUM(I31:N31) -> 23124.675 | P31: =IF(OR(WEEKDAY(A31)=1,WEEKDAY(A31)=7,NOT(ISERROR(MATCH(A31,[1]Праздники!A:A,0)))),"Выходной","Рабочий") -> Рабочий
A32: 45988 | C32: 0 | D32: 0 | G32: =IF(A32 ="",0,G31+C32+E32-D31-F31) -> 1420.645 | I32: =IF(P32="Выходной",SUM(C32*150)*1.5,SUM(C32*150)) -> 0 | J32: =IF(P32="Выходной",SUM(D32*150)*1.5,SUM(D32*150)) -> 0 | K32: =IF(OR(WEEKDAY(A32)=1,WEEKDAY(A32)=7,NOT(ISERROR(MATCH(A32,[1]Праздники!A:A,0)))),SUM(E32*225)*1.5,SUM(E32*225)) -> 0 | L32: =IF(OR(WEEKDAY(A32)=1,WEEKDAY(A32)=7,NOT(ISERROR(MATCH(A32,[1]Праздники!A:A,0)))),SUM(F32*225)*1.5,SUM(F32*225)) -> 0 | M32: =SUM(G32*15) -> 21309.675 | N32: =SUM(H32)*750 -> 0 | O32: =SUM(I32:N32) -> 21309.675 | P32: =IF(OR(WEEKDAY(A32)=1,WEEKDAY(A32)=7,NOT(ISERROR(MATCH(A32,[1]Праздники!A:A,0)))),"Выходной","Рабочий") -> Рабочий
A33: 45989 | C33: 0 | D33: 25 | G33: =IF(A33 ="",0,G32+C33+E33-D32-F32) -> 1420.645 | I33: =IF(P33="Выходной",SUM(C33*150)*1.5,SUM(C33*150)) -> 0 | J33: =IF(P33="Выходной",SUM(D33*150)*1.5,SUM(D33*150)) -> 3750 | K33: =IF(OR(WEEKDAY(A33)=1,WEEKDAY(A33)=7,NOT(ISERROR(MATCH(A33,[1]Праздники!A:A,0)))),SUM(E33*225)*1.5,SUM(E33*225)) -> 0 | L33: =IF(OR(WEEKDAY(A33)=1,WEEKDAY(A33)=7,NOT(ISERROR(MATCH(A33,[1]Праздники!A:A,0)))),SUM(F33*225)*1.5,SUM(F33*225)) -> 0 | M33: =SUM(G33*15) -> 21309.675 | N33: =SUM(H33)*750 -> 0 | O33: =SUM(I33:N33) -> 25059.675 | P33: =IF(OR(WEEKDAY(A33)=1,WEEKDAY(A33)=7,NOT(ISERROR(MATCH(A33,[1]Праздники!A:A,0)))),"Выходной","Рабочий") -> Рабочий
A34: 45990 | C34: 0 | D34: 0 | G34: =IF(A34 ="",0,G33+C34+E34-D33-F33) -> 1395.645 | I34: =IF(P34="Выходной",SUM(C34*150)*1.5,SUM(C34*150)) -> 0 | J34: =IF(P34="Выходной",SUM(D34*150)*1.5,SUM(D34*150)) -> 0 | K34: =IF(OR(WEEKDAY(A34)=1,WEEKDAY(A34)=7,NOT(ISERROR(MATCH(A34,[1]Праздники!A:A,0)))),SUM(E34*225)*1.5,SUM(E34*225)) -> 0 | L34: =IF(OR(WEEKDAY(A34)=1,WEEKDAY(A34)=7,NOT(ISERROR(MATCH(A34,[1]Праздники!A:A,0)))),SUM(F34*225)*1.5,SUM(F34*225)) -> 0 | M34: =SUM(G34*15) -> 20934.675 | N34: =SUM(H34)*750 -> 0 | O34: =SUM(I34:N34) -> 20934.675 | P34: =IF(OR(WEEKDAY(A34)=1,WEEKDAY(A34)=7,NOT(ISERROR(MATCH(A34,[1]Праздники!A:A,0)))),"Выходной","Рабочий") -> Выходной
A35: 45991 | C35: 0 | D35: 1.35 | G35: =IF(A35 ="",0,G34+C35+E35-D34-F34) -> 1395.645 | I35: =IF(P35="Выходной",SUM(C35*150)*1.5,SUM(C35*150)) -> 0 | J35: =IF(P35="Выходной",SUM(D35*150)*1.5,SUM(D35*150)) -> 303.75 | K35: =IF(OR(WEEKDAY(A35)=1,WEEKDAY(A35)=7,NOT(ISERROR(MATCH(A35,[1]Праздники!A:A,0)))),SUM(E35*225)*1.5,SUM(E35*225)) -> 0 | L35: =IF(OR(WEEKDAY(A35)=1,WEEKDAY(A35)=7,NOT(ISERROR(MATCH(A35,[1]Праздники!A:A,0)))),SUM(F35*225)*1.5,SUM(F35*225)) -> 0 | M35: =SUM(G35*15) -> 20934.675 | N35: =SUM(H35)*750 -> 0 | O35: =SUM(I35:N35) -> 21238.425 | P35: =IF(OR(WEEKDAY(A35)=1,WEEKDAY(A35)=7,NOT(ISERROR(MATCH(A35,[1]Праздники!A:A,0)))),"Выходной","Рабочий") -> Выходной
C36: 0 | D36: 0 | G36: =IF(A36 ="",0,G35+C36+E36-D35-F35) -> 0 | I36: =IF(P36="Выходной",SUM(C36*150)*1.5,SUM(C36*150)) -> 0 | J36: =IF(P36="Выходной",SUM(D36*150)*1.5,SUM(D36*150)) -> 0 | K36: =IF(OR(WEEKDAY(A36)=1,WEEKDAY(A36)=7,NOT(ISERROR(MATCH(A36,[1]Праздники!A:A,0)))),SUM(E36*225)*1.5,SUM(E36*225)) -> 0 | L36: =IF(OR(WEEKDAY(A36)=1,WEEKDAY(A36)=7,NOT(ISERROR(MATCH(A36,[1]Праздники!A:A,0)))),SUM(F36*225)*1.5,SUM(F36*225)) -> 0 | M36: =SUM(G36*15) -> 0 | N36: =SUM(H36)*750 -> 0 | O36: =SUM(I36:N36) -> 0 | P36: =IF(OR(WEEKDAY(A36)=1,WEEKDAY(A36)=7,NOT(ISERROR(MATCH(A36,[1]Праздники!A:A,0)))),"Выходной","Рабочий") -> Выходной
C37: =SUM(C6:C36) -> 0 | D37: =SUM(D6:D36) -> 228.32 | E37: =SUM(E6:E36) -> 0 | F37: =SUM(F6:F36) -> 0 | G37: =SUM(G6:G36) -> 40741.475 | H37: =SUM(H6:H36) -> 0 | I37: =SUM(I6:I36) -> 0 | J37: =SUM(J6:J36) -> 34623.75 | ... O37: =SUM(O6:O36) -> 645745.88
N38: С НДС; | O38: =O37*1.2 -> 774895.05

Sheet РВ ГАЗ
R1: Выходной | S1: Рабочий
Q2: Выгрузка | R2: =SUMIF($P$6:$P$36,R$1,$C6:$C36) -> 0 | S2: =SUMIF($P$6:$P$36,S$1,$C6:$C36) -> 0
A3: ="Отчет по хранению товара РВ " & TEXT(A6,"ММММ ") & YEAR(A6) & " Ленина 88" -> Отчет по хранению товара РВ Ноябрь 2025 Ленина 88 | Q3: Отгрузка | R3: =SUMIF($P$6:$P$36,R$1,$D6:$D36) -> 42.75 | S3: =SUMIF($P$6:$P$36,S$1,$D6:$D36) -> 160.855
A4: дата | C4: Выгрузка кол-во тонн | D4: Загрузка кол-во тонн | E4: Выгрузка после 20:00 | F4: Загрузка после 20:00 | G4: Хранение | H4: переконсолидация (тонн) | I4: стоимость выгрузки | J4: стоимость загрузки | K4: Стоимость выгрузки после 20:00 | L4: Стоимость загрузки после 20:00 | M4: стоимость хранения | N4: стоимость переконс. | O4: итого
G5: (кол-во тонн)
A6: 45962 | C6: 0 | D6: 44 | G6: 377.605 | I6: =IF(P6="Выходной",SUM(C6*150)*1.5,SUM(C6*150)) -> 0 | J6: =IF(P6="Выходной",SUM(D6*150)*1.5,SUM(D6*150)) -> 6600 | K6: =IF(OR(WEEKDAY(A6)=1,WEEKDAY(A6)=7,NOT(ISERROR(MATCH(A6,[1]Праздники!A:A,0)))),SUM(E6*225)*1.5,SUM(E6*225)) -> 0 | L6: =IF(OR(WEEKDAY(A6)=1,WEEKDAY(A6)=7,NOT(ISERROR(MATCH(A6,[1]Праздники!A:A,0)))),SUM(F6*225)*1.5,SUM(F6*225)) -> 0 | M6: =SUM(G6*15) -> 5664.075 | N6: =SUM(H6)*750 -> 0 | O6: =SUM(I6:N6) -> 12264.075 | P6: Рабочий
A7: 45963 | C7: 0 | D7: 0 | G7: =IF(A7 ="",0,G6+C7+E7-D6-F6) -> 333.605 | I7: =IF(P7="Выходной",SUM(C7*150)*1.5,SUM(C7*150)) -> 0 | J7: =IF(P7="Выходной",SUM(D7*150)*1.5,SUM(D7*150)) -> 0 | K7: =IF(OR(WEEKDAY(A7)=1,WEEKDAY(A7)=7,NOT(ISERROR(MATCH(A7,[1]Праздники!A:A,0)))),SUM(E7*225)*1.5,SUM(E7*225)) -> 0 | L7: =IF(OR(WEEKDAY(A7)=1,WEEKDAY(A7)=7,NOT(ISERROR(MATCH(A7,[1]Праздники!A:A,0)))),SUM(F7*225)*1.5,SUM(F7*225)) -> 0 | M7: =SUM(G7*15) -> 5004.075 | N7: =SUM(H7)*750 -> 0 | O7: =SUM(I7:N7) -> 5004.075 | P7: =IF(OR(WEEKDAY(A7)=1,WEEKDAY(A7)=7,NOT(ISERROR(MATCH(A7,[1]Праздники!A:A,0)))),"Выходной","Рабочий") -> Выходной
A8: 45964 | C8: 0 | D8: 0 | G8: =IF(A8 ="",0,G7+C8+E8-D7-F7) -> 333.605 | I8: =IF(P8="Выходной",SUM(C8*150)*1.5,SUM(C8*150)) -> 0 | J8: =IF(P8="Выходной",SUM(D8*150)*1.5,SUM(D8*150)) -> 0 | K8: =IF(OR(WEEKDAY(A8)=1,WEEKDAY(A8)=7,NOT(ISERROR(MATCH(A8,[1]Праздники!A:A,0)))),SUM(E8*225)*1.5,SUM(E8*225)) -> 0 | L8: =IF(OR(WEEKDAY(A8)=1,WEEKDAY(A8)=7,NOT(ISERROR(MATCH(A8,[1]Праздники!A:A,0)))),SUM(F8*225)*1.5,SUM(F8*225)) -> 0 | M8: =SUM(G8*15) -> 5004.075 | N8: =SUM(H8)*750 -> 0 | O8: =SUM(I8:N8) -> 5004.075 | P8: =IF(OR(WEEKDAY(A8)=1,WEEKDAY(A8)=7,NOT(ISERROR(MATCH(A8,[1]Праздники!A:A,0)))),"Выходной","Рабочий") -> Выходной
A9: 45965 | C9: 0 | D9: 0 | G9: =IF(A9 ="",0,G8+C9+E9-D8-F8) -> 333.605 | I9: =IF(P9="Выходной",SUM(C9*150)*1.5,SUM(C9*150)) -> 0 | J9: =IF(P9="Выходной",SUM(D9*150)*1.5,SUM(D9*150)) -> 0 | K9: =IF(OR(WEEKDAY(A9)=1,WEEKDAY(A9)=7,NOT(ISERROR(MATCH(A9,[1]Праздники!A:A,0)))),SUM(E9*225)*1.5,SUM(E9*225)) -> 0 | L9: =IF(OR(WEEKDAY(A9)=1,WEEKDAY(A9)=7,NOT(ISERROR(MATCH(A9,[1]Праздники!A:A,0)))),SUM(F9*225)*1.5,SUM(F9*225)) -> 0 | M9: =SUM(G9*15) -> 5004.075 | N9: =SUM(H9)*750 -> 0 | O9: =SUM(I9:N9) -> 5004.075 | P9: =IF(OR(WEEKDAY(A9)=1,WEEKDAY(A9)=7,NOT(ISERROR(MATCH(A9,[1]Праздники!A:A,0)))),"Выходной","Рабочий") -> Выходной
A10: 45966 | C10: 0 | D10: 0 | G10: =IF(A10 ="",0,G9+C10+E10-D9-F9) -> 333.605 | I10: =IF(P10="Выходной",SUM(C10*150)*1.5,SUM(C10*150)) -> 0 | J10: =IF(P10="Выходной",SUM(D10*150)*1.5,SUM(D10*150)) -> 0 | K10: =IF(OR(WEEKDAY(A10)=1,WEEKDAY(A10)=7,NOT(ISERROR(MATCH(A10,[1]Праздники!A:A,0)))),SUM(E10*225)*1.5,SUM(E10*225)) -> 0 | L10: =IF(OR(WEEKDAY(A10)=1,WEEKDAY(A10)=7,NOT(ISERROR(MATCH(A10,[1]Праздники!A:A,0)))),SUM(F10*225)*1.5,SUM(F10*225)) -> 0 | M10: =SUM(G10*15) -> 5004.075 | N10: =SUM(H10)*750 -> 0 | O10: =SUM(I10:N10) -> 5004.075 | P10: =IF(OR(WEEKDAY(A10)=1,WEEKDAY(A10)=7,NOT(ISERROR(MATCH(A10,[1]Праздники!A:A,0)))),"Выходной","Рабочий") -> Рабочий
A11: 45967 | C11: 0 | D11: 0 | G11: =IF(A11 ="",0,G10+C11+E11-D10-F10) -> 333.605 | I11: =IF(P11="Выходной",SUM(C11*150)*1.5,SUM(C11*150)) -> 0 | J11: =IF(P11="Выходной",SUM(D11*150)*1.5,SUM(D11*150)) -> 0 | K11: =IF(OR(WEEKDAY(A11)=1,WEEKDAY(A11)=7,NOT(ISERROR(MATCH(A11,[1]Праздники!A:A,0)))),SUM(E11*225)*1.5,SUM(E11*225)) -> 0 | L11: =IF(OR(WEEKDAY(A11)=1,WEEKDAY(A11)=7,NOT(ISERROR(MATCH(A11,[1]Праздники!A:A,0)))),SUM(F11*225)*1.5,SUM(F11*225)) -> 0 | M11: =SUM(G11*15) -> 5004.075 | N11: =SUM(H11)*750 -> 0 | O11: =SUM(I11:N11) -> 5004.075 | P11: =IF(OR(WEEKDAY(A11)=1,WEEKDAY(A11)=7,NOT(ISERROR(MATCH(A11,[1]Праздники!A:A,0)))),"Выходной","Рабочий") -> Рабочий
A12: 45968 | C12: 0 | D12: 0 | G12: =IF(A12 ="",0,G11+C12+E12-D11-F11) -> 333.605 | I12: =IF(P12="Выходной",SUM(C12*150)*1.5,SUM(C12*150)) -> 0 | J12: =IF(P12="Выходной",SUM(D12*150)*1.5,SUM(D12*150)) -> 0 | K12: =IF(OR(WEEKDAY(A12)=1,WEEKDAY(A12)=7,NOT(ISERROR(MATCH(A12,[1]Праздники!A:A,0)))),SUM(E12*225)*1.5,SUM(E12*225)) -> 0 | L12: =IF(OR(WEEKDAY(A12)=1,WEEKDAY(A12)=7,NOT(ISERROR(MATCH(A12,[1]Праздники!A:A,0)))),SUM(F12*225)*1.5,SUM(F12*225)) -> 0 | M12: =SUM(G12*15) -> 5004.075 | N12: =SUM(H12)*750 -> 0 | O12: =SUM(I12:N12) -> 5004.075 | P12: =IF(OR(WEEKDAY(A12)=1,WEEKDAY(A12)=7,NOT(ISERROR(MATCH(A12,[1]Праздники!A:A,0)))),"Выходной","Рабочий") -> Рабочий
A13: 45969 | C13: 0 | D13: 0 | G13: =IF(A13 ="",0,G12+C13+E13-D12-F12) -> 333.605 | I13: =IF(P13="Выходной",SUM(C13*150)*1.5,SUM(C13*150)) -> 0 | J13: =IF(P13="Выходной",SUM(D13*150)*1.5,SUM(D13*150)) -> 0 | K13: =IF(OR(WEEKDAY(A13)=1,WEEKDAY(A13)=7,NOT(ISERROR(MATCH(A13,[1]Праздники!A:A,0)))),SUM(E13*225)*1.5,SUM(E13*225)) -> 0 | L13: =IF(OR(WEEKDAY(A13)=1,WEEKDAY(A13)=7,NOT(ISERROR(MATCH(A13,[1]Праздники!A:A,0)))),SUM(F13*225)*1.5,SUM(F13*225)) -> 0 | M13: =SUM(G13*15) -> 5004.075 | N13: =SUM(H13)*750 -> 0 | O13: =SUM(I13:N13) -> 5004.075 | P13: =IF(OR(WEEKDAY(A13)=1,WEEKDAY(A13)=7,NOT(ISERROR(MATCH(A13,[1]Праздники!A:A,0)))),"Выходной","Рабочий") -> Выходной
A14: 45970 | C14: 0 | D14: 42.75 | G14: =IF(A14 ="",0,G13+C14+E14-D13-F13) -> 333.605 | I14: =IF(P14="Выходной",SUM(C14*150)*1.5,SUM(C14*150)) -> 0 | J14: =IF(P14="Выходной",SUM(D14*150)*1.5,SUM(D14*150)) -> 9618.75 | K14: =IF(OR(WEEKDAY(A14)=1,WEEKDAY(A14)=7,NOT(ISERROR(MATCH(A14,[1]Праздники!A:A,0)))),SUM(E14*225)*1.5,SUM(E14*225)) -> 0 | L14: =IF(OR(WEEKDAY(A14)=1,WEEKDAY(A14)=7,NOT(ISERROR(MATCH(A14,[1]Праздники!A:A,0)))),SUM(F14*225)*1.5,SUM(F14*225)) -> 0 | M14: =SUM(G14*15) -> 5004.075 | N14: =SUM(H14)*750 -> 0 | O14: =SUM(I14:N14) -> 14622.825 | P14: =IF(OR(WEEKDAY(A14)=1,WEEKDAY(A14)=7,NOT(ISERROR(MATCH(A14,[1]Праздники!A:A,0)))),"Выходной","Рабочий") -> Выходной
A15: 45971 | C15: 0 | D15: 64.75 | G15: =IF(A15 ="",0,G14+C15+E15-D14-F14) -> 290.855 | I15: =IF(P15="Выходной",SUM(C15*150)*1.5,SUM(C15*150)) -> 0 | J15: =IF(P15="Выходной",SUM(D15*150)*1.5,SUM(D15*150)) -> 9712.5 | K15: =IF(OR(WEEKDAY(A15)=1,WEEKDAY(A15)=7,NOT(ISERROR(MATCH(A15,[1]Праздники!A:A,0)))),SUM(E15*225)*1.5,SUM(E15*225)) -> 0 | L15: =IF(OR(WEEKDAY(A15)=1,WEEKDAY(A15)=7,NOT(ISERROR(MATCH(A15,[1]Праздники!A:A,0)))),SUM(F15*225)*1.5,SUM(F15*225)) -> 0 | M15: =SUM(G15*15) -> 4362.825 | N15: =SUM(H15)*750 -> 0 | O15: =SUM(I15:N15) -> 14075.325 | P15: =IF(OR(WEEKDAY(A15)=1,WEEKDAY(A15)=7,NOT(ISERROR(MATCH(A15,[1]Праздники!A:A,0)))),"Выходной","Рабочий") -> Рабочий
A16: 45972 | C16: 0 | D16: 7.875 | G16: =IF(A16 ="",0,G15+C16+E16-D15-F15) -> 226.105 | I16: =IF(P16="Выходной",SUM(C16*150)*1.5,SUM(C16*150)) -> 0 | J16: =IF(P16="Выходной",SUM(D16*150)*1.5,SUM(D16*150)) -> 1181.25 | K16: =IF(OR(WEEKDAY(A16)=1,WEEKDAY(A16)=7,NOT(ISERROR(MATCH(A16,[1]Праздники!A:A,0)))),SUM(E16*225)*1.5,SUM(E16*225)) -> 0 | L16: =IF(OR(WEEKDAY(A16)=1,WEEKDAY(A16)=7,NOT(ISERROR(MATCH(A16,[1]Праздники!A:A,0)))),SUM(F16*225)*1.5,SUM(F16*225)) -> 0 | M16: =SUM(G16*15) -> 3391.575 | N16: =SUM(H16)*750 -> 0 | O16: =SUM(I16:N16) -> 4572.825 | P16: =IF(OR(WEEKDAY(A16)=1,WEEKDAY(A16)=7,NOT(ISERROR(MATCH(A16,[1]Праздники!A:A,0)))),"Выходной","Рабочий") -> Рабочий
A17: 45973 | C17: 0 | D17: 0 | G17: =IF(A17 ="",0,G16+C17+E17-D16-F16) -> 218.23 | I17: =IF(P17="Выходной",SUM(C17*150)*1.5,SUM(C17*150)) -> 0 | J17: =IF(P17="Выходной",SUM(D17*150)*1.5,SUM(D17*150)) -> 0 | K17: =IF(OR(WEEKDAY(A17)=1,WEEKDAY(A17)=7,NOT(ISERROR(MATCH(A17,[1]Праздники!A:A,0)))),SUM(E17*225)*1.5,SUM(E17*225)) -> 0 | L17: =IF(OR(WEEKDAY(A17)=1,WEEKDAY(A17)=7,NOT(ISERROR(MATCH(A17,[1]Праздники!A:A,0)))),SUM(F17*225)*1.5,SUM(F17*225)) -> 0 | M17: =SUM(G17*15) -> 3273.45 | N17: =SUM(H17)*750 -> 0 | O17: =SUM(I17:N17) -> 3273.45 | P17: =IF(OR(WEEKDAY(A17)=1,WEEKDAY(A17)=7,NOT(ISERROR(MATCH(A17,[1]Праздники!A:A,0)))),"Выходной","Рабочий") -> Рабочий
A18: 45974 | C18: 0 | D18: 0 | G18: =IF(A18 ="",0,G17+C18+E18-D17-F17) -> 218.23 | I18: =IF(P18="Выходной",SUM(C18*150)*1.5,SUM(C18*150)) -> 0 | J18: =IF(P18="Выходной",SUM(D18*150)*1.5,SUM(D18*150)) -> 0 | K18: =IF(OR(WEEKDAY(A18)=1,WEEKDAY(A18)=7,NOT(ISERROR(MATCH(A18,[1]Праздники!A:A,0)))),SUM(E18*225)*1.5,SUM(E18*225)) -> 0 | L18: =IF(OR(WEEKDAY(A18)=1,WEEKDAY(A18)=7,NOT(ISERROR(MATCH(A18,[1]Праздники!A:A,0)))),SUM(F18*225)*1.5,SUM(F18*225)) -> 0 | M18: =SUM(G18*15) -> 3273.45 | N18: =SUM(H18)*750 -> 0 | O18: =SUM(I18:N18) -> 3273.45 | P18: =IF(OR(WEEKDAY(A18)=1,WEEKDAY(A18)=7,NOT(ISERROR(MATCH(A18,[1]Праздники!A:A,0)))),"Выходной","Рабочий") -> Рабочий
... A28: 45984 | C28: 0 | D28: 0 | G28: =IF(A28 ="",0,G27+C28+E28-D27-F27) -> 174 | I28: =IF(P28="Выходной",SUM(C28*150)*1.5,SUM(C28*150)) -> 0 | J28: =IF(P28="Выходной",SUM(D28*150)*1.5,SUM(D28*150)) -> 0 | K28: =IF(OR(WEEKDAY(A28)=1,WEEKDAY(A28)=7,NOT(ISERROR(MATCH(A28,[1]Праздники!A:A,0)))),SUM(E28*225)*1.5,SUM(E28*225)) -> 0 | L28: =IF(OR(WEEKDAY(A28)=1,WEEKDAY(A28)=7,NOT(ISERROR(MATCH(A28,[1]Праздники!A:A,0)))),SUM(F28*225)*1.5,SUM(F28*225)) -> 0 | M28: =SUM(G28*15) -> 2610 | N28: =SUM(H28)*750 -> 0 | O28: =SUM(I28:N28) -> 2610 | P28: =IF(OR(WEEKDAY(A28)=1,WEEKDAY(A28)=7,NOT(ISERROR(MATCH(A28,[1]Праздники!A:A,0)))),"Выходной","Рабочий") -> Выходной
A29: 45985 | C29: 0 | D29: 0 | G29: =IF(A29 ="",0,G28+C29+E29-D28-F28)-129 -> 45 | I29: =IF(P29="Выходной",SUM(C29*150)*1.5,SUM(C29*150)) -> 0 | J29: =IF(P29="Выходной",SUM(D29*150)*1.5,SUM(D29*150)) -> 0 | K29: =IF(OR(WEEKDAY(A29)=1,WEEKDAY(A29)=7,NOT(ISERROR(MATCH(A29,[1]Праздники!A:A,0)))),SUM(E29*225)*1.5,SUM(E29*225)) -> 0 | L29: =IF(OR(WEEKDAY(A29)=1,WEEKDAY(A29)=7,NOT(ISERROR(MATCH(A29,[1]Праздники!A:A,0)))),SUM(F29*225)*1.5,SUM(F29*225)) -> 0 | M29: =SUM(G29*15) -> 675 | N29: =SUM(H29)*750 -> 0 | O29: =SUM(I29:N29) -> 675 | P29: =IF(OR(WEEKDAY(A29)=1,WEEKDAY(A29)=7,NOT(ISERROR(MATCH(A29,[1]Праздники!A:A,0)))),"Выходной","Рабочий") -> Рабочий
A30: 45986 | C30: 0 | D30: 0 | G30: =IF(A30 ="",0,G29+C30+E30-D29-F29)-45 -> 0 | I30: =IF(P30="Выходной",SUM(C30*150)*1.5,SUM(C30*150)) -> 0 | J30: =IF(P30="Выходной",SUM(D30*150)*1.5,SUM(D30*150)) -> 0 | K30: =IF(OR(WEEKDAY(A30)=1,WEEKDAY(A30)=7,NOT(ISERROR(MATCH(A30,[1]Праздники!A:A,0)))),SUM(E30*225)*1.5,SUM(E30*225)) -> 0 | L30: =IF(OR(WEEKDAY(A30)=1,WEEKDAY(A30)=7,NOT(ISERROR(MATCH(A30,[1]Праздники!A:A,0)))),SUM(F30*225)*1.5,SUM(F30*225)) -> 0 | M30: =SUM(G30*15) -> 0 | N30: =SUM(H30)*750 -> 0 | O30: =SUM(I30:N30) -> 0 | P30: =IF(OR(WEEKDAY(A30)=1,WEEKDAY(A30)=7,NOT(ISERROR(MATCH(A30,[1]Праздники!A:A,0)))),"Выходной","Рабочий") -> Рабочий
A31: 45987 | C31: 0 | D31: 0 | G31: =IF(A31 ="",0,G30+C31+E31-D30-F30) -> 0 | I31: =IF(P31="Выходной",SUM(C31*150)*1.5,SUM(C31*150)) -> 0 | J31: =IF(P31="Выходной",SUM(D31*150)*1.5,SUM(D31*150)) -> 0 | K31: =IF(OR(WEEKDAY(A31)=1,WEEKDAY(A31)=7,NOT(ISERROR(MATCH(A31,[1]Праздники!A:A,0)))),SUM(E31*225)*1.5,SUM(E31*225)) -> 0 | L31: =IF(OR(WEEKDAY(A31)=1,WEEKDAY(A31)=7,NOT(ISERROR(MATCH(A31,[1]Праздники!A:A,0)))),SUM(F31*225)*1.5,SUM(F31*225)) -> 0 | M31: =SUM(G31*15) -> 0 | N31: =SUM(H31)*750 -> 0 | O31: =SUM(I31:N31) -> 0 | P31: =IF(OR(WEEKDAY(A31)=1,WEEKDAY(A31)=7,NOT(ISERROR(MATCH(A31,[1]Праздники!A:A,0)))),"Выходной","Рабочий") -> Рабочий
A32: 45988 | C32: 0 | D32: 0 | G32: =IF(A32 ="",0,G31+C32+E32-D31-F31) -> 0 | I32: =IF(P32="Выходной",SUM(C32*150)*1.5,SUM(C32*150)) -> 0 | J32: =IF(P32="Выходной",SUM(D32*150)*1.5,SUM(D32*150)) -> 0 | K32: =IF(OR(WEEKDAY(A32)=1,WEEKDAY(A32)=7,NOT(ISERROR(MATCH(A32,[1]Праздники!A:A,0)))),SUM(E32*225)*1.5,SUM(E32*225)) -> 0 | L32: =IF(OR(WEEKDAY(A32)=1,WEEKDAY(A32)=7,NOT(ISERROR(MATCH(A32,[1]Праздники!A:A,0)))),SUM(F32*225)*1.5,SUM(F32*225)) -> 0 | M32: =SUM(G32*15) -> 0 | N32: =SUM(H32)*750 -> 0 | O32: =SUM(I32:N32) -> 0 | P32: =IF(OR(WEEKDAY(A32)=1,WEEKDAY(A32)=7,NOT(ISERROR(MATCH(A32,[1]Праздники!A:A,0)))),"Выходной","Рабочий") -> Рабочий
A33: 45989 | C33: 0 | D33: 0 | G33: =IF(A33 ="",0,G32+C33+E33-D32-F32) -> 0 | I33: =IF(P33="Выходной",SUM(C33*150)*1.5,SUM(C33*150)) -> 0 | J33: =IF(P33="Выходной",SUM(D33*150)*1.5,SUM(D33*150)) -> 0 | K33: =IF(OR(WEEKDAY(A33)=1,WEEKDAY(A33)=7,NOT(ISERROR(MATCH(A33,[1]Праздники!A:A,0)))),SUM(E33*225)*1.5,SUM(E33*225)) -> 0 | L33: =IF(OR(WEEKDAY(A33)=1,WEEKDAY(A33)=7,NOT(ISERROR(MATCH(A33,[1]Праздники!A:A,0)))),SUM(F33*225)*1.5,SUM(F33*225)) -> 0 | M33: =SUM(G33*15) -> 0 | N33: =SUM(H33)*750 -> 0 | O33: =SUM(I33:N33) -> 0 | P33: =IF(OR(WEEKDAY(A33)=1,WEEKDAY(A33)=7,NOT(ISERROR(MATCH(A33,[1]Праздники!A:A,0)))),"Выходной","Рабочий") -> Рабочий
A34: 45990 | C34: 0 | D34: 0 | G34: =IF(A34 ="",0,G33+C34+E34-D33-F33) -> 0 | I34: =IF(P34="Выходной",SUM(C34*150)*1.5,SUM(C34*150)) -> 0 | J34: =IF(P34="Выходной",SUM(D34*150)*1.5,SUM(D34*150)) -> 0 | K34: =IF(OR(WEEKDAY(A34)=1,WEEKDAY(A34)=7,NOT(ISERROR(MATCH(A34,[1]Праздники!A:A,0)))),SUM(E34*225)*1.5,SUM(E34*225)) -> 0 | L34: =IF(OR(WEEKDAY(A34)=1,WEEKDAY(A34)=7,NOT(ISERROR(MATCH(A34,[1]Праздники!A:A,0)))),SUM(F34*225)*1.5,SUM(F34*225)) -> 0 | M34: =SUM(G34*15) -> 0 | N34: =SUM(H34)*750 -> 0 | O34: =SUM(I34:N34) -> 0 | P34: =IF(OR(WEEKDAY(A34)=1,WEEKDAY(A34)=7,NOT(ISERROR(MATCH(A34,[1]Праздники!A:A,0)))),"Выходной","Рабочий") -> Выходной
A35: 45991 | C35: 0 | D35: 0 | G35: =IF(A35 ="",0,G34+C35+E35-D34-F34) -> 0 | I35: =IF(P35="Выходной",SUM(C35*150)*1.5,SUM(C35*150)) -> 0 | J35: =IF(P35="Выходной",SUM(D35*150)*1.5,SUM(D35*150)) -> 0 | K35: =IF(OR(WEEKDAY(A35)=1,WEEKDAY(A35)=7,NOT(ISERROR(MATCH(A35,[1]Праздники!A:A,0)))),SUM(E35*225)*1.5,SUM(E35*225)) -> 0 | L35: =IF(OR(WEEKDAY(A35)=1,WEEKDAY(A35)=7,NOT(ISERROR(MATCH(A35,[1]Праздники!A:A,0)))),SUM(F35*225)*1.5,SUM(F35*225)) -> 0 | M35: =SUM(G35*15) -> 0 | N35: =SUM(H35)*750 -> 0 | O35: =SUM(I35:N35) -> 0 | P35: =IF(OR(WEEKDAY(A35)=1,WEEKDAY(A35)=7,NOT(ISERROR(MATCH(A35,[1]Праздники!A:A,0)))),"Выходной","Рабочий") -> Выходной
C36: 0 | D36: 0 | G36: =IF(A36 ="",0,G35+C36+E36-D35-F35) -> 0 | I36: =IF(P36="Выходной",SUM(C36*150)*1.5,SUM(C36*150)) -> 0 | J36: =IF(P36="Выходной",SUM(D36*150)*1.5,SUM(D36*150)) -> 0 | K36: =IF(OR(WEEKDAY(A36)=1,WEEKDAY(A36)=7,NOT(ISERROR(MATCH(A36,[1]Праздники!A:A,0)))),SUM(E36*225)*1.5,SUM(E36*225)) -> 0 | L36: =IF(OR(WEEKDAY(A36)=1,WEEKDAY(A36)=7,NOT(ISERROR(MATCH(A36,[1]Праздники!A:A,0)))),SUM(F36*225)*1.5,SUM(F36*225)) -> 0 | M36: =SUM(G36*15) -> 0 | N36: =SUM(H36)*750 -> 0 | O36: =SUM(I36:N36) -> 0 | P36: =IF(OR(WEEKDAY(A36)=1,WEEKDAY(A36)=7,NOT(ISERROR(MATCH(A36,[1]Праздники!A:A,0)))),"Выходной","Рабочий") -> Выходной
C37: =SUM(C6:C36) -> 0 | D37: =SUM(D6:D36) -> 203.605 | E37: =SUM(E6:E36) -> 0 | F37: =SUM(F6:F36) -> 0 | G37: =SUM(G6:G36) -> 5895.095 | H37: =SUM(H6:H36) -> 0 | I37: =SUM(I6:I36) -> 0 | J37: =SUM(J6:J36) -> 33747 | ... O37: =SUM(O6:O36) -> 122173.42
N38: С НДС; | O38: =O37*1.2 -> 146608.11

Sheet РВ Новикова-Прибоя
R1: Выходной | S1: Рабочий
Q2: Выгрузка | R2: =SUMIF($P$6:$P$36,R$1,$C6:$C36) -> 42 | S2: =SUMIF($P$6:$P$36,S$1,$C6:$C36) -> 21
A3: ="Отчет по хранению товара РВ " & TEXT(A6,"ММММ ") & YEAR(A6) & " Новикова" -> Отчет по хранению товара РВ Ноябрь 2025 Новикова | Q3: Отгрузка | R3: =SUMIF($P$6:$P$36,R$1,$D6:$D36) -> 16.38 | S3: =SUMIF($P$6:$P$36,S$1,$D6:$D36) -> 67.62
A4: дата | C4: Выгрузка кол-во тонн | D4: Загрузка кол-во тонн | E4: Выгрузка после 20:00 | F4: Загрузка после 20:00 | G4: Хранение | H4: переконсолидация (тонн) | I4: стоимость выгрузки | J4: стоимость загрузки | K4: Стоимость выгрузки после 20:00 | L4: Стоимость загрузки после 20:00 | M4: стоимость хранения | N4: стоимость переконс. | O4: итого
G5: (кол-во тонн)
A6: 45962 | C6: 0 | D6: 7.825 | G6: 320.145 | I6: =IF(P6="Выходной",SUM(C6*150)*1.5,SUM(C6*150)) -> 0 | J6: =IF(P6="Выходной",SUM(D6*150)*1.5,SUM(D6*150)) -> 1173.75 | K6: =IF(OR(WEEKDAY(A6)=1,WEEKDAY(A6)=7,NOT(ISERROR(MATCH(A6,[1]Праздники!A:A,0)))),SUM(E6*225)*1.5,SUM(E6*225)) -> 0 | L6: =IF(OR(WEEKDAY(A6)=1,WEEKDAY(A6)=7,NOT(ISERROR(MATCH(A6,[1]Праздники!A:A,0)))),SUM(F6*225)*1.5,SUM(F6*225)) -> 0 | M6: =SUM(G6*15) -> 4802.175 | N6: =SUM(H6)*750 -> 0 | O6: =SUM(I6:N6) -> 5975.925 | P6: Рабочий
A7: 45963 | C7: 0 | D7: 0 | G7: =IF(A7 ="",0,G6+C7+E7-D6-F6) -> 312.32 | I7: =IF(P7="Выходной",SUM(C7*150)*1.5,SUM(C7*150)) -> 0 | J7: =IF(P7="Выходной",SUM(D7*150)*1.5,SUM(D7*150)) -> 0 | K7: =IF(OR(WEEKDAY(A7)=1,WEEKDAY(A7)=7,NOT(ISERROR(MATCH(A7,[1]Праздники!A:A,0)))),SUM(E7*225)*1.5,SUM(E7*225)) -> 0 | L7: =IF(OR(WEEKDAY(A7)=1,WEEKDAY(A7)=7,NOT(ISERROR(MATCH(A7,[1]Праздники!A:A,0)))),SUM(F7*225)*1.5,SUM(F7*225)) -> 0 | M7: =SUM(G7*15) -> 4684.8 | N7: =SUM(H7)*750 -> 0 | O7: =SUM(I7:N7) -> 4684.8 | P7: =IF(OR(WEEKDAY(A7)=1,WEEKDAY(A7)=7,NOT(ISERROR(MATCH(A7,[1]Праздники!A:A,0)))),"Выходной","Рабочий") -> Выходной
A8: 45964 | C8: 0 | D8: 0 | G8: =IF(A8 ="",0,G7+C8+E8-D7-F7) -> 312.32 | I8: =IF(P8="Выходной",SUM(C8*150)*1.5,SUM(C8*150)) -> 0 | J8: =IF(P8="Выходной",SUM(D8*150)*1.5,SUM(D8*150)) -> 0 | K8: =IF(OR(WEEKDAY(A8)=1,WEEKDAY(A8)=7,NOT(ISERROR(MATCH(A8,[1]Праздники!A:A,0)))),SUM(E8*225)*1.5,SUM(E8*225)) -> 0 | L8: =IF(OR(WEEKDAY(A8)=1,WEEKDAY(A8)=7,NOT(ISERROR(MATCH(A8,[1]Праздники!A:A,0)))),SUM(F8*225)*1.5,SUM(F8*225)) -> 0 | M8: =SUM(G8*15) -> 4684.8 | N8: =SUM(H8)*750 -> 0 | O8: =SUM(I8:N8) -> 4684.8 | P8: =IF(OR(WEEKDAY(A8)=1,WEEKDAY(A8)=7,NOT(ISERROR(MATCH(A8,[1]Праздники!A:A,0)))),"Выходной","Рабочий") -> Выходной
A9: 45965 | C9: 0 | D9: 0 | G9: =IF(A9 ="",0,G8+C9+E9-D8-F8) -> 312.32 | I9: =IF(P9="Выходной",SUM(C9*150)*1.5,SUM(C9*150)) -> 0 | J9: =IF(P9="Выходной",SUM(D9*150)*1.5,SUM(D9*150)) -> 0 | K9: =IF(OR(WEEKDAY(A9)=1,WEEKDAY(A9)=7,NOT(ISERROR(MATCH(A9,[1]Праздники!A:A,0)))),SUM(E9*225)*1.5,SUM(E9*225)) -> 0 | L9: =IF(OR(WEEKDAY(A9)=1,WEEKDAY(A9)=7,NOT(ISERROR(MATCH(A9,[1]Праздники!A:A,0)))),SUM(F9*225)*1.5,SUM(F9*225)) -> 0 | M9: =SUM(G9*15) -> 4684.8 | N9: =SUM(H9)*750 -> 0 | O9: =SUM(I9:N9) -> 4684.8 | P9: =IF(OR(WEEKDAY(A9)=1,WEEKDAY(A9)=7,NOT(ISERROR(MATCH(A9,[1]Праздники!A:A,0)))),"Выходной","Рабочий") -> Выходной
A10: 45966 | C10: 0 | D10: 13.355 | G10: =IF(A10 ="",0,G9+C10+E10-D9-F9) -> 312.32 | I10: =IF(P10="Выходной",SUM(C10*150)*1.5,SUM(C10*150)) -> 0 | J10: =IF(P10="Выходной",SUM(D10*150)*1.5,SUM(D10*150))*0 -> 0 | K10: =IF(OR(WEEKDAY(A10)=1,WEEKDAY(A10)=7,NOT(ISERROR(MATCH(A10,[1]Праздники!A:A,0)))),SUM(E10*225)*1.5,SUM(E10*225)) -> 0 | L10: =IF(OR(WEEKDAY(A10)=1,WEEKDAY(A10)=7,NOT(ISERROR(MATCH(A10,[1]Праздники!A:A,0)))),SUM(F10*225)*1.5,SUM(F10*225)) -> 0 | M10: =SUM(G10*15) -> 4684.8 | N10: =SUM(H10)*750 -> 0 | O10: =SUM(I10:N10) -> 4684.8 | P10: =IF(OR(WEEKDAY(A10)=1,WEEKDAY(A10)=7,NOT(ISERROR(MATCH(A10,[1]Праздники!A:A,0)))),"Выходной","Рабочий") -> Рабочий
A11: 45967 | C11: 0 | D11: 0 | G11: =IF(A11 ="",0,G10+C11+E11-D10-F10) -> 298.965 | I11: =IF(P11="Выходной",SUM(C11*150)*1.5,SUM(C11*150)) -> 0 | J11: =IF(P11="Выходной",SUM(D11*150)*1.5,SUM(D11*150)) -> 0 | K11: =IF(OR(WEEKDAY(A11)=1,WEEKDAY(A11)=7,NOT(ISERROR(MATCH(A11,[1]Праздники!A:A,0)))),SUM(E11*225)*1.5,SUM(E11*225)) -> 0 | L11: =IF(OR(WEEKDAY(A11)=1,WEEKDAY(A11)=7,NOT(ISERROR(MATCH(A11,[1]Праздники!A:A,0)))),SUM(F11*225)*1.5,SUM(F11*225)) -> 0 | M11: =SUM(G11*15) -> 4484.475 | N11: =SUM(H11)*750 -> 0 | O11: =SUM(I11:N11) -> 4484.475 | P11: =IF(OR(WEEKDAY(A11)=1,WEEKDAY(A11)=7,NOT(ISERROR(MATCH(A11,[1]Праздники!A:A,0)))),"Выходной","Рабочий") -> Рабочий
A12: 45968 | C12: 0 | D12: 0 | G12: =IF(A12 ="",0,G11+C12+E12-D11-F11) -> 298.965 | I12: =IF(P12="Выходной",SUM(C12*150)*1.5,SUM(C12*150)) -> 0 | J12: =IF(P12="Выходной",SUM(D12*150)*1.5,SUM(D12*150)) -> 0 | K12: =IF(OR(WEEKDAY(A12)=1,WEEKDAY(A12)=7,NOT(ISERROR(MATCH(A12,[1]Праздники!A:A,0)))),SUM(E12*225)*1.5,SUM(E12*225)) -> 0 | L12: =IF(OR(WEEKDAY(A12)=1,WEEKDAY(A12)=7,NOT(ISERROR(MATCH(A12,[1]Праздники!A:A,0)))),SUM(F12*225)*1.5,SUM(F12*225)) -> 0 | M12: =SUM(G12*15) -> 4484.475 | N12: =SUM(H12)*750 -> 0 | O12: =SUM(I12:N12) -> 4484.475 | P12: =IF(OR(WEEKDAY(A12)=1,WEEKDAY(A12)=7,NOT(ISERROR(MATCH(A12,[1]Праздники!A:A,0)))),"Выходной","Рабочий") -> Рабочий
A13: 45969 | C13: 0 | D13: 0 | G13: =IF(A13 ="",0,G12+C13+E13-D12-F12) -> 298.965 | I13: =IF(P13="Выходной",SUM(C13*150)*1.5,SUM(C13*150)) -> 0 | J13: =IF(P13="Выходной",SUM(D13*150)*1.5,SUM(D13*150)) -> 0 | K13: =IF(OR(WEEKDAY(A13)=1,WEEKDAY(A13)=7,NOT(ISERROR(MATCH(A13,[1]Праздники!A:A,0)))),SUM(E13*225)*1.5,SUM(E13*225)) -> 0 | L13: =IF(OR(WEEKDAY(A13)=1,WEEKDAY(A13)=7,NOT(ISERROR(MATCH(A13,[1]Праздники!A:A,0)))),SUM(F13*225)*1.5,SUM(F13*225)) -> 0 | M13: =SUM(G13*15) -> 4484.475 | N13: =SUM(H13)*750 -> 0 | O13: =SUM(I13:N13) -> 4484.475 | P13: =IF(OR(WEEKDAY(A13)=1,WEEKDAY(A13)=7,NOT(ISERROR(MATCH(A13,[1]Праздники!A:A,0)))),"Выходной","Рабочий") -> Выходной
A14: 45970 | C14: 0 | D14: 0 | G14: =IF(A14 ="",0,G13+C14+E14-D13-F13) -> 298.965 | I14: =IF(P14="Выходной",SUM(C14*150)*1.5,SUM(C14*150)) -> 0 | J14: =IF(P14="Выходной",SUM(D14*150)*1.5,SUM(D14*150)) -> 0 | K14: =IF(OR(WEEKDAY(A14)=1,WEEKDAY(A14)=7,NOT(ISERROR(MATCH(A14,[1]Праздники!A:A,0)))),SUM(E14*225)*1.5,SUM(E14*225)) -> 0 | L14: =IF(OR(WEEKDAY(A14)=1,WEEKDAY(A14)=7,NOT(ISERROR(MATCH(A14,[1]Праздники!A:A,0)))),SUM(F14*225)*1.5,SUM(F14*225)) -> 0 | M14: =SUM(G14*15) -> 4484.475 | N14: =SUM(H14)*750 -> 0 | O14: =SUM(I14:N14) -> 4484.475 | P14: =IF(OR(WEEKDAY(A14)=1,WEEKDAY(A14)=7,NOT(ISERROR(MATCH(A14,[1]Праздники!A:A,0)))),"Выходной","Рабочий") -> Выходной
A15: 45971 | C15: 0 | D15: 0 | G15: =IF(A15 ="",0,G14+C15+E15-D14-F14) -> 298.965 | I15: =IF(P15="Выходной",SUM(C15*150)*1.5,SUM(C15*150)) -> 0 | J15: =IF(P15="Выходной",SUM(D15*150)*1.5,SUM(D15*150)) -> 0 | K15: =IF(OR(WEEKDAY(A15)=1,WEEKDAY(A15)=7,NOT(ISERROR(MATCH(A15,[1]Праздники!A:A,0)))),SUM(E15*225)*1.5,SUM(E15*225)) -> 0 | L15: =IF(OR(WEEKDAY(A15)=1,WEEKDAY(A15)=7,NOT(ISERROR(MATCH(A15,[1]Праздники!A:A,0)))),SUM(F15*225)*1.5,SUM(F15*225)) -> 0 | M15: =SUM(G15*15) -> 4484.475 | N15: =SUM(H15)*750 -> 0 | O15: =SUM(I15:N15) -> 4484.475 | P15: =IF(OR(WEEKDAY(A15)=1,WEEKDAY(A15)=7,NOT(ISERROR(MATCH(A15,[1]Праздники!A:A,0)))),"Выходной","Рабочий") -> Рабочий
A16: 45972 | C16: 0 | D16: 0 | G16: =IF(A16 ="",0,G15+C16+E16-D15-F15) -> 298.965 | I16: =IF(P16="Выходной",SUM(C16*150)*1.5,SUM(C16*150)) -> 0 | J16: =IF(P16="Выходной",SUM(D16*150)*1.5,SUM(D16*150)) -> 0 | K16: =IF(OR(WEEKDAY(A16)=1,WEEKDAY(A16)=7,NOT(ISERROR(MATCH(A16,[1]Праздники!A:A,0)))),SUM(E16*225)*1.5,SUM(E16*225)) -> 0 | L16: =IF(OR(WEEKDAY(A16)=1,WEEKDAY(A16)=7,NOT(ISERROR(MATCH(A16,[1]Праздники!A:A,0)))),SUM(F16*225)*1.5,SUM(F16*225)) -> 0 | M16: =SUM(G16*15) -> 4484.475 | N16: =SUM(H16)*750 -> 0 | O16: =SUM(I16:N16) -> 4484.475 | P16: =IF(OR(WEEKDAY(A16)=1,WEEKDAY(A16)=7,NOT(ISERROR(MATCH(A16,[1]Праздники!A:A,0)))),"Выходной","Рабочий") -> Рабочий
A17: 45973 | C17: 0 | D17: 0 | G17: =IF(A17 ="",0,G16+C17+E17-D16-F16) -> 298.965 | I17: =IF(P17="Выходной",SUM(C17*150)*1.5,SUM(C17*150)) -> 0 | J17: =IF(P17="Выходной",SUM(D17*150)*1.5,SUM(D17*150)) -> 0 | K17: =IF(OR(WEEKDAY(A17)=1,WEEKDAY(A17)=7,NOT(ISERROR(MATCH(A17,[1]Праздники!A:A,0)))),SUM(E17*225)*1.5,SUM(E17*225)) -> 0 | L17: =IF(OR(WEEKDAY(A17)=1,WEEKDAY(A17)=7,NOT(ISERROR(MATCH(A17,[1]Праздники!A:A,0)))),SUM(F17*225)*1.5,SUM(F17*225)) -> 0 | M17: =SUM(G17*15) -> 4484.475 | N17: =SUM(H17)*750 -> 0 | O17: =SUM(I17:N17) -> 4484.475 | P17: =IF(OR(WEEKDAY(A17)=1,WEEKDAY(A17)=7,NOT(ISERROR(MATCH(A17,[1]Праздники!A:A,0)))),"Выходной","Рабочий") -> Рабочий
A18: 45974 | C18: 0 | D18: 0 | G18: =IF(A18 ="",0,G17+C18+E18-D17-F17) -> 298.965 | I18: =IF(P18="Выходной",SUM(C18*150)*1.5,SUM(C18*150)) -> 0 | J18: =IF(P18="Выходной",SUM(D18*150)*1.5,SUM(D18*150)) -> 0 | K18: =IF(OR(WEEKDAY(A18)=1,WEEKDAY(A18)=7,NOT(ISERROR(MATCH(A18,[1]Праздники!A:A,0)))),SUM(E18*225)*1.5,SUM(E18*225)) -> 0 | L18: =IF(OR(WEEKDAY(A18)=1,WEEKDAY(A18)=7,NOT(ISERROR(MATCH(A18,[1]Праздники!A:A,0)))),SUM(F18*225)*1.5,SUM(F18*225)) -> 0 | M18: =SUM(G18*15) -> 4484.475 | N18: =SUM(H18)*750 -> 0 | O18: =SUM(I18:N18) -> 4484.475 | P18: =IF(OR(WEEKDAY(A18)=1,WEEKDAY(A18)=7,NOT(ISERROR(MATCH(A18,[1]Праздники!A:A,0)))),"Выходной","Рабочий") -> Рабочий
A19: 45975 | C19: 0 | D19: 21.89 | G19: =IF(A19 ="",0,G18+C19+E19-D18-F18) -> 298.965 | I19: =IF(P19="Выходной",SUM(C19*150)*1.5,SUM(C19*150)) -> 0 | J19: =IF(P19="Выходной",SUM(D19*150)*1.5,SUM(D19*150)) -> 3283.5 | K19: =IF(OR(WEEKDAY(A19)=1,WEEKDAY(A19)=7,NOT(ISERROR(MATCH(A19,[1]Праздники!A:A,0)))),SUM(E19*225)*1.5,SUM(E19*225)) -> 0 | L19: =IF(OR(WEEKDAY(A19)=1,WEEKDAY(A19)=7,NOT(ISERROR(MATCH(A19,[1]Праздники!A:A,0)))),SUM(F19*225)*1.5,SUM(F19*225)) -> 0 | M19: =SUM(G19*15) -> 4484.475 | N19: =SUM(H19)*750 -> 0 | O19: =SUM(I19:N19) -> 7767.975 | P19: =IF(OR(WEEKDAY(A19)=1,WEEKDAY(A19)=7,NOT(ISERROR(MATCH(A19,[1]Праздники!A:A,0)))),"Выходной","Рабочий") -> Рабочий
A20: 45976 | C20: 0 | D20: 0 | G20: =IF(A20 ="",0,G19+C20+E20-D19-F19) -> 277.075 | I20: =IF(P20="Выходной",SUM(C20*150)*1.5,SUM(C20*150)) -> 0 | J20: =IF(P20="Выходной",SUM(D20*150)*1.5,SUM(D20*150)) -> 0 | K20: =IF(OR(WEEKDAY(A20)=1,WEEKDAY(A20)=7,NOT(ISERROR(MATCH(A20,[1]Праздники!A:A,0)))),SUM(E20*225)*1.5,SUM(E20*225)) -> 0 | L20: =IF(OR(WEEKDAY(A20)=1,WEEKDAY(A20)=7,NOT(ISERROR(MATCH(A20,[1]Праздники!A:A,0)))),SUM(F20*225)*1.5,SUM(F20*225)) -> 0 | M20: =SUM(G20*15) -> 4156.125 | N20: =SUM(H20)*750 -> 0 | O20: =SUM(I20:N20) -> 4156.125 | P20: =IF(OR(WEEKDAY(A20)=1,WEEKDAY(A20)=7,NOT(ISERROR(MATCH(A20,[1]Праздники!A:A,0)))),"Выходной","Рабочий") -> Выходной
A21: 45977 | C21: 0 | D21: 0 | G21: =IF(A21 ="",0,G20+C21+E21-D20-F20) -> 277.075 | I21: =IF(P21="Выходной",SUM(C21*150)*1.5,SUM(C21*150)) -> 0 | J21: =IF(P21="Выходной",SUM(D21*150)*1.5,SUM(D21*150)) -> 0 | K21: =IF(OR(WEEKDAY(A21)=1,WEEKDAY(A21)=7,NOT(ISERROR(MATCH(A21,[1]Праздники!A:A,0)))),SUM(E21*225)*1.5,SUM(E21*225)) -> 0 | L21: =IF(OR(WEEKDAY(A21)=1,WEEKDAY(A21)=7,NOT(ISERROR(MATCH(A21,[1]Праздники!A:A,0)))),SUM(F21*225)*1.5,SUM(F21*225)) -> 0 | M21: =SUM(G21*15) -> 4156.125 | N21: =SUM(H21)*750 -> 0 | O21: =SUM(I21:N21) -> 4156.125 | P21: =IF(OR(WEEKDAY(A21)=1,WEEKDAY(A21)=7,NOT(ISERROR(MATCH(A21,[1]Праздники!A:A,0)))),"Выходной","Рабочий") -> Выходной
A22: 45978 | C22: 0 | D22: 0 | G22: =IF(A22 ="",0,G21+C22+E22-D21-F21) -> 277.075 | I22: =IF(P22="Выходной",SUM(C22*150)*1.5,SUM(C22*150)) -> 0 | J22: =IF(P22="Выходной",SUM(D22*150)*1.5,SUM(D22*150)) -> 0 | K22: =IF(OR(WEEKDAY(A22)=1,WEEKDAY(A22)=7,NOT(ISERROR(MATCH(A22,[1]Праздники!A:A,0)))),SUM(E22*225)*1.5,SUM(E22*225)) -> 0 | L22: =IF(OR(WEEKDAY(A22)=1,WEEKDAY(A22)=7,NOT(ISERROR(MATCH(A22,[1]Праздники!A:A,0)))),SUM(F22*225)*1.5,SUM(F22*225)) -> 0 | M22: =SUM(G22*15) -> 4156.125 | N22: =SUM(H22)*750 -> 0 | O22: =SUM(I22:N22) -> 4156.125 | P22: =IF(OR(WEEKDAY(A22)=1,WEEKDAY(A22)=7,NOT(ISERROR(MATCH(A22,[1]Праздники!A:A,0)))),"Выходной","Рабочий") -> Рабочий
... A35: 45991 | C35: 0 | D35: 16.38 | G35: =IF(A35 ="",0,G34+C35+E35-D34-F34) -> 315.525 | I35: =IF(P35="Выходной",SUM(C35*150)*1.5,SUM(C35*150)) -> 0 | J35: =IF(P35="Выходной",SUM(D35*150)*1.5,SUM(D35*150)) -> 3685.5 | K35: =IF(OR(WEEKDAY(A35)=1,WEEKDAY(A35)=7,NOT(ISERROR(MATCH(A35,[1]Праздники!A:A,0)))),SUM(E35*225)*1.5,SUM(E35*225)) -> 0 | L35: =IF(OR(WEEKDAY(A35)=1,WEEKDAY(A35)=7,NOT(ISERROR(MATCH(A35,[1]Праздники!A:A,0)))),SUM(F35*225)*1.5,SUM(F35*225)) -> 0 | M35: =SUM(G35*15) -> 4732.875 | N35: =SUM(H35)*750 -> 0 | O35: =SUM(I35:N35) -> 8418.375 | P35: =IF(OR(WEEKDAY(A35)=1,WEEKDAY(A35)=7,NOT(ISERROR(MATCH(A35,[1]Праздники!A:A,0)))),"Выходной","Рабочий") -> Выходной
C36: 0 | D36: 0 | G36: =IF(A36 ="",0,G35+C36+E36-D35-F35) -> 0 | I36: =IF(P36="Выходной",SUM(C36*150)*1.5,SUM(C36*150)) -> 0 | J36: =IF(P36="Выходной",SUM(D36*150)*1.5,SUM(D36*150)) -> 0 | K36: =IF(OR(WEEKDAY(A36)=1,WEEKDAY(A36)=7,NOT(ISERROR(MATCH(A36,[1]Праздники!A:A,0)))),SUM(E36*225)*1.5,SUM(E36*225)) -> 0 | L36: =IF(OR(WEEKDAY(A36)=1,WEEKDAY(A36)=7,NOT(ISERROR(MATCH(A36,[1]Праздники!A:A,0)))),SUM(F36*225)*1.5,SUM(F36*225)) -> 0 | M36: =SUM(G36*15) -> 0 | N36: =SUM(H36)*750 -> 0 | O36: =SUM(I36:N36) -> 0 | P36: =IF(OR(WEEKDAY(A36)=1,WEEKDAY(A36)=7,NOT(ISERROR(MATCH(A36,[1]Праздники!A:A,0)))),"Выходной","Рабочий") -> Выходной
C37: =SUM(C6:C36) -> 63 | D37: =SUM(D6:D36) -> 84 | E37: =SUM(E6:E36) -> 0 | F37: =SUM(F6:F36) -> 0 | G37: =SUM(G6:G36) -> 8768.98 | H37: =SUM(H6:H36) -> 0 | I37: =SUM(I6:I36) -> 12600 | J37: =SUM(J6:J36) -> 11825.25 | ... O37: =SUM(O6:O36) -> 155959.95
N38: С НДС; | O38: =O37*1.2 -> 187151.94

Sheet Нижнекамск экспорт
A3: Акт № от «30» Ноября 2025 г. Нижнекамск
A4: =IF(DAY(TODAY()) > 27, "выполненных работ (оказанных услуг) за " & TEXT(TODAY(),"ММММ ГГГГ"),"выполненных работ (оказанных услуг) за " & TEXT(TODAY()-DAY(TODAY()),"ММММ ГГГГ")) -> выполненных работ (оказанных услуг) за Ноябрь 2025
A5: по Договору хранения № СХ.47103 от «10» апреля 2025 г.
A7: Во исполнение Договора в период с "01" Ноября 2025 г. по "30" Ноября 2025 г. ХРАНИТЕЛЬ оказал ПОКЛАЖЕДАТЕЛЮ следующие услуги (работы):
A9: № | B9: Наименование услуг (работ) | C9: Ед. изм. | D9: Количество | E9: Цена | F9: Сумма без НДС | G9: Сумма с НДС
A10: 1 | B10: оформление документов | C10: шт. | D10: 26 | E10: 2000 | F10: =SUM(D10*E10) -> 52000 | G10: =F10*1.2 -> 62400
A11: 2 | B11: Оформление сертификата | C11: шт. | F11: =SUM(D11*E11) -> 0 | G11: =F11*1.2 -> 0
F12: =SUM(F10:F11) -> 52000 | G12: =SUM(G10:G11) -> 62400
A13: Итого: | B13: пятьдесят две тысячи рублей ноль копеек
A14: Без налога (НДС): | B14: =B13 -> пятьдесят две тысячи рублей ноль копеек
A15: Всего (с учетом НДС) | B15: шестьдесят две тысячи четыреста рублей ноль копеек
A16: Вышеперечисленные услуги (работы) выполнены полностью.
A17: ПОКЛАЖЕДАТЕЛЬ претензий по объему, качеству и срокам оказания услуг претензий не имеет.
A20: ООО "ДТМ" | D20: ПАО "СИБУР Холдинг"
A22: ____________________Расстегаев Д.О. | D22: ____________________

Sheet Баумана экспорт
A3: Акт № от «30» Ноября 2025 г. Нижний Новгород склад Баумана
A4: =IF(DAY(TODAY()) > 27, "выполненных работ (оказанных услуг) за " & TEXT(TODAY(),"ММММ ГГГГ"),"выполненных работ (оказанных услуг) за " & TEXT(TODAY()-DAY(TODAY()),"ММММ ГГГГ")) -> выполненных работ (оказанных услуг) за Ноябрь 2025
A5: по Договору хранения № СХ.45411 от «01» января 2025 г.
A7: Во исполнение Договора в период с "01" Ноября 2025 г. по "30" Ноября 2025 г. ХРАНИТЕЛЬ оказал ПОКЛАЖЕДАТЕЛЮ следующие услуги (работы):
A9: № | B9: Наименование услуг (работ) | C9: Ед. изм. | D9: Количество | E9: Цена | F9: Сумма без НДС | G9: Сумма с НДС
A10: 1 | B10: оформление документов | C10: шт. | D10: 17 | E10: 1000 | F10: =SUM(D10*E10) -> 17000 | G10: =F10*1.2 -> 20400
A11: 2 | B11: Оформление сертификата | C11: шт. | F11: =SUM(D11*E11) -> 0 | G11: =F11*1.2 -> 0
F12: =SUM(F10:F11) -> 17000 | G12: =SUM(G10:G11) -> 20400
A13: Итого: | B13: Семнадцать тысяч рублей ноль копеек
A14: Без налога (НДС): | B14: =B13 -> Семнадцать тысяч рублей ноль копеек
A15: Всего (с учетом НДС) | B15: Двадцать тысяч четыреста рублей ноль копеек
A16: Вышеперечисленные услуги (работы) выполнены полностью.
A17: ПОКЛАЖЕДАТЕЛЬ претензий по объему, качеству и срокам оказания услуг претензий не имеет.
A20: ООО "ДТМ" | D20: ПАО "СИБУР Холдинг"
A22: ____________________Расстегаев Д.О. | D22: ____________________

Sheet Зеленодольск экспорт
A3: Акт № от «30» Ноября 2025 г. Зеленодольск
A4: =IF(DAY(TODAY()) > 27, "выполненных работ (оказанных услуг) за " & TEXT(TODAY(),"ММММ ГГГГ"),"выполненных работ (оказанных услуг) за " & TEXT(TODAY()-DAY(TODAY()),"ММММ ГГГГ")) -> выполненных работ (оказанных услуг) за Ноябрь 2025
A5: по Договору хранения № СХ.47103 от «10» апреля 2025 г.
A7: Во исполнение Договора в период с "01" Ноября 2025 г. по "30" Ноября 2025 г. ХРАНИТЕЛЬ оказал ПОКЛАЖЕДАТЕЛЮ следующие услуги (работы):
A9: № | B9: Наименование услуг (работ) | C9: Ед. изм. | D9: Количество | E9: Цена | F9: Сумма без НДС | G9: Сумма с НДС
A10: 1 | B10: оформление документов | C10: шт. | D10: 7 | E10: 2000 | F10: =SUM(D10*E10) -> 14000 | G10: =F10*1.2 -> 16800
A11: 2 | B11: Оформление сертификата | C11: шт. | F11: =SUM(D11*E11) -> 0 | G11: =F11*1.2 -> 0
F12: =SUM(F10:F11) -> 14000 | G12: =SUM(G10:G11) -> 16800
A13: Итого: | B13: четырнадцать тысяч рублей ноль копеек
A14: Без налога (НДС): | B14: =B13 -> четырнадцать тысяч рублей ноль копеек
A15: Всего (с учетом НДС) | B15: шестнадцать тысяч восемьсот рублей ноль копеек
A16: Вышеперечисленные услуги (работы) выполнены полностью.
A17: ПОКЛАЖЕДАТЕЛЬ претензий по объему, качеству и срокам оказания услуг претензий не имеет.
A20: ООО "ДТМ" | D20: ПАО "СИБУР Холдинг"
A22: ____________________Расстегаев Д.О. | D22: ____________________

Sheet Литейные решения
A1: =R36 -> 16675.2
B2: Отчет по хранению товара за Ноябрь
A3: № | B3: дата | D3: Выгрузка кол-во паллет | E3: Загрузка кол-во паллет | F3: Ручная загрузка | G3: Ручная выгрузка | H3: Хранение | I3: предоставление паллеты | J3: Фильмаж (паллет) | K3: стоимость выгрузки | L3: стоимость загрузки | M3: Стоимость ручной загрузки | N3: Стоимость ручной выгрузки | O3: стоимость хранения | P3: Стоимость предоставления паллета | Q3: стоимость услуги фильмаж | R3: итого
H4: (кол-во паллет)
A5: 1 | B5: 45962 | H5: 13 | K5: =SUM(D5*168) -> 0 | L5: =SUM(E5*168) -> 0 | M5: =F5*1000 -> 0 | N5: =G5*1000 -> 0 | O5: =SUM(H5*21.6) -> 280.8 | P5: =I5*500 -> 0 | Q5: =SUM(J5)*600 -> 0 | R5: =SUM(K5:Q5) -> 280.8
A6: 2 | B6: 45963 | H6: =H5+D6-E5 -> 13 | K6: =SUM(D6*168) -> 0 | L6: =SUM(E6*168) -> 0 | M6: =F6*1000 -> 0 | N6: =G6*1000 -> 0 | O6: =SUM(H6*21.6) -> 280.8 | P6: =I6*500 -> 0 | Q6: =SUM(J6)*600 -> 0 | R6: =SUM(K6:Q6) -> 280.8
A7: 3 | B7: 45964 | H7: =H6+D7-E6 -> 13 | K7: =SUM(D7*168) -> 0 | L7: =SUM(E7*168) -> 0 | M7: =F7*1000 -> 0 | N7: =G7*1000 -> 0 | O7: =SUM(H7*21.6) -> 280.8 | P7: =I7*500 -> 0 | Q7: =SUM(J7)*600 -> 0 | R7: =SUM(K7:Q7) -> 280.8
A8: 4 | B8: 45965 | H8: =H7+D8-E7 -> 13 | K8: =SUM(D8*168) -> 0 | L8: =SUM(E8*168) -> 0 | M8: =F8*1000 -> 0 | N8: =G8*1000 -> 0 | O8: =SUM(H8*21.6) -> 280.8 | P8: =I8*500 -> 0 | Q8: =SUM(J8)*600 -> 0 | R8: =SUM(K8:Q8) -> 280.8
A9: 5 | B9: 45966 | H9: =H8+D9-E8 -> 13 | K9: =SUM(D9*168) -> 0 | L9: =SUM(E9*168) -> 0 | M9: =F9*1000 -> 0 | N9: =G9*1000 -> 0 | O9: =SUM(H9*21.6) -> 280.8 | P9: =I9*500 -> 0 | Q9: =SUM(J9)*600 -> 0 | R9: =SUM(K9:Q9) -> 280.8
A10: 6 | B10: 45967 | H10: =H9+D10-E9 -> 13 | K10: =SUM(D10*168) -> 0 | L10: =SUM(E10*168) -> 0 | M10: =F10*1000 -> 0 | N10: =G10*1000 -> 0 | O10: =SUM(H10*21.6) -> 280.8 | P10: =I10*500 -> 0 | Q10: =SUM(J10)*600 -> 0 | R10: =SUM(K10:Q10) -> 280.8
A11: 7 | B11: 45968 | H11: =H10+D11-E10 -> 13 | K11: =SUM(D11*168) -> 0 | L11: =SUM(E11*168) -> 0 | M11: =F11*1000 -> 0 | N11: =G11*1000 -> 0 | O11: =SUM(H11*21.6) -> 280.8 | P11: =I11*500 -> 0 | Q11: =SUM(J11)*600 -> 0 | R11: =SUM(K11:Q11) -> 280.8
A12: 8 | B12: 45969 | H12: =H11+D12-E11 -> 13 | K12: =SUM(D12*168) -> 0 | L12: =SUM(E12*168) -> 0 | M12: =F12*1000 -> 0 | N12: =G12*1000 -> 0 | O12: =SUM(H12*21.6) -> 280.8 | P12: =I12*500 -> 0 | Q12: =SUM(J12)*600 -> 0 | R12: =SUM(K12:Q12) -> 280.8
A13: 9 | B13: 45970 | H13: =H12+D13-E12 -> 13 | K13: =SUM(D13*168) -> 0 | L13: =SUM(E13*168) -> 0 | M13: =F13*1000 -> 0 | N13: =G13*1000 -> 0 | O13: =SUM(H13*21.6) -> 280.8 | P13: =I13*500 -> 0 | Q13: =SUM(J13)*600 -> 0 | R13: =SUM(K13:Q13) -> 280.8
A14: 10 | B14: 45971 | E14: 3 | H14: =H13+D14-E13 -> 13 | K14: =SUM(D14*168) -> 0 | L14: =SUM(E14*168) -> 504 | M14: =F14*1000 -> 0 | N14: =G14*1000 -> 0 | O14: =SUM(H14*21.6) -> 280.8 | P14: =I14*500 -> 0 | Q14: =SUM(J14)*600 -> 0 | R14: =SUM(K14:Q14) -> 784.8
A15: 11 | B15: 45972 | H15: =H14+D15-E14 -> 10 | K15: =SUM(D15*168) -> 0 | L15: =SUM(E15*168) -> 0 | M15: =F15*1000 -> 0 | N15: =G15*1000 -> 0 | O15: =SUM(H15*21.6) -> 216 | P15: =I15*500 -> 0 | Q15: =SUM(J15)*600 -> 0 | R15: =SUM(K15:Q15) -> 216
A16: 12 | B16: 45973 | H16: =H15+D16-E15 -> 10 | K16: =SUM(D16*168) -> 0 | L16: =SUM(E16*168) -> 0 | M16: =F16*1000 -> 0 | N16: =G16*1000 -> 0 | O16: =SUM(H16*21.6) -> 216 | P16: =I16*500 -> 0 | Q16: =SUM(J16)*600 -> 0 | R16: =SUM(K16:Q16) -> 216
A17: 13 | B17: 45974 | H17: =H16+D17-E16 -> 10 | K17: =SUM(D17*168) -> 0 | L17: =SUM(E17*168) -> 0 | M17: =F17*1000 -> 0 | N17: =G17*1000 -> 0 | O17: =SUM(H17*21.6) -> 216 | P17: =I17*500 -> 0 | Q17: =SUM(J17)*600 -> 0 | R17: =SUM(K17:Q17) -> 216
A18: 14 | B18: 45975 | H18: =H17+D18-E17 -> 10 | K18: =SUM(D18*168) -> 0 | L18: =SUM(E18*168) -> 0 | M18: =F18*1000 -> 0 | N18: =G18*1000 -> 0 | O18: =SUM(H18*21.6) -> 216 | P18: =I18*500 -> 0 | Q18: =SUM(J18)*600 -> 0 | R18: =SUM(K18:Q18) -> 216
A19: 15 | B19: 45976 | H19: =H18+D19-E18 -> 10 | K19: =SUM(D19*168) -> 0 | L19: =SUM(E19*168) -> 0 | M19: =F19*1000 -> 0 | N19: =G19*1000 -> 0 | O19: =SUM(H19*21.6) -> 216 | P19: =I19*500 -> 0 | Q19: =SUM(J19)*600 -> 0 | R19: =SUM(K19:Q19) -> 216
A20: 16 | B20: 45977 | H20: =H19+D20-E19 -> 10 | K20: =SUM(D20*168) -> 0 | L20: =SUM(E20*168) -> 0 | M20: =F20*1000 -> 0 | N20: =G20*1000 -> 0 | O20: =SUM(H20*21.6) -> 216 | P20: =I20*500 -> 0 | Q20: =SUM(J20)*600 -> 0 | R20: =SUM(K20:Q20) -> 216
A21: 17 | B21: 45978 | E21: 1 | H21: =H20+D21-E20 -> 10 | K21: =SUM(D21*168) -> 0 | L21: =SUM(E21*168) -> 168 | M21: =F21*1000 -> 0 | N21: =G21*1000 -> 0 | O21: =SUM(H21*21.6) -> 216 | P21: =I21*500 -> 0 | Q21: =SUM(J21)*600 -> 0 | R21: =SUM(K21:Q21) -> 384
A22: 18 | B22: 45979 | D22: 20 | H22: =H21+D22-E21 -> 29 | K22: =SUM(D22*168) -> 3360 | L22: =SUM(E22*168) -> 0 | M22: =F22*1000 -> 0 | N22: =G22*1000 -> 0 | O22: =SUM(H22*21.6) -> 626.4 | P22: =I22*500 -> 0 | Q22: =SUM(J22)*600 -> 0 | R22: =SUM(K22:Q22) -> 3986.4
A23: 19 | B23: 45980 | H23: =H22+D23-E22 -> 29 | K23: =SUM(D23*168) -> 0 | L23: =SUM(E23*168) -> 0 | M23: =F23*1000 -> 0 | N23: =G23*1000 -> 0 | O23: =SUM(H23*21.6) -> 626.4 | P23: =I23*500 -> 0 | Q23: =SUM(J23)*600 -> 0 | R23: =SUM(K23:Q23) -> 626.4
A24: 20 | B24: 45981 | H24: =H23+D24-E23 -> 29 | K24: =SUM(D24*168) -> 0 | L24: =SUM(E24*168) -> 0 | M24: =F24*1000 -> 0 | N24: =G24*1000 -> 0 | O24: =SUM(H24*21.6) -> 626.4 | P24: =I24*500 -> 0 | Q24: =SUM(J24)*600 -> 0 | R24: =SUM(K24:Q24) -> 626.4
A25: 21 | B25: 45982 | H25: =H24+D25-E24 -> 29 | K25: =SUM(D25*168) -> 0 | L25: =SUM(E25*168) -> 0 | M25: =F25*1000 -> 0 | N25: =G25*1000 -> 0 | O25: =SUM(H25*21.6) -> 626.4 | P25: =I25*500 -> 0 | Q25: =SUM(J25)*600 -> 0 | R25: =SUM(K25:Q25) -> 626.4
A26: 22 | B26: 45983 | H26: =H25+D26-E25 -> 29 | K26: =SUM(D26*168) -> 0 | L26: =SUM(E26*168) -> 0 | M26: =F26*1000 -> 0 | N26: =G26*1000 -> 0 | O26: =SUM(H26*21.6) -> 626.4 | P26: =I26*500 -> 0 | Q26: =SUM(J26)*600 -> 0 | R26: =SUM(K26:Q26) -> 626.4
A27: 23 | B27: 45984 | H27: =H26+D27-E26 -> 29 | K27: =SUM(D27*168) -> 0 | L27: =SUM(E27*168) -> 0 | M27: =F27*1000 -> 0 | N27: =G27*1000 -> 0 | O27: =SUM(H27*21.6) -> 626.4 | P27: =I27*500 -> 0 | Q27: =SUM(J27)*600 -> 0 | R27: =SUM(K27:Q27) -> 626.4
A28: 24 | B28: 45985 | H28: =H27+D28-E27 -> 29 | K28: =SUM(D28*168) -> 0 | L28: =SUM(E28*168) -> 0 | M28: =F28*1000 -> 0 | N28: =G28*1000 -> 0 | O28: =SUM(H28*21.6) -> 626.4 | P28: =I28*500 -> 0 | Q28: =SUM(J28)*600 -> 0 | R28: =SUM(K28:Q28) -> 626.4
A29: 25 | B29: 45986 | E29: 3 | H29: =H28+D29-E28 -> 29 | K29: =SUM(D29*168) -> 0 | L29: =SUM(E29*168) -> 504 | M29: =F29*1000 -> 0 | N29: =G29*1000 -> 0 | O29: =SUM(H29*21.6) -> 626.4 | P29: =I29*500 -> 0 | Q29: =SUM(J29)*600 -> 0 | R29: =SUM(K29:Q29) -> 1130.4
A30: 26 | B30: 45987 | H30: =H29+D30-E29 -> 26 | K30: =SUM(D30*168) -> 0 | L30: =SUM(E30*168) -> 0 | M30: =F30*1000 -> 0 | N30: =G30*1000 -> 0 | O30: =SUM(H30*21.6) -> 561.6 | P30: =I30*500 -> 0 | Q30: =SUM(J30)*600 -> 0 | R30: =SUM(K30:Q30) -> 561.6
A31: 27 | B31: 45988 | H31: =H30+D31-E30 -> 26 | K31: =SUM(D31*168) -> 0 | L31: =SUM(E31*168) -> 0 | M31: =F31*1000 -> 0 | N31: =G31*1000 -> 0 | O31: =SUM(H31*21.6) -> 561.6 | P31: =I31*500 -> 0 | Q31: =SUM(J31)*600 -> 0 | R31: =SUM(K31:Q31) -> 561.6
A32: 28 | B32: 45989 | H32: =H31+D32-E31 -> 26 | K32: =SUM(D32*168) -> 0 | L32: =SUM(E32*168) -> 0 | M32: =F32*1000 -> 0 | N32: =G32*1000 -> 0 | O32: =SUM(H32*21.6) -> 561.6 | P32: =I32*500 -> 0 | Q32: =SUM(J32)*600 -> 0 | R32: =SUM(K32:Q32) -> 561.6
A33: 29 | B33: 45990 | H33: =H32+D33-E32 -> 26 | K33: =SUM(D33*168) -> 0 | L33: =SUM(E33*168) -> 0 | M33: =F33*1000 -> 0 | N33: =G33*1000 -> 0 | O33: =SUM(H33*21.6) -> 561.6 | P33: =I33*500 -> 0 | Q33: =SUM(J33)*600 -> 0 | R33: =SUM(K33:Q33) -> 561.6
A34: 30 | B34: 45991 | H34: =H33+D34-E33 -> 26 | K34: =SUM(D34*168) -> 0 | L34: =SUM(E34*168) -> 0 | M34: =F34*1000 -> 0 | N34: =G34*1000 -> 0 | O34: =SUM(H34*21.6) -> 561.6 | P34: =I34*500 -> 0 | Q34: =SUM(J34)*600 -> 0 | R34: =SUM(K34:Q34) -> 561.6
A35: 31 | K35: =SUM(D35*168) -> 0 | L35: =SUM(E35*168) -> 0 | M35: =F35*1000 -> 0 | N35: =G35*1000 -> 0 | O35: =SUM(H35*21.6) -> 0 | P35: =I35*500 -> 0 | Q35: =SUM(J35)*600 -> 0 | R35: =SUM(K35:Q35) -> 0
D36: =SUM(D5:D35) -> 20 | E36: =SUM(E5:E35) -> 7 | F36: =SUM(F5:F35) -> 0 | H36: =SUM(H5:H35) -> 562 | K36: =SUM(K5:K35) -> 3360 | L36: =SUM(L5:L35) -> 1176 | M36: =SUM(M5:M35) -> 0 | N36: =SUM(N5:N35) -> 0 | O36: =SUM(O5:O35) -> 12139.2 | P36: =SUM(P5:P35) -> 0 | Q36: =SUM(Q5:Q35) -> 0 | R36: =SUM(R5:R35) -> 16675.2

Sheet ЛС-Техномет
A1: =R36 -> 2131.2
B2: Отчет по хранению товара за Ноябрь
A3: № | B3: дата | D3: Выгрузка кол-во паллет | E3: Загрузка кол-во паллет | F3: Ручная загрузка | G3: Ручная выгрузка | H3: Хранение | I3: предоставление паллеты | J3: Фильмаж (паллет) | K3: стоимость выгрузки | L3: стоимость загрузки | M3: Стоимость ручной загрузки | N3: Стоимость ручной выгрузки | O3: стоимость хранения | P3: Стоимость предоставления паллета | Q3: стоимость услуги фильмаж | R3: итого
H4: (кол-во паллет)
A5: 1 | B5: 45962 | D5: 2 | H5: 3 | K5: =SUM(D5*168) -> 336 | L5: =SUM(E5*168) -> 0 | M5: =F5*1000 -> 0 | N5: =G5*1000 -> 0 | O5: =SUM(H5*21.6) -> 64.8 | P5: =I5*500 -> 0 | Q5: =SUM(J5)*600 -> 0 | R5: =SUM(K5:Q5) -> 400.8
A6: 2 | B6: 45963 | H6: 3 | K6: =SUM(D6*168) -> 0 | L6: =SUM(E6*168) -> 0 | M6: =F6*1000 -> 0 | N6: =G6*1000 -> 0 | O6: =SUM(H6*21.6) -> 64.8 | P6: =I6*500 -> 0 | Q6: =SUM(J6)*600 -> 0 | R6: =SUM(K6:Q6) -> 64.8
A7: 3 | B7: 45964 | H7: 3 | K7: =SUM(D7*168) -> 0 | L7: =SUM(E7*168) -> 0 | M7: =F7*1000 -> 0 | N7: =G7*1000 -> 0 | O7: =SUM(H7*21.6) -> 64.8 | P7: =I7*500 -> 0 | Q7: =SUM(J7)*600 -> 0 | R7: =SUM(K7:Q7) -> 64.8
A8: 4 | B8: 45965 | H8: 3 | K8: =SUM(D8*168) -> 0 | L8: =SUM(E8*168) -> 0 | M8: =F8*1000 -> 0 | N8: =G8*1000 -> 0 | O8: =SUM(H8*21.6) -> 64.8 | P8: =I8*500 -> 0 | Q8: =SUM(J8)*600 -> 0 | R8: =SUM(K8:Q8) -> 64.8
A9: 5 | B9: 45966 | H9: 3 | K9: =SUM(D9*168) -> 0 | L9: =SUM(E9*168) -> 0 | M9: =F9*1000 -> 0 | N9: =G9*1000 -> 0 | O9: =SUM(H9*21.6) -> 64.8 | P9: =I9*500 -> 0 | Q9: =SUM(J9)*600 -> 0 | R9: =SUM(K9:Q9) -> 64.8
A10: 6 | B10: 45967 | H10: 3 | K10: =SUM(D10*168) -> 0 | L10: =SUM(E10*168) -> 0 | M10: =F10*1000 -> 0 | N10: =G10*1000 -> 0 | O10: =SUM(H10*21.6) -> 64.8 | P10: =I10*500 -> 0 | Q10: =SUM(J10)*600 -> 0 | R10: =SUM(K10:Q10) -> 64.8
A11: 7 | B11: 45968 | H11: 3 | K11: =SUM(D11*168) -> 0 | L11: =SUM(E11*168) -> 0 | M11: =F11*1000 -> 0 | N11: =G11*1000 -> 0 | O11: =SUM(H11*21.6) -> 64.8 | P11: =I11*500 -> 0 | Q11: =SUM(J11)*600 -> 0 | R11: =SUM(K11:Q11) -> 64.8
A12: 8 | B12: 45969 | H12: 3 | K12: =SUM(D12*168) -> 0 | L12: =SUM(E12*168) -> 0 | M12: =F12*1000 -> 0 | N12: =G12*1000 -> 0 | O12: =SUM(H12*21.6) -> 64.8 | P12: =I12*500 -> 0 | Q12: =SUM(J12)*600 -> 0 | R12: =SUM(K12:Q12) -> 64.8
A13: 9 | B13: 45970 | H13: 3 | K13: =SUM(D13*168) -> 0 | L13: =SUM(E13*168) -> 0 | M13: =F13*1000 -> 0 | N13: =G13*1000 -> 0 | O13: =SUM(H13*21.6) -> 64.8 | P13: =I13*500 -> 0 | Q13: =SUM(J13)*600 -> 0 | R13: =SUM(K13:Q13) -> 64.8
A14: 10 | B14: 45971 | E14: 2 | H14: 3 | K14: =SUM(D14*168) -> 0 | L14: =SUM(E14*168) -> 336 | M14: =F14*1000 -> 0 | N14: =G14*1000 -> 0 | O14: =SUM(H14*21.6) -> 64.8 | P14: =I14*500 -> 0 | Q14: =SUM(J14)*600 -> 0 | R14: =SUM(K14:Q14) -> 400.8
A15: 11 | B15: 45972 | H15: 1 | K15: =SUM(D15*168) -> 0 | L15: =SUM(E15*168) -> 0 | M15: =F15*1000 -> 0 | N15: =G15*1000 -> 0 | O15: =SUM(H15*21.6) -> 21.6 | P15: =I15*500 -> 0 | Q15: =SUM(J15)*600 -> 0 | R15: =SUM(K15:Q15) -> 21.6
A16: 12 | B16: 45973 | H16: 1 | K16: =SUM(D16*168) -> 0 | L16: =SUM(E16*168) -> 0 | M16: =F16*1000 -> 0 | N16: =G16*1000 -> 0 | O16: =SUM(H16*21.6) -> 21.6 | P16: =I16*500 -> 0 | Q16: =SUM(J16)*600 -> 0 | R16: =SUM(K16:Q16) -> 21.6
A17: 13 | B17: 45974 | H17: 1 | K17: =SUM(D17*168) -> 0 | L17: =SUM(E17*168) -> 0 | M17: =F17*1000 -> 0 | N17: =G17*1000 -> 0 | O17: =SUM(H17*21.6) -> 21.6 | P17: =I17*500 -> 0 | Q17: =SUM(J17)*600 -> 0 | R17: =SUM(K17:Q17) -> 21.6
A18: 14 | B18: 45975 | H18: 1 | K18: =SUM(D18*168) -> 0 | L18: =SUM(E18*168) -> 0 | M18: =F18*1000 -> 0 | N18: =G18*1000 -> 0 | O18: =SUM(H18*21.6) -> 21.6 | P18: =I18*500 -> 0 | Q18: =SUM(J18)*600 -> 0 | R18: =SUM(K18:Q18) -> 21.6
A19: 15 | B19: 45976 | H19: 1 | K19: =SUM(D19*168) -> 0 | L19: =SUM(E19*168) -> 0 | M19: =F19*1000 -> 0 | N19: =G19*1000 -> 0 | O19: =SUM(H19*21.6) -> 21.6 | P19: =I19*500 -> 0 | Q19: =SUM(J19)*600 -> 0 | R19: =SUM(K19:Q19) -> 21.6
A20: 16 | B20: 45977 | H20: 1 | K20: =SUM(D20*168) -> 0 | L20: =SUM(E20*168) -> 0 | M20: =F20*1000 -> 0 | N20: =G20*1000 -> 0 | O20: =SUM(H20*21.6) -> 21.6 | P20: =I20*500 -> 0 | Q20: =SUM(J20)*600 -> 0 | R20: =SUM(K20:Q20) -> 21.6
A21: 17 | B21: 45978 | H21: 1 | K21: =SUM(D21*168) -> 0 | L21: =SUM(E21*168) -> 0 | M21: =F21*1000 -> 0 | N21: =G21*1000 -> 0 | O21: =SUM(H21*21.6) -> 21.6 | P21: =I21*500 -> 0 | Q21: =SUM(J21)*600 -> 0 | R21: =SUM(K21:Q21) -> 21.6
A22: 18 | B22: 45979 | H22: 1 | K22: =SUM(D22*168) -> 0 | L22: =SUM(E22*168) -> 0 | M22: =F22*1000 -> 0 | N22: =G22*1000 -> 0 | O22: =SUM(H22*21.6) -> 21.6 | P22: =I22*500 -> 0 | Q22: =SUM(J22)*600 -> 0 | R22: =SUM(K22:Q22) -> 21.6
A23: 19 | B23: 45980 | H23: 1 | K23: =SUM(D23*168) -> 0 | L23: =SUM(E23*168) -> 0 | M23: =F23*1000 -> 0 | N23: =G23*1000 -> 0 | O23: =SUM(H23*21.6) -> 21.6 | P23: =I23*500 -> 0 | Q23: =SUM(J23)*600 -> 0 | R23: =SUM(K23:Q23) -> 21.6
A24: 20 | B24: 45981 | H24: 1 | K24: =SUM(D24*168) -> 0 | L24: =SUM(E24*168) -> 0 | M24: =F24*1000 -> 0 | N24: =G24*1000 -> 0 | O24: =SUM(H24*21.6) -> 21.6 | P24: =I24*500 -> 0 | Q24: =SUM(J24)*600 -> 0 | R24: =SUM(K24:Q24) -> 21.6
A25: 21 | B25: 45982 | H25: 1 | K25: =SUM(D25*168) -> 0 | L25: =SUM(E25*168) -> 0 | M25: =F25*1000 -> 0 | N25: =G25*1000 -> 0 | O25: =SUM(H25*21.6) -> 21.6 | P25: =I25*500 -> 0 | Q25: =SUM(J25)*600 -> 0 | R25: =SUM(K25:Q25) -> 21.6
A26: 22 | B26: 45983 | H26: 1 | K26: =SUM(D26*168) -> 0 | L26: =SUM(E26*168) -> 0 | M26: =F26*1000 -> 0 | N26: =G26*1000 -> 0 | O26: =SUM(H26*21.6) -> 21.6 | P26: =I26*500 -> 0 | Q26: =SUM(J26)*600 -> 0 | R26: =SUM(K26:Q26) -> 21.6
A27: 23 | B27: 45984 | H27: 1 | K27: =SUM(D27*168) -> 0 | L27: =SUM(E27*168) -> 0 | M27: =F27*1000 -> 0 | N27: =G27*1000 -> 0 | O27: =SUM(H27*21.6) -> 21.6 | P27: =I27*500 -> 0 | Q27: =SUM(J27)*600 -> 0 | R27: =SUM(K27:Q27) -> 21.6
A28: 24 | B28: 45985 | D28: 1 | H28: 2 | K28: =SUM(D28*168) -> 168 | L28: =SUM(E28*168) -> 0 | M28: =F28*1000 -> 0 | N28: =G28*1000 -> 0 | O28: =SUM(H28*21.6) -> 43.2 | P28: =I28*500 -> 0 | Q28: =SUM(J28)*600 -> 0 | R28: =SUM(K28:Q28) -> 211.2
A29: 25 | B29: 45986 | E29: 1 | H29: 2 | K29: =SUM(D29*168) -> 0 | L29: =SUM(E29*168) -> 168 | M29: =F29*1000 -> 0 | N29: =G29*1000 -> 0 | O29: =SUM(H29*21.6) -> 43.2 | P29: =I29*500 -> 0 | Q29: =SUM(J29)*600 -> 0 | R29: =SUM(K29:Q29) -> 211.2
A30: 26 | B30: 45987 | H30: 1 | K30: =SUM(D30*168) -> 0 | L30: =SUM(E30*168) -> 0 | M30: =F30*1000 -> 0 | N30: =G30*1000 -> 0 | O30: =SUM(H30*21.6) -> 21.6 | P30: =I30*500 -> 0 | Q30: =SUM(J30)*600 -> 0 | R30: =SUM(K30:Q30) -> 21.6
A31: 27 | B31: 45988 | H31: 1 | K31: =SUM(D31*168) -> 0 | L31: =SUM(E31*168) -> 0 | M31: =F31*1000 -> 0 | N31: =G31*1000 -> 0 | O31: =SUM(H31*21.6) -> 21.6 | P31: =I31*500 -> 0 | Q31: =SUM(J31)*600 -> 0 | R31: =SUM(K31:Q31) -> 21.6
A32: 28 | B32: 45989 | H32: 1 | K32: =SUM(D32*168) -> 0 | L32: =SUM(E32*168) -> 0 | M32: =F32*1000 -> 0 | N32: =G32*1000 -> 0 | O32: =SUM(H32*21.6) -> 21.6 | P32: =I32*500 -> 0 | Q32: =SUM(J32)*600 -> 0 | R32: =SUM(K32:Q32) -> 21.6
A33: 29 | B33: 45990 | H33: 1 | K33: =SUM(D33*168) -> 0 | L33: =SUM(E33*168) -> 0 | M33: =F33*1000 -> 0 | N33: =G33*1000 -> 0 | O33: =SUM(H33*21.6) -> 21.6 | P33: =I33*500 -> 0 | Q33: =SUM(J33)*600 -> 0 | R33: =SUM(K33:Q33) -> 21.6
A34: 30 | B34: 45991 | H34: 1 | K34: =SUM(D34*168) -> 0 | L34: =SUM(E34*168) -> 0 | M34: =F34*1000 -> 0 | N34: =G34*1000 -> 0 | O34: =SUM(H34*21.6) -> 21.6 | P34: =I34*500 -> 0 | Q34: =SUM(J34)*600 -> 0 | R34: =SUM(K34:Q34) -> 21.6
K35: =SUM(D35*168) -> 0 | L35: =SUM(E35*168) -> 0 | M35: =F35*1000 -> 0 | N35: =G35*1000 -> 0 | O35: =SUM(H35*21.6) -> 0 | P35: =I35*500 -> 0 | Q35: =SUM(J35)*600 -> 0 | R35: =SUM(K35:Q35) -> 0
D36: =SUM(D5:D35) -> 3 | E36: =SUM(E5:E35) -> 3 | F36: =SUM(F5:F35) -> 0 | H36: =SUM(H5:H35) -> 52 | K36: =SUM(K5:K35) -> 504 | L36: =SUM(L5:L35) -> 504 | M36: =SUM(M5:M35) -> 0 | N36: =SUM(N5:N35) -> 0 | O36: =SUM(O5:O35) -> 1123.2 | P36: =SUM(P5:P35) -> 0 | Q36: =SUM(Q5:Q35) -> 0 | R36: =SUM(R5:R35) -> 2131.2

Sheet Сандекс
A1: =S39 -> 21823.2
A4: Отчет "Сандекс" Ноябрь 2025 | L4: Стоимость
A5: дата | C5: Выгрузка паллет | D5: Выгрузка короб | E5: Загрузка паллет | F5: Загрузка короб | G5: Наборка короб | J5: Палетирование | K5: Хранение | L5: Выгрузка палллет | M5: Выгрузка короб | N5: Загрузка паллет | O5: Загрузка короб | P5: Наборка | Q5: Паллетирование | R5: Хранение | S5: итого
K6: 34
A7: 45962 | J7: 0 | K7: 34 | L7: =C7*168 -> 0 | M7: =D7*4 -> 0 | N7: =E7*168 -> 0 | O7: =F7*4 -> 0 | P7: =G7*4 -> 0 | Q7: =J7*600 -> 0 | R7: =K7*21.6 -> 734.4 | S7: =SUM(L7:R7) -> 734.4
A8: 45963 | J8: 0 | K8: =ROUND(K7+C8+H8-E7,0) -> 34 | L8: =C8*168 -> 0 | M8: =D8*4 -> 0 | N8: =E8*168 -> 0 | O8: =F8*4 -> 0 | P8: =G8*4 -> 0 | Q8: =J8*600 -> 0 | R8: =K8*21.6 -> 734.4 | S8: =SUM(L8:R8) -> 734.4
A9: 45964 | J9: 0 | K9: =ROUND(K8+C9+H9-E8,0) -> 34 | L9: =C9*168 -> 0 | M9: =D9*4 -> 0 | N9: =E9*168 -> 0 | O9: =F9*4 -> 0 | P9: =G9*4 -> 0 | Q9: =J9*600 -> 0 | R9: =K9*21.6 -> 734.4 | S9: =SUM(L9:R9) -> 734.4
A10: 45965 | J10: 0 | K10: =ROUND(K9+C10+H10-E9,0) -> 34 | L10: =C10*168 -> 0 | M10: =D10*4 -> 0 | N10: =E10*168 -> 0 | O10: =F10*4 -> 0 | P10: =G10*4 -> 0 | Q10: =J10*600 -> 0 | R10: =K10*21.6 -> 734.4 | S10: =SUM(L10:R10) -> 734.4
A11: 45966 | J11: 0 | K11: =ROUND(K10+C11+H11-E10,0) -> 34 | L11: =C11*168 -> 0 | M11: =D11*4 -> 0 | N11: =E11*168 -> 0 | O11: =F11*4 -> 0 | P11: =G11*4 -> 0 | Q11: =J11*600 -> 0 | R11: =K11*21.6 -> 734.4 | S11: =SUM(L11:R11) -> 734.4
A12: 45967 | J12: 0 | K12: =ROUND(K11+C12+H12-E11,0) -> 34 | L12: =C12*168 -> 0 | M12: =D12*4 -> 0 | N12: =E12*168 -> 0 | O12: =F12*4 -> 0 | P12: =G12*4 -> 0 | Q12: =J12*600 -> 0 | R12: =K12*21.6 -> 734.4 | S12: =SUM(L12:R12) -> 734.4
A13: 45968 | J13: 0 | K13: =ROUND(K12+C13+H13-E12,0) -> 34 | L13: =C13*168 -> 0 | M13: =D13*4 -> 0 | N13: =E13*168 -> 0 | O13: =F13*4 -> 0 | P13: =G13*4 -> 0 | Q13: =J13*600 -> 0 | R13: =K13*21.6 -> 734.4 | S13: =SUM(L13:R13) -> 734.4
A14: 45969 | J14: 0 | K14: =ROUND(K13+C14+H14-E13,0) -> 34 | L14: =C14*168 -> 0 | M14: =D14*4 -> 0 | N14: =E14*168 -> 0 | O14: =F14*4 -> 0 | P14: =G14*4 -> 0 | Q14: =J14*600 -> 0 | R14: =K14*21.6 -> 734.4 | S14: =SUM(L14:R14) -> 734.4
A15: 45970 | J15: 0 | K15: =ROUND(K14+C15+H15-E14,0) -> 34 | L15: =C15*168 -> 0 | M15: =D15*4 -> 0 | N15: =E15*168 -> 0 | O15: =F15*4 -> 0 | P15: =G15*4 -> 0 | Q15: =J15*600 -> 0 | R15: =K15*21.6 -> 734.4 | S15: =SUM(L15:R15) -> 734.4
A16: 45971 | J16: 0 | K16: =ROUND(K15+C16+H16-E15,0) -> 34 | L16: =C16*168 -> 0 | M16: =D16*4 -> 0 | N16: =E16*168 -> 0 | O16: =F16*4 -> 0 | P16: =G16*4 -> 0 | Q16: =J16*600 -> 0 | R16: =K16*21.6 -> 734.4 | S16: =SUM(L16:R16) -> 734.4
A17: 45972 | J17: 0 | K17: =ROUND(K16+C17+H17-E16,0) -> 34 | L17: =C17*168 -> 0 | M17: =D17*4 -> 0 | N17: =E17*168 -> 0 | O17: =F17*4 -> 0 | P17: =G17*4 -> 0 | Q17: =J17*600 -> 0 | R17: =K17*21.6 -> 734.4 | S17: =SUM(L17:R17) -> 734.4
A18: 45973 | J18: 0 | K18: =ROUND(K17+C18+H18-E17,0) -> 34 | L18: =C18*168 -> 0 | M18: =D18*4 -> 0 | N18: =E18*168 -> 0 | O18: =F18*4 -> 0 | P18: =G18*4 -> 0 | Q18: =J18*600 -> 0 | R18: =K18*21.6 -> 734.4 | S18: =SUM(L18:R18) -> 734.4
A19: 45974 | J19: 0 | K19: =ROUND(K18+C19+H19-E18,0) -> 34 | L19: =C19*168 -> 0 | M19: =D19*4 -> 0 | N19: =E19*168 -> 0 | O19: =F19*4 -> 0 | P19: =G19*4 -> 0 | Q19: =J19*600 -> 0 | R19: =K19*21.6 -> 734.4 | S19: =SUM(L19:R19) -> 734.4
... A24: 45979 | J24: 0 | K24: =ROUND(K23+C24+H24-E23,0) -> 34 | L24: =C24*168 -> 0 | M24: =D24*4 -> 0 | N24: =E24*168 -> 0 | O24: =F24*4 -> 0 | P24: =G24*4 -> 0 | Q24: =J24*600 -> 0 | R24: =K24*21.6 -> 734.4 | S24: =SUM(L24:R24) -> 734.4
A25: 45980 | E25: 3 | J25: 0 | K25: =ROUND(K24+C25+H25-E24,0) -> 34 | L25: =C25*168 -> 0 | M25: =D25*4 -> 0 | N25: =E25*168 -> 504 | O25: =F25*4 -> 0 | P25: =G25*4 -> 0 | Q25: =J25*600 -> 0 | R25: =K25*21.6 -> 734.4 | S25: =SUM(L25:R25) -> 1238.4
A26: 45981 | J26: 0 | K26: =ROUND(K25+C26+H26-E25,0) -> 31 | L26: =C26*168 -> 0 | M26: =D26*4 -> 0 | N26: =E26*168 -> 0 | O26: =F26*4 -> 0 | P26: =G26*4 -> 0 | Q26: =J26*600 -> 0 | R26: =K26*21.6 -> 669.6 | S26: =SUM(L26:R26) -> 669.6
A27: 45982 | J27: 0 | K27: =ROUND(K26+C27+H27-E26,0) -> 31 | L27: =C27*168 -> 0 | M27: =D27*4 -> 0 | N27: =E27*168 -> 0 | O27: =F27*4 -> 0 | P27: =G27*4 -> 0 | Q27: =J27*600 -> 0 | R27: =K27*21.6 -> 669.6 | S27: =SUM(L27:R27) -> 669.6
A28: 45983 | J28: 0 | K28: =ROUND(K27+C28+H28-E27,0) -> 31 | L28: =C28*168 -> 0 | M28: =D28*4 -> 0 | N28: =E28*168 -> 0 | O28: =F28*4 -> 0 | P28: =G28*4 -> 0 | Q28: =J28*600 -> 0 | R28: =K28*21.6 -> 669.6 | S28: =SUM(L28:R28) -> 669.6
A29: 45984 | J29: 0 | K29: =ROUND(K28+C29+H29-E28,0) -> 31 | L29: =C29*168 -> 0 | M29: =D29*4 -> 0 | N29: =E29*168 -> 0 | O29: =F29*4 -> 0 | P29: =G29*4 -> 0 | Q29: =J29*600 -> 0 | R29: =K29*21.6 -> 669.6 | S29: =SUM(L29:R29) -> 669.6
A30: 45985 | J30: 0 | K30: =ROUND(K29+C30+H30-E29,0) -> 31 | L30: =C30*168 -> 0 | M30: =D30*4 -> 0 | N30: =E30*168 -> 0 | O30: =F30*4 -> 0 | P30: =G30*4 -> 0 | Q30: =J30*600 -> 0 | R30: =K30*21.6 -> 669.6 | S30: =SUM(L30:R30) -> 669.6
A31: 45986 | J31: 0 | K31: =ROUND(K30+C31+H31-E30,0) -> 31 | L31: =C31*168 -> 0 | M31: =D31*4 -> 0 | N31: =E31*168 -> 0 | O31: =F31*4 -> 0 | P31: =G31*4 -> 0 | Q31: =J31*600 -> 0 | R31: =K31*21.6 -> 669.6 | S31: =SUM(L31:R31) -> 669.6
A32: 45987 | J32: 0 | K32: =ROUND(K31+C32+H32-E31,0) -> 31 | L32: =C32*168 -> 0 | M32: =D32*4 -> 0 | N32: =E32*168 -> 0 | O32: =F32*4 -> 0 | P32: =G32*4 -> 0 | Q32: =J32*600 -> 0 | R32: =K32*21.6 -> 669.6 | S32: =SUM(L32:R32) -> 669.6
A33: 45988 | J33: 0 | K33: =ROUND(K32+C33+H33-E32,0) -> 31 | L33: =C33*168 -> 0 | M33: =D33*4 -> 0 | N33: =E33*168 -> 0 | O33: =F33*4 -> 0 | P33: =G33*4 -> 0 | Q33: =J33*600 -> 0 | R33: =K33*21.6 -> 669.6 | S33: =SUM(L33:R33) -> 669.6
A34: 45989 | J34: 0 | K34: =ROUND(K33+C34+H34-E33,0) -> 31 | L34: =C34*168 -> 0 | M34: =D34*4 -> 0 | N34: =E34*168 -> 0 | O34: =F34*4 -> 0 | P34: =G34*4 -> 0 | Q34: =J34*600 -> 0 | R34: =K34*21.6 -> 669.6 | S34: =SUM(L34:R34) -> 669.6
A35: 45990 | J35: 0 | K35: =ROUND(K34+C35+H35-E34,0) -> 31 | L35: =C35*168 -> 0 | M35: =D35*4 -> 0 | N35: =E35*168 -> 0 | O35: =F35*4 -> 0 | P35: =G35*4 -> 0 | Q35: =J35*600 -> 0 | R35: =K35*21.6 -> 669.6 | S35: =SUM(L35:R35) -> 669.6
A36: 45991 | J36: 0 | K36: =ROUND(K35+C36+H36-E35,0) -> 31 | L36: =C36*168 -> 0 | M36: =D36*4 -> 0 | N36: =E36*168 -> 0 | O36: =F36*4 -> 0 | P36: =G36*4 -> 0 | Q36: =J36*600 -> 0 | R36: =K36*21.6 -> 669.6 | S36: =SUM(L36:R36) -> 669.6
J37: 0 | L37: =C37*168 -> 0 | M37: =D37*4 -> 0 | N37: =E37*168 -> 0 | O37: =F37*4 -> 0 | P37: =G37*4 -> 0 | Q37: =J37*600 -> 0 | R37: =K37*21.6 -> 0 | S37: =SUM(L37:R37) -> 0
A38: Итого | C38: =SUM(C7:C37) -> 0 | D38: =SUM(D7:D37) -> 0 | E38: =SUM(E7:E37) -> 3 | F38: =SUM(F7:F37) -> 0 | G38: =SUM(G7:G37) -> 0 | H38: =SUM(H7:H37) -> 0 | I38: =SUM(I7:I37) -> 0 | J38: =SUM(J7:J37) -> 0 | ... S38: =SUM(S7:S37) -> 21823.2
R39: Итого | S39: =S38 -> 21823.2

Sheet СтройТех
A1: =K36 -> 23948
A2: Отчет по хранению товара СтройТех за Ноябрь
A3: № | B3: дата | D3: Выгрузка кол-во паллет | E3: ручная загрузка | G3: Хранение | H3: стоимость выгрузки | I3: стоимость загр.. Работ | J3: стоимость хранения | K3: итого
E4: мультипак | F4: шт,. | G4: (кол-во паллет)
A5: 1 | B5: 45962 | E5: 10 | F5: 5 | G5: 59 | H5: =SUM(D5*60) -> 0 | I5: =SUM(E5*25+F5*7) -> 285 | J5: =SUM(G5*15) -> 885 | K5: =SUM(H5:J5) -> 1170
A6: 2 | B6: 45963 | G6: 57 | H6: =SUM(D6*60) -> 0 | I6: =SUM(E6*25+F6*7) -> 0 | J6: =SUM(G6*15) -> 855 | K6: =SUM(H6:J6) -> 855
A7: 3 | B7: 45964 | G7: 57 | H7: =SUM(D7*60) -> 0 | I7: =SUM(E7*25+F7*7) -> 0 | J7: =SUM(G7*15) -> 855 | K7: =SUM(H7:J7) -> 855
A8: 4 | B8: 45965 | G8: 57 | H8: =SUM(D8*60) -> 0 | I8: =SUM(E8*25+F8*7) -> 0 | J8: =SUM(G8*15) -> 855 | K8: =SUM(H8:J8) -> 855
A9: 5 | B9: 45966 | G9: 57 | H9: =SUM(D9*60) -> 0 | I9: =SUM(E9*25+F9*7) -> 0 | J9: =SUM(G9*15) -> 855 | K9: =SUM(H9:J9) -> 855
A10: 6 | B10: 45967 | E10: 35 | G10: 57 | H10: =SUM(D10*60) -> 0 | I10: =SUM(E10*25+F10*7) -> 875 | J10: =SUM(G10*15) -> 855 | K10: =SUM(H10:J10) -> 1730
A11: 7 | B11: 45968 | E11: 18 | G11: 49 | H11: =SUM(D11*60) -> 0 | I11: =SUM(E11*25+F11*7) -> 450 | J11: =SUM(G11*15) -> 735 | K11: =SUM(H11:J11) -> 1185
A12: 8 | B12: 45969 | G12: 45 | H12: =SUM(D12*60) -> 0 | I12: =SUM(E12*25+F12*7) -> 0 | J12: =SUM(G12*15) -> 675 | K12: =SUM(H12:J12) -> 675
A13: 9 | B13: 45970 | G13: 45 | H13: =SUM(D13*60) -> 0 | I13: =SUM(E13*25+F13*7) -> 0 | J13: =SUM(G13*15) -> 675 | K13: =SUM(H13:J13) -> 675
A14: 10 | B14: 45971 | G14: 45 | H14: =SUM(D14*60) -> 0 | I14: =SUM(E14*25+F14*7) -> 0 | J14: =SUM(G14*15) -> 675 | K14: =SUM(H14:J14) -> 675
A15: 11 | B15: 45972 | G15: 45 | H15: =SUM(D15*60) -> 0 | I15: =SUM(E15*25+F15*7) -> 0 | J15: =SUM(G15*15) -> 675 | K15: =SUM(H15:J15) -> 675
A16: 12 | B16: 45973 | E16: 18 | G16: 45 | H16: =SUM(D16*60) -> 0 | I16: =SUM(E16*25+F16*7) -> 450 | J16: =SUM(G16*15) -> 675 | K16: =SUM(H16:J16) -> 1125
A17: 13 | B17: 45974 | G17: 42 | H17: =SUM(D17*60) -> 0 | I17: =SUM(E17*25+F17*7) -> 0 | J17: =SUM(G17*15) -> 630 | K17: =SUM(H17:J17) -> 630
A18: 14 | B18: 45975 | E18: 36 | F18: 9 | G18: 42 | H18: =SUM(D18*60) -> 0 | I18: =SUM(E18*25+F18*7) -> 963 | J18: =SUM(G18*15) -> 630 | K18: =SUM(H18:J18) -> 1593
A19: 15 | B19: 45976 | G19: 33 | H19: =SUM(D19*60) -> 0 | I19: =SUM(E19*25+F19*7) -> 0 | J19: =SUM(G19*15) -> 495 | K19: =SUM(H19:J19) -> 495
A20: 16 | B20: 45977 | G20: 33 | H20: =SUM(D20*60) -> 0 | I20: =SUM(E20*25+F20*7) -> 0 | J20: =SUM(G20*15) -> 495 | K20: =SUM(H20:J20) -> 495
A21: 17 | B21: 45978 | G21: 33 | H21: =SUM(D21*60) -> 0 | I21: =SUM(E21*25+F21*7) -> 0 | J21: =SUM(G21*15) -> 495 | K21: =SUM(H21:J21) -> 495
A22: 18 | B22: 45979 | G22: 33 | H22: =SUM(D22*60) -> 0 | I22: =SUM(E22*25+F22*7) -> 0 | J22: =SUM(G22*15) -> 495 | K22: =SUM(H22:J22) -> 495
A23: 19 | B23: 45980 | G23: 33 | H23: =SUM(D23*60) -> 0 | I23: =SUM(E23*25+F23*7) -> 0 | J23: =SUM(G23*15) -> 495 | K23: =SUM(H23:J23) -> 495
A24: 20 | B24: 45981 | G24: 33 | H24: =SUM(D24*60) -> 0 | I24: =SUM(E24*25+F24*7) -> 0 | J24: =SUM(G24*15) -> 495 | K24: =SUM(H24:J24) -> 495
A25: 21 | B25: 45982 | E25: 9 | G25: 33 | H25: =SUM(D25*60) -> 0 | I25: =SUM(E25*25+F25*7) -> 225 | J25: =SUM(G25*15) -> 495 | K25: =SUM(H25:J25) -> 720
A26: 22 | B26: 45983 | G26: 31 | H26: =SUM(D26*60) -> 0 | I26: =SUM(E26*25+F26*7) -> 0 | J26: =SUM(G26*15) -> 465 | K26: =SUM(H26:J26) -> 465
A27: 23 | B27: 45984 | G27: 31 | H27: =SUM(D27*60) -> 0 | I27: =SUM(E27*25+F27*7) -> 0 | J27: =SUM(G27*15) -> 465 | K27: =SUM(H27:J27) -> 465
A28: 24 | B28: 45985 | G28: 31 | H28: =SUM(D28*60) -> 0 | I28: =SUM(E28*25+F28*7) -> 0 | J28: =SUM(G28*15) -> 465 | K28: =SUM(H28:J28) -> 465
A29: 25 | B29: 45986 | G29: 31 | H29: =SUM(D29*60) -> 0 | I29: =SUM(E29*25+F29*7) -> 0 | J29: =SUM(G29*15) -> 465 | K29: =SUM(H29:J29) -> 465
A30: 26 | B30: 45987 | D30: 18 | E30: 6 | G30: 49 | H30: =SUM(D30*60) -> 1080 | I30: =SUM(E30*25+F30*7) -> 150 | J30: =SUM(G30*15) -> 735 | K30: =SUM(H30:J30) -> 1965
A31: 27 | B31: 45988 | G31: 48 | H31: =SUM(D31*60) -> 0 | I31: =SUM(E31*25+F31*7) -> 0 | J31: =SUM(G31*15) -> 720 | K31: =SUM(H31:J31) -> 720
A32: 28 | B32: 45989 | G32: 48 | H32: =SUM(D32*60) -> 0 | I32: =SUM(E32*25+F32*7) -> 0 | J32: =SUM(G32*15) -> 720 | K32: =SUM(H32:J32) -> 720
A33: 29 | B33: 45990 | G33: 48 | H33: =SUM(D33*60) -> 0 | I33: =SUM(E33*25+F33*7) -> 0 | J33: =SUM(G33*15) -> 720 | K33: =SUM(H33:J33) -> 720
A34: 30 | B34: 45991 | G34: 48 | H34: =SUM(D34*60) -> 0 | I34: =SUM(E34*25+F34*7) -> 0 | J34: =SUM(G34*15) -> 720 | K34: =SUM(H34:J34) -> 720
H35: =SUM(D35*60) -> 0 | I35: =SUM(E35*25+F35*7) -> 0 | J35: =SUM(G35*15) -> 0 | K35: =SUM(H35:J35) -> 0
G36: =SUM(G5:G35) -> 1298 | H36: =SUM(H5:H35) -> 1080 | I36: =SUM(I5:I35) -> 3398 | J36: =SUM(J5:J35) -> 19470 | K36: =SUM(K5:K35) -> 23948

Sheet Доктор Франк
A1: =AE41 -> 7920
A4: Отчет "Доктор Франк" Ноябрь 2025 | Q4: Стоимость
A5: дата | C5: Выгрузка паллет | D5: Выгрузка короб | E5: Загрузка паллет | F5: Загрузка короб | G5: Наборка короб | H5: Предоставление паддона | I5: оформление и выдача ТТН | J5: Печать этикеток | K5: Маркировка | L5: Перекладка Товара | M5: Упаковка в стрейч | N5: Упаковка в пупырку | O5: Палетирование | P5: Хранение | Q5: Выгрузка палллет | R5: Выгрузка короб | S5: Загрузка паллет | T5: Загрузка короб | U5: Наборка | V5: Паллеты | W5: Документы | X5: Печать этикеток | Y5: Маркировка | Z5: Упаковка в стрейч | AA5: Перекладка товара | AB5: Упаковка в пупырку | AC5: Паллетирование | AD5: Хранение | AE5: итого
P6: 8
A7: 45962 | K7: =J7 -> 0 | O7: =E7 -> 0 | P7: =ROUND(P6+C7+H7-E7,0) -> 8 | Q7: =C7*225 -> 0 | R7: =D7*15.6 -> 0 | S7: =E7*225 -> 0 | T7: =F7*15.6 -> 0 | U7: =G7*19 -> 0 | V7: =H7*675 -> 0 | W7: =I7*430 -> 0 | X7: =J7*3.3 -> 0 | Y7: =K7*1.9 -> 0 | Z7: =M7*21.6 -> 0 | AA7: =L7*11.5 -> 0 | AB7: =N7*24 -> 0 | AC7: =O7*243 -> 0 | AD7: =P7*33 -> 264 | AE7: =SUM(Q7:AD7) -> 264
A8: 45963 | K8: =J8 -> 0 | O8: =E8 -> 0 | P8: =ROUND(P7+C8+H8-E8,0) -> 8 | Q8: =C8*225 -> 0 | R8: =D8*15.6 -> 0 | S8: =E8*225 -> 0 | T8: =F8*15.6 -> 0 | U8: =G8*19 -> 0 | V8: =H8*675 -> 0 | W8: =I8*430 -> 0 | X8: =J8*3.3 -> 0 | Y8: =K8*1.9 -> 0 | Z8: =M8*21.6 -> 0 | AA8: =L8*11.5 -> 0 | AB8: =N8*24 -> 0 | AC8: =O8*243 -> 0 | AD8: =P8*33 -> 264 | AE8: =SUM(Q8:AD8) -> 264
A9: 45964 | K9: =J9 -> 0 | O9: =E9 -> 0 | P9: =ROUND(P8+C9+H9-E9,0) -> 8 | Q9: =C9*225 -> 0 | R9: =D9*15.6 -> 0 | S9: =E9*225 -> 0 | T9: =F9*15.6 -> 0 | U9: =G9*19 -> 0 | V9: =H9*675 -> 0 | W9: =I9*430 -> 0 | X9: =J9*3.3 -> 0 | Y9: =K9*1.9 -> 0 | Z9: =M9*21.6 -> 0 | AA9: =L9*11.5 -> 0 | AB9: =N9*24 -> 0 | AC9: =O9*243 -> 0 | AD9: =P9*33 -> 264 | AE9: =SUM(Q9:AD9) -> 264
A10: 45965 | K10: =J10 -> 0 | O10: =E10 -> 0 | P10: =ROUND(P9+C10+H10-E10,0) -> 8 | Q10: =C10*225 -> 0 | R10: =D10*15.6 -> 0 | S10: =E10*225 -> 0 | T10: =F10*15.6 -> 0 | U10: =G10*19 -> 0 | V10: =H10*675 -> 0 | W10: =I10*430 -> 0 | X10: =J10*3.3 -> 0 | Y10: =K10*1.9 -> 0 | Z10: =M10*21.6 -> 0 | AA10: =L10*11.5 -> 0 | AB10: =N10*24 -> 0 | AC10: =O10*243 -> 0 | AD10: =P10*33 -> 264 | AE10: =SUM(Q10:AD10) -> 264
A11: 45966 | K11: =J11 -> 0 | O11: =E11 -> 0 | P11: =ROUND(P10+C11+H11-E11,0) -> 8 | Q11: =C11*225 -> 0 | R11: =D11*15.6 -> 0 | S11: =E11*225 -> 0 | T11: =F11*15.6 -> 0 | U11: =G11*19 -> 0 | V11: =H11*675 -> 0 | W11: =I11*430 -> 0 | X11: =J11*3.3 -> 0 | Y11: =K11*1.9 -> 0 | Z11: =M11*21.6 -> 0 | AA11: =L11*11.5 -> 0 | AB11: =N11*24 -> 0 | AC11: =O11*243 -> 0 | AD11: =P11*33 -> 264 | AE11: =SUM(Q11:AD11) -> 264
A12: 45967 | K12: =J12 -> 0 | O12: =E12 -> 0 | P12: =ROUND(P11+C12+H12-E12,0) -> 8 | Q12: =C12*225 -> 0 | R12: =D12*15.6 -> 0 | S12: =E12*225 -> 0 | T12: =F12*15.6 -> 0 | U12: =G12*19 -> 0 | V12: =H12*675 -> 0 | W12: =I12*430 -> 0 | X12: =J12*3.3 -> 0 | Y12: =K12*1.9 -> 0 | Z12: =M12*21.6 -> 0 | AA12: =L12*11.5 -> 0 | AB12: =N12*24 -> 0 | AC12: =O12*243 -> 0 | AD12: =P12*33 -> 264 | AE12: =SUM(Q12:AD12) -> 264
A13: 45968 | K13: =J13 -> 0 | O13: =E13 -> 0 | P13: =ROUND(P12+C13+H13-E13,0) -> 8 | Q13: =C13*225 -> 0 | R13: =D13*15.6 -> 0 | S13: =E13*225 -> 0 | T13: =F13*15.6 -> 0 | U13: =G13*19 -> 0 | V13: =H13*675 -> 0 | W13: =I13*430 -> 0 | X13: =J13*3.3 -> 0 | Y13: =K13*1.9 -> 0 | Z13: =M13*21.6 -> 0 | AA13: =L13*11.5 -> 0 | AB13: =N13*24 -> 0 | AC13: =O13*243 -> 0 | AD13: =P13*33 -> 264 | AE13: =SUM(Q13:AD13) -> 264
A14: 45969 | K14: =J14 -> 0 | O14: =E14 -> 0 | P14: =ROUND(P13+C14+H14-E14,0) -> 8 | Q14: =C14*225 -> 0 | R14: =D14*15.6 -> 0 | S14: =E14*225 -> 0 | T14: =F14*15.6 -> 0 | U14: =G14*19 -> 0 | V14: =H14*675 -> 0 | W14: =I14*430 -> 0 | X14: =J14*3.3 -> 0 | Y14: =K14*1.9 -> 0 | Z14: =M14*21.6 -> 0 | AA14: =L14*11.5 -> 0 | AB14: =N14*24 -> 0 | AC14: =O14*243 -> 0 | AD14: =P14*33 -> 264 | AE14: =SUM(Q14:AD14) -> 264
A15: 45970 | K15: =J15 -> 0 | O15: =E15 -> 0 | P15: =ROUND(P14+C15+H15-E15,0) -> 8 | Q15: =C15*225 -> 0 | R15: =D15*15.6 -> 0 | S15: =E15*225 -> 0 | T15: =F15*15.6 -> 0 | U15: =G15*19 -> 0 | V15: =H15*675 -> 0 | W15: =I15*430 -> 0 | X15: =J15*3.3 -> 0 | Y15: =K15*1.9 -> 0 | Z15: =M15*21.6 -> 0 | AA15: =L15*11.5 -> 0 | AB15: =N15*24 -> 0 | AC15: =O15*243 -> 0 | AD15: =P15*33 -> 264 | AE15: =SUM(Q15:AD15) -> 264
A16: 45971 | K16: =J16 -> 0 | O16: =E16 -> 0 | P16: =ROUND(P15+C16+H16-E16,0) -> 8 | Q16: =C16*225 -> 0 | R16: =D16*15.6 -> 0 | S16: =E16*225 -> 0 | T16: =F16*15.6 -> 0 | U16: =G16*19 -> 0 | V16: =H16*675 -> 0 | W16: =I16*430 -> 0 | X16: =J16*3.3 -> 0 | Y16: =K16*1.9 -> 0 | Z16: =M16*21.6 -> 0 | AA16: =L16*11.5 -> 0 | AB16: =N16*24 -> 0 | AC16: =O16*243 -> 0 | AD16: =P16*33 -> 264 | AE16: =SUM(Q16:AD16) -> 264
A17: 45972 | K17: =J17 -> 0 | O17: =E17 -> 0 | P17: =ROUND(P16+C17+H17-E17,0) -> 8 | Q17: =C17*225 -> 0 | R17: =D17*15.6 -> 0 | S17: =E17*225 -> 0 | T17: =F17*15.6 -> 0 | U17: =G17*19 -> 0 | V17: =H17*675 -> 0 | W17: =I17*430 -> 0 | X17: =J17*3.3 -> 0 | Y17: =K17*1.9 -> 0 | Z17: =M17*21.6 -> 0 | AA17: =L17*11.5 -> 0 | AB17: =N17*24 -> 0 | AC17: =O17*243 -> 0 | AD17: =P17*33 -> 264 | AE17: =SUM(Q17:AD17) -> 264
A18: 45973 | K18: =J18 -> 0 | O18: =E18 -> 0 | P18: =ROUND(P17+C18+H18-E18,0) -> 8 | Q18: =C18*225 -> 0 | R18: =D18*15.6 -> 0 | S18: =E18*225 -> 0 | T18: =F18*15.6 -> 0 | U18: =G18*19 -> 0 | V18: =H18*675 -> 0 | W18: =I18*430 -> 0 | X18: =J18*3.3 -> 0 | Y18: =K18*1.9 -> 0 | Z18: =M18*21.6 -> 0 | AA18: =L18*11.5 -> 0 | AB18: =N18*24 -> 0 | AC18: =O18*243 -> 0 | AD18: =P18*33 -> 264 | AE18: =SUM(Q18:AD18) -> 264
... A36: 45991 | K36: =J36 -> 0 | O36: =E36 -> 0 | P36: =ROUND(P35+C36+H36-E36,0) -> 8 | Q36: =C36*225 -> 0 | R36: =D36*15.6 -> 0 | S36: =E36*225 -> 0 | T36: =F36*15.6 -> 0 | U36: =G36*19 -> 0 | V36: =H36*675 -> 0 | W36: =I36*430 -> 0 | X36: =J36*3.3 -> 0 | Y36: =K36*1.9 -> 0 | Z36: =M36*21.6 -> 0 | AA36: =L36*11.5 -> 0 | AB36: =N36*24 -> 0 | AC36: =O36*243 -> 0 | AD36: =P36*33 -> 264 | AE36: =SUM(Q36:AD36) -> 264
O37: =E37 -> 0 | Q37: =C37*225 -> 0 | R37: =D37*15.6 -> 0 | S37: =E37*225 -> 0 | T37: =F37*15.6 -> 0 | U37: =G37*19 -> 0 | V37: =H37*675 -> 0 | W37: =I37*430 -> 0 | X37: =J37*3.3 -> 0 | Y37: =K37*1.9 -> 0 | Z37: =M37*21.6 -> 0 | AA37: =L37*11.5 -> 0 | AB37: =N37*24 -> 0 | AC37: =O37*243 -> 0 | AD37: =P37*33 -> 0 | AE37: =SUM(Q37:AD37) -> 0
A38: Итого | C38: =SUM(C7:C37) -> 0 | D38: =SUM(D7:D37) -> 0 | E38: =SUM(E7:E37) -> 0 | F38: =SUM(F7:F37) -> 0 | G38: =SUM(G7:G37) -> 0 | H38: =SUM(H7:H37) -> 0 | I38: =SUM(I7:I37) -> 0 | J38: =SUM(J7:J37) -> 0 | ... AE38: =SUM(AE7:AE37) -> 7920
AE39: 0
AE40: =-(K3*14+K3*24+K3*2*2.7) -> 0
AE41: =AE38+AE39+AE40 -> 7920

Sheet Ергарда
A1: =J35 -> 8640 | B1: Отчет по хранению товара Ергарда за Ноябрь
A2: № | B2: дата | D2: Выгрузка кол-во паллет | E2: Загрузка кол-во паллет | F2: Хранение | G2: стоимость выгрузки | H2: стоимость загрузки | I2: стоимость хранения | J2: итого
F3: (кол-во паллет)
A4: 1 | B4: 45962 | F4: 24 | G4: =SUM(D4*120) -> 0 | H4: =SUM(E4*120) -> 0 | I4: =SUM(F4*12) -> 288 | J4: =SUM(G4:I4) -> 288
A5: 2 | B5: 45963 | F5: 24 | G5: =SUM(D5*120) -> 0 | H5: =SUM(E5*120) -> 0 | I5: =SUM(F5*12) -> 288 | J5: =SUM(G5:I5) -> 288
A6: 3 | B6: 45964 | F6: 24 | G6: =SUM(D6*120) -> 0 | H6: =SUM(E6*120) -> 0 | I6: =SUM(F6*12) -> 288 | J6: =SUM(G6:I6) -> 288
A7: 4 | B7: 45965 | F7: 24 | G7: =SUM(D7*120) -> 0 | H7: =SUM(E7*120) -> 0 | I7: =SUM(F7*12) -> 288 | J7: =SUM(G7:I7) -> 288
A8: 5 | B8: 45966 | F8: 24 | G8: =SUM(D8*120) -> 0 | H8: =SUM(E8*120) -> 0 | I8: =SUM(F8*12) -> 288 | J8: =SUM(G8:I8) -> 288
A9: 6 | B9: 45967 | F9: 24 | G9: =SUM(D9*120) -> 0 | H9: =SUM(E9*120) -> 0 | I9: =SUM(F9*12) -> 288 | J9: =SUM(G9:I9) -> 288
A10: 7 | B10: 45968 | F10: 24 | G10: =SUM(D10*120) -> 0 | H10: =SUM(E10*120) -> 0 | I10: =SUM(F10*12) -> 288 | J10: =SUM(G10:I10) -> 288
A11: 8 | B11: 45969 | F11: 24 | G11: =SUM(D11*120) -> 0 | H11: =SUM(E11*120) -> 0 | I11: =SUM(F11*12) -> 288 | J11: =SUM(G11:I11) -> 288
A12: 9 | B12: 45970 | F12: 24 | G12: =SUM(D12*120) -> 0 | H12: =SUM(E12*120) -> 0 | I12: =SUM(F12*12) -> 288 | J12: =SUM(G12:I12) -> 288
A13: 10 | B13: 45971 | F13: 24 | G13: =SUM(D13*120) -> 0 | H13: =SUM(E13*120) -> 0 | I13: =SUM(F13*12) -> 288 | J13: =SUM(G13:I13) -> 288
A14: 11 | B14: 45972 | F14: 24 | G14: =SUM(D14*120) -> 0 | H14: =SUM(E14*120) -> 0 | I14: =SUM(F14*12) -> 288 | J14: =SUM(G14:I14) -> 288
A15: 12 | B15: 45973 | F15: 24 | G15: =SUM(D15*120) -> 0 | H15: =SUM(E15*120) -> 0 | I15: =SUM(F15*12) -> 288 | J15: =SUM(G15:I15) -> 288
... A33: 30 | B33: 45991 | F33: 24 | G33: =SUM(D33*120) -> 0 | H33: =SUM(E33*120) -> 0 | I33: =SUM(F33*12) -> 288 | J33: =SUM(G33:I33) -> 288
A34: 31 | G34: =SUM(D34*120) -> 0 | H34: =SUM(E34*120) -> 0 | I34: =SUM(F34*12) -> 0 | J34: =SUM(G34:I34) -> 0
G35: =SUM(G4:G34) -> 0 | H35: =SUM(H4:H34) -> 0 | I35: =SUM(I4:I34) -> 8640 | J35: =SUM(J4:J34) -> 8640

Sheet Зеленодольск Доп услуги
A2: Акт № от 30 Ноября 2025
A3: =IF(DAY(TODAY()) > 27, "выполненных работ (оказанных услуг) за " & TEXT(TODAY(),"ММММ ГГГГ"),"выполненных работ (оказанных услуг) за " & TEXT(TODAY()-DAY(TODAY()),"ММММ ГГГГ")) -> выполненных работ (оказанных услуг) за Ноябрь 2025
A4: по Договору хранения № СХ.39036 от «01» июня 2023 г.
A6: Во исполнение Договора в период с 01 Ноября 2025 г. По 30 Ноября 2025 г. ХРАНИТЕЛЬ оказал ПОКЛАЖЕДАТЕЛЮ следующие услуги (работы):
A8: № | B8: Наименование услуг (работ) | C8: Ед. изм. | D8: Количество | E8: Цена | F8: Сумма
A9: 1 | B9: Переконсолидация Товара | C9: тонна | D9: 844.25 | E9: 950 | F9: =D9*E9 -> 802037.5
A10: 2 | B10: Паллетирование | C10: тонна | D10: =D9 -> 844.25 | E10: 120 | F10: =D10*E10 -> 101310
A11: 3 | B11: Предоставление фито поддона | C11: штука | D11: 614 | E11: 830 | F11: =D11*E11 -> 509620
A12: Итого: | F12: =SUM(F9:F11) -> 1412967.5
A13: Без налога (НДС) | F13: =F12 -> 1412967.5
A14: Всего (с учетом НДС) | F14: =F13*1.2 -> 1695561
A15: Вышеперечисленные услуги (работы) выполнены полностью.
A16: ПОКЛАЖЕДАТЕЛЬ претензий по объему, качеству и срокам оказания услуг претензий не имеет.
A19: ООО "ДТМ" | D19: ПАО "СИБУР Холдинг"
A21: ____________________Расстегаев Д.О. | D21: ____________________

Sheet Казань_Приволжская экспорт
A3: Акт № от «30» Сентября 2025 г. Казань_Приволжская
A4: =IF(DAY(TODAY()) > 27, "выполненных работ (оказанных услуг) за " & TEXT(TODAY(),"ММММ ГГГГ"),"выполненных работ (оказанных услуг) за " & TEXT(TODAY()-DAY(TODAY()),"ММММ ГГГГ")) -> выполненных работ (оказанных услуг) за Ноябрь 2025
A5: по Договору хранения № СХ.47103 от «10» апреля 2025 г.
A7: Во исполнение Договора в период с "01" Сентября 2025 г. по "30" Сентября 2025 г. ХРАНИТЕЛЬ оказал ПОКЛАЖЕДАТЕЛЮ следующие услуги (работы):
A9: № | B9: Наименование услуг (работ) | C9: Ед. изм. | D9: Количество | E9: Цена | F9: Сумма без НДС | G9: Сумма с НДС
A10: 1 | B10: оформление документов | C10: шт. | D10: 5 | E10: 2000 | F10: =SUM(D10*E10) -> 10000 | G10: =F10*1.2 -> 12000
A11: 2 | B11: Оформление сертификата | C11: шт. | F11: =SUM(D11*E11) -> 0 | G11: =F11*1.2 -> 0
F12: =SUM(F10:F11) -> 10000 | G12: =SUM(G10:G11) -> 12000
A13: Итого: | B13: десять тысяч рублей ноль копеек
A14: Без налога (НДС): | B14: =B13 -> десять тысяч рублей ноль копеек
A15: Всего (с учетом НДС) | B15: двеналцать тысяч рублей ноль копеек
A16: Вышеперечисленные услуги (работы) выполнены полностью.
A17: ПОКЛАЖЕДАТЕЛЬ претензий по объему, качеству и срокам оказания услуг претензий не имеет.
A20: ООО "ДТМ" | D20: ПАО "СИБУР Холдинг"
A22: ____________________Расстегаев Д.О. | D22: ____________________

Sheet Казань_Автосервисная экспорт
A3: Акт № от «30» Ноября 2025 г. Казань_Автосервисная
A4: =IF(DAY(TODAY()) > 27, "выполненных работ (оказанных услуг) за " & TEXT(TODAY(),"ММММ ГГГГ"),"выполненных работ (оказанных услуг) за " & TEXT(TODAY()-DAY(TODAY()),"ММММ ГГГГ")) -> выполненных работ (оказанных услуг) за Ноябрь 2025
A5: по Договору хранения № СХ.47103 от «10» апреля 2025 г.
A7: Во исполнение Договора в период с "01" Ноября 2025 г. по "30" Ноября 2025 г. ХРАНИТЕЛЬ оказал ПОКЛАЖЕДАТЕЛЮ следующие услуги (работы):
A9: № | B9: Наименование услуг (работ) | C9: Ед. изм. | D9: Количество | E9: Цена | F9: Сумма без НДС | G9: Сумма с НДС
A10: 1 | B10: оформление документов | C10: шт. | D10: 5 | E10: 2000 | F10: =SUM(D10*E10) -> 10000 | G10: =F10*1.2 -> 12000
A11: 2 | B11: Оформление сертификата | C11: шт. | F11: =SUM(D11*E11) -> 0 | G11: =F11*1.2 -> 0
F12: =SUM(F10:F11) -> 10000 | G12: =SUM(G10:G11) -> 12000
A13: Итого: | B13: десять тысячь рублей ноль копеек
A14: Без налога (НДС): | B14: =B13 -> десять тысячь рублей ноль копеек
A15: Всего (с учетом НДС) | B15: двенадцать тысяч рублей ноль копеек
A16: Вышеперечисленные услуги (работы) выполнены полностью.
A17: ПОКЛАЖЕДАТЕЛЬ претензий по объему, качеству и срокам оказания услуг претензий не имеет.
A20: ООО "ДТМ" | D20: ПАО "СИБУР Холдинг"
A22: ____________________Расстегаев Д.О. | D22: ____________________

Sheet Казань_Автосервисная Доп услуги
A2: =IF(DAY(TODAY())>27,"Акт № от " & TEXT(TODAY(),"ДД ММММ ГГГГ"),"Акт № от " & TEXT(TODAY()-DAY(TODAY()),"ДД ММММ ГГГГ")) -> Акт № от 30 Ноябрь 2025
A3: =IF(DAY(TODAY()) > 27, "выполненных работ (оказанных услуг) за " & TEXT(TODAY(),"ММММ ГГГГ"),"выполненных работ (оказанных услуг) за " & TEXT(TODAY()-DAY(TODAY()),"ММММ ГГГГ")) -> выполненных работ (оказанных услуг) за Ноябрь 2025
A4: по Договору хранения № СХ.45411 от «01» января 2025 г.
A6: =IF(DAY(TODAY()) > 27," Во исполнение Договора в период с " & TEXT(TODAY()-DAY(TODAY()-DAY(TODAY())),"ДД ММММ ГГГГ") & " г. По " & TEXT(TODAY(),"ДД ММММ ГГГГ") & " г. ХРАНИТЕЛЬ оказал ПОКЛАЖЕДАТЕЛЮ следующие услуги (работы):"," Во исполнение Договора в период с " & TEXT(TODAY()-DAY(TODAY())-DAY(TODAY()-DAY(TODAY()))+1,"ДД ММММ ГГГГ") & " г. По " & TEXT(TODAY()-DAY(TODAY()),"ДД ММММ ГГГГ") & " г. ХРАНИТЕЛЬ оказал ПОКЛАЖЕДАТЕЛЮ следующие услуги (работы):") -> Во исполнение Договора в период с 01 Ноябрь 2025 г. По 30 Ноябрь 2025 г. ХРАНИТЕЛЬ оказал ПОКЛАЖЕДАТЕЛЮ следующие услуги (работы):
A8: № | B8: Наименование услуг (работ) | C8: Ед. изм. | D8: Количество | E8: Цена | F8: Сумма
A9: 1 | B9: Переконсолидация Товара | C9: тонна | D9: 1626.25 | E9: 1000 | F9: =SUM(D9*E9) -> 1626250
A10: 2 | B10: Паллетирование | C10: тонна | D10: 1626.25 | E10: 200 | F10: =SUM(D10*E10) -> 325250
A11: 3 | B11: Предоставление фито поддона | C11: штука | D11: 1223 | E11: 830 | F11: =SUM(D11*E11) -> 1015090
A12: Итого: | F12: =SUM(F9:F11) -> 2966590
A13: Без налога (НДС) | F13: =SUM(F12) -> 2966590
A14: Всего (с учетом НДС) | F14: =SUM(F13)*1.2 -> 3559908
A15: Вышеперечисленные услуги (работы) выполнены полностью.
A16: ПОКЛАЖЕДАТЕЛЬ претензий по объему, качеству и срокам оказания услуг претензий не имеет.
A19: ООО "ДТМ" | D19: ПАО "СИБУР Холдинг"
A21: ____________________Расстегаев Д.О. | D21: ____________________

Sheet Казань_Приволжская Доп услуги
A2: =IF(DAY(TODAY())>27,"Акт № от " & TEXT(TODAY(),"ДД ММММ ГГГГ"),"Акт № от " & TEXT(TODAY()-DAY(TODAY()),"ДД ММММ ГГГГ")) -> Акт № от 30 Ноябрь 2025
A3: =IF(DAY(TODAY()) > 27, "выполненных работ (оказанных услуг) за " & TEXT(TODAY(),"ММММ ГГГГ"),"выполненных работ (оказанных услуг) за " & TEXT(TODAY()-DAY(TODAY()),"ММММ ГГГГ")) -> выполненных работ (оказанных услуг) за Ноябрь 2025
A4: по Договору хранения № СХ.45411 от «01» января 2025 г.
A6: =IF(DAY(TODAY()) > 27," Во исполнение Договора в период с " & TEXT(TODAY()-DAY(TODAY()-DAY(TODAY())),"ДД ММММ ГГГГ") & " г. По " & TEXT(TODAY(),"ДД ММММ ГГГГ") & " г. ХРАНИТЕЛЬ оказал ПОКЛАЖЕДАТЕЛЮ следующие услуги (работы):"," Во исполнение Договора в период с " & TEXT(TODAY()-DAY(TODAY())-DAY(TODAY()-DAY(TODAY()))+1,"ДД ММММ ГГГГ") & " г. По " & TEXT(TODAY()-DAY(TODAY()),"ДД ММММ ГГГГ") & " г. ХРАНИТЕЛЬ оказал ПОКЛАЖЕДАТЕЛЮ следующие услуги (работы):") -> Во исполнение Договора в период с 01 Ноябрь 2025 г. По 30 Ноябрь 2025 г. ХРАНИТЕЛЬ оказал ПОКЛАЖЕДАТЕЛЮ следующие услуги (работы):
A8: № | B8: Наименование услуг (работ) | C8: Ед. изм. | D8: Количество | E8: Цена | F8: Сумма
A9: 1 | B9: Переконсолидация Товара | C9: тонна | D9: 515.625 | E9: 1000 | F9: =SUM(D9*E9) -> 515625
A10: 2 | B10: Паллетирование | C10: тонна | D10: =D9 -> 515.625 | E10: 200 | F10: =SUM(D10*E10) -> 103125
A11: 3 | B11: Предоставление фито поддона | C11: штука | D11: 375 | E11: 830 | F11: =SUM(D11*E11) -> 311250
A12: Итого: | F12: =SUM(F9:F11) -> 930000
A13: Без налога (НДС) | F13: =SUM(F12) -> 930000
A14: Всего (с учетом НДС) | F14: =SUM(F13)*1.2 -> 1116000
A15: Вышеперечисленные услуги (работы) выполнены полностью.
A16: ПОКЛАЖЕДАТЕЛЬ претензий по объему, качеству и срокам оказания услуг претензий не имеет.
A19: ООО "ДТМ" | D19: ПАО "СИБУР Холдинг"
A21: ____________________Расстегаев Д.О. | D21: ____________________

Sheet Новикова-Прибоя Доп услуги
A2: Акт № от 30 Ноября 2025
A3: =IF(DAY(TODAY()) > 27, "выполненных работ (оказанных услуг) за " & TEXT(TODAY(),"ММММ ГГГГ"),"выполненных работ (оказанных услуг) за " & TEXT(TODAY()-DAY(TODAY()),"ММММ ГГГГ")) -> выполненных работ (оказанных услуг) за Ноябрь 2025
A4: по Договору хранения № СХ.39036 от «01» июня 2023 г.
A6: Во исполнение Договора в период с 01 Ноября 2025 г. По 30 Ноября 2025 г. ХРАНИТЕЛЬ оказал ПОКЛАЖЕДАТЕЛЮ следующие услуги (работы):
A8: № | B8: Наименование услуг (работ) | C8: Ед. изм. | D8: Количество | E8: Цена | F8: Сумма
A9: 1 | B9: Переконсолидация Товара | C9: тонна | D9: 84.625 | E9: 950 | F9: =D9*E9 -> 80393.75
A10: 2 | B10: Паллетирование | C10: тонна | D10: =D9 -> 84.625 | E10: 120 | F10: =D10*E10 -> 10155
A11: 3 | B11: Предоставление фито поддона | C11: штука | D11: 65 | E11: 830 | F11: =D11*E11 -> 53950
A12: Итого: | F12: =SUM(F9:F11) -> 144498.75
A13: Без налога (НДС) | F13: =F12 -> 144498.75
A14: Всего (с учетом НДС) | F14: =F13*1.2 -> 173398.5
A15: Вышеперечисленные услуги (работы) выполнены полностью.
A16: ПОКЛАЖЕДАТЕЛЬ претензий по объему, качеству и срокам оказания услуг претензий не имеет.
A19: ООО "ДТМ" | D19: ПАО "СИБУР Холдинг"
A21: ____________________Расстегаев Д.О. | D21: ____________________

Sheet Екатеринбург экспорт
A3: Акт № от «30» Ноября 2025 г. Екатеринбург
A4: =IF(DAY(TODAY()) > 27, "выполненных работ (оказанных услуг) за " & TEXT(TODAY(),"ММММ ГГГГ"),"выполненных работ (оказанных услуг) за " & TEXT(TODAY()-DAY(TODAY()),"ММММ ГГГГ")) -> выполненных работ (оказанных услуг) за Ноябрь 2025
A5: по Договору хранения № СХ.47103 от «10» апреля 2025 г.
A7: Во исполнение Договора в период с "01" Ноября 2025 г. по "30" Ноября 2025 г. ХРАНИТЕЛЬ оказал ПОКЛАЖЕДАТЕЛЮ следующие услуги (работы):
A9: № | B9: Наименование услуг (работ) | C9: Ед. изм. | D9: Количество | E9: Цена | F9: Сумма без НДС | G9: Сумма с НДС
A10: 1 | B10: оформление документов | C10: шт. | D10: 43 | E10: 2000 | F10: =SUM(D10*E10) -> 86000 | G10: =F10*1.2 -> 103200
A11: 2 | B11: Оформление сертификата | C11: шт. | F11: =SUM(D11*E11) -> 0 | G11: =F11*1.2 -> 0
F12: =SUM(F10:F11) -> 86000 | G12: =SUM(G10:G11) -> 103200
A13: Итого: | B13: восемьдесят шесть тысяч рублей ноль копеек
A14: Без налога (НДС): | B14: =B13 -> восемьдесят шесть тысяч рублей ноль копеек
A15: Всего (с учетом НДС) | B15: сто три тысячи двести рублей ноль копеек
A16: Вышеперечисленные услуги (работы) выполнены полностью.
A17: ПОКЛАЖЕДАТЕЛЬ претензий по объему, качеству и срокам оказания услуг претензий не имеет.
A20: ООО "ДТМ" | D20: ПАО "СИБУР Холдинг"
A22: ____________________Расстегаев Д.О. | D22: ____________________

Sheet Нижнекамск Доп услуги
A2: Акт № от 30 Ноября 2025
A3: =IF(DAY(TODAY()) > 27, "выполненных работ (оказанных услуг) за " & TEXT(TODAY(),"ММММ ГГГГ"),"выполненных работ (оказанных услуг) за " & TEXT(TODAY()-DAY(TODAY()),"ММММ ГГГГ")) -> выполненных работ (оказанных услуг) за Ноябрь 2025
A4: по Договору хранения № СХ.39036 от «01» июня 2023 г.
A6: Во исполнение Договора в период с 01 Ноября 2025 г. По 30 Ноября 2025 г. ХРАНИТЕЛЬ оказал ПОКЛАЖЕДАТЕЛЮ следующие услуги (работы):
A8: № | B8: Наименование услуг (работ) | C8: Ед. изм. | D8: Количество | E8: Цена | F8: Сумма
A9: 1 | B9: Переборка синтетического каучука | C9: тонна | D9: 54.18 | E9: 4000 | F9: =D9*E9 -> 216720
A12: Итого: | F12: =SUM(F9:F11) -> 216720
A13: Без налога (НДС) | F13: =F12 -> 216720
A14: Всего (с учетом НДС) | F14: =F13*1.2 -> 260064
A15: Вышеперечисленные услуги (работы) выполнены полностью.
A16: ПОКЛАЖЕДАТЕЛЬ претензий по объему, качеству и срокам оказания услуг претензий не имеет.
A19: ООО "ДТМ" | D19: ПАО "СИБУР Холдинг"
A21: ____________________Расстегаев Д.О. | D21: ____________________

Sheet Баумана KPI
A2: Отчет по хранению товара за Ноябрь 2025 Баумана KPI
A3: № | B3: дата | D3: Выгрузка кол-во паллет | E3: Загрузка кол-во паллет | F3: Хранение | G3: Резервирование 6920 ГЕ | H3: Мин. Суточный резерв 625 | I3: переконсолидация (тонн) | J3: Паллетирование | K3: Взвешивание | L3: Стоимость взвешивания | M3: стоимость выгрузки | N3: стоимость загрузки | O3: стоимость хранения | P3: Стоимость резервирования | Q3: Стоимость мин.суточной бработки | R3: стоимость переконс. | S3: Стоимость паллетирования | T3: итого
F4: (кол-во паллет)
A5: 1 | B5: 01.11.2025 | D5: 0 | E5: 0 | F5: 176 | G5: 0 | H5: 0 | I5: 0 | J5: 0 | K5: 0 | L5: 0 | M5: 0 | N5: 0 | O5: 3509.44 | P5: 0 | Q5: 0 | R5: 0 | S5: 0 | T5: 3509.44
A6: 2 | B6: 02.11.2025 | D6: 0 | E6: 0 | F6: 176 | G6: 0 | H6: 0 | I6: 0 | J6: 0 | K6: 0 | L6: 0 | M6: 0 | N6: 0 | O6: 3509.44 | P6: 0 | Q6: 0 | R6: 0 | S6: 0 | T6: 3509.44
A7: 3 | B7: 03.11.2025 | D7: 0 | E7: 0 | F7: 176 | G7: 0 | H7: 0 | I7: 0 | J7: 0 | K7: 0 | L7: 0 | M7: 0 | N7: 0 | O7: 3509.44 | P7: 0 | Q7: 0 | R7: 0 | S7: 0 | T7: 3509.44
A8: 4 | B8: 04.11.2025 | D8: 0 | E8: 0 | F8: 176 | G8: 0 | H8: 0 | I8: 0 | J8: 0 | K8: 0 | L8: 0 | M8: 0 | N8: 0 | O8: 3509.44 | P8: 0 | Q8: 0 | R8: 0 | S8: 0 | T8: 3509.44
A9: 5 | B9: 05.11.2025 | D9: 0 | E9: 0 | F9: 176 | G9: 0 | H9: 0 | I9: 0 | J9: 0 | K9: 0 | L9: 0 | M9: 0 | N9: 0 | O9: 3509.44 | P9: 0 | Q9: 0 | R9: 0 | S9: 0 | T9: 3509.44
A10: 6 | B10: 06.11.2025 | D10: 0 | E10: 0 | F10: 176 | G10: 0 | H10: 0 | I10: 0 | J10: 0 | K10: 0 | L10: 0 | M10: 0 | N10: 0 | O10: 3509.44 | P10: 0 | Q10: 0 | R10: 0 | S10: 0 | T10: 3509.44
A11: 7 | B11: 07.11.2025 | D11: 0 | E11: 0 | F11: 176 | G11: 0 | H11: 0 | I11: 0 | J11: 0 | K11: 0 | L11: 0 | M11: 0 | N11: 0 | O11: 3509.44 | P11: 0 | Q11: 0 | R11: 0 | S11: 0 | T11: 3509.44
A12: 8 | B12: 08.11.2025 | D12: 0 | E12: 0 | F12: 176 | G12: 0 | H12: 0 | I12: 0 | J12: 0 | K12: 0 | L12: 0 | M12: 0 | N12: 0 | O12: 3509.44 | P12: 0 | Q12: 0 | R12: 0 | S12: 0 | T12: 3509.44
A13: 9 | B13: 09.11.2025 | D13: 0 | E13: 0 | F13: 176 | G13: 0 | H13: 0 | I13: 0 | J13: 0 | K13: 0 | L13: 0 | M13: 0 | N13: 0 | O13: 3509.44 | P13: 0 | Q13: 0 | R13: 0 | S13: 0 | T13: 3509.44
A14: 10 | B14: 10.11.2025 | D14: 0 | E14: 0 | F14: 176 | G14: 0 | H14: 0 | I14: 0 | J14: 0 | K14: 0 | L14: 0 | M14: 0 | N14: 0 | O14: 3509.44 | P14: 0 | Q14: 0 | R14: 0 | S14: 0 | T14: 3509.44
A15: 11 | B15: 11.11.2025 | D15: 0 | E15: 32 | F15: 144 | G15: 0 | H15: 0 | I15: 0 | J15: 0 | K15: 0 | L15: 0 | M15: 0 | N15: 4840 | O15: 2871.36 | P15: 0 | Q15: 0 | R15: 0 | S15: 0 | T15: 7711.36
A16: 12 | B16: 12.11.2025 | D16: 0 | E16: 32 | F16: 112 | G16: 0 | H16: 0 | I16: 0 | J16: 0 | K16: 0 | L16: 0 | M16: 0 | N16: 4840 | O16: 2233.28 | P16: 0 | Q16: 0 | R16: 0 | S16: 0 | T16: 7073.28
... A34: 30 | B34: 30.11.2025 | D34: 0 | E34: 0 | F34: 16 | G34: 0 | H34: 0 | I34: 0 | J34: 0 | K34: 0 | L34: 0 | M34: 0 | N34: 0 | O34: 319.04 | P34: 0 | Q34: 0 | R34: 0 | S34: 0 | T34: 319.04
A35: 31 | D35: 0 | E35: 0 | F35: 0 | G35: 0 | H35: 0 | I35: 0 | J35: 0 | K35: 0 | L35: 0 | M35: 0 | N35: 0 | O35: 0 | P35: 0 | Q35: 0 | R35: 0 | S35: 0 | T35: 0
D36: 0 | E36: 160 | F36: 2896 | G36: 0 | H36: 0 | I36: 0 | J36: 0 | K36: 0 | L36: 0 | M36: 0 | N36: 24200 | O36: 57746.24 | P36: 0 | Q36: 0 | R36: 0 | S36: 0 | T36: 81946.24
T37: 98335.49

Sheet Баумана Полимеры
A2: Отчет по хранению товара за Ноябрь 2025 Баумана Полимеры
A3: № | B3: дата | D3: Выгрузка кол-во паллет | E3: Загрузка кол-во паллет | F3: Хранение | G3: Резервирование 6920 ГЕ | H3: Мин. Суточный резерв 625 | I3: переконсолидация (тонн) | J3: Паллетирование | K3: Взвешивание | L3: Стоимость взвешивания | M3: стоимость выгрузки | N3: стоимость загрузки | O3: стоимость хранения | P3: Стоимость резервирования | Q3: Стоимость мин.суточной бработки | R3: стоимость переконс. | S3: Стоимость паллетирования | T3: итого
F4: (кол-во паллет)
A5: 1 | B5: 01.11.2025 | D5: 35 | E5: 48 | F5: 4554 | G5: 2366 | H5: 542 | I5: 0 | J5: 0 | K5: 0 | L5: 0 | M5: 5293.75 | N5: 7260 | O5: 90806.76 | P5: 47178.04 | Q5: 81977.5 | R5: 0 | S5: 0 | T5: 232516.05
A6: 2 | B6: 02.11.2025 | D6: 76 | E6: 0 | F6: 4630 | G6: 2290 | H6: 549 | I6: 0 | J6: 0 | K6: 0 | L6: 0 | M6: 11495 | N6: 0 | O6: 92322.2 | P6: 45662.6 | Q6: 83036.25 | R6: 0 | S6: 0 | T6: 232516.05
A7: 3 | B7: 03.11.2025 | D7: 34 | E7: 0 | F7: 4664 | G7: 2256 | H7: 591 | I7: 0 | J7: 0 | K7: 0 | L7: 0 | M7: 5142.5 | N7: 0 | O7: 93000.16 | P7: 44984.64 | Q7: 89388.75 | R7: 0 | S7: 0 | T7: 232516.05
A8: 4 | B8: 04.11.2025 | D8: 15 | E8: 19 | F8: 4660 | G8: 2260 | H8: 591 | I8: 0 | J8: 0 | K8: 0 | L8: 0 | M8: 2268.75 | N8: 2873.75 | O8: 92920.4 | P8: 45064.4 | Q8: 89388.75 | R8: 0 | S8: 0 | T8: 232516.05
A9: 5 | B9: 05.11.2025 | D9: 195 | E9: 19 | F9: 4836 | G9: 2084 | H9: 411 | I9: 0 | J9: 0 | K9: 0 | L9: 0 | M9: 29493.75 | N9: 2873.75 | O9: 96429.84 | P9: 41554.96 | Q9: 62163.75 | R9: 0 | S9: 0 | T9: 232516.05
A10: 6 | B10: 06.11.2025 | D10: 182 | E10: 54 | F10: 4964 | G10: 1956 | H10: 389 | I10: 0 | J10: 0 | K10: 0 | L10: 0 | M10: 27527.5 | N10: 8167.5 | O10: 98982.16 | P10: 39002.64 | Q10: 58836.25 | R10: 0 | S10: 0 | T10: 232516.05
A11: 7 | B11: 07.11.2025 | D11: 125 | E11: 69 | F11: 5020 | G11: 1900 | H11: 431 | I11: 0 | J11: 0 | K11: 0 | L11: 0 | M11: 18906.25 | N11: 10436.25 | O11: 100098.8 | P11: 37886 | Q11: 65188.75 | R11: 0 | S11: 0 | T11: 232516.05
A12: 8 | B12: 08.11.2025 | D12: 0 | E12: 0 | F12: 5020 | G12: 1900 | H12: 625 | I12: 0 | J12: 0 | K12: 0 | L12: 0 | M12: 0 | N12: 0 | O12: 100098.8 | P12: 37886 | Q12: 94531.25 | R12: 0 | S12: 0 | T12: 232516.05
A13: 9 | B13: 09.11.2025 | D13: 0 | E13: 0 | F13: 5020 | G13: 1900 | H13: 625 | I13: 0 | J13: 0 | K13: 0 | L13: 0 | M13: 0 | N13: 0 | O13: 100098.8 | P13: 37886 | Q13: 94531.25 | R13: 0 | S13: 0 | T13: 232516.05
A14: 10 | B14: 10.11.2025 | D14: 124 | E14: 83 | F14: 5061 | G14: 1859 | H14: 418 | I14: 0 | J14: 0 | K14: 0 | L14: 0 | M14: 18755 | N14: 12553.75 | O14: 100916.34 | P14: 37068.46 | Q14: 63222.5 | R14: 0 | S14: 0 | T14: 232516.05
A15: 11 | B15: 11.11.2025 | D15: 46 | E15: 75 | F15: 5032 | G15: 1888 | H15: 504 | I15: 0 | J15: 0 | K15: 0 | L15: 0 | M15: 6957.5 | N15: 11343.75 | O15: 100338.08 | P15: 37646.72 | Q15: 76230 | R15: 0 | S15: 0 | T15: 232516.05
A16: 12 | B16: 12.11.2025 | D16: 60 | E16: 7 | F16: 5085 | G16: 1835 | H16: 558 | I16: 0 | J16: 0 | K16: 0 | L16: 0 | M16: 9075 | N16: 1058.75 | O16: 101394.9 | P16: 36589.9 | Q16: 84397.5 | R16: 0 | S16: 0 | T16: 232516.05
... A34: 30 | B34: 30.11.2025 | D34: 15 | E34: 198 | F34: 4186 | G34: 2734 | H34: 412 | I34: 0 | J34: 0 | K34: 0 | L34: 0 | M34: 2268.75 | N34: 29947.5 | O34: 83468.84 | P34: 54515.96 | Q34: 62315 | R34: 0 | S34: 0 | T34: 232516.05
A35: 31 | D35: 0 | E35: 0 | F35: 0 | G35: 0 | H35: 0 | I35: 0 | J35: 0 | K35: 0 | L35: 0 | M35: 0 | N35: 0 | O35: 0 | P35: 0 | Q35: 0 | R35: 0 | S35: 0 | T35: 0
D36: 1494 | E36: 1875 | F36: 144437 | G36: 63163 | H36: 15381 | I36: 0 | J36: 0 | K36: 0 | L36: 0 | M36: 225967.5 | N36: 283593.75 | O36: 2880073.8 | P36: 1259470.2 | Q36: 2326376.2 | R36: 0 | S36: 0 | T36: 6975481.5
T37: 8370577.8

Sheet Баумана Полиом
A2: Отчет по хранению товара за Ноябрь 2025 Баумана Полиом
A3: № | B3: дата | D3: Выгрузка кол-во паллет | E3: Загрузка кол-во паллет | F3: Хранение | G3: Резервирование 6920 ГЕ | H3: Мин. Суточный резерв 625 | I3: переконсолидация (тонн) | J3: Паллетирование | K3: Взвешивание | L3: Стоимость взвешивания | M3: стоимость выгрузки | N3: стоимость загрузки | O3: стоимость хранения | P3: Стоимость резервирования | Q3: Стоимость мин.суточной бработки | R3: стоимость переконс. | S3: Стоимость паллетирования | T3: итого
F4: (кол-во паллет)
A5: 1 | B5: 01.11.2025 | D5: 0 | E5: 64 | F5: 49 | G5: 0 | H5: 0 | I5: 0 | J5: 0 | K5: 0 | L5: 0 | M5: 0 | N5: 9680 | O5: 977.06 | P5: 0 | Q5: 0 | R5: 0 | S5: 0 | T5: 10657.06
A6: 2 | B6: 02.11.2025 | D6: 0 | E6: 0 | F6: 49 | G6: 0 | H6: 0 | I6: 0 | J6: 0 | K6: 0 | L6: 0 | M6: 0 | N6: 0 | O6: 977.06 | P6: 0 | Q6: 0 | R6: 0 | S6: 0 | T6: 977.06
A7: 3 | B7: 03.11.2025 | D7: 16 | E7: 32 | F7: 33 | G7: 0 | H7: 0 | I7: 0 | J7: 0 | K7: 0 | L7: 0 | M7: 2420 | N7: 4840 | O7: 658.02 | P7: 0 | Q7: 0 | R7: 0 | S7: 0 | T7: 7918.02
A8: 4 | B8: 04.11.2025 | D8: 96 | E8: 0 | F8: 129 | G8: 0 | H8: 0 | I8: 0 | J8: 0 | K8: 0 | L8: 0 | M8: 14520 | N8: 0 | O8: 2572.26 | P8: 0 | Q8: 0 | R8: 0 | S8: 0 | T8: 17092.26
A9: 5 | B9: 05.11.2025 | D9: 48 | E9: 16 | F9: 161 | G9: 0 | H9: 0 | I9: 0 | J9: 0 | K9: 0 | L9: 0 | M9: 7260 | N9: 2420 | O9: 3210.34 | P9: 0 | Q9: 0 | R9: 0 | S9: 0 | T9: 12890.34
A10: 6 | B10: 06.11.2025 | D10: 64 | E10: 16 | F10: 209 | G10: 0 | H10: 0 | I10: 0 | J10: 0 | K10: 0 | L10: 0 | M10: 9680 | N10: 2420 | O10: 4167.46 | P10: 0 | Q10: 0 | R10: 0 | S10: 0 | T10: 16267.46
A11: 7 | B11: 07.11.2025 | D11: 16 | E11: 0 | F11: 225 | G11: 0 | H11: 0 | I11: 0 | J11: 0 | K11: 0 | L11: 0 | M11: 2420 | N11: 0 | O11: 4486.5 | P11: 0 | Q11: 0 | R11: 0 | S11: 0 | T11: 6906.5
A12: 8 | B12: 08.11.2025 | D12: 0 | E12: 0 | F12: 225 | G12: 0 | H12: 0 | I12: 0 | J12: 0 | K12: 0 | L12: 0 | M12: 0 | N12: 0 | O12: 4486.5 | P12: 0 | Q12: 0 | R12: 0 | S12: 0 | T12: 4486.5
A13: 9 | B13: 09.11.2025 | D13: 0 | E13: 0 | F13: 225 | G13: 0 | H13: 0 | I13: 0 | J13: 0 | K13: 0 | L13: 0 | M13: 0 | N13: 0 | O13: 4486.5 | P13: 0 | Q13: 0 | R13: 0 | S13: 0 | T13: 4486.5
A14: 10 | B14: 10.11.2025 | D14: 128 | E14: 0 | F14: 353 | G14: 0 | H14: 0 | I14: 0 | J14: 0 | K14: 0 | L14: 0 | M14: 19360 | N14: 0 | O14: 7038.82 | P14: 0 | Q14: 0 | R14: 0 | S14: 0 | T14: 26398.82
A15: 11 | B15: 11.11.2025 | D15: 32 | E15: 0 | F15: 385 | G15: 0 | H15: 0 | I15: 0 | J15: 0 | K15: 0 | L15: 0 | M15: 4840 | N15: 0 | O15: 7676.9 | P15: 0 | Q15: 0 | R15: 0 | S15: 0 | T15: 12516.9
A16: 12 | B16: 12.11.2025 | D16: 0 | E16: 0 | F16: 385 | G16: 0 | H16: 0 | I16: 0 | J16: 0 | K16: 0 | L16: 0 | M16: 0 | N16: 0 | O16: 7676.9 | P16: 0 | Q16: 0 | R16: 0 | S16: 0 | T16: 7676.9
... A34: 30 | B34: 30.11.2025 | D34: 0 | E34: 0 | F34: 417 | G34: 0 | H34: 0 | I34: 0 | J34: 0 | K34: 0 | L34: 0 | M34: 0 | N34: 0 | O34: 8314.98 | P34: 0 | Q34: 0 | R34: 0 | S34: 0 | T34: 8314.98
A35: 31 | D35: 0 | E35: 0 | F35: 0 | G35: 0 | H35: 0 | I35: 0 | J35: 0 | K35: 0 | L35: 0 | M35: 0 | N35: 0 | O35: 0 | P35: 0 | Q35: 0 | R35: 0 | S35: 0 | T35: 0
D36: 592 | E36: 288 | F36: 10574 | G36: 0 | H36: 0 | I36: 0 | J36: 0 | K36: 0 | L36: 0 | M36: 89540 | N36: 43560 | O36: 210845.56 | P36: 0 | Q36: 0 | R36: 0 | S36: 0 | T36: 343945.56
T37: 412734.67

Sheet Баумана Каучук
A2: Отчет по хранению товара за Ноябрь 2025 Баумана Каучук Каучук
A3: № | B3: дата | D3: Выгрузка кол-во | E3: Загрузка кол-во | F3: Хранение | G3: Резервирование 8000 ГЕ | H3: Мин. Суточный резерв 200 | I3: переконсолидация (тонн) | J3: Паллетирование | K3: Ночная загруска выгрузка | L3: стоимость ночной загруски | M3: стоимость выгрузки | N3: стоимость загрузки | O3: стоимость хранения | P3: Стоимость резервирования | Q3: Стоимость мин.суточной бработки | R3: стоимость переконс. | S3: Стоимость паллетирования | T3: итого
A5: 1 | B5: 01.11.2025 | D5: 0 | E5: 0 | F5: 34 | L5: 0 | M5: 0 | N5: 0 | O5: 612 | P5: 0 | Q5: 0 | R5: 0 | S5: 0 | T5: 612
A6: 2 | B6: 02.11.2025 | D6: 0 | E6: 0 | F6: 34 | L6: 0 | M6: 0 | N6: 0 | O6: 612 | P6: 0 | Q6: 0 | R6: 0 | S6: 0 | T6: 612
A7: 3 | B7: 03.11.2025 | D7: 0 | E7: 0 | F7: 34 | L7: 0 | M7: 0 | N7: 0 | O7: 612 | P7: 0 | Q7: 0 | R7: 0 | S7: 0 | T7: 612
A8: 4 | B8: 04.11.2025 | D8: 0 | E8: 0 | F8: 34 | L8: 0 | M8: 0 | N8: 0 | O8: 612 | P8: 0 | Q8: 0 | R8: 0 | S8: 0 | T8: 612
A9: 5 | B9: 05.11.2025 | D9: 0 | E9: 0 | F9: 34 | L9: 0 | M9: 0 | N9: 0 | O9: 612 | P9: 0 | Q9: 0 | R9: 0 | S9: 0 | T9: 612
A10: 6 | B10: 06.11.2025 | D10: 0 | E10: 0 | F10: 34 | L10: 0 | M10: 0 | N10: 0 | O10: 612 | P10: 0 | Q10: 0 | R10: 0 | S10: 0 | T10: 612
A11: 7 | B11: 07.11.2025 | D11: 0 | E11: 0 | F11: 34 | L11: 0 | M11: 0 | N11: 0 | O11: 612 | P11: 0 | Q11: 0 | R11: 0 | S11: 0 | T11: 612
A12: 8 | B12: 08.11.2025 | D12: 0 | E12: 0 | F12: 34 | L12: 0 | M12: 0 | N12: 0 | O12: 612 | P12: 0 | Q12: 0 | R12: 0 | S12: 0 | T12: 612
A13: 9 | B13: 09.11.2025 | D13: 0 | E13: 0 | F13: 34 | L13: 0 | M13: 0 | N13: 0 | O13: 612 | P13: 0 | Q13: 0 | R13: 0 | S13: 0 | T13: 612
A14: 10 | B14: 10.11.2025 | D14: 0 | E14: 0 | F14: 34 | L14: 0 | M14: 0 | N14: 0 | O14: 612 | P14: 0 | Q14: 0 | R14: 0 | S14: 0 | T14: 612
A15: 11 | B15: 11.11.2025 | D15: 0 | E15: 0 | F15: 34 | L15: 0 | M15: 0 | N15: 0 | O15: 612 | P15: 0 | Q15: 0 | R15: 0 | S15: 0 | T15: 612
A16: 12 | B16: 12.11.2025 | D16: 0 | E16: 0 | F16: 34 | L16: 0 | M16: 0 | N16: 0 | O16: 612 | P16: 0 | Q16: 0 | R16: 0 | S16: 0 | T16: 612
... A34: 30 | B34: 30.11.2025 | D34: 0 | E34: 0 | F34: 34 | L34: 0 | M34: 0 | N34: 0 | O34: 612 | P34: 0 | Q34: 0 | R34: 0 | S34: 0 | T34: 612
A35: 31 | D35: 0 | E35: 0 | F35: 0 | L35: 0 | M35: 0 | N35: 0 | O35: 0 | P35: 0 | Q35: 0 | R35: 0 | S35: 0 | T35: 0
D36: 0 | E36: 0 | F36: 1020 | G36: 0 | H36: 0 | I36: 0 | J36: 0 | K36: 0 | L36: 0 | M36: 0 | N36: 0 | O36: 18360 | P36: 0 | Q36: 0 | R36: 0 | S36: 0 | T36: 18360
T37: 22032

Sheet Екатеринбург KPI
A2: Отчет по хранению товара за Ноябрь 2025 Екатеринбург KPI
A3: № | B3: дата | D3: Выгрузка кол-во | E3: Загрузка кол-во | F3: Хранение | G3: Резервирование 10500 ГЕ | H3: Мин. Суточный резерв 1000 | I3: переконсолидация (тонн) | J3: Паллетирование | K3: Взвешивание | L3: стоимость взвешивания | M3: стоимость выгрузки | N3: стоимость загрузки | O3: стоимость хранения | P3: Стоимость резервирования | Q3: Стоимость мин.суточной бработки | R3: стоимость переконс. | S3: Стоимость паллетирования | T3: итого
A5: 1 | B5: 01.11.2025 | D5: 0 | E5: 0 | F5: 21.725 | G5: 0 | H5: 0 | I5: 0 | J5: 0 | K5: 0 | L5: 0 | M5: 0 | N5: 0 | O5: 349.12 | P5: 0 | Q5: 0 | R5: 0 | S5: 0 | T5: 349.12
A6: 2 | B6: 02.11.2025 | D6: 0 | E6: 0 | F6: 21.725 | G6: 0 | H6: 0 | I6: 0 | J6: 0 | K6: 0 | L6: 0 | M6: 0 | N6: 0 | O6: 349.12 | P6: 0 | Q6: 0 | R6: 0 | S6: 0 | T6: 349.12
A7: 3 | B7: 03.11.2025 | D7: 0 | E7: 0 | F7: 21.725 | G7: 0 | H7: 0 | I7: 0 | J7: 0 | K7: 0 | L7: 0 | M7: 0 | N7: 0 | O7: 349.12 | P7: 0 | Q7: 0 | R7: 0 | S7: 0 | T7: 349.12
A8: 4 | B8: 04.11.2025 | D8: 0 | E8: 0 | F8: 21.725 | G8: 0 | H8: 0 | I8: 0 | J8: 0 | K8: 0 | L8: 0 | M8: 0 | N8: 0 | O8: 349.12 | P8: 0 | Q8: 0 | R8: 0 | S8: 0 | T8: 349.12
A9: 5 | B9: 05.11.2025 | D9: 0 | E9: 0 | F9: 21.725 | G9: 0 | H9: 0 | I9: 0 | J9: 0 | K9: 0 | L9: 0 | M9: 0 | N9: 0 | O9: 349.12 | P9: 0 | Q9: 0 | R9: 0 | S9: 0 | T9: 349.12
A10: 6 | B10: 06.11.2025 | D10: 0 | E10: 0 | F10: 21.725 | G10: 0 | H10: 0 | I10: 0 | J10: 0 | K10: 0 | L10: 0 | M10: 0 | N10: 0 | O10: 349.12 | P10: 0 | Q10: 0 | R10: 0 | S10: 0 | T10: 349.12
A11: 7 | B11: 07.11.2025 | D11: 0 | E11: 0 | F11: 21.725 | G11: 0 | H11: 0 | I11: 0 | J11: 0 | K11: 0 | L11: 0 | M11: 0 | N11: 0 | O11: 349.12 | P11: 0 | Q11: 0 | R11: 0 | S11: 0 | T11: 349.12
A12: 8 | B12: 08.11.2025 | D12: 0 | E12: 0 | F12: 21.725 | G12: 0 | H12: 0 | I12: 0 | J12: 0 | K12: 0 | L12: 0 | M12: 0 | N12: 0 | O12: 349.12 | P12: 0 | Q12: 0 | R12: 0 | S12: 0 | T12: 349.12
A13: 9 | B13: 09.11.2025 | D13: 0 | E13: 0 | F13: 21.725 | G13: 0 | H13: 0 | I13: 0 | J13: 0 | K13: 0 | L13: 0 | M13: 0 | N13: 0 | O13: 349.12 | P13: 0 | Q13: 0 | R13: 0 | S13: 0 | T13: 349.12
A14: 10 | B14: 10.11.2025 | D14: 0 | E14: 0 | F14: 21.725 | G14: 0 | H14: 0 | I14: 0 | J14: 0 | K14: 0 | L14: 0 | M14: 0 | N14: 0 | O14: 349.12 | P14: 0 | Q14: 0 | R14: 0 | S14: 0 | T14: 349.12
A15: 11 | B15: 11.11.2025 | D15: 0 | E15: 0 | F15: 21.725 | G15: 0 | H15: 0 | I15: 0 | J15: 0 | K15: 0 | L15: 0 | M15: 0 | N15: 0 | O15: 349.12 | P15: 0 | Q15: 0 | R15: 0 | S15: 0 | T15: 349.12
A16: 12 | B16: 12.11.2025 | D16: 0 | E16: 0 | F16: 21.725 | G16: 0 | H16: 0 | I16: 0 | J16: 0 | K16: 0 | L16: 0 | M16: 0 | N16: 0 | O16: 349.12 | P16: 0 | Q16: 0 | R16: 0 | S16: 0 | T16: 349.12
... A34: 30 | B34: 30.11.2025 | D34: 0 | E34: 0 | F34: 21.725 | G34: 0 | H34: 0 | I34: 0 | J34: 0 | K34: 0 | L34: 0 | M34: 0 | N34: 0 | O34: 349.12 | P34: 0 | Q34: 0 | R34: 0 | S34: 0 | T34: 349.12
A35: 31 | D35: 0 | E35: 0 | F35: 0 | G35: 0 | H35: 0 | I35: 0 | J35: 0 | K35: 0 | L35: 0 | M35: 0 | N35: 0 | O35: 0 | P35: 0 | Q35: 0 | R35: 0 | S35: 0 | T35: 0
D36: 0 | E36: 0 | F36: 651.75 | G36: 0 | H36: 0 | I36: 0 | J36: 0 | K36: 0 | L36: 0 | M36: 0 | N36: 0 | O36: 10473.62 | P36: 0 | Q36: 0 | R36: 0 | S36: 0 | T36: 10473.62
T37: 12568.35

Sheet Екатеринбург Полимеры
A2: Отчет по хранению товара за Ноябрь 2025 Екатеринбург Полимеры
A3: № | B3: дата | D3: Выгрузка кол-во | E3: Загрузка кол-во | F3: Хранение | G3: Резервирование 10500 ГЕ | H3: Мин. Суточный резерв 1000 | I3: переконсолидация (тонн) | J3: Паллетирование | K3: Взвешивание | L3: стоимость взвешивания | M3: стоимость выгрузки | N3: стоимость загрузки | O3: стоимость хранения | P3: Стоимость резервирования | Q3: Стоимость мин.суточной бработки | R3: стоимость переконс. | S3: Стоимость паллетирования | T3: итого
A5: 1 | B5: 01.11.2025 | D5: 112 | E5: 176 | F5: 9594.076 | G5: 905.924 | H5: 712 | I5: 0 | J5: 0 | K5: 0 | L5: 0 | M5: 10640 | N5: 16720 | O5: 154176.8 | P5: 14558.2 | Q5: 67640 | R5: 0 | S5: 0 | T5: 263735
A6: 2 | B6: 02.11.2025 | D6: 355.5 | E6: 112 | F6: 9837.576 | G6: 662.424 | H6: 532.5 | I6: 3 | J6: 3 | K6: 0 | L6: 0 | M6: 33772.5 | N6: 10640 | O6: 158089.85 | P6: 10645.15 | Q6: 50587.5 | R6: 3000 | S6: 600 | T6: 267335
A7: 3 | B7: 03.11.2025 | D7: 491.5 | E7: 44.5 | F7: 10284.576 | G7: 215.424 | H7: 464 | I7: 0 | J7: 0 | K7: 0 | L7: 0 | M7: 46692.5 | N7: 4227.5 | O7: 165273.14 | P7: 3461.86 | Q7: 44080 | R7: 0 | S7: 0 | T7: 263735
A8: 4 | B8: 04.11.2025 | D8: 400 | E8: 67.5 | F8: 10617.076 | G8: 0 | H8: 532.5 | I8: 2.9503 | J8: 4.225 | K8: 0.044 | L8: 6.6 | M8: 38000 | N8: 6412.5 | O8: 170616.41 | P8: 0 | Q8: 50587.5 | R8: 2950.3 | S8: 845 | T8: 269418.31
A9: 5 | B9: 05.11.2025 | D9: 851.994 | E9: 134 | F9: 11335.07 | G9: 0 | H9: 14.006 | I9: 0 | J9: 0 | K9: 0 | L9: 0 | M9: 80939.43 | N9: 12730 | O9: 182154.57 | P9: 0 | Q9: 1330.57 | R9: 0 | S9: 0 | T9: 277154.57
A10: 6 | B10: 06.11.2025 | D10: 696 | E10: 94.125 | F10: 11936.945 | G10: 0 | H10: 209.875 | I10: 0 | J10: 0 | K10: 0 | L10: 0 | M10: 66120 | N10: 8941.88 | O10: 191826.71 | P10: 0 | Q10: 19938.13 | R10: 0 | S10: 0 | T10: 286826.71
A11: 7 | B11: 07.11.2025 | D11: 540 | E11: 297.875 | F11: 12179.07 | G11: 0 | H11: 162.125 | I11: 0 | J11: 0 | K11: 0 | L11: 0 | M11: 51300 | N11: 28298.13 | O11: 195717.65 | P11: 0 | Q11: 15401.88 | R11: 0 | S11: 0 | T11: 290717.65
A12: 8 | B12: 08.11.2025 | D12: 22.5 | E12: 67.5 | F12: 12134.07 | G12: 0 | H12: 910 | I12: 0 | J12: 0 | K12: 0 | L12: 0 | M12: 2137.5 | N12: 6412.5 | O12: 194994.5 | P12: 0 | Q12: 86450 | R12: 0 | S12: 0 | T12: 289994.5
A13: 9 | B13: 09.11.2025 | D13: 0 | E13: 112 | F13: 12022.07 | G13: 0 | H13: 888 | I13: 0 | J13: 0 | K13: 0 | L13: 0 | M13: 0 | N13: 10640 | O13: 193194.66 | P13: 0 | Q13: 84360 | R13: 0 | S13: 0 | T13: 288194.66
A14: 10 | B14: 10.11.2025 | D14: 0 | E14: 280.5 | F14: 11741.57 | G14: 0 | H14: 719.5 | I14: 0 | J14: 0 | K14: 0 | L14: 0 | M14: 0 | N14: 26647.5 | O14: 188687.03 | P14: 0 | Q14: 68352.5 | R14: 0 | S14: 0 | T14: 283687.03
A15: 11 | B15: 11.11.2025 | D15: 286 | E15: 242 | F15: 11785.57 | G15: 0 | H15: 472 | I15: 0 | J15: 0 | K15: 0 | L15: 0 | M15: 27170 | N15: 22990 | O15: 189394.11 | P15: 0 | Q15: 44840 | R15: 0 | S15: 0 | T15: 284394.11
A16: 12 | B16: 12.11.2025 | D16: 297.397 | E16: 266.375 | F16: 11816.592 | G16: 0 | H16: 436.228 | I16: 2.75 | J16: 2.75 | K16: 0 | L16: 0 | M16: 28252.72 | N16: 25305.63 | O16: 189892.63 | P16: 0 | Q16: 41441.66 | R16: 2750 | S16: 550 | T16: 288192.63
... A34: 30 | B34: 30.11.2025 | D34: 247.5 | E34: 270 | F34: 10262.699 | G34: 237.301 | H34: 482.5 | I34: 0 | J34: 0 | K34: 0 | L34: 0 | M34: 23512.5 | N34: 25650 | O34: 164921.57 | P34: 3813.43 | Q34: 45837.5 | R34: 0 | S34: 0 | T34: 263735
A35: 31 | D35: 0 | E35: 0 | F35: 0 | G35: 0 | H35: 0 | I35: 0 | J35: 0 | K35: 0 | L35: 0 | M35: 0 | N35: 0 | O35: 0 | P35: 0 | Q35: 0 | R35: 0 | S35: 0 | T35: 0
D36: 6196.598 | E36: 5591.975 | F36: 338821.62 | G36: 2604.797 | H36: 18211.427 | I36: 28.4223 | J36: 29.3 | K36: 0.601 | L36: 90.15 | M36: 588676.81 | N36: 531237.63 | O36: 5444863.5 | P36: 41859.09 | Q36: 1730085.6 | R36: 28422.3 | S36: 5860 | T36: 8371095
T37: 10045314

Sheet Екатеринбург Полиом
A2: Отчет по хранению товара за Ноябрь 2025 Екатеринбург Полиом
A3: № | B3: дата | D3: Выгрузка кол-во | E3: Загрузка кол-во | F3: Хранение | G3: Резервирование 10500 ГЕ | H3: Мин. Суточный резерв 1000 | I3: переконсолидация (тонн) | J3: Паллетирование | K3: Взвешивание | L3: стоимость взвешивания | M3: стоимость выгрузки | N3: стоимость загрузки | O3: стоимость хранения | P3: Стоимость резервирования | Q3: Стоимость мин.суточной бработки | R3: стоимость переконс. | S3: Стоимость паллетирования | T3: итого
A5: 1 | B5: 01.11.2025 | D5: 0 | E5: 0 | F5: 344.725 | G5: 0 | H5: 0 | I5: 0 | J5: 0 | K5: 0 | L5: 0 | M5: 0 | N5: 0 | O5: 5539.73 | P5: 0 | Q5: 0 | R5: 0 | S5: 0 | T5: 5539.73
A6: 2 | B6: 02.11.2025 | D6: 0 | E6: 0 | F6: 344.725 | G6: 0 | H6: 0 | I6: 0 | J6: 0 | K6: 0 | L6: 0 | M6: 0 | N6: 0 | O6: 5539.73 | P6: 0 | Q6: 0 | R6: 0 | S6: 0 | T6: 5539.73
A7: 3 | B7: 03.11.2025 | D7: 0 | E7: 0 | F7: 344.725 | G7: 0 | H7: 0 | I7: 0 | J7: 0 | K7: 0 | L7: 0 | M7: 0 | N7: 0 | O7: 5539.73 | P7: 0 | Q7: 0 | R7: 0 | S7: 0 | T7: 5539.73
A8: 4 | B8: 04.11.2025 | D8: 44 | E8: 0 | F8: 388.725 | G8: 0 | H8: 0 | I8: 0 | J8: 0 | K8: 0 | L8: 0 | M8: 4180 | N8: 0 | O8: 6246.81 | P8: 0 | Q8: 0 | R8: 0 | S8: 0 | T8: 10426.81
A9: 5 | B9: 05.11.2025 | D9: 0 | E9: 0 | F9: 388.725 | G9: 0 | H9: 0 | I9: 0 | J9: 0 | K9: 0 | L9: 0 | M9: 0 | N9: 0 | O9: 6246.81 | P9: 0 | Q9: 0 | R9: 0 | S9: 0 | T9: 6246.81
A10: 6 | B10: 06.11.2025 | D10: 0 | E10: 0 | F10: 388.725 | G10: 0 | H10: 0 | I10: 0 | J10: 0 | K10: 0 | L10: 0 | M10: 0 | N10: 0 | O10: 6246.81 | P10: 0 | Q10: 0 | R10: 0 | S10: 0 | T10: 6246.81
A11: 7 | B11: 07.11.2025 | D11: 0 | E11: 0 | F11: 388.725 | G11: 0 | H11: 0 | I11: 0 | J11: 0 | K11: 0 | L11: 0 | M11: 0 | N11: 0 | O11: 6246.81 | P11: 0 | Q11: 0 | R11: 0 | S11: 0 | T11: 6246.81
A12: 8 | B12: 08.11.2025 | D12: 0 | E12: 0 | F12: 388.725 | G12: 0 | H12: 0 | I12: 0 | J12: 0 | K12: 0 | L12: 0 | M12: 0 | N12: 0 | O12: 6246.81 | P12: 0 | Q12: 0 | R12: 0 | S12: 0 | T12: 6246.81
A13: 9 | B13: 09.11.2025 | D13: 0 | E13: 0 | F13: 388.725 | G13: 0 | H13: 0 | I13: 0 | J13: 0 | K13: 0 | L13: 0 | M13: 0 | N13: 0 | O13: 6246.81 | P13: 0 | Q13: 0 | R13: 0 | S13: 0 | T13: 6246.81
A14: 10 | B14: 10.11.2025 | D14: 0 | E14: 0 | F14: 388.725 | G14: 0 | H14: 0 | I14: 0 | J14: 0 | K14: 0 | L14: 0 | M14: 0 | N14: 0 | O14: 6246.81 | P14: 0 | Q14: 0 | R14: 0 | S14: 0 | T14: 6246.81
A15: 11 | B15: 11.11.2025 | D15: 0 | E15: 22 | F15: 366.725 | G15: 0 | H15: 0 | I15: 0 | J15: 0 | K15: 0 | L15: 0 | M15: 0 | N15: 2090 | O15: 5893.27 | P15: 0 | Q15: 0 | R15: 0 | S15: 0 | T15: 7983.27
A16: 12 | B16: 12.11.2025 | D16: 0 | E16: 0 | F16: 366.725 | G16: 0 | H16: 0 | I16: 0 | J16: 0 | K16: 0 | L16: 0 | M16: 0 | N16: 0 | O16: 5893.27 | P16: 0 | Q16: 0 | R16: 0 | S16: 0 | T16: 5893.27
... A34: 30 | B34: 30.11.2025 | D34: 0 | E34: 0 | F34: 322.725 | G34: 0 | H34: 0 | I34: 0 | J34: 0 | K34: 0 | L34: 0 | M34: 0 | N34: 0 | O34: 5186.19 | P34: 0 | Q34: 0 | R34: 0 | S34: 0 | T34: 5186.19
A35: 31 | D35: 0 | E35: 0 | F35: 0 | G35: 0 | H35: 0 | I35: 0 | J35: 0 | K35: 0 | L35: 0 | M35: 0 | N35: 0 | O35: 0 | P35: 0 | Q35: 0 | R35: 0 | S35: 0 | T35: 0
D36: 44 | E36: 66 | F36: 10737.75 | G36: 0 | H36: 0 | I36: 0 | J36: 0 | K36: 0 | L36: 0 | M36: 4180 | N36: 6270 | O36: 172555.64 | P36: 0 | Q36: 0 | R36: 0 | S36: 0 | T36: 183005.64
T37: 219606.77

Sheet Зеленодольск Полимеры
A2: Отчет по хранению товара за Ноябрь 2025 Зеленодольск Полимеры
A3: № | B3: дата | D3: Выгрузка кол-во | E3: Загрузка кол-во | F3: Хранение | G3: Резервирование 9500 ГЕ | H3: Мин. Суточный резерв 700 | I3: переконсолидация (тонн) | J3: Паллетирование | K3: Ночная загруска выгрузка | L3: стоимость ночной загруски | M3: стоимость выгрузки | N3: стоимость загрузки | O3: стоимость хранения | P3: Стоимость резервирования | Q3: Стоимость мин.суточной бработки | R3: стоимость переконс. | S3: Стоимость паллетирования | T3: итого
A5: 1 | B5: 01.11.2025 | D5: 177 | E5: 88.5 | F5: 10911.069 | G5: 0 | H5: 434.5 | I5: 0 | J5: 0 | L5: 0 | M5: 19218.66 | N5: 9609.33 | O5: 111292.9 | P5: 0 | Q5: 47178.01 | R5: 0 | S5: 0 | T5: 187298.9
A6: 2 | B6: 02.11.2025 | D6: 327.75 | E6: 312.875 | F6: 10925.944 | G6: 0 | H6: 59.375 | I6: 0 | J6: 0 | L6: 0 | M6: 35587.1 | N6: 33971.97 | O6: 111444.63 | P6: 0 | Q6: 6446.94 | R6: 0 | S6: 0 | T6: 187450.63
A7: 3 | B7: 03.11.2025 | D7: 266.5 | E7: 199.375 | F7: 10993.069 | G7: 0 | H7: 234.125 | I7: 0 | J7: 0 | L7: 0 | M7: 28936.57 | N7: 21648.14 | O7: 112129.3 | P7: 0 | Q7: 25421.29 | R7: 0 | S7: 0 | T7: 188135.3
A8: 4 | B8: 04.11.2025 | D8: 155.5 | E8: 44.5 | F8: 11104.069 | G8: 0 | H8: 500 | I8: 0 | J8: 0 | L8: 0 | M8: 16884.19 | N8: 4831.81 | O8: 113261.5 | P8: 0 | Q8: 54290 | R8: 0 | S8: 0 | T8: 189267.5
A9: 5 | B9: 05.11.2025 | D9: 155.5 | E9: 156.125 | F9: 11103.444 | G9: 0 | H9: 388.375 | I9: 0 | J9: 0 | L9: 0 | M9: 16884.19 | N9: 16952.05 | O9: 113255.13 | P9: 0 | Q9: 42169.76 | R9: 0 | S9: 0 | T9: 189261.13
A10: 6 | B10: 06.11.2025 | D10: 335.5 | E10: 201.5 | F10: 11237.444 | G10: 0 | H10: 163 | I10: 0 | J10: 0 | L10: 0 | M10: 36428.59 | N10: 21878.87 | O10: 114621.93 | P10: 0 | Q10: 17698.54 | R10: 0 | S10: 0 | T10: 190627.93
A11: 7 | B11: 07.11.2025 | D11: 247.5 | E11: 175.125 | F11: 11309.819 | G11: 0 | H11: 277.375 | I11: 0 | J11: 0 | L11: 0 | M11: 26873.55 | N11: 19015.07 | O11: 115360.15 | P11: 0 | Q11: 30117.38 | R11: 0 | S11: 0 | T11: 191366.15
A12: 8 | B12: 08.11.2025 | D12: 177 | E12: 108.375 | F12: 11378.444 | G12: 0 | H12: 414.625 | I12: 0 | J12: 0 | L12: 0 | M12: 19218.66 | N12: 11767.36 | O12: 116060.13 | P12: 0 | Q12: 45019.98 | R12: 0 | S12: 0 | T12: 192066.13
A13: 9 | B13: 09.11.2025 | D13: 442 | E13: 22.5 | F13: 11797.944 | G13: 0 | H13: 235.5 | I13: 0 | J13: 0 | L13: 0 | M13: 47992.36 | N13: 2443.05 | O13: 120339.03 | P13: 0 | Q13: 25570.59 | R13: 0 | S13: 0 | T13: 196345.03
A14: 10 | B14: 10.11.2025 | D14: 199.5 | E14: 81.975 | F14: 11915.469 | G14: 0 | H14: 418.525 | I14: 0 | J14: 0 | L14: 0 | M14: 21661.71 | N14: 8900.85 | O14: 121537.78 | P14: 0 | Q14: 45443.44 | R14: 0 | S14: 0 | T14: 197543.78
A15: 11 | B15: 11.11.2025 | D15: 155.5 | E15: 65.375 | F15: 12005.594 | G15: 0 | H15: 479.125 | I15: 0 | J15: 0 | L15: 0 | M15: 16884.19 | N15: 7098.42 | O15: 122457.06 | P15: 0 | Q15: 52023.39 | R15: 0 | S15: 0 | T15: 198463.06
A16: 12 | B16: 12.11.2025 | D16: 44.5 | E16: 109.5 | F16: 11940.594 | G16: 0 | H16: 546 | I16: 0 | J16: 0 | L16: 0 | M16: 4831.81 | N16: 11889.51 | O16: 121794.06 | P16: 0 | Q16: 59284.68 | R16: 0 | S16: 0 | T16: 197800.06
... A34: 30 | B34: 30.11.2025 | D34: 22 | E34: 66 | F34: 11137.319 | G34: 0 | H34: 612 | I34: 0 | J34: 0 | L34: 0 | M34: 2388.76 | N34: 7166.28 | O34: 113600.65 | P34: 0 | Q34: 66450.96 | R34: 0 | S34: 0 | T34: 189606.65
A35: 31 | D35: 0 | E35: 0 | F35: 0 | G35: 0 | H35: 0 | I35: 0 | J35: 0 | L35: 0 | M35: 0 | N35: 0 | O35: 0 | P35: 0 | Q35: 0 | R35: 0 | S35: 0 | T35: 0
D36: 4397.15 | E36: 4082.4 | F36: 355164.77 | G36: 0 | H36: 12520.45 | I36: 38.995 | J36: 38.995 | K36: 0 | L36: 0 | M36: 477442.55 | N36: 443266.99 | O36: 3622680.6 | P36: 0 | Q36: 1359470.5 | R36: 37045.25 | S36: 4679.4 | T36: 5944585.2
T37: 7133502.3

Sheet Данафлекс Зеленодольск
A2: Отчет по хранению товара за Ноябрь 2025 Зеленодольск Данафлекс Данафлекс
A3: № | B3: дата | D3: Выгрузка кол-во | E3: Загрузка кол-во | F3: Хранение | G3: Резервирование 9500 ГЕ | H3: Мин. Суточный резерв 800 | I3: переконсолидация (тонн) | J3: Паллетирование | K3: Ночная загруска выгрузка | L3: стоимость ночной загруски | M3: стоимость выгрузки | N3: стоимость загрузки | O3: стоимость хранения | P3: Стоимость резервирования | Q3: Стоимость мин.суточной бработки | R3: стоимость переконс. | S3: Стоимость паллетирования | T3: итого
A5: 1 | B5: 01.11.2025 | D5: 0 | E5: 22 | F5: 258.75 | G5: 0 | H5: 0 | I5: 0 | J5: 0 | L5: 0 | M5: 0 | N5: 2388.76 | O5: 2639.25 | P5: 0 | Q5: 0 | R5: 0 | S5: 0 | T5: 5028.01
A6: 2 | B6: 02.11.2025 | D6: 0 | E6: 0 | F6: 258.75 | G6: 0 | H6: 0 | I6: 0 | J6: 0 | L6: 0 | M6: 0 | N6: 0 | O6: 2639.25 | P6: 0 | Q6: 0 | R6: 0 | S6: 0 | T6: 2639.25
A7: 3 | B7: 03.11.2025 | D7: 154 | E7: 22 | F7: 390.75 | G7: 0 | H7: 0 | I7: 0 | J7: 0 | L7: 0 | M7: 16721.32 | N7: 2388.76 | O7: 3985.65 | P7: 0 | Q7: 0 | R7: 0 | S7: 0 | T7: 23095.73
A8: 4 | B8: 04.11.2025 | D8: 0 | E8: 0 | F8: 390.75 | G8: 0 | H8: 0 | I8: 0 | J8: 0 | L8: 0 | M8: 0 | N8: 0 | O8: 3985.65 | P8: 0 | Q8: 0 | R8: 0 | S8: 0 | T8: 3985.65
A9: 5 | B9: 05.11.2025 | D9: 110 | E9: 0 | F9: 500.75 | G9: 0 | H9: 0 | I9: 0 | J9: 0 | L9: 0 | M9: 11943.8 | N9: 0 | O9: 5107.65 | P9: 0 | Q9: 0 | R9: 0 | S9: 0 | T9: 17051.45
A10: 6 | B10: 06.11.2025 | D10: 22 | E10: 22 | F10: 500.75 | G10: 0 | H10: 0 | I10: 0 | J10: 0 | L10: 0 | M10: 2388.76 | N10: 2388.76 | O10: 5107.65 | P10: 0 | Q10: 0 | R10: 0 | S10: 0 | T10: 9885.17
A11: 7 | B11: 07.11.2025 | D11: 0 | E11: 22 | F11: 478.75 | G11: 0 | H11: 0 | I11: 0 | J11: 0 | L11: 0 | M11: 0 | N11: 2388.76 | O11: 4883.25 | P11: 0 | Q11: 0 | R11: 0 | S11: 0 | T11: 7272.01
A12: 8 | B12: 08.11.2025 | D12: 0 | E12: 0 | F12: 478.75 | G12: 0 | H12: 0 | I12: 0 | J12: 0 | L12: 0 | M12: 0 | N12: 0 | O12: 4883.25 | P12: 0 | Q12: 0 | R12: 0 | S12: 0 | T12: 4883.25
A13: 9 | B13: 09.11.2025 | D13: 0 | E13: 0 | F13: 478.75 | G13: 0 | H13: 0 | I13: 0 | J13: 0 | L13: 0 | M13: 0 | N13: 0 | O13: 4883.25 | P13: 0 | Q13: 0 | R13: 0 | S13: 0 | T13: 4883.25
A14: 10 | B14: 10.11.2025 | D14: 0 | E14: 0 | F14: 478.75 | G14: 0 | H14: 0 | I14: 0 | J14: 0 | L14: 0 | M14: 0 | N14: 0 | O14: 4883.25 | P14: 0 | Q14: 0 | R14: 0 | S14: 0 | T14: 4883.25
A15: 11 | B15: 11.11.2025 | D15: 0 | E15: 0 | F15: 478.75 | G15: 0 | H15: 0 | I15: 0 | J15: 0 | L15: 0 | M15: 0 | N15: 0 | O15: 4883.25 | P15: 0 | Q15: 0 | R15: 0 | S15: 0 | T15: 4883.25
A16: 12 | B16: 12.11.2025 | D16: 0 | E16: 43.25 | F16: 435.5 | G16: 0 | H16: 0 | I16: 0 | J16: 0 | L16: 0 | M16: 0 | N16: 4696.09 | O16: 4442.1 | P16: 0 | Q16: 0 | R16: 0 | S16: 0 | T16: 9138.19
... A34: 30 | B34: 30.11.2025 | D34: 44 | E34: 44 | F34: 452.25 | G34: 0 | H34: 0 | I34: 0 | J34: 0 | L34: 0 | M34: 4777.52 | N34: 4777.52 | O34: 4612.95 | P34: 0 | Q34: 0 | R34: 0 | S34: 0 | T34: 14167.99
A35: 31 | D35: 0 | E35: 0 | F35: 0 | G35: 0 | H35: 0 | I35: 0 | J35: 0 | L35: 0 | M35: 0 | N35: 0 | O35: 0 | P35: 0 | Q35: 0 | R35: 0 | S35: 0 | T35: 0
D36: 830 | E36: 658.5 | F36: 13586.25 | G36: 0 | H36: 0 | I36: 0 | J36: 0 | K36: 0 | L36: 0 | M36: 90121.4 | N36: 71499.93 | O36: 138579.75 | P36: 0 | Q36: 0 | R36: 0 | S36: 0 | T36: 300201.08
T37: 360241.3

Sheet Казань_Автосервисная Полимеры
A2: Отчет по хранению товара за Ноябрь 2025 Казань_Автосервисная Полимеры
A3: № | B3: дата | D3: Выгрузка кол-во | E3: Загрузка кол-во | F3: Хранение | G3: Резервирование 12000 т | H3: Мин. Суточный резерв 1000 т | I3: переконсолидация (тонн) | J3: Паллетирование | K3: Ночная загруска выгрузка | L3: стоимость ночной загруски | M3: стоимость выгрузки | N3: стоимость загрузки | O3: стоимость хранения | P3: Стоимость резервирования | Q3: Стоимость мин.суточной бработки | R3: стоимость переконс. | S3: Стоимость паллетирования | T3: итого
A5: 1 | B5: 01.11.2025 | D5: 132 | E5: 65.375 | F5: 8291.857 | G5: 3708.143 | H5: 802.625 | I5: 0 | J5: 0 | L5: 0 | M5: 15840 | N5: 7845 | O5: 290215 | P5: 129785.01 | Q5: 96315 | R5: 0 | S5: 0 | T5: 540000
A6: 2 | B6: 02.11.2025 | D6: 330 | E6: 132 | F6: 8489.857 | G6: 3510.143 | H6: 538 | I6: 0 | J6: 0 | L6: 0 | M6: 39600 | N6: 15840 | O6: 297145 | P6: 122855.01 | Q6: 64560 | R6: 0 | S6: 0 | T6: 540000
A7: 3 | B7: 03.11.2025 | D7: 396 | E7: 88 | F7: 8797.857 | G7: 3202.143 | H7: 516 | I7: 0 | J7: 0 | L7: 0 | M7: 47520 | N7: 10560 | O7: 307925 | P7: 112075.01 | Q7: 61920 | R7: 0 | S7: 0 | T7: 540000
A8: 4 | B8: 04.11.2025 | D8: 264 | E8: 22 | F8: 9039.857 | G8: 2960.143 | H8: 714 | I8: 0 | J8: 0 | L8: 0 | M8: 31680 | N8: 2640 | O8: 316395 | P8: 103605.01 | Q8: 85680 | R8: 0 | S8: 0 | T8: 540000
A9: 5 | B9: 05.11.2025 | D9: 198 | E9: 87.475 | F9: 9150.382 | G9: 2849.618 | H9: 714.525 | I9: 0 | J9: 0 | L9: 0 | M9: 23760 | N9: 10497 | O9: 320263.37 | P9: 99736.63 | Q9: 85743 | R9: 0 | S9: 0 | T9: 540000
A10: 6 | B10: 06.11.2025 | D10: 176 | E10: 22 | F10: 9304.382 | G10: 2695.618 | H10: 802 | I10: 0 | J10: 0 | L10: 0 | M10: 21120 | N10: 2640 | O10: 325653.37 | P10: 94346.63 | Q10: 96240 | R10: 0 | S10: 0 | T10: 540000
A11: 7 | B11: 07.11.2025 | D11: 286 | E11: 68.75 | F11: 9521.632 | G11: 2478.368 | H11: 645.25 | I11: 0 | J11: 0 | L11: 0 | M11: 34320 | N11: 8250 | O11: 333257.12 | P11: 86742.88 | Q11: 77430 | R11: 0 | S11: 0 | T11: 540000
A12: 8 | B12: 08.11.2025 | D12: 88 | E12: 220 | F12: 9389.632 | G12: 2610.368 | H12: 692 | I12: 0 | J12: 0 | L12: 0 | M12: 10560 | N12: 26400 | O12: 328637.12 | P12: 91362.88 | Q12: 83040 | R12: 0 | S12: 0 | T12: 540000
A13: 9 | B13: 09.11.2025 | D13: 66 | E13: 110 | F13: 9345.632 | G13: 2654.368 | H13: 824 | I13: 0 | J13: 0 | L13: 0 | M13: 7920 | N13: 13200 | O13: 327097.12 | P13: 92902.88 | Q13: 98880 | R13: 0 | S13: 0 | T13: 540000
A14: 10 | B14: 10.11.2025 | D14: 330 | E14: 94.875 | F14: 9580.757 | G14: 2419.243 | H14: 575.125 | I14: 0 | J14: 0 | L14: 0 | M14: 39600 | N14: 11385 | O14: 335326.5 | P14: 84673.51 | Q14: 69015 | R14: 0 | S14: 0 | T14: 540000
A15: 11 | B15: 11.11.2025 | D15: 286 | E15: 119.625 | F15: 9747.132 | G15: 2252.868 | H15: 594.375 | I15: 0 | J15: 0 | L15: 0 | M15: 34320 | N15: 14355 | O15: 341149.62 | P15: 78850.38 | Q15: 71325 | R15: 0 | S15: 0 | T15: 540000
A16: 12 | B16: 12.11.2025 | D16: 242 | E16: 92.125 | F16: 9897.007 | G16: 2102.993 | H16: 665.875 | I16: 0 | J16: 0 | L16: 0 | M16: 29040 | N16: 11055 | O16: 346395.25 | P16: 73604.76 | Q16: 79905 | R16: 0 | S16: 0 | T16: 540000
... A34: 30 | B34: 30.11.2025 | D34: 374 | E34: 440 | F34: 11189.457 | G34: 810.543 | H34: 186 | I34: 0 | J34: 0 | L34: 0 | M34: 44880 | N34: 52800 | O34: 391631 | P34: 28369.01 | Q34: 22320 | R34: 0 | S34: 0 | T34: 540000
A35: 31 | D35: 0 | E35: 0 | F35: 0 | G35: 0 | H35: 0 | I35: 0 | J35: 0 | L35: 0 | M35: 0 | N35: 0 | O35: 0 | P35: 0 | Q35: 0 | R35: 0 | S35: 0 | T35: 0
D36: 7832 | E36: 4867.775 | F36: 304566.84 | G36: 55433.165 | H36: 17300.225 | I36: 0 | J36: 0 | K36: 0 | L36: 0 | M36: 939840 | N36: 584133 | O36: 10659839 | P36: 1940160.8 | Q36: 2076027 | R36: 0 | S36: 0 | T36: 16200000
T37: 19440000

Sheet Казань_Автосервисная Полиом
A2: Отчет по хранению товара за Ноябрь 2025 Казань_Автосервисная Полиом
A3: № | B3: дата | D3: Выгрузка кол-во | E3: Загрузка кол-во | F3: Хранение | G3: Резервирование 12000 т | H3: Мин. Суточный резерв 1000 т | I3: переконсолидация (тонн) | J3: Паллетирование | K3: Ночная загруска выгрузка | L3: стоимость ночной загруски | M3: стоимость выгрузки | N3: стоимость загрузки | O3: стоимость хранения | P3: Стоимость резервирования | Q3: Стоимость мин.суточной бработки | R3: стоимость переконс. | S3: Стоимость паллетирования | T3: итого
A5: 1 | B5: 01.11.2025 | D5: 0 | E5: 0 | F5: 11 | G5: 0 | H5: 0 | I5: 0 | J5: 0 | L5: 0 | M5: 0 | N5: 0 | O5: 385 | P5: 0 | Q5: 0 | R5: 0 | S5: 0 | T5: 385
A6: 2 | B6: 02.11.2025 | D6: 0 | E6: 0 | F6: 11 | G6: 0 | H6: 0 | I6: 0 | J6: 0 | L6: 0 | M6: 0 | N6: 0 | O6: 385 | P6: 0 | Q6: 0 | R6: 0 | S6: 0 | T6: 385
A7: 3 | B7: 03.11.2025 | D7: 0 | E7: 0 | F7: 11 | G7: 0 | H7: 0 | I7: 0 | J7: 0 | L7: 0 | M7: 0 | N7: 0 | O7: 385 | P7: 0 | Q7: 0 | R7: 0 | S7: 0 | T7: 385
A8: 4 | B8: 04.11.2025 | D8: 0 | E8: 0 | F8: 11 | G8: 0 | H8: 0 | I8: 0 | J8: 0 | L8: 0 | M8: 0 | N8: 0 | O8: 385 | P8: 0 | Q8: 0 | R8: 0 | S8: 0 | T8: 385
A9: 5 | B9: 05.11.2025 | D9: 0 | E9: 0 | F9: 11 | G9: 0 | H9: 0 | I9: 0 | J9: 0 | L9: 0 | M9: 0 | N9: 0 | O9: 385 | P9: 0 | Q9: 0 | R9: 0 | S9: 0 | T9: 385
A10: 6 | B10: 06.11.2025 | D10: 0 | E10: 0 | F10: 11 | G10: 0 | H10: 0 | I10: 0 | J10: 0 | L10: 0 | M10: 0 | N10: 0 | O10: 385 | P10: 0 | Q10: 0 | R10: 0 | S10: 0 | T10: 385
A11: 7 | B11: 07.11.2025 | D11: 0 | E11: 0 | F11: 11 | G11: 0 | H11: 0 | I11: 0 | J11: 0 | L11: 0 | M11: 0 | N11: 0 | O11: 385 | P11: 0 | Q11: 0 | R11: 0 | S11: 0 | T11: 385
A12: 8 | B12: 08.11.2025 | D12: 0 | E12: 0 | F12: 11 | G12: 0 | H12: 0 | I12: 0 | J12: 0 | L12: 0 | M12: 0 | N12: 0 | O12: 385 | P12: 0 | Q12: 0 | R12: 0 | S12: 0 | T12: 385
A13: 9 | B13: 09.11.2025 | D13: 0 | E13: 0 | F13: 11 | G13: 0 | H13: 0 | I13: 0 | J13: 0 | L13: 0 | M13: 0 | N13: 0 | O13: 385 | P13: 0 | Q13: 0 | R13: 0 | S13: 0 | T13: 385
A14: 10 | B14: 10.11.2025 | D14: 0 | E14: 0 | F14: 11 | G14: 0 | H14: 0 | I14: 0 | J14: 0 | L14: 0 | M14: 0 | N14: 0 | O14: 385 | P14: 0 | Q14: 0 | R14: 0 | S14: 0 | T14: 385
A15: 11 | B15: 11.11.2025 | D15: 0 | E15: 0 | F15: 11 | G15: 0 | H15: 0 | I15: 0 | J15: 0 | L15: 0 | M15: 0 | N15: 0 | O15: 385 | P15: 0 | Q15: 0 | R15: 0 | S15: 0 | T15: 385
A16: 12 | B16: 12.11.2025 | D16: 0 | E16: 0 | F16: 11 | G16: 0 | H16: 0 | I16: 0 | J16: 0 | L16: 0 | M16: 0 | N16: 0 | O16: 385 | P16: 0 | Q16: 0 | R16: 0 | S16: 0 | T16: 385
... A34: 30 | B34: 30.11.2025 | D34: 0 | E34: 0 | F34: 10.5 | G34: 0 | H34: 0 | I34: 0 | J34: 0 | L34: 0 | M34: 0 | N34: 0 | O34: 367.5 | P34: 0 | Q34: 0 | R34: 0 | S34: 0 | T34: 367.5
A35: 31 | D35: 0 | E35: 0 | F35: 0 | G35: 0 | H35: 0 | I35: 0 | J35: 0 | L35: 0 | M35: 0 | N35: 0 | O35: 0 | P35: 0 | Q35: 0 | R35: 0 | S35: 0 | T35: 0
D36: 0 | E36: 0.5 | F36: 323.5 | G36: 0 | H36: 0 | I36: 0 | J36: 0 | K36: 0 | L36: 0 | M36: 0 | N36: 60 | O36: 11322.5 | P36: 0 | Q36: 0 | R36: 0 | S36: 0 | T36: 11382.5
T37: 13659

Sheet Казань_Приволжская Полимеры
A2: Отчет по хранению товара за Ноябрь 2025 Казань_Приволжская Полимеры
A3: № | B3: дата | D3: Выгрузка кол-во | E3: Загрузка кол-во | F3: Хранение | G3: Резервирование 6000 т | H3: Мин. Суточный резерв 500 т | I3: переконсолидация (тонн) | J3: Паллетирование | K3: Взвешивание | L3: стоимость взвешивания | M3: стоимость выгрузки | N3: стоимость загрузки | O3: стоимость хранения | P3: Стоимость резервирования | Q3: Стоимость мин.суточной бработки | R3: стоимость переконс. | S3: Стоимость паллетирования | T3: итого
A5: 1 | B5: 01.11.2025 | D5: 0 | E5: 22 | F5: 4982.225 | G5: 1017.775 | H5: 478 | I5: 0 | J5: 0 | K5: 0 | L5: 0 | M5: 0 | N5: 2574 | O5: 139502.3 | P5: 28497.7 | Q5: 55926 | R5: 0 | S5: 0 | T5: 226500
A6: 2 | B6: 02.11.2025 | D6: 0 | E6: 0 | F6: 4982.225 | G6: 1017.775 | H6: 500 | I6: 0 | J6: 0 | K6: 0 | L6: 0 | M6: 0 | N6: 0 | O6: 139502.3 | P6: 28497.7 | Q6: 58500 | R6: 0 | S6: 0 | T6: 226500
A7: 3 | B7: 03.11.2025 | D7: 176 | E7: 0 | F7: 5158.225 | G7: 841.775 | H7: 324 | I7: 0 | J7: 0 | K7: 0 | L7: 0 | M7: 20592 | N7: 0 | O7: 144430.3 | P7: 23569.7 | Q7: 37908 | R7: 0 | S7: 0 | T7: 226500
A8: 4 | B8: 04.11.2025 | D8: 264 | E8: 110 | F8: 5312.225 | G8: 687.775 | H8: 126 | I8: 0 | J8: 0 | K8: 0 | L8: 0 | M8: 30888 | N8: 12870 | O8: 148742.3 | P8: 19257.7 | Q8: 14742 | R8: 0 | S8: 0 | T8: 226500
A9: 5 | B9: 05.11.2025 | D9: 0 | E9: 177.375 | F9: 5134.85 | G9: 865.15 | H9: 322.625 | I9: 0 | J9: 0 | K9: 0 | L9: 0 | M9: 0 | N9: 20752.88 | O9: 143775.8 | P9: 24224.2 | Q9: 37747.13 | R9: 0 | S9: 0 | T9: 226500
A10: 6 | B10: 06.11.2025 | D10: 22 | E10: 26.5 | F10: 5130.35 | G10: 869.65 | H10: 451.5 | I10: 0 | J10: 0 | K10: 0 | L10: 0 | M10: 2574 | N10: 3100.5 | O10: 143649.8 | P10: 24350.2 | Q10: 52825.5 | R10: 0 | S10: 0 | T10: 226500
A11: 7 | B11: 07.11.2025 | D11: 132 | E11: 22 | F11: 5240.35 | G11: 759.65 | H11: 346 | I11: 0 | J11: 0 | K11: 0 | L11: 0 | M11: 15444 | N11: 2574 | O11: 146729.8 | P11: 21270.2 | Q11: 40482 | R11: 0 | S11: 0 | T11: 226500
A12: 8 | B12: 08.11.2025 | D12: 22 | E12: 66 | F12: 5196.35 | G12: 803.65 | H12: 412 | I12: 0 | J12: 0 | K12: 0 | L12: 0 | M12: 2574 | N12: 7722 | O12: 145497.8 | P12: 22502.2 | Q12: 48204 | R12: 0 | S12: 0 | T12: 226500
A13: 9 | B13: 09.11.2025 | D13: 66 | E13: 0 | F13: 5262.35 | G13: 737.65 | H13: 434 | I13: 0 | J13: 0 | K13: 0 | L13: 0 | M13: 7722 | N13: 0 | O13: 147345.8 | P13: 20654.2 | Q13: 50778 | R13: 0 | S13: 0 | T13: 226500
A14: 10 | B14: 10.11.2025 | D14: 0 | E14: 22 | F14: 5240.35 | G14: 759.65 | H14: 478 | I14: 0 | J14: 0 | K14: 0 | L14: 0 | M14: 0 | N14: 2574 | O14: 146729.8 | P14: 21270.2 | Q14: 55926 | R14: 0 | S14: 0 | T14: 226500
A15: 11 | B15: 11.11.2025 | D15: 0 | E15: 142.6 | F15: 5097.75 | G15: 902.25 | H15: 357.4 | I15: 0 | J15: 0 | K15: 0 | L15: 0 | M15: 0 | N15: 16684.2 | O15: 142737 | P15: 25263 | Q15: 41815.8 | R15: 0 | S15: 0 | T15: 226500
A16: 12 | B16: 12.11.2025 | D16: 286 | E16: 86.625 | F16: 5297.125 | G16: 702.875 | H16: 127.375 | I16: 0 | J16: 0 | K16: 0 | L16: 0 | M16: 33462 | N16: 10135.13 | O16: 148319.5 | P16: 19680.5 | Q16: 14902.88 | R16: 0 | S16: 0 | T16: 226500
... A34: 30 | B34: 30.11.2025 | D34: 0 | E34: 154 | F34: 6320.925 | G34: 0 | H34: 346 | I34: 0 | J34: 0 | K34: 0 | L34: 0 | M34: 0 | N34: 18018 | O34: 176985.9 | P34: 0 | Q34: 40482 | R34: 0 | S34: 0 | T34: 235485.9
A35: 31 | D35: 0 | E35: 0 | F35: 0 | G35: 0 | H35: 0 | I35: 0 | J35: 0 | K35: 0 | L35: 0 | M35: 0 | N35: 0 | O35: 0 | P35: 0 | Q35: 0 | R35: 0 | S35: 0 | T35: 0
D36: 3828 | E36: 2511.3 | F36: 175168.35 | G36: 12290.875 | H36: 8776.7 | I36: 0 | J36: 0 | K36: 0 | L36: 0 | M36: 447876 | N36: 293822.1 | O36: 4904713.8 | P36: 344144.5 | Q36: 1026873.9 | R36: 0 | S36: 0 | T36: 7017430.3
T37: 8420916.4

Sheet Нижнекамск Каучук
A2: Отчет по хранению товара за Ноябрь 2025 Нижнекамск Каучук Каучук
A3: № | B3: дата | D3: Выгрузка кол-во | E3: Загрузка кол-во | F3: Хранение | G3: Резервирование 3250 ГЕ | H3: Мин. Суточный резерв 200 | I3: переконсолидация (тонн) | J3: Паллетирование | K3: Ночная загруска выгрузка | L3: стоимость ночной загруски | M3: стоимость выгрузки | N3: стоимость загрузки | O3: стоимость хранения | P3: Стоимость резервирования | Q3: Стоимость мин.суточной бработки | R3: стоимость переконс. | S3: Стоимость паллетирования | T3: итого
A5: 1 | B5: 01.11.2025 | D5: 0 | E5: 59.4 | F5: 3818.545 | G5: 0 | L5: 0 | M5: 0 | N5: 6831 | O5: 68733.81 | P5: 0 | Q5: 0 | R5: 0 | S5: 0 | T5: 75564.81
A6: 2 | B6: 02.11.2025 | D6: 0 | E6: 59.367 | F6: 3759.178 | G6: 0 | L6: 0 | M6: 0 | N6: 6827.21 | O6: 67665.2 | P6: 0 | Q6: 0 | R6: 0 | S6: 0 | T6: 74492.41
A7: 3 | B7: 03.11.2025 | D7: 0 | E7: 0 | F7: 3759.178 | G7: 0 | L7: 0 | M7: 0 | N7: 0 | O7: 67665.2 | P7: 0 | Q7: 0 | R7: 0 | S7: 0 | T7: 67665.2
A8: 4 | B8: 04.11.2025 | D8: 0 | E8: 0 | F8: 3759.178 | G8: 0 | L8: 0 | M8: 0 | N8: 0 | O8: 67665.2 | P8: 0 | Q8: 0 | R8: 0 | S8: 0 | T8: 67665.2
A9: 5 | B9: 05.11.2025 | D9: 0 | E9: 0 | F9: 3759.178 | G9: 0 | L9: 0 | M9: 0 | N9: 0 | O9: 67665.2 | P9: 0 | Q9: 0 | R9: 0 | S9: 0 | T9: 67665.2
A10: 6 | B10: 06.11.2025 | D10: 60.12 | E10: 0 | F10: 3819.298 | G10: 0 | L10: 0 | M10: 6913.8 | N10: 0 | O10: 68747.36 | P10: 0 | Q10: 0 | R10: 0 | S10: 0 | T10: 75661.16
A11: 7 | B11: 07.11.2025 | D11: 0 | E11: 3.089 | F11: 3816.209 | G11: 0 | L11: 0 | M11: 0 | N11: 355.24 | O11: 68691.76 | P11: 0 | Q11: 0 | R11: 0 | S11: 0 | T11: 69047
A12: 8 | B12: 08.11.2025 | D12: 36.481 | E12: 0 | F12: 3852.69 | G12: 0 | L12: 0 | M12: 4195.32 | N12: 0 | O12: 69348.42 | P12: 0 | Q12: 0 | R12: 0 | S12: 0 | T12: 73543.74
A13: 9 | B13: 09.11.2025 | D13: 0 | E13: 0 | F13: 3852.69 | G13: 0 | L13: 0 | M13: 0 | N13: 0 | O13: 69348.42 | P13: 0 | Q13: 0 | R13: 0 | S13: 0 | T13: 69348.42
A14: 10 | B14: 10.11.2025 | D14: 0 | E14: 30.763 | F14: 3821.927 | G14: 0 | L14: 0 | M14: 0 | N14: 3537.75 | O14: 68794.69 | P14: 0 | Q14: 0 | R14: 0 | S14: 0 | T14: 72332.43
A15: 11 | B15: 11.11.2025 | D15: 0 | E15: 0 | F15: 3821.927 | G15: 0 | L15: 0 | M15: 0 | N15: 0 | O15: 68794.69 | P15: 0 | Q15: 0 | R15: 0 | S15: 0 | T15: 68794.69
A16: 12 | B16: 12.11.2025 | D16: 42.601 | E16: 0 | F16: 3864.528 | G16: 0 | L16: 0 | M16: 4899.12 | N16: 0 | O16: 69561.5 | P16: 0 | Q16: 0 | R16: 0 | S16: 0 | T16: 74460.62
... A34: 30 | B34: 30.11.2025 | D34: 0 | E34: 21.6 | F34: 3424.34 | G34: 0 | L34: 0 | M34: 0 | N34: 2484 | O34: 61638.12 | P34: 0 | Q34: 0 | R34: 0 | S34: 0 | T34: 64122.12
A35: 31 | D35: 0 | E35: 0 | F35: 0 | G35: 0 | L35: 0 | M35: 0 | N35: 0 | O35: 0 | P35: 0 | Q35: 0 | R35: 0 | S35: 0 | T35: 0
D36: 535.002 | E36: 988.607 | F36: 111777.38 | G36: 0 | H36: 0 | I36: 0 | J36: 0 | K36: 0 | L36: 0 | M36: 61525.23 | N36: 113689.81 | O36: 2011992.9 | P36: 0 | Q36: 0 | R36: 0 | S36: 0 | T36: 2187208
T37: 2624649.5

Sheet Нижнекамск НПЭГ
A2: Отчет по хранению товара за Ноябрь 2025 Нижнекамск НПЭГ НПЭГ
A3: № | B3: дата | D3: Выгрузка кол-во | E3: Загрузка кол-во | F3: Хранение | G3: Резервирование 1000 ГЕ | H3: Мин. Суточный резерв 100 | I3: переконсолидация (тонн) | J3: Паллетирование | K3: Ночная загруска выгрузка | L3: стоимость ночной загруски | M3: стоимость выгрузки | N3: стоимость загрузки | O3: стоимость хранения | P3: Стоимость резервирования | Q3: Стоимость мин.суточной бработки | R3: стоимость переконс. | S3: Стоимость паллетирования | T3: итого
A5: 1 | B5: 01.11.2025 | D5: 0 | E5: 0 | F5: 202.5 | I5: 0 | J5: 0 | L5: 0 | M5: 0 | N5: 0 | O5: 2936.25 | P5: 0 | Q5: 0 | R5: 0 | S5: 0 | T5: 2936.25
A6: 2 | B6: 02.11.2025 | D6: 0 | E6: 0 | F6: 202.5 | I6: 0 | J6: 0 | L6: 0 | M6: 0 | N6: 0 | O6: 2936.25 | P6: 0 | Q6: 0 | R6: 0 | S6: 0 | T6: 2936.25
A7: 3 | B7: 03.11.2025 | D7: 0 | E7: 0 | F7: 202.5 | I7: 0 | J7: 0 | L7: 0 | M7: 0 | N7: 0 | O7: 2936.25 | P7: 0 | Q7: 0 | R7: 0 | S7: 0 | T7: 2936.25
A8: 4 | B8: 04.11.2025 | D8: 0 | E8: 0 | F8: 202.5 | I8: 0 | J8: 0 | L8: 0 | M8: 0 | N8: 0 | O8: 2936.25 | P8: 0 | Q8: 0 | R8: 0 | S8: 0 | T8: 2936.25
A9: 5 | B9: 05.11.2025 | D9: 0 | E9: 0 | F9: 202.5 | I9: 0 | J9: 0 | L9: 0 | M9: 0 | N9: 0 | O9: 2936.25 | P9: 0 | Q9: 0 | R9: 0 | S9: 0 | T9: 2936.25
A10: 6 | B10: 06.11.2025 | D10: 0 | E10: 0 | F10: 202.5 | I10: 0 | J10: 0 | L10: 0 | M10: 0 | N10: 0 | O10: 2936.25 | P10: 0 | Q10: 0 | R10: 0 | S10: 0 | T10: 2936.25
A11: 7 | B11: 07.11.2025 | D11: 0 | E11: 0 | F11: 202.5 | I11: 0 | J11: 0 | L11: 0 | M11: 0 | N11: 0 | O11: 2936.25 | P11: 0 | Q11: 0 | R11: 0 | S11: 0 | T11: 2936.25
A12: 8 | B12: 08.11.2025 | D12: 40.5 | E12: 0 | F12: 243 | I12: 0 | J12: 0 | L12: 0 | M12: 4657.5 | N12: 0 | O12: 3523.5 | P12: 0 | Q12: 0 | R12: 0 | S12: 0 | T12: 8181
A13: 9 | B13: 09.11.2025 | D13: 40.5 | E13: 0 | F13: 283.5 | I13: 0 | J13: 0 | L13: 0 | M13: 4657.5 | N13: 0 | O13: 4110.75 | P13: 0 | Q13: 0 | R13: 0 | S13: 0 | T13: 8768.25
A14: 10 | B14: 10.11.2025 | D14: 0 | E14: 0 | F14: 283.5 | I14: 0 | J14: 0 | L14: 0 | M14: 0 | N14: 0 | O14: 4110.75 | P14: 0 | Q14: 0 | R14: 0 | S14: 0 | T14: 4110.75
A15: 11 | B15: 11.11.2025 | D15: 0 | E15: 0 | F15: 283.5 | I15: 0 | J15: 0 | L15: 0 | M15: 0 | N15: 0 | O15: 4110.75 | P15: 0 | Q15: 0 | R15: 0 | S15: 0 | T15: 4110.75
A16: 12 | B16: 12.11.2025 | D16: 40.5 | E16: 0 | F16: 324 | I16: 0 | J16: 0 | L16: 0 | M16: 4657.5 | N16: 0 | O16: 4698 | P16: 0 | Q16: 0 | R16: 0 | S16: 0 | T16: 9355.5
... A34: 30 | B34: 30.11.2025 | D34: 0 | E34: 40.5 | F34: 163.5 | I34: 0 | J34: 0 | L34: 0 | M34: 0 | N34: 4657.5 | O34: 2370.75 | P34: 0 | Q34: 0 | R34: 0 | S34: 0 | T34: 7028.25
A35: 31 | D35: 0 | E35: 0 | F35: 0 | I35: 0 | J35: 0 | L35: 0 | M35: 0 | N35: 0 | O35: 0 | P35: 0 | Q35: 0 | R35: 0 | S35: 0 | T35: 0
D36: 182.25 | E36: 221.25 | F36: 7924.5 | G36: 0 | H36: 0 | I36: 0 | J36: 0 | K36: 0 | L36: 0 | M36: 20958.75 | N36: 25443.75 | O36: 114905.25 | P36: 0 | Q36: 0 | R36: 0 | S36: 0 | T36: 161307.75
T37: 193569.3

Sheet Нижнекамск ПСОН
A2: Отчет по хранению товара за Ноябрь 2025 Нижнекамск ПСОН ПСОН
A3: № | B3: дата | D3: Выгрузка кол-во | E3: Загрузка кол-во | F3: Хранение | G3: Резервирование 8000 ГЕ | H3: Мин. Суточный резерв 200 | I3: переконсолидация (тонн) | J3: Паллетирование | K3: Взвешивание | L3: стоимость взвешивания | M3: стоимость выгрузки | N3: стоимость загрузки | O3: стоимость хранения | P3: Стоимость резервирования | Q3: Стоимость мин.суточной бработки | R3: стоимость переконс. | S3: Стоимость паллетирования | T3: итого
A5: 1 | B5: 01.11.2025 | D5: 0 | E5: 22 | F5: 1929.662 | I5: 0 | J5: 0 | K5: 0 | L5: 0 | M5: 0 | N5: 2530 | O5: 27594.17 | P5: 0 | Q5: 0 | R5: 0 | S5: 0 | T5: 30124.17
A6: 2 | B6: 02.11.2025 | D6: 0 | E6: 0 | F6: 1929.662 | I6: 0 | J6: 0 | K6: 0 | L6: 0 | M6: 0 | N6: 0 | O6: 27594.17 | P6: 0 | Q6: 0 | R6: 0 | S6: 0 | T6: 27594.17
A7: 3 | B7: 03.11.2025 | D7: 0 | E7: 10.5 | F7: 1919.162 | I7: 0 | J7: 0 | K7: 0 | L7: 0 | M7: 0 | N7: 1207.5 | O7: 27444.02 | P7: 0 | Q7: 0 | R7: 0 | S7: 0 | T7: 28651.52
A8: 4 | B8: 04.11.2025 | D8: 0 | E8: 0 | F8: 1919.162 | I8: 0 | J8: 0 | K8: 0 | L8: 0 | M8: 0 | N8: 0 | O8: 27444.02 | P8: 0 | Q8: 0 | R8: 0 | S8: 0 | T8: 27444.02
A9: 5 | B9: 05.11.2025 | D9: 0 | E9: 44 | F9: 1875.162 | I9: 0 | J9: 0 | K9: 0 | L9: 0 | M9: 0 | N9: 5060 | O9: 26814.82 | P9: 0 | Q9: 0 | R9: 0 | S9: 0 | T9: 31874.82
A10: 6 | B10: 06.11.2025 | D10: 0 | E10: 132 | F10: 1743.162 | I10: 0 | J10: 0 | K10: 0 | L10: 0 | M10: 0 | N10: 15180 | O10: 24927.22 | P10: 0 | Q10: 0 | R10: 0 | S10: 0 | T10: 40107.22
A11: 7 | B11: 07.11.2025 | D11: 88 | E11: 44 | F11: 1787.162 | I11: 0 | J11: 0 | K11: 0 | L11: 0 | M11: 10120 | N11: 5060 | O11: 25556.42 | P11: 0 | Q11: 0 | R11: 0 | S11: 0 | T11: 40736.42
A12: 8 | B12: 08.11.2025 | D12: 110 | E12: 0 | F12: 1897.162 | I12: 0 | J12: 0 | K12: 0 | L12: 0 | M12: 12650 | N12: 0 | O12: 27129.42 | P12: 0 | Q12: 0 | R12: 0 | S12: 0 | T12: 39779.42
A13: 9 | B13: 09.11.2025 | D13: 22 | E13: 0 | F13: 1919.162 | I13: 0 | J13: 0 | K13: 0 | L13: 0 | M13: 2530 | N13: 0 | O13: 27444.02 | P13: 0 | Q13: 0 | R13: 0 | S13: 0 | T13: 29974.02
A14: 10 | B14: 10.11.2025 | D14: 0 | E14: 22 | F14: 1897.162 | I14: 0 | J14: 0 | K14: 0 | L14: 0 | M14: 0 | N14: 2530 | O14: 27129.42 | P14: 0 | Q14: 0 | R14: 0 | S14: 0 | T14: 29659.42
A15: 11 | B15: 11.11.2025 | D15: 0 | E15: 0 | F15: 1897.162 | I15: 0 | J15: 0 | K15: 0 | L15: 0 | M15: 0 | N15: 0 | O15: 27129.42 | P15: 0 | Q15: 0 | R15: 0 | S15: 0 | T15: 27129.42
A16: 12 | B16: 12.11.2025 | D16: 88 | E16: 22 | F16: 1963.162 | I16: 0 | J16: 0 | K16: 0 | L16: 0 | M16: 10120 | N16: 2530 | O16: 28073.22 | P16: 0 | Q16: 0 | R16: 0 | S16: 0 | T16: 40723.22
... A34: 30 | B34: 30.11.2025 | D34: 110 | E34: 0 | F34: 1644.99 | I34: 0 | J34: 0 | K34: 0 | L34: 0 | M34: 12650 | N34: 0 | O34: 23523.36 | P34: 0 | Q34: 0 | R34: 0 | S34: 0 | T34: 36173.36
A35: 31 | D35: 0 | E35: 0 | F35: 0 | I35: 0 | J35: 0 | K35: 0 | L35: 0 | M35: 0 | N35: 0 | O35: 0 | P35: 0 | Q35: 0 | R35: 0 | S35: 0 | T35: 0
D36: 980.275 | E36: 1286.947 | F36: 56249.653 | G36: 0 | H36: 0 | I36: 0 | J36: 0.35 | K36: 0 | L36: 0 | M36: 112731.63 | N36: 147998.91 | O36: 804370.04 | P36: 0 | Q36: 0 | R36: 0 | S36: 42 | T36: 1065142.6
T37: 1278171.1

Sheet Нижнекамск СБС
A2: Отчет по хранению товара за Ноябрь 2025 Нижнекамск СБС СБС
A3: № | B3: дата | D3: Выгрузка кол-во | E3: Загрузка кол-во | F3: Хранение | G3: Резервирование 1000 ГЕ | H3: Мин. Суточный резерв 100 | I3: переконсолидация (тонн) | J3: Паллетирование | K3: Ночная загруска выгрузка | L3: стоимость ночной загруски | M3: стоимость выгрузки | N3: стоимость загрузки | O3: стоимость хранения | P3: Стоимость резервирования | Q3: Стоимость мин.суточной бработки | R3: стоимость переконс. | S3: Стоимость паллетирования | T3: итого
A5: 1 | B5: 01.11.2025 | D5: 0 | E5: 0 | F5: 0.075 | I5: 0 | J5: 0 | L5: 0 | M5: 0 | N5: 0 | O5: 1.4 | P5: 0 | Q5: 0 | R5: 0 | S5: 0 | T5: 1.4
A6: 2 | B6: 02.11.2025 | D6: 0 | E6: 0 | F6: 0.075 | I6: 0 | J6: 0 | L6: 0 | M6: 0 | N6: 0 | O6: 1.4 | P6: 0 | Q6: 0 | R6: 0 | S6: 0 | T6: 1.4
A7: 3 | B7: 03.11.2025 | D7: 0 | E7: 0 | F7: 0.075 | I7: 0 | J7: 0 | L7: 0 | M7: 0 | N7: 0 | O7: 1.4 | P7: 0 | Q7: 0 | R7: 0 | S7: 0 | T7: 1.4
A8: 4 | B8: 04.11.2025 | D8: 0 | E8: 0 | F8: 0.075 | I8: 0 | J8: 0 | L8: 0 | M8: 0 | N8: 0 | O8: 1.4 | P8: 0 | Q8: 0 | R8: 0 | S8: 0 | T8: 1.4
A9: 5 | B9: 05.11.2025 | D9: 0 | E9: 0 | F9: 0.075 | I9: 0 | J9: 0 | L9: 0 | M9: 0 | N9: 0 | O9: 1.4 | P9: 0 | Q9: 0 | R9: 0 | S9: 0 | T9: 1.4
A10: 6 | B10: 06.11.2025 | D10: 0 | E10: 0 | F10: 0.075 | I10: 0 | J10: 0 | L10: 0 | M10: 0 | N10: 0 | O10: 1.4 | P10: 0 | Q10: 0 | R10: 0 | S10: 0 | T10: 1.4
A11: 7 | B11: 07.11.2025 | D11: 0 | E11: 0 | F11: 0.075 | I11: 0 | J11: 0 | L11: 0 | M11: 0 | N11: 0 | O11: 1.4 | P11: 0 | Q11: 0 | R11: 0 | S11: 0 | T11: 1.4
A12: 8 | B12: 08.11.2025 | D12: 0 | E12: 0 | F12: 0.075 | I12: 0 | J12: 0 | L12: 0 | M12: 0 | N12: 0 | O12: 1.4 | P12: 0 | Q12: 0 | R12: 0 | S12: 0 | T12: 1.4
A13: 9 | B13: 09.11.2025 | D13: 0 | E13: 0 | F13: 0.075 | I13: 0 | J13: 0 | L13: 0 | M13: 0 | N13: 0 | O13: 1.4 | P13: 0 | Q13: 0 | R13: 0 | S13: 0 | T13: 1.4
A14: 10 | B14: 10.11.2025 | D14: 0 | E14: 0 | F14: 0.075 | I14: 0 | J14: 0 | L14: 0 | M14: 0 | N14: 0 | O14: 1.4 | P14: 0 | Q14: 0 | R14: 0 | S14: 0 | T14: 1.4
A15: 11 | B15: 11.11.2025 | D15: 0 | E15: 0 | F15: 0.075 | I15: 0 | J15: 0 | L15: 0 | M15: 0 | N15: 0 | O15: 1.4 | P15: 0 | Q15: 0 | R15: 0 | S15: 0 | T15: 1.4
A16: 12 | B16: 12.11.2025 | D16: 0 | E16: 0 | F16: 0.075 | I16: 0 | J16: 0 | L16: 0 | M16: 0 | N16: 0 | O16: 1.4 | P16: 0 | Q16: 0 | R16: 0 | S16: 0 | T16: 1.4
... A34: 30 | B34: 30.11.2025 | D34: 0 | E34: 0 | F34: 0.075 | I34: 0 | J34: 0 | L34: 0 | M34: 0 | N34: 0 | O34: 1.4 | P34: 0 | Q34: 0 | R34: 0 | S34: 0 | T34: 1.4
A35: 31 | D35: 0 | E35: 0 | F35: 0 | I35: 0 | J35: 0 | L35: 0 | M35: 0 | N35: 0 | O35: 0 | P35: 0 | Q35: 0 | R35: 0 | S35: 0 | T35: 0
D36: 0 | E36: 0 | F36: 2.25 | G36: 0 | H36: 0 | I36: 0 | J36: 0 | K36: 0 | L36: 0 | M36: 0 | N36: 0 | O36: 42.08 | P36: 0 | Q36: 0 | R36: 0 | S36: 0 | T36: 42.08
T37: 50.49

Sheet Новикова-Прибоя KPI
A2: Отчет по хранению товара за Ноябрь 2025 Новикова-Прибоя KPI
A3: № | B3: дата | D3: Выгрузка кол-во | E3: Загрузка кол-во | F3: Хранение | G3: Резервирование 12000 ГЕ | H3: Мин. Суточный резерв 1400 | I3: переконсолидация (тонн) | J3: Паллетирование | K3: Взвешивание | L3: стоимость взвешивания | M3: стоимость выгрузки | N3: стоимость загрузки | O3: стоимость хранения | P3: Стоимость резервирования | Q3: Стоимость мин.суточной бработки | R3: стоимость переконс. | S3: Стоимость паллетирования | T3: итого
A5: 1 | B5: 01.11.2025 | D5: 0 | E5: 0 | F5: 206.11 | G5: 0 | H5: 0 | I5: 0 | J5: 0 | K5: 0 | L5: 0 | M5: 0 | N5: 0 | O5: 2926.76 | P5: 0 | Q5: 0 | R5: 0 | S5: 0 | T5: 2926.76
A6: 2 | B6: 02.11.2025 | D6: 0 | E6: 0 | F6: 206.11 | G6: 0 | H6: 0 | I6: 0 | J6: 0 | K6: 0 | L6: 0 | M6: 0 | N6: 0 | O6: 2926.76 | P6: 0 | Q6: 0 | R6: 0 | S6: 0 | T6: 2926.76
A7: 3 | B7: 03.11.2025 | D7: 0 | E7: 0 | F7: 206.11 | G7: 0 | H7: 0 | I7: 0 | J7: 0 | K7: 0 | L7: 0 | M7: 0 | N7: 0 | O7: 2926.76 | P7: 0 | Q7: 0 | R7: 0 | S7: 0 | T7: 2926.76
A8: 4 | B8: 04.11.2025 | D8: 0 | E8: 0 | F8: 206.11 | G8: 0 | H8: 0 | I8: 0 | J8: 0 | K8: 0 | L8: 0 | M8: 0 | N8: 0 | O8: 2926.76 | P8: 0 | Q8: 0 | R8: 0 | S8: 0 | T8: 2926.76
A9: 5 | B9: 05.11.2025 | D9: 0 | E9: 0 | F9: 206.11 | G9: 0 | H9: 0 | I9: 0 | J9: 0 | K9: 0 | L9: 0 | M9: 0 | N9: 0 | O9: 2926.76 | P9: 0 | Q9: 0 | R9: 0 | S9: 0 | T9: 2926.76
A10: 6 | B10: 06.11.2025 | D10: 0 | E10: 0 | F10: 206.11 | G10: 0 | H10: 0 | I10: 0 | J10: 0 | K10: 0 | L10: 0 | M10: 0 | N10: 0 | O10: 2926.76 | P10: 0 | Q10: 0 | R10: 0 | S10: 0 | T10: 2926.76
A11: 7 | B11: 07.11.2025 | D11: 0 | E11: 0 | F11: 206.11 | G11: 0 | H11: 0 | I11: 0 | J11: 0 | K11: 0 | L11: 0 | M11: 0 | N11: 0 | O11: 2926.76 | P11: 0 | Q11: 0 | R11: 0 | S11: 0 | T11: 2926.76
A12: 8 | B12: 08.11.2025 | D12: 0 | E12: 22 | F12: 184.11 | G12: 0 | H12: 0 | I12: 0 | J12: 0 | K12: 0 | L12: 0 | M12: 0 | N12: 2420 | O12: 2614.36 | P12: 0 | Q12: 0 | R12: 0 | S12: 0 | T12: 5034.36
A13: 9 | B13: 09.11.2025 | D13: 0 | E13: 0 | F13: 184.11 | G13: 0 | H13: 0 | I13: 0 | J13: 0 | K13: 0 | L13: 0 | M13: 0 | N13: 0 | O13: 2614.36 | P13: 0 | Q13: 0 | R13: 0 | S13: 0 | T13: 2614.36
A14: 10 | B14: 10.11.2025 | D14: 0 | E14: 0 | F14: 184.11 | G14: 0 | H14: 0 | I14: 0 | J14: 0 | K14: 0 | L14: 0 | M14: 0 | N14: 0 | O14: 2614.36 | P14: 0 | Q14: 0 | R14: 0 | S14: 0 | T14: 2614.36
A15: 11 | B15: 11.11.2025 | D15: 0 | E15: 0 | F15: 184.11 | G15: 0 | H15: 0 | I15: 0 | J15: 0 | K15: 0 | L15: 0 | M15: 0 | N15: 0 | O15: 2614.36 | P15: 0 | Q15: 0 | R15: 0 | S15: 0 | T15: 2614.36
A16: 12 | B16: 12.11.2025 | D16: 0 | E16: 0 | F16: 184.11 | G16: 0 | H16: 0 | I16: 0 | J16: 0 | K16: 0 | L16: 0 | M16: 0 | N16: 0 | O16: 2614.36 | P16: 0 | Q16: 0 | R16: 0 | S16: 0 | T16: 2614.36
... A34: 30 | B34: 30.11.2025 | D34: 0 | E34: 0 | F34: 142.86 | G34: 0 | H34: 0 | I34: 0 | J34: 0 | K34: 0 | L34: 0 | M34: 0 | N34: 0 | O34: 2028.61 | P34: 0 | Q34: 0 | R34: 0 | S34: 0 | T34: 2028.61
A35: 31 | D35: 0 | E35: 0 | F35: 0 | G35: 0 | H35: 0 | I35: 0 | J35: 0 | K35: 0 | L35: 0 | M35: 0 | N35: 0 | O35: 0 | P35: 0 | Q35: 0 | R35: 0 | S35: 0 | T35: 0
D36: 0 | E36: 63.25 | F36: 5132.8 | G36: 0 | H36: 0 | I36: 0 | J36: 0 | K36: 0 | L36: 0 | M36: 0 | N36: 6957.5 | O36: 72885.76 | P36: 0 | Q36: 0 | R36: 0 | S36: 0 | T36: 79843.26
T37: 95811.91

Sheet Новикова-Прибоя Полимеры
A2: Отчет по хранению товара за Ноябрь 2025 Новикова-Прибоя Полимеры
A3: № | B3: дата | D3: Выгрузка кол-во | E3: Загрузка кол-во | F3: Хранение | G3: Резервирование 12000 ГЕ | H3: Мин. Суточный резерв 1400 | I3: переконсолидация (тонн) | J3: Паллетирование | K3: Взвешивание | L3: стоимость взвешивания | M3: стоимость выгрузки | N3: стоимость загрузки | O3: стоимость хранения | P3: Стоимость резервирования | Q3: Стоимость мин.суточной бработки | R3: стоимость переконс. | S3: Стоимость паллетирования | T3: итого
A5: 1 | B5: 01.11.2025 | D5: 0 | E5: 22 | F5: 9844.164 | G5: 2155.836 | H5: 1378 | I5: 0 | J5: 0 | K5: 0 | L5: 0 | M5: 0 | N5: 2420 | O5: 139787.13 | P5: 30612.87 | Q5: 151580 | R5: 0 | S5: 0 | T5: 324400
A6: 2 | B6: 02.11.2025 | D6: 22 | E6: 22 | F6: 9844.164 | G6: 2155.836 | H6: 1356 | I6: 0 | J6: 0 | K6: 0 | L6: 0 | M6: 2420 | N6: 2420 | O6: 139787.13 | P6: 30612.87 | Q6: 149160 | R6: 0 | S6: 0 | T6: 324400
A7: 3 | B7: 03.11.2025 | D7: 0 | E7: 43.325 | F7: 9800.839 | G7: 2199.161 | H7: 1356.675 | I7: 0 | J7: 0 | K7: 0 | L7: 0 | M7: 0 | N7: 4765.75 | O7: 139171.91 | P7: 31228.09 | Q7: 149234.25 | R7: 0 | S7: 0 | T7: 324400
A8: 4 | B8: 04.11.2025 | D8: 0 | E8: 22 | F8: 9778.839 | G8: 2221.161 | H8: 1378 | I8: 0 | J8: 0 | K8: 0 | L8: 0 | M8: 0 | N8: 2420 | O8: 138859.51 | P8: 31540.49 | Q8: 151580 | R8: 0 | S8: 0 | T8: 324400
A9: 5 | B9: 05.11.2025 | D9: 90 | E9: 66 | F9: 9802.839 | G9: 2197.161 | H9: 1244 | I9: 0 | J9: 0 | K9: 0 | L9: 0 | M9: 9900 | N9: 7260 | O9: 139200.31 | P9: 31199.69 | Q9: 136840 | R9: 0 | S9: 0 | T9: 324400
A10: 6 | B10: 06.11.2025 | D10: 290.5 | E10: 42.75 | F10: 10050.589 | G10: 1949.411 | H10: 1066.75 | I10: 0 | J10: 0 | K10: 0 | L10: 0 | M10: 31955 | N10: 4702.5 | O10: 142718.36 | P10: 27681.64 | Q10: 117342.5 | R10: 0 | S10: 0 | T10: 324400
A11: 7 | B11: 07.11.2025 | D11: 111 | E11: 246.125 | F11: 9915.464 | G11: 2084.536 | H11: 1042.875 | I11: 0 | J11: 0 | K11: 0 | L11: 0 | M11: 12210 | N11: 27073.75 | O11: 140799.59 | P11: 29600.41 | Q11: 114716.25 | R11: 0 | S11: 0 | T11: 324400
A12: 8 | B12: 08.11.2025 | D12: 67.5 | E12: 44 | F12: 9938.964 | G12: 2061.036 | H12: 1288.5 | I12: 0 | J12: 0 | K12: 0 | L12: 0 | M12: 7425 | N12: 4840 | O12: 141133.29 | P12: 29266.71 | Q12: 141735 | R12: 0 | S12: 0 | T12: 324400
A13: 9 | B13: 09.11.2025 | D13: 0 | E13: 198 | F13: 9740.964 | G13: 2259.036 | H13: 1202 | I13: 0 | J13: 0 | K13: 0 | L13: 0 | M13: 0 | N13: 21780 | O13: 138321.69 | P13: 32078.31 | Q13: 132220 | R13: 0 | S13: 0 | T13: 324400
A14: 10 | B14: 10.11.2025 | D14: 0 | E14: 176 | F14: 9564.964 | G14: 2435.036 | H14: 1224 | I14: 0 | J14: 0 | K14: 0 | L14: 0 | M14: 0 | N14: 19360 | O14: 135822.49 | P14: 34577.51 | Q14: 134640 | R14: 0 | S14: 0 | T14: 324400
A15: 11 | B15: 11.11.2025 | D15: 45 | E15: 215.875 | F15: 9394.089 | G15: 2605.911 | H15: 1139.125 | I15: 0 | J15: 0 | K15: 0 | L15: 0 | M15: 4950 | N15: 23746.25 | O15: 133396.06 | P15: 37003.94 | Q15: 125303.75 | R15: 0 | S15: 0 | T15: 324400
A16: 12 | B16: 12.11.2025 | D16: 67.45 | E16: 350.125 | F16: 9111.414 | G16: 2888.586 | H16: 982.425 | I16: 0 | J16: 0 | K16: 0 | L16: 0 | M16: 7419.5 | N16: 38513.75 | O16: 129382.08 | P16: 41017.92 | Q16: 108066.75 | R16: 0 | S16: 0 | T16: 324400
... A34: 30 | B34: 30.11.2025 | D34: 0 | E34: 52.25 | F34: 6082.439 | G34: 5917.561 | H34: 1347.75 | I34: 0 | J34: 0 | K34: 0 | L34: 0 | M34: 0 | N34: 5747.5 | O34: 86370.63 | P34: 84029.37 | Q34: 148252.5 | R34: 0 | S34: 0 | T34: 324400
A35: 31 | D35: 0 | E35: 0 | F35: 0 | G35: 0 | H35: 0 | I35: 0 | J35: 0 | K35: 0 | L35: 0 | M35: 0 | N35: 0 | O35: 0 | P35: 0 | Q35: 0 | R35: 0 | S35: 0 | T35: 0
D36: 760.95 | E36: 4544.675 | F36: 247189.02 | G36: 112810.98 | H36: 36694.375 | I36: 0 | J36: 0 | K36: 0 | L36: 0 | M36: 83704.5 | N36: 499914.25 | O36: 3510084.1 | P36: 1601915.9 | Q36: 4036381.2 | R36: 0 | S36: 0 | T36: 9732000
T37: 11678400

Sheet Новикова-Прибоя Полиом
A2: Отчет по хранению товара за Ноябрь 2025 Новикова-Прибоя Полиом
A3: № | B3: дата | D3: Выгрузка кол-во | E3: Загрузка кол-во | F3: Хранение | G3: Резервирование 12000 ГЕ | H3: Мин. Суточный резерв 1400 | I3: переконсолидация (тонн) | J3: Паллетирование | K3: Взвешивание | L3: стоимость взвешивания | M3: стоимость выгрузки | N3: стоимость загрузки | O3: стоимость хранения | P3: Стоимость резервирования | Q3: Стоимость мин.суточной бработки | R3: стоимость переконс. | S3: Стоимость паллетирования | T3: итого
A5: 1 | B5: 01.11.2025 | D5: 0 | E5: 0 | F5: 16.45 | G5: 0 | H5: 0 | I5: 0 | J5: 0 | K5: 0 | L5: 0 | M5: 0 | N5: 0 | O5: 233.59 | P5: 0 | Q5: 0 | R5: 0 | S5: 0 | T5: 233.59
A6: 2 | B6: 02.11.2025 | D6: 0 | E6: 0 | F6: 16.45 | G6: 0 | H6: 0 | I6: 0 | J6: 0 | K6: 0 | L6: 0 | M6: 0 | N6: 0 | O6: 233.59 | P6: 0 | Q6: 0 | R6: 0 | S6: 0 | T6: 233.59
A7: 3 | B7: 03.11.2025 | D7: 0 | E7: 0 | F7: 16.45 | G7: 0 | H7: 0 | I7: 0 | J7: 0 | K7: 0 | L7: 0 | M7: 0 | N7: 0 | O7: 233.59 | P7: 0 | Q7: 0 | R7: 0 | S7: 0 | T7: 233.59
A8: 4 | B8: 04.11.2025 | D8: 0 | E8: 0 | F8: 16.45 | G8: 0 | H8: 0 | I8: 0 | J8: 0 | K8: 0 | L8: 0 | M8: 0 | N8: 0 | O8: 233.59 | P8: 0 | Q8: 0 | R8: 0 | S8: 0 | T8: 233.59
A9: 5 | B9: 05.11.2025 | D9: 0 | E9: 0 | F9: 16.45 | G9: 0 | H9: 0 | I9: 0 | J9: 0 | K9: 0 | L9: 0 | M9: 0 | N9: 0 | O9: 233.59 | P9: 0 | Q9: 0 | R9: 0 | S9: 0 | T9: 233.59
A10: 6 | B10: 06.11.2025 | D10: 0 | E10: 0 | F10: 16.45 | G10: 0 | H10: 0 | I10: 0 | J10: 0 | K10: 0 | L10: 0 | M10: 0 | N10: 0 | O10: 233.59 | P10: 0 | Q10: 0 | R10: 0 | S10: 0 | T10: 233.59
A11: 7 | B11: 07.11.2025 | D11: 0 | E11: 0 | F11: 16.45 | G11: 0 | H11: 0 | I11: 0 | J11: 0 | K11: 0 | L11: 0 | M11: 0 | N11: 0 | O11: 233.59 | P11: 0 | Q11: 0 | R11: 0 | S11: 0 | T11: 233.59
A12: 8 | B12: 08.11.2025 | D12: 0 | E12: 0 | F12: 16.45 | G12: 0 | H12: 0 | I12: 0 | J12: 0 | K12: 0 | L12: 0 | M12: 0 | N12: 0 | O12: 233.59 | P12: 0 | Q12: 0 | R12: 0 | S12: 0 | T12: 233.59
A13: 9 | B13: 09.11.2025 | D13: 0 | E13: 0 | F13: 16.45 | G13: 0 | H13: 0 | I13: 0 | J13: 0 | K13: 0 | L13: 0 | M13: 0 | N13: 0 | O13: 233.59 | P13: 0 | Q13: 0 | R13: 0 | S13: 0 | T13: 233.59
A14: 10 | B14: 10.11.2025 | D14: 0 | E14: 0 | F14: 16.45 | G14: 0 | H14: 0 | I14: 0 | J14: 0 | K14: 0 | L14: 0 | M14: 0 | N14: 0 | O14: 233.59 | P14: 0 | Q14: 0 | R14: 0 | S14: 0 | T14: 233.59
A15: 11 | B15: 11.11.2025 | D15: 0 | E15: 0 | F15: 16.45 | G15: 0 | H15: 0 | I15: 0 | J15: 0 | K15: 0 | L15: 0 | M15: 0 | N15: 0 | O15: 233.59 | P15: 0 | Q15: 0 | R15: 0 | S15: 0 | T15: 233.59
A16: 12 | B16: 12.11.2025 | D16: 0 | E16: 0 | F16: 16.45 | G16: 0 | H16: 0 | I16: 0 | J16: 0 | K16: 0 | L16: 0 | M16: 0 | N16: 0 | O16: 233.59 | P16: 0 | Q16: 0 | R16: 0 | S16: 0 | T16: 233.59
... A34: 30 | B34: 30.11.2025 | D34: 0 | E34: 0 | F34: 16.45 | G34: 0 | H34: 0 | I34: 0 | J34: 0 | K34: 0 | L34: 0 | M34: 0 | N34: 0 | O34: 233.59 | P34: 0 | Q34: 0 | R34: 0 | S34: 0 | T34: 233.59
A35: 31 | D35: 0 | E35: 0 | F35: 0 | G35: 0 | H35: 0 | I35: 0 | J35: 0 | K35: 0 | L35: 0 | M35: 0 | N35: 0 | O35: 0 | P35: 0 | Q35: 0 | R35: 0 | S35: 0 | T35: 0
D36: 0 | E36: 0 | F36: 493.5 | G36: 0 | H36: 0 | I36: 0 | J36: 0 | K36: 0 | L36: 0 | M36: 0 | N36: 0 | O36: 7007.7 | P36: 0 | Q36: 0 | R36: 0 | S36: 0 | T36: 7007.7
T37: 8409.24

Sheet Новосибирск KPI
A2: Отчет по хранению товара за Ноябрь 2025 Новосибирск KPI
A3: № | B3: дата | D3: Выгрузка кол-во | E3: Загрузка кол-во | F3: Хранение | G3: Резервирование 4000 ГЕ | H3: Мин. Суточный резерв 600 | I3: переконсолидация (тонн) | J3: Паллетирование | K3: Взвешивание | L3: стоимость взвешивания | M3: стоимость выгрузки | N3: стоимость загрузки | O3: стоимость хранения | P3: Стоимость резервирования | Q3: Стоимость мин.суточной бработки | R3: стоимость переконс. | S3: Стоимость паллетирования | T3: итого
A5: 1 | B5: 01.11.2025 | D5: 0 | E5: 0 | F5: 65.91 | G5: 0 | H5: 0 | I5: 0 | J5: 0 | K5: 0 | L5: 0 | M5: 0 | N5: 0 | O5: 1410.47 | P5: 0 | Q5: 0 | R5: 0 | S5: 0 | T5: 1410.47
A6: 2 | B6: 02.11.2025 | D6: 0 | E6: 0 | F6: 65.91 | G6: 0 | H6: 0 | I6: 0 | J6: 0 | K6: 0 | L6: 0 | M6: 0 | N6: 0 | O6: 1410.47 | P6: 0 | Q6: 0 | R6: 0 | S6: 0 | T6: 1410.47
A7: 3 | B7: 03.11.2025 | D7: 0 | E7: 0 | F7: 65.91 | G7: 0 | H7: 0 | I7: 0 | J7: 0 | K7: 0 | L7: 0 | M7: 0 | N7: 0 | O7: 1410.47 | P7: 0 | Q7: 0 | R7: 0 | S7: 0 | T7: 1410.47
A8: 4 | B8: 04.11.2025 | D8: 0 | E8: 0 | F8: 65.91 | G8: 0 | H8: 0 | I8: 0 | J8: 0 | K8: 0 | L8: 0 | M8: 0 | N8: 0 | O8: 1410.47 | P8: 0 | Q8: 0 | R8: 0 | S8: 0 | T8: 1410.47
A9: 5 | B9: 05.11.2025 | D9: 0 | E9: 0 | F9: 65.91 | G9: 0 | H9: 0 | I9: 0 | J9: 0 | K9: 0 | L9: 0 | M9: 0 | N9: 0 | O9: 1410.47 | P9: 0 | Q9: 0 | R9: 0 | S9: 0 | T9: 1410.47
A10: 6 | B10: 06.11.2025 | D10: 0 | E10: 0 | F10: 65.91 | G10: 0 | H10: 0 | I10: 0 | J10: 0 | K10: 0 | L10: 0 | M10: 0 | N10: 0 | O10: 1410.47 | P10: 0 | Q10: 0 | R10: 0 | S10: 0 | T10: 1410.47
A11: 7 | B11: 07.11.2025 | D11: 0 | E11: 0 | F11: 65.91 | G11: 0 | H11: 0 | I11: 0 | J11: 0 | K11: 0 | L11: 0 | M11: 0 | N11: 0 | O11: 1410.47 | P11: 0 | Q11: 0 | R11: 0 | S11: 0 | T11: 1410.47
A12: 8 | B12: 08.11.2025 | D12: 0 | E12: 0 | F12: 65.91 | G12: 0 | H12: 0 | I12: 0 | J12: 0 | K12: 0 | L12: 0 | M12: 0 | N12: 0 | O12: 1410.47 | P12: 0 | Q12: 0 | R12: 0 | S12: 0 | T12: 1410.47
A13: 9 | B13: 09.11.2025 | D13: 0 | E13: 0 | F13: 65.91 | G13: 0 | H13: 0 | I13: 0 | J13: 0 | K13: 0 | L13: 0 | M13: 0 | N13: 0 | O13: 1410.47 | P13: 0 | Q13: 0 | R13: 0 | S13: 0 | T13: 1410.47
A14: 10 | B14: 10.11.2025 | D14: 0 | E14: 22 | F14: 43.91 | G14: 0 | H14: 0 | I14: 0 | J14: 0 | K14: 0 | L14: 0 | M14: 0 | N14: 2501.4 | O14: 939.67 | P14: 0 | Q14: 0 | R14: 0 | S14: 0 | T14: 3441.07
A15: 11 | B15: 11.11.2025 | D15: 0 | E15: 22 | F15: 21.91 | G15: 0 | H15: 0 | I15: 0 | J15: 0 | K15: 0 | L15: 0 | M15: 0 | N15: 2501.4 | O15: 468.87 | P15: 0 | Q15: 0 | R15: 0 | S15: 0 | T15: 2970.27
A16: 12 | B16: 12.11.2025 | D16: 0 | E16: 0 | F16: 21.91 | G16: 0 | H16: 0 | I16: 0 | J16: 0 | K16: 0 | L16: 0 | M16: 0 | N16: 0 | O16: 468.87 | P16: 0 | Q16: 0 | R16: 0 | S16: 0 | T16: 468.87
... A34: 30 | B34: 30.11.2025 | D34: 0 | E34: 0 | F34: 21.91 | G34: 0 | H34: 0 | I34: 0 | J34: 0 | K34: 0 | L34: 0 | M34: 0 | N34: 0 | O34: 468.87 | P34: 0 | Q34: 0 | R34: 0 | S34: 0 | T34: 468.87
A35: 31 | D35: 0 | E35: 0 | F35: 0 | G35: 0 | H35: 0 | I35: 0 | J35: 0 | K35: 0 | L35: 0 | M35: 0 | N35: 0 | O35: 0 | P35: 0 | Q35: 0 | R35: 0 | S35: 0 | T35: 0
D36: 0 | E36: 44 | F36: 1075.3 | G36: 0 | H36: 0 | I36: 0 | J36: 0 | K36: 0 | L36: 0 | M36: 0 | N36: 5002.8 | O36: 23011.42 | P36: 0 | Q36: 0 | R36: 0 | S36: 0 | T36: 28014.22
T37: 33617.06

Sheet Новосибирск Полимеры
A2: Отчет по хранению товара за Ноябрь 2025 Новосибирск Полимеры
