Workbook

Sheet Лист1

Sheet Биаксплен Новосибирск
A1: =T37 -> 210273.99
A2: ="Отчет по хранению товара за " & TEXT(B5,"ММММ ГГГГ") -> Отчет по хранению товара за Февраль 2026
A3: № | B3: дата | D3: Выгрузка кол-во | E3: Загрузка кол-во | F3: Хранение | G3: Резервирование 70 т | H3: Мин. Суточный резерв 0 т | I3: переконсолидация (тонн) | J3: Паллетирование | K3: Ночная загруска выгрузка | L3: стоимость ночной загруски | M3: стоимость выгрузки | N3: стоимость загрузки | O3: стоимость хранения | P3: Стоимость резервирования | Q3: Стоимость мин.суточной бработки | R3: стоимость переконс. | S3: Стоимость паллетирования | T3: итого
A5: 1 | B5: 46054 | F5: 121.3417 | G5: =IF(OR(B5="",NOT(ISERROR(SEARCH("KPI",$A$2))),NOT(ISERROR(SEARCH("Полиом",$A$2)))),0,IF(70-F5<=0,0,70-F5)) -> 0 | L5: =SUM(K5*240) -> 0 | M5: =SUM(D5*120) -> 0 | N5: =SUM(E5*120) -> 0 | O5: =SUM(F5*54) -> 6552.4518 | P5: =SUM(G5*54) -> 0 | Q5: =SUM(H5*120) -> 0 | R5: =SUM(I5*1000) -> 0 | S5: =SUM(J5*140) -> 0 | T5: =SUM(L5:S5) -> 6552.4518
A6: 2 | B6: 46055 | F6: 121.3417 | G6: =IF(OR(B6="",NOT(ISERROR(SEARCH("KPI",$A$2))),NOT(ISERROR(SEARCH("Полиом",$A$2)))),0,IF(70-F6<=0,0,70-F6)) -> 0 | L6: =SUM(K6*240) -> 0 | M6: =SUM(D6*120) -> 0 | N6: =SUM(E6*120) -> 0 | O6: =SUM(F6*54) -> 6552.4518 | P6: =SUM(G6*54) -> 0 | Q6: =SUM(H6*120) -> 0 | R6: =SUM(I6*1000) -> 0 | S6: =SUM(J6*140) -> 0 | T6: =SUM(L6:S6) -> 6552.4518
A7: 3 | B7: 46056 | F7: 121.3417 | G7: =IF(OR(B7="",NOT(ISERROR(SEARCH("KPI",$A$2))),NOT(ISERROR(SEARCH("Полиом",$A$2)))),0,IF(70-F7<=0,0,70-F7)) -> 0 | L7: =SUM(K7*240) -> 0 | M7: =SUM(D7*120) -> 0 | N7: =SUM(E7*120) -> 0 | O7: =SUM(F7*54) -> 6552.4518 | P7: =SUM(G7*54) -> 0 | Q7: =SUM(H7*120) -> 0 | R7: =SUM(I7*1000) -> 0 | S7: =SUM(J7*140) -> 0 | T7: =SUM(L7:S7) -> 6552.4518
A8: 4 | B8: 46057 | E8: 3.2091 | F8: 118.1326 | G8: =IF(OR(B8="",NOT(ISERROR(SEARCH("KPI",$A$2))),NOT(ISERROR(SEARCH("Полиом",$A$2)))),0,IF(70-F8<=0,0,70-F8)) -> 0 | L8: =SUM(K8*240) -> 0 | M8: =SUM(D8*120) -> 0 | N8: =SUM(E8*120) -> 385.092 | O8: =SUM(F8*54) -> 6379.1604 | P8: =SUM(G8*54) -> 0 | Q8: =SUM(H8*120) -> 0 | R8: =SUM(I8*1000) -> 0 | S8: =SUM(J8*140) -> 0 | T8: =SUM(L8:S8) -> 6764.2524
A9: 5 | B9: 46058 | E9: 17.5303 | F9: 100.6023 | G9: =IF(OR(B9="",NOT(ISERROR(SEARCH("KPI",$A$2))),NOT(ISERROR(SEARCH("Полиом",$A$2)))),0,IF(70-F9<=0,0,70-F9)) -> 0 | L9: =SUM(K9*240) -> 0 | M9: =SUM(D9*120) -> 0 | N9: =SUM(E9*120) -> 2103.636 | O9: =SUM(F9*54) -> 5432.5242 | P9: =SUM(G9*54) -> 0 | Q9: =SUM(H9*120) -> 0 | R9: =SUM(I9*1000) -> 0 | S9: =SUM(J9*140) -> 0 | T9: =SUM(L9:S9) -> 7536.1602
A10: 6 | B10: 46059 | D10: 17.7328 | E10: 6.7244 | F10: 111.6107 | G10: =IF(OR(B10="",NOT(ISERROR(SEARCH("KPI",$A$2))),NOT(ISERROR(SEARCH("Полиом",$A$2)))),0,IF(70-F10<=0,0,70-F10)) -> 0 | L10: =SUM(K10*240) -> 0 | M10: =SUM(D10*120) -> 2127.936 | N10: =SUM(E10*120) -> 806.928 | O10: =SUM(F10*54) -> 6026.9778 | P10: =SUM(G10*54) -> 0 | Q10: =SUM(H10*120) -> 0 | R10: =SUM(I10*1000) -> 0 | S10: =SUM(J10*140) -> 0 | T10: =SUM(L10:S10) -> 8961.8418
A11: 7 | B11: 46060 | F11: 111.6107 | G11: =IF(OR(B11="",NOT(ISERROR(SEARCH("KPI",$A$2))),NOT(ISERROR(SEARCH("Полиом",$A$2)))),0,IF(70-F11<=0,0,70-F11)) -> 0 | L11: =SUM(K11*240) -> 0 | M11: =SUM(D11*120) -> 0 | N11: =SUM(E11*120) -> 0 | O11: =SUM(F11*54) -> 6026.9778 | P11: =SUM(G11*54) -> 0 | Q11: =SUM(H11*120) -> 0 | R11: =SUM(I11*1000) -> 0 | S11: =SUM(J11*140) -> 0 | T11: =SUM(L11:S11) -> 6026.9778
A12: 8 | B12: 46061 | F12: 111.6107 | G12: =IF(OR(B12="",NOT(ISERROR(SEARCH("KPI",$A$2))),NOT(ISERROR(SEARCH("Полиом",$A$2)))),0,IF(70-F12<=0,0,70-F12)) -> 0 | L12: =SUM(K12*240) -> 0 | M12: =SUM(D12*120) -> 0 | N12: =SUM(E12*120) -> 0 | O12: =SUM(F12*54) -> 6026.9778 | P12: =SUM(G12*54) -> 0 | Q12: =SUM(H12*120) -> 0 | R12: =SUM(I12*1000) -> 0 | S12: =SUM(J12*140) -> 0 | T12: =SUM(L12:S12) -> 6026.9778
A13: 9 | B13: 46062 | F13: 111.6107 | G13: =IF(OR(B13="",NOT(ISERROR(SEARCH("KPI",$A$2))),NOT(ISERROR(SEARCH("Полиом",$A$2)))),0,IF(70-F13<=0,0,70-F13)) -> 0 | L13: =SUM(K13*240) -> 0 | M13: =SUM(D13*120) -> 0 | N13: =SUM(E13*120) -> 0 | O13: =SUM(F13*54) -> 6026.9778 | P13: =SUM(G13*54) -> 0 | Q13: =SUM(H13*120) -> 0 | R13: =SUM(I13*1000) -> 0 | S13: =SUM(J13*140) -> 0 | T13: =SUM(L13:S13) -> 6026.9778
A14: 10 | B14: 46063 | E14: 10.9311 | F14: 100.6796 | G14: =IF(OR(B14="",NOT(ISERROR(SEARCH("KPI",$A$2))),NOT(ISERROR(SEARCH("Полиом",$A$2)))),0,IF(70-F14<=0,0,70-F14)) -> 0 | L14: =SUM(K14*240) -> 0 | M14: =SUM(D14*120) -> 0 | N14: =SUM(E14*120) -> 1311.732 | O14: =SUM(F14*54) -> 5436.6984 | P14: =SUM(G14*54) -> 0 | Q14: =SUM(H14*120) -> 0 | R14: =SUM(I14*1000) -> 0 | S14: =SUM(J14*140) -> 0 | T14: =SUM(L14:S14) -> 6748.4304
A15: 11 | B15: 46064 | E15: 17.435 | F15: 83.2446 | G15: =IF(OR(B15="",NOT(ISERROR(SEARCH("KPI",$A$2))),NOT(ISERROR(SEARCH("Полиом",$A$2)))),0,IF(70-F15<=0,0,70-F15)) -> 0 | L15: =SUM(K15*240) -> 0 | M15: =SUM(D15*120) -> 0 | N15: =SUM(E15*120) -> 2092.2 | O15: =SUM(F15*54) -> 4495.2084 | P15: =SUM(G15*54) -> 0 | Q15: =SUM(H15*120) -> 0 | R15: =SUM(I15*1000) -> 0 | S15: =SUM(J15*140) -> 0 | T15: =SUM(L15:S15) -> 6587.4084
A16: 12 | B16: 46065 | F16: 83.2446 | G16: =IF(OR(B16="",NOT(ISERROR(SEARCH("KPI",$A$2))),NOT(ISERROR(SEARCH("Полиом",$A$2)))),0,IF(70-F16<=0,0,70-F16)) -> 0 | L16: =SUM(K16*240) -> 0 | M16: =SUM(D16*120) -> 0 | N16: =SUM(E16*120) -> 0 | O16: =SUM(F16*54) -> 4495.2084 | P16: =SUM(G16*54) -> 0 | Q16: =SUM(H16*120) -> 0 | R16: =SUM(I16*1000) -> 0 | S16: =SUM(J16*140) -> 0 | T16: =SUM(L16:S16) -> 4495.2084
A17: 13 | B17: 46066 | E17: 2.2995 | F17: 80.9451 | G17: =IF(OR(B17="",NOT(ISERROR(SEARCH("KPI",$A$2))),NOT(ISERROR(SEARCH("Полиом",$A$2)))),0,IF(70-F17<=0,0,70-F17)) -> 0 | L17: =SUM(K17*240) -> 0 | M17: =SUM(D17*120) -> 0 | N17: =SUM(E17*120) -> 275.94 | O17: =SUM(F17*54) -> 4371.0354 | P17: =SUM(G17*54) -> 0 | Q17: =SUM(H17*120) -> 0 | R17: =SUM(I17*1000) -> 0 | S17: =SUM(J17*140) -> 0 | T17: =SUM(L17:S17) -> 4646.9754
A18: 14 | B18: 46067 | F18: 80.9451 | G18: =IF(OR(B18="",NOT(ISERROR(SEARCH("KPI",$A$2))),NOT(ISERROR(SEARCH("Полиом",$A$2)))),0,IF(70-F18<=0,0,70-F18)) -> 0 | L18: =SUM(K18*240) -> 0 | M18: =SUM(D18*120) -> 0 | N18: =SUM(E18*120) -> 0 | O18: =SUM(F18*54) -> 4371.0354 | P18: =SUM(G18*54) -> 0 | Q18: =SUM(H18*120) -> 0 | R18: =SUM(I18*1000) -> 0 | S18: =SUM(J18*140) -> 0 | T18: =SUM(L18:S18) -> 4371.0354
A19: 15 | B19: 46068 | F19: 80.9451 | G19: =IF(OR(B19="",NOT(ISERROR(SEARCH("KPI",$A$2))),NOT(ISERROR(SEARCH("Полиом",$A$2)))),0,IF(70-F19<=0,0,70-F19)) -> 0 | L19: =SUM(K19*240) -> 0 | M19: =SUM(D19*120) -> 0 | N19: =SUM(E19*120) -> 0 | O19: =SUM(F19*54) -> 4371.0354 | P19: =SUM(G19*54) -> 0 | Q19: =SUM(H19*120) -> 0 | R19: =SUM(I19*1000) -> 0 | S19: =SUM(J19*140) -> 0 | T19: =SUM(L19:S19) -> 4371.0354
A20: 16 | B20: 46069 | D20: 51.783 | E20: 2.1034 | F20: 130.6247 | G20: =IF(OR(B20="",NOT(ISERROR(SEARCH("KPI",$A$2))),NOT(ISERROR(SEARCH("Полиом",$A$2)))),0,IF(70-F20<=0,0,70-F20)) -> 0 | L20: =SUM(K20*240) -> 0 | M20: =SUM(D20*120) -> 6213.96 | N20: =SUM(E20*120) -> 252.408 | O20: =SUM(F20*54) -> 7053.7338 | P20: =SUM(G20*54) -> 0 | Q20: =SUM(H20*120) -> 0 | R20: =SUM(I20*1000) -> 0 | S20: =SUM(J20*140) -> 0 | T20: =SUM(L20:S20) -> 13520.102
A21: 17 | B21: 46070 | E21: 2.7732 | F21: 127.8515 | G21: =IF(OR(B21="",NOT(ISERROR(SEARCH("KPI",$A$2))),NOT(ISERROR(SEARCH("Полиом",$A$2)))),0,IF(70-F21<=0,0,70-F21)) -> 0 | L21: =SUM(K21*240) -> 0 | M21: =SUM(D21*120) -> 0 | N21: =SUM(E21*120) -> 332.784 | O21: =SUM(F21*54) -> 6903.981 | P21: =SUM(G21*54) -> 0 | Q21: =SUM(H21*120) -> 0 | R21: =SUM(I21*1000) -> 0 | S21: =SUM(J21*140) -> 0 | T21: =SUM(L21:S21) -> 7236.765
A22: 18 | B22: 46071 | E22: 20.829 | F22: 107.0225 | G22: =IF(OR(B22="",NOT(ISERROR(SEARCH("KPI",$A$2))),NOT(ISERROR(SEARCH("Полиом",$A$2)))),0,IF(70-F22<=0,0,70-F22)) -> 0 | L22: =SUM(K22*240) -> 0 | M22: =SUM(D22*120) -> 0 | N22: =SUM(E22*120) -> 2499.48 | O22: =SUM(F22*54) -> 5779.215 | P22: =SUM(G22*54) -> 0 | Q22: =SUM(H22*120) -> 0 | R22: =SUM(I22*1000) -> 0 | S22: =SUM(J22*140) -> 0 | T22: =SUM(L22:S22) -> 8278.695
A23: 19 | B23: 46072 | E23: 13.2659 | F23: 93.7566 | G23: =IF(OR(B23="",NOT(ISERROR(SEARCH("KPI",$A$2))),NOT(ISERROR(SEARCH("Полиом",$A$2)))),0,IF(70-F23<=0,0,70-F23)) -> 0 | L23: =SUM(K23*240) -> 0 | M23: =SUM(D23*120) -> 0 | N23: =SUM(E23*120) -> 1591.908 | O23: =SUM(F23*54) -> 5062.8564 | P23: =SUM(G23*54) -> 0 | Q23: =SUM(H23*120) -> 0 | R23: =SUM(I23*1000) -> 0 | S23: =SUM(J23*140) -> 0 | T23: =SUM(L23:S23) -> 6654.7644
A24: 20 | B24: 46073 | E24: 2.9673 | F24: 90.7893 | G24: =IF(OR(B24="",NOT(ISERROR(SEARCH("KPI",$A$2))),NOT(ISERROR(SEARCH("Полиом",$A$2)))),0,IF(70-F24<=0,0,70-F24)) -> 0 | L24: =SUM(K24*240) -> 0 | M24: =SUM(D24*120) -> 0 | N24: =SUM(E24*120) -> 356.076 | O24: =SUM(F24*54) -> 4902.6222 | P24: =SUM(G24*54) -> 0 | Q24: =SUM(H24*120) -> 0 | R24: =SUM(I24*1000) -> 0 | S24: =SUM(J24*140) -> 0 | T24: =SUM(L24:S24) -> 5258.6982
A25: 21 | B25: 46074 | F25: 90.7893 | G25: =IF(OR(B25="",NOT(ISERROR(SEARCH("KPI",$A$2))),NOT(ISERROR(SEARCH("Полиом",$A$2)))),0,IF(70-F25<=0,0,70-F25)) -> 0 | L25: =SUM(K25*240) -> 0 | M25: =SUM(D25*120) -> 0 | N25: =SUM(E25*120) -> 0 | O25: =SUM(F25*54) -> 4902.6222 | P25: =SUM(G25*54) -> 0 | Q25: =SUM(H25*120) -> 0 | R25: =SUM(I25*1000) -> 0 | S25: =SUM(J25*140) -> 0 | T25: =SUM(L25:S25) -> 4902.6222
A26: 22 | B26: 46075 | F26: 90.7893 | G26: =IF(OR(B26="",NOT(ISERROR(SEARCH("KPI",$A$2))),NOT(ISERROR(SEARCH("Полиом",$A$2)))),0,IF(70-F26<=0,0,70-F26)) -> 0 | L26: =SUM(K26*240) -> 0 | M26: =SUM(D26*120) -> 0 | N26: =SUM(E26*120) -> 0 | O26: =SUM(F26*54) -> 4902.6222 | P26: =SUM(G26*54) -> 0 | Q26: =SUM(H26*120) -> 0 | R26: =SUM(I26*1000) -> 0 | S26: =SUM(J26*140) -> 0 | T26: =SUM(L26:S26) -> 4902.6222
A27: 23 | B27: 46076 | F27: 90.7893 | G27: =IF(OR(B27="",NOT(ISERROR(SEARCH("KPI",$A$2))),NOT(ISERROR(SEARCH("Полиом",$A$2)))),0,IF(70-F27<=0,0,70-F27)) -> 0 | L27: =SUM(K27*240) -> 0 | M27: =SUM(D27*120) -> 0 | N27: =SUM(E27*120) -> 0 | O27: =SUM(F27*54) -> 4902.6222 | P27: =SUM(G27*54) -> 0 | Q27: =SUM(H27*120) -> 0 | R27: =SUM(I27*1000) -> 0 | S27: =SUM(J27*140) -> 0 | T27: =SUM(L27:S27) -> 4902.6222
A28: 24 | B28: 46077 | F28: 90.7893 | G28: =IF(OR(B28="",NOT(ISERROR(SEARCH("KPI",$A$2))),NOT(ISERROR(SEARCH("Полиом",$A$2)))),0,IF(70-F28<=0,0,70-F28)) -> 0 | L28: =SUM(K28*240) -> 0 | M28: =SUM(D28*120) -> 0 | N28: =SUM(E28*120) -> 0 | O28: =SUM(F28*54) -> 4902.6222 | P28: =SUM(G28*54) -> 0 | Q28: =SUM(H28*120) -> 0 | R28: =SUM(I28*1000) -> 0 | S28: =SUM(J28*140) -> 0 | T28: =SUM(L28:S28) -> 4902.6222
A29: 25 | B29: 46078 | E29: 5.8836 | F29: 84.9057 | G29: =IF(OR(B29="",NOT(ISERROR(SEARCH("KPI",$A$2))),NOT(ISERROR(SEARCH("Полиом",$A$2)))),0,IF(70-F29<=0,0,70-F29)) -> 0 | L29: =SUM(K29*240) -> 0 | M29: =SUM(D29*120) -> 0 | N29: =SUM(E29*120) -> 706.032 | O29: =SUM(F29*54) -> 4584.9078 | P29: =SUM(G29*54) -> 0 | Q29: =SUM(H29*120) -> 0 | R29: =SUM(I29*1000) -> 0 | S29: =SUM(J29*140) -> 0 | T29: =SUM(L29:S29) -> 5290.9398
A30: 26 | B30: 46079 | E30: 18.4694 | F30: 66.4363 | G30: =IF(OR(B30="",NOT(ISERROR(SEARCH("KPI",$A$2))),NOT(ISERROR(SEARCH("Полиом",$A$2)))),0,IF(70-F30<=0,0,70-F30)) -> 3.5637 | L30: =SUM(K30*240) -> 0 | M30: =SUM(D30*120) -> 0 | N30: =SUM(E30*120) -> 2216.328 | O30: =SUM(F30*54) -> 3587.5602 | P30: =SUM(G30*54) -> 192.4398 | Q30: =SUM(H30*120) -> 0 | R30: =SUM(I30*1000) -> 0 | S30: =SUM(J30*140) -> 0 | T30: =SUM(L30:S30) -> 5996.328
A31: 27 | B31: 46080 | E31: 6.0693 | F31: 60.367 | G31: =IF(OR(B31="",NOT(ISERROR(SEARCH("KPI",$A$2))),NOT(ISERROR(SEARCH("Полиом",$A$2)))),0,IF(70-F31<=0,0,70-F31)) -> 9.633 | L31: =SUM(K31*240) -> 0 | M31: =SUM(D31*120) -> 0 | N31: =SUM(E31*120) -> 728.316 | O31: =SUM(F31*54) -> 3259.818 | P31: =SUM(G31*54) -> 520.182 | Q31: =SUM(H31*120) -> 0 | R31: =SUM(I31*1000) -> 0 | S31: =SUM(J31*140) -> 0 | T31: =SUM(L31:S31) -> 4508.316
A32: 28 | B32: 46081 | F32: 60.367 | G32: =IF(OR(B32="",NOT(ISERROR(SEARCH("KPI",$A$2))),NOT(ISERROR(SEARCH("Полиом",$A$2)))),0,IF(70-F32<=0,0,70-F32)) -> 9.633 | L32: =SUM(K32*240) -> 0 | M32: =SUM(D32*120) -> 0 | N32: =SUM(E32*120) -> 0 | O32: =SUM(F32*54) -> 3259.818 | P32: =SUM(G32*54) -> 520.182 | Q32: =SUM(H32*120) -> 0 | R32: =SUM(I32*1000) -> 0 | S32: =SUM(J32*140) -> 0 | T32: =SUM(L32:S32) -> 3780
A33: 29 | G33: =IF(OR(B33="",NOT(ISERROR(SEARCH("KPI",$A$2))),NOT(ISERROR(SEARCH("Полиом",$A$2)))),0,IF(70-F33<=0,0,70-F33)) -> 0 | L33: =SUM(K33*240) -> 0 | M33: =SUM(D33*120) -> 0 | N33: =SUM(E33*120) -> 0 | O33: =SUM(F33*54) -> 0 | P33: =SUM(G33*54) -> 0 | Q33: =SUM(H33*120) -> 0 | R33: =SUM(I33*1000) -> 0 | S33: =SUM(J33*140) -> 0 | T33: =SUM(L33:S33) -> 0
A34: 30 | G34: =IF(OR(B34="",NOT(ISERROR(SEARCH("KPI",$A$2))),NOT(ISERROR(SEARCH("Полиом",$A$2)))),0,IF(70-F34<=0,0,70-F34)) -> 0 | L34: =SUM(K34*240) -> 0 | M34: =SUM(D34*120) -> 0 | N34: =SUM(E34*120) -> 0 | O34: =SUM(F34*54) -> 0 | P34: =SUM(G34*54) -> 0 | Q34: =SUM(H34*120) -> 0 | R34: =SUM(I34*1000) -> 0 | S34: =SUM(J34*140) -> 0 | T34: =SUM(L34:S34) -> 0
G35: =IF(OR(B35="",NOT(ISERROR(SEARCH("KPI",$A$2))),NOT(ISERROR(SEARCH("Полиом",$A$2)))),0,IF(70-F35<=0,0,70-F35)) -> 0 | L35: =SUM(K35*240) -> 0 | M35: =SUM(D35*120) -> 0 | N35: =SUM(E35*120) -> 0 | O35: =SUM(F35*54) -> 0 | P35: =SUM(G35*54) -> 0 | Q35: =SUM(H35*120) -> 0 | R35: =SUM(I35*1000) -> 0 | S35: =SUM(J35*140) -> 0 | T35: =SUM(L35:S35) -> 0
F36: =SUM(F5:F35) -> 2724.4847 | G36: =SUM(G5:G35) -> 22.8297 | H36: =SUM(H5:H35) -> 0 | I36: =SUM(I5:I35) -> 0 | J36: =SUM(J5:J35) -> 0 | K36: =SUM(K5:K35) -> 0 | L36: =SUM(L5:L35) -> 0 | M36: =SUM(M5:M35) -> 8341.896 | ... T36: =SUM(T5:T35) -> 172355.73
T37: =T36*1.22 -> 210273.99

Sheet ИТОГО
A1: =G16 -> 1.3740576e+08
I2: ТОП
A3: Склад | B3: Сибур | C3: Завод | D3: Русвинил | E3: Клиенты сибура | F3: Остальные | G3: Итого | I3: Нижнекамск завод | J3: 53929177
A4: Баумана | B4: =INDEX($M$45:$M$54,MATCH(A4,$A$45:$A$54,0),1) -> 6966332.6 | C4: 0 | D4: =INDEX($B$57:$B$73,MATCH(A4,$A$57:$A$73,0),1) -> 427719.95 | E4: =SUMIF($F$19:$F$42,A4,$G$19:$G$42) -> 0 | F4: =SUMIF($B$19:$B$27,A4,$C$19:$C$27) -> 38511.2 | G4: =SUM(B4:F4) -> 7432563.8 | I4: Казань_Автосервисная | J4: 18532327
A5: Новикова-Прибоя | B5: =INDEX($M$45:$M$54,MATCH(A5,$A$45:$A$54,0),1) -> 10394917 | C5: 0 | D5: =INDEX($B$57:$B$73,MATCH(A5,$A$57:$A$73,0),1) -> 1025950.5 | E5: =SUMIF($F$19:$F$42,A5,$G$19:$G$42) -> 0 | F5: =SUMIF($B$19:$B$27,A5,$C$19:$C$27) -> 6648 | G5: =SUM(B5:F5) -> 11427516 | I5: Новикова-Прибоя | J5: 11427516
A6: Екатеринбург | B6: =INDEX($M$45:$M$54,MATCH(A6,$A$45:$A$54,0),1) -> 9888337.3 | C6: 0 | D6: =INDEX($B$57:$B$73,MATCH(A6,$A$57:$A$73,0),1) -> 0 | E6: =SUMIF($F$19:$F$42,A6,$G$19:$G$42) -> 0 | F6: =SUMIF($B$19:$B$27,A6,$C$19:$C$27) -> 0 | G6: =SUM(B6:F6) -> 9888337.3 | I6: Екатеринбург | J6: 9888337.3
A7: Новосибирск | B7: =INDEX($M$45:$M$54,MATCH(A7,$A$45:$A$54,0),1) -> 6087106.4 | C7: 0 | D7: =INDEX($B$57:$B$73,MATCH(A7,$A$57:$A$73,0),1) -> 0 | E7: =SUMIF($F$19:$F$42,A7,$G$19:$G$42) -> 210273.99 | F7: =SUMIF($B$19:$B$27,A7,$C$19:$C$27) -> 0 | G7: =SUM(B7:F7) -> 6297380.4 | I7: Казань_Приволжская | J7: 8384342
A8: Новосибирск_Пасечная | B8: =INDEX($M$45:$M$54,MATCH(A8,$A$45:$A$54,0),1) -> 5588857.3 | C8: 0 | D8: =INDEX($B$57:$B$73,MATCH(A8,$A$57:$A$73,0),1) -> 0 | E8: =SUMIF($F$19:$F$42,A8,$G$19:$G$42) -> 0 | F8: =SUMIF($B$19:$B$27,A8,$C$19:$C$27) -> 0 | G8: =SUM(B8:F8) -> 5588857.3 | I8: Зеленодольск | J8: 8120245.7
A9: Казань_Автосервисная | B9: =INDEX($M$45:$M$54,MATCH(A9,$A$45:$A$54,0),1) -> 18532327 | C9: 0 | D9: =INDEX($B$57:$B$73,MATCH(A9,$A$57:$A$73,0),1) -> 0 | E9: =SUMIF($F$19:$F$42,A9,$G$19:$G$42) -> 0 | F9: =SUMIF($B$19:$B$27,A9,$C$19:$C$27) -> 0 | G9: =SUM(B9:F9) -> 18532327 | I9: Баумана | J9: 7432563.8
A10: Казань_Приволжская | B10: =INDEX($M$45:$M$54,MATCH(A10,$A$45:$A$54,0),1) -> 8384342 | C10: 0 | D10: =INDEX($B$57:$B$73,MATCH(A10,$A$57:$A$73,0),1) -> 0 | E10: =SUMIF($F$19:$F$42,A10,$G$19:$G$42) -> 0 | F10: =SUMIF($B$19:$B$27,A10,$C$19:$C$27) -> 0 | G10: =SUM(B10:F10) -> 8384342 | I10: Новосибирск | J10: 6297380.4
A11: Зеленодольск | B11: =INDEX($M$45:$M$54,MATCH(A11,$A$45:$A$54,0),1) -> 7400248.4 | C11: 0 | D11: =INDEX($B$57:$B$73,MATCH(A11,$A$57:$A$73,0),1) -> 0 | E11: =SUMIF($F$19:$F$42,A11,$G$19:$G$42) -> 719997.26 | F11: =SUMIF($B$19:$B$27,A11,$C$19:$C$27) -> 0 | G11: =SUM(B11:F11) -> 8120245.7 | I11: Новосибирск_Пасечная | J11: 5588857.3
A12: Нижнекамск | B12: =INDEX($M$45:$M$54,MATCH(A12,$A$45:$A$54,0),1) -> 3607135.2 | C12: 0 | D12: =INDEX($B$57:$B$73,MATCH(A12,$A$57:$A$73,0),1) -> 0 | E12: =SUMIF($F$19:$F$42,A12,$G$19:$G$42) -> 0 | F12: =SUMIF($B$19:$B$27,A12,$C$19:$C$27) -> 0 | G12: =SUM(B12:F12) -> 3607135.2 | I12: Березовая Пойма | J12: 4197882
A13: Нижнекамск завод | B13: 0 | C13: =C29+C37 -> 53929177 | D13: =INDEX($B$57:$B$73,MATCH(A13,$A$57:$A$73,0),1) -> 0 | E13: =SUMIF($F$19:$F$42,A13,$G$19:$G$42) -> 0 | F13: =SUMIF($B$19:$B$27,A13,$C$19:$C$27) -> 0 | G13: =SUM(B13:F13) -> 53929177 | I13: Нижнекамск | J13: 3607135.2
A14: Монастырка | B14: 0 | C14: 0 | D14: =INDEX($B$57:$B$73,MATCH(A14,$A$57:$A$73,0),1) -> 0 | E14: =SUMIF($F$19:$F$42,A14,$G$19:$G$42) -> 0 | F14: =SUMIF($B$19:$B$27,A14,$C$19:$C$27) -> 0 | G14: =SUM(B14:F14) -> 0 | I14: Монастырка | J14: 0
A15: Березовая Пойма | B15: =INDEX($M$45:$M$54,MATCH(A15,$A$45:$A$54,0),1) -> 0 | C15: 0 | D15: =INDEX($B$57:$B$73,MATCH(A15,$A$57:$A$73,0),1) -> 4197882 | E15: =SUMIF($F$19:$F$42,A15,$G$19:$G$42) -> 0 | F15: =SUMIF($B$19:$B$27,A15,$C$19:$C$27) -> 0 | G15: =SUM(B15:F15) -> 4197882
B16: =SUM(B4:B15) -> 76849603 | C16: =SUM(C4:C15) -> 53929177 | D16: =SUM(D4:D15) -> 5651552.5 | E16: =SUM(E4:E15) -> 930271.25 | F16: =SUM(F4:F15) -> 45159.2 | G16: =SUM(G4:G15) -> 1.3740576e+08
A18: Остальные клиенты | C18: =SUM(C19:C27) -> 45159.2 | E18: Клиенты сибура | G18: =SUM(G19:G41) -> 930271.25
A19: Стройтех | B19: Баумана | C19: {=IFERROR(INDIRECT("'" & A19 & "'!A1"),)} -> 21478 | E19: Приоритет | F19: Баумана | G19: {=IFERROR(INDIRECT("'" & E19 & " " & F19 & "'!A1"),0)} -> 0
A20: Ергарда | B20: Баумана | C20: {=IFERROR(INDIRECT("'" & A20 & "'!A1"),)} -> 8064 | E20: Фармпласт | F20: Баумана | G20: {=IFERROR(INDIRECT("'" & E20 & " " & F20 & "'!A1"),0)} -> 0
A21: Литейные решения | B21: Баумана | C21: {=IFERROR(INDIRECT("'" & A21 & "'!A1"),)} -> 7786 | E21: Юг Полимер | F21: Баумана | G21: {=IFERROR(INDIRECT("'" & E21 & " " & F21 & "'!A1"),0)} -> 0
A22: Сандекс | B22: Баумана | C22: {=IFERROR(INDIRECT("'" & A22 & "'!A1"),)} -> 578.4 | E22: Центрополимер | F22: Екатеринбург | G22: {=IFERROR(INDIRECT("'" & E22 & " " & F22 & "'!A1"),0)} -> 0
A23: ЛС-Техномет | B23: Баумана | C23: {=IFERROR(INDIRECT("'" & A23 & "'!A1"),)} -> 604.8 | E23: Приоритет | F23: Екатеринбург | G23: {=IFERROR(INDIRECT("'" & E23 & " " & F23 & "'!A1"),0)} -> 0
A24: РусДжам | B24: ГАЗ | C24: {=IFERROR(INDIRECT("'" & A24 & "'!A1"),)} -> 0 | E24: Фармпласт | F24: Екатеринбург | G24: {=IFERROR(INDIRECT("'" & E24 & " " & F24 & "'!A1"),0)} -> 0
A25: Виго | B25: Новикова-Прибоя | C25: {=IFERROR(INDIRECT("'" & A25 & "'!A1"),)} -> 0 | E25: Приоритет | F25: Зеленодольск | G25: {=IFERROR(INDIRECT("'" & E25 & " " & F25 & "'!A1"),0)} -> 0
A26: Доктор Франк | B26: Новикова-Прибоя | C26: {=IFERROR(INDIRECT("'" & A26 & "'!A1"),)} -> 6648 | E26: Данафлекс | F26: Зеленодольск | G26: {=IFERROR(INDIRECT("'" & E26 & " " & F26 & "'!t37"),0)} -> 719997.26
A27: Нефтезол | B27: Новикова-Прибоя | C27: {=IFERROR(INDIRECT("'" & A27 & "'!A1"),)} -> 0 | E27: ИП Ксендз | F27: Нижнекамск | G27: {=IFERROR(INDIRECT("'" & E27 & " " & F27 & "'!A1"),0)} -> 0
E28: Фармпласт | F28: Новикова-Прибоя | G28: {=IFERROR(INDIRECT("'" & E28 & " " & F28 & "'!A1"),0)} -> 0
A29: Нижнекамск завод | C29: =SUM(C30:C35) -> 43767745 | E29: Центрополимер | F29: Новикова-Прибоя | G29: {=IFERROR(INDIRECT("'" & E29 & " " & F29 & "'!A1"),0)} -> 0
A30: ПРР | C30: {=INDIRECT("'" & A29 & "'!F17")} -> 16167490 | E30: Юг Полимер | F30: Новикова-Прибоя | G30: {=IFERROR(INDIRECT("'" & E30 & " " & F30 & "'!A1"),0)} -> 0
A31: Кладовки | C31: {=INDIRECT("'" & A29 & "'!F16")} -> 0 | E31: Приоритет | F31: Новикова-Прибоя | G31: {=IFERROR(INDIRECT("'" & E31 & " " & F31 & "'!A1"),0)} -> 0
A32: Стропальщики | C32: {=INDIRECT("'" & A29 & "'!F18")} -> 762500 | E32: Биаксплен | F32: Новосибирск | G32: {=IFERROR(INDIRECT("'" & E32 & " " & F32 & "'!A1"),0)} -> 210273.99
A33: Мойка контейнеров | C33: {=INDIRECT("'" & A29 & "'!F19")} -> 1668332 | E33: Центрополимер | F33: Новосибирск | G33: {=IFERROR(INDIRECT("'" & E33 & " " & F33 & "'!A1"),0)} -> 0
A34: МТО | C34: {=INDIRECT("'" & A29 & "'!F20")} -> 18346015 | E34: Фармпласт | F34: Новосибирск | G34: {=IFERROR(INDIRECT("'" & E34 & " " & F34 & "'!A1"),0)} -> 0
A35: МТО 2520 | C35: {=INDIRECT("'" & A29 & "'!F21")} -> 6823408
E36: Юг Полимер | F36: Зеленодольск | G36: {=IFERROR(INDIRECT("'" & E36 & " " & F36 & "'!A1"),0)} -> 0
A37: Контейнерные площадки | C37: =SUM(C38:C42) -> 10161432 | E37: Фармпласт | F37: Казань_Автосервисная | G37: {=IFERROR(INDIRECT("'" & E37 & " " & F37 & "'!A1"),0)} -> 0
A38: КОС | C38: =3097212 -> 3097212 | E38: Приоритет | F38: Казань_Приволжская | G38: {=IFERROR(INDIRECT("'" & E38 & " " & F38 & "'!A1"),0)} -> 0
A39: Нижнекамск | C39: 7064220 | E39: Центрополимер | F39: Баумана | G39: {=IFERROR(INDIRECT("'" & E39 & " " & F39 & "'!A1"),0)} -> 0
E40: Приоритет | F40: Казань_Автосервисная | G40: {=IFERROR(INDIRECT("'" & E40 & " " & F40 & "'!A1"),0)} -> 0
E41: Оникс | F41: Нижнекамск | G41: {=IFERROR(INDIRECT("'" & E41 & " " & F41 & "'!A1"),0)} -> 0
A43: СИБУР | K43: =SUM(M45:M54) -> 76849603
B44: KPI | C44: Полиом | D44: Полимеры | E44: Каучук | F44: ПСОН | G44: Полиэфир | H44: СБС | I44: Порошок | J44: НПЭГ | K44: Экспорт | L44: Доп услуги | M44: ИТОГО
A45: Баумана | B45: {=IFERROR(INDIRECT("'" & $A45 & " " & B$44 & "'!T37"),)} -> 53220.88 | C45: {=IFERROR(INDIRECT("'" & $A45 & " " & C$44 & "'!T37"),)} -> 217933.19 | D45: {=IFERROR(INDIRECT("'" & $A45 & " " & D$44 & "'!T37"),)} -> 6668338.6 | E45: {=IFERROR(INDIRECT("'" & $A45 & " " & E$44 & "'!T37"),)} -> 0 | F45: {=IFERROR(INDIRECT("'" & $A45 & " " & F$44 & "'!T37"),)} -> 0 | G45: {=IFERROR(INDIRECT("'" & $A45 & " " & G$44 & "'!T37"),)} -> 0 | H45: {=IFERROR(INDIRECT("'" & $A45 & " " & H$44 & "'!T37"),)} -> 0 | I45: {=IFERROR(INDIRECT("'" & $A45 & " " & I$44 & "'!T37"),)} -> 0 | J45: {=IFERROR(INDIRECT("'" & $A45 & " " & J$44 & "'!T37"),)} -> 0 | K45: {=IFERROR(INDIRECT("'" & $A45 & " " & K$44 & "'!G12"),)} -> 26840 | L45: {=IFERROR(INDIRECT("'" & $A45 & " " & L$44 & "'!F14"),)} -> 0 | M45: =SUM(B45:L45) -> 6966332.6
A46: Новикова-Прибоя | B46: {=IFERROR(INDIRECT("'" & $A46 & " " & B$44 & "'!T37"),)} -> 41717.38 | C46: {=IFERROR(INDIRECT("'" & $A46 & " " & C$44 & "'!T37"),)} -> 20237.5 | D46: {=IFERROR(INDIRECT("'" & $A46 & " " & D$44 & "'!T37"),)} -> 10332962 | E46: {=IFERROR(INDIRECT("'" & $A46 & " " & E$44 & "'!T37"),)} -> 0 | F46: {=IFERROR(INDIRECT("'" & $A46 & " " & F$44 & "'!T37"),)} -> 0 | G46: {=IFERROR(INDIRECT("'" & $A46 & " " & G$44 & "'!T37"),)} -> 0 | H46: {=IFERROR(INDIRECT("'" & $A46 & " " & H$44 & "'!T37"),)} -> 0 | I46: {=IFERROR(INDIRECT("'" & $A46 & " " & I$44 & "'!T37"),)} -> 0 | J46: {=IFERROR(INDIRECT("'" & $A46 & " " & J$44 & "'!T37"),)} -> 0 | K46: {=IFERROR(INDIRECT("'" & $A46 & " " & K$44 & "'!G12"),)} -> 0 | L46: {=IFERROR(INDIRECT("'" & $A46 & " " & L$44 & "'!F14"),)} -> 0 | M46: =SUM(B46:L46) -> 10394917
A47: Екатеринбург | B47: {=IFERROR(INDIRECT("'" & $A47 & " " & B$44 & "'!T37"),)} -> 2113.46 | C47: {=IFERROR(INDIRECT("'" & $A47 & " " & C$44 & "'!T37"),)} -> 262823.77 | D47: {=IFERROR(INDIRECT("'" & $A47 & " " & D$44 & "'!T37"),)} -> 9330145.8 | E47: {=IFERROR(INDIRECT("'" & $A47 & " " & E$44 & "'!T37"),)} -> 0 | F47: {=IFERROR(INDIRECT("'" & $A47 & " " & F$44 & "'!T37"),)} -> 0 | G47: {=IFERROR(INDIRECT("'" & $A47 & " " & G$44 & "'!T37"),)} -> 0 | H47: {=IFERROR(INDIRECT("'" & $A47 & " " & H$44 & "'!T37"),)} -> 0 | I47: {=IFERROR(INDIRECT("'" & $A47 & " " & I$44 & "'!T37"),)} -> 0 | J47: {=IFERROR(INDIRECT("'" & $A47 & " " & J$44 & "'!T37"),)} -> 107814.29 | K47: {=IFERROR(INDIRECT("'" & $A47 & " " & K$44 & "'!G12"),)} -> 185440 | L47: {=IFERROR(INDIRECT("'" & $A47 & " " & L$44 & "'!F14"),)} -> 0 | M47: =SUM(B47:L47) -> 9888337.3
A48: Новосибирск | B48: {=IFERROR(INDIRECT("'" & $A48 & " " & B$44 & "'!T37"),)} -> 16016.74 | C48: {=IFERROR(INDIRECT("'" & $A48 & " " & C$44 & "'!T37"),)} -> 21272.8 | D48: {=IFERROR(INDIRECT("'" & $A48 & " " & D$44 & "'!T37"),)} -> 3989634.2 | E48: {=IFERROR(INDIRECT("'" & $A48 & " " & E$44 & "'!T37"),)} -> 0 | F48: {=IFERROR(INDIRECT("'" & $A48 & " " & F$44 & "'!T37"),)} -> 0 | G48: {=IFERROR(INDIRECT("'" & $A48 & " " & G$44 & "'!T37"),)} -> 0 | H48: {=IFERROR(INDIRECT("'" & $A48 & " " & H$44 & "'!T37"),)} -> 0 | I48: {=IFERROR(INDIRECT("'" & $A48 & " " & I$44 & "'!T37"),)} -> 2060182.6 | J48: {=IFERROR(INDIRECT("'" & $A48 & " " & J$44 & "'!T37"),)} -> 0 | K48: {=IFERROR(INDIRECT("'" & $A48 & " " & K$44 & "'!G12"),)} -> 0 | L48: {=IFERROR(INDIRECT("'" & $A48 & " " & L$44 & "'!F14"),)} -> 0 | M48: =SUM(B48:L48) -> 6087106.4
A49: Новосибирск_Пасечная | B49: {=IFERROR(INDIRECT("'" & $A49 & " " & B$44 & "'!T37"),)} -> 0 | C49: {=IFERROR(INDIRECT("'" & $A49 & " " & C$44 & "'!T37"),)} -> 0 | D49: {=IFERROR(INDIRECT("'" & $A49 & " " & D$44 & "'!T37"),)} -> 0 | E49: {=IFERROR(INDIRECT("'" & $A49 & " " & E$44 & "'!T37"),)} -> 0 | F49: {=IFERROR(INDIRECT("'" & $A49 & " " & F$44 & "'!T37"),)} -> 0 | G49: {=IFERROR(INDIRECT("'" & $A49 & " " & G$44 & "'!T37"),)} -> 0 | H49: {=IFERROR(INDIRECT("'" & $A49 & " " & H$44 & "'!T37"),)} -> 0 | I49: {=IFERROR(INDIRECT("'" & $A49 & " " & I$44 & "'!T37"),)} -> 5588857.3 | J49: {=IFERROR(INDIRECT("'" & $A49 & " " & J$44 & "'!T37"),)} -> 0 | K49: {=IFERROR(INDIRECT("'" & $A49 & " " & K$44 & "'!G12"),)} -> 0 | L49: {=IFERROR(INDIRECT("'" & $A49 & " " & L$44 & "'!F14"),)} -> 0 | M49: =SUM(B49:L49) -> 5588857.3
A50: Казань_Автосервисная | B50: {=IFERROR(INDIRECT("'" & $A50 & " " & B$44 & "'!T37"),)} -> 0 | C50: {=IFERROR(INDIRECT("'" & $A50 & " " & C$44 & "'!T37"),)} -> 12876.63 | D50: {=IFERROR(INDIRECT("'" & $A50 & " " & D$44 & "'!T37"),)} -> 18441370 | E50: {=IFERROR(INDIRECT("'" & $A50 & " " & E$44 & "'!T37"),)} -> 0 | F50: {=IFERROR(INDIRECT("'" & $A50 & " " & F$44 & "'!T37"),)} -> 0 | G50: {=IFERROR(INDIRECT("'" & $A50 & " " & G$44 & "'!T37"),)} -> 0 | H50: {=IFERROR(INDIRECT("'" & $A50 & " " & H$44 & "'!T37"),)} -> 0 | I50: {=IFERROR(INDIRECT("'" & $A50 & " " & I$44 & "'!T37"),)} -> 0 | J50: {=IFERROR(INDIRECT("'" & $A50 & " " & J$44 & "'!T37"),)} -> 0 | K50: {=IFERROR(INDIRECT("'" & $A50 & " " & K$44 & "'!G12"),)} -> 78080 | L50: {=IFERROR(INDIRECT("'" & $A50 & " " & L$44 & "'!F14"),)} -> 0 | M50: =SUM(B50:L50) -> 18532327
A51: Казань_Приволжская | B51: {=IFERROR(INDIRECT("'" & $A51 & " " & B$44 & "'!T37"),)} -> 0 | C51: {=IFERROR(INDIRECT("'" & $A51 & " " & C$44 & "'!T37"),)} -> 0 | D51: {=IFERROR(INDIRECT("'" & $A51 & " " & D$44 & "'!T37"),)} -> 8355062 | E51: {=IFERROR(INDIRECT("'" & $A51 & " " & E$44 & "'!T37"),)} -> 0 | F51: {=IFERROR(INDIRECT("'" & $A51 & " " & F$44 & "'!T37"),)} -> 0 | G51: {=IFERROR(INDIRECT("'" & $A51 & " " & G$44 & "'!T37"),)} -> 0 | H51: {=IFERROR(INDIRECT("'" & $A51 & " " & H$44 & "'!T37"),)} -> 0 | I51: {=IFERROR(INDIRECT("'" & $A51 & " " & I$44 & "'!T37"),)} -> 0 | J51: {=IFERROR(INDIRECT("'" & $A51 & " " & J$44 & "'!T37"),)} -> 0 | K51: {=IFERROR(INDIRECT("'" & $A51 & " " & K$44 & "'!G12"),)} -> 29280 | L51: {=IFERROR(INDIRECT("'" & $A51 & " " & L$44 & "'!F14"),)} -> 0 | M51: =SUM(B51:L51) -> 8384342
A52: Зеленодольск | B52: {=IFERROR(INDIRECT("'" & $A52 & " " & B$44 & "'!T37"),)} -> 0 | C52: {=IFERROR(INDIRECT("'" & $A52 & " " & C$44 & "'!T37"),)} -> 0 | D52: {=IFERROR(INDIRECT("'" & $A52 & " " & D$44 & "'!T37"),)} -> 7266306.1 | E52: {=IFERROR(INDIRECT("'" & $A52 & " " & E$44 & "'!T37"),)} -> 0 | F52: {=IFERROR(INDIRECT("'" & $A52 & " " & F$44 & "'!T37"),)} -> 0 | G52: {=IFERROR(INDIRECT("'" & $A52 & " " & G$44 & "'!T37"),)} -> 0 | H52: {=IFERROR(INDIRECT("'" & $A52 & " " & H$44 & "'!T37"),)} -> 0 | I52: {=IFERROR(INDIRECT("'" & $A52 & " " & I$44 & "'!T37"),)} -> 0 | J52: {=IFERROR(INDIRECT("'" & $A52 & " " & J$44 & "'!T37"),)} -> 0 | K52: {=IFERROR(INDIRECT("'" & $A52 & " " & K$44 & "'!G12"),)} -> 2440 | L52: {=IFERROR(INDIRECT("'" & $A52 & " " & L$44 & "'!F14"),)} -> 131502.27 | M52: =SUM(B52:L52) -> 7400248.4
A53: Нижнекамск | B53: {=IFERROR(INDIRECT("'" & $A53 & " " & B$44 & "'!T37"),)} -> 0 | C53: {=IFERROR(INDIRECT("'" & $A53 & " " & C$44 & "'!T37"),)} -> 0 | D53: {=IFERROR(INDIRECT("'" & $A53 & " " & D$44 & "'!T37"),)} -> 0 | E53: {=IFERROR(INDIRECT("'" & $A53 & " " & E$44 & "'!T37"),)} -> 0 | F53: {=IFERROR(INDIRECT("'" & $A53 & " " & F$44 & "'!T37"),)} -> 3533155.1 | G53: {=IFERROR(INDIRECT("'" & $A53 & " " & G$44 & "'!T37"),)} -> 0 | H53: {=IFERROR(INDIRECT("'" & $A53 & " " & H$44 & "'!T37"),)} -> 0 | I53: {=IFERROR(INDIRECT("'" & $A53 & " " & I$44 & "'!T37"),)} -> 0 | J53: {=IFERROR(INDIRECT("'" & $A53 & " " & J$44 & "'!T37"),)} -> 780.13 | K53: {=IFERROR(INDIRECT("'" & $A53 & " " & K$44 & "'!G12"),)} -> 73200 | L53: {=IFERROR(INDIRECT("'" & $A53 & " " & L$44 & "'!F14"),)} -> 0 | M53: =SUM(B53:L53) -> 3607135.2
A54: Березовая Пойма | B54: {=IFERROR(INDIRECT("'" & $A54 & "'!F16"),) + IFERROR(INDIRECT("'" & $A54 & "'!F17"),)} -> 0 | C54: {=IFERROR(INDIRECT("'" & $A54 & "'!F16"),) + IFERROR(INDIRECT("'" & $A54 & "'!F17"),)} -> 0 | D54: {=IFERROR(INDIRECT("'" & $A54 & "'!F16"),) + IFERROR(INDIRECT("'" & $A54 & "'!F17"),)} -> 0 | E54: {=IFERROR(INDIRECT("'" & $A54 & "'!F16"),) + IFERROR(INDIRECT("'" & $A54 & "'!F17"),)} -> 0 | F54: {=IFERROR(INDIRECT("'" & $A54 & "'!F16"),) + IFERROR(INDIRECT("'" & $A54 & "'!F17"),)} -> 0 | G54: {=IFERROR(INDIRECT("'" & $A54 & "'!F16"),) + IFERROR(INDIRECT("'" & $A54 & "'!F17"),)} -> 0 | H54: {=IFERROR(INDIRECT("'" & $A54 & "'!F16"),) + IFERROR(INDIRECT("'" & $A54 & "'!F17"),)} -> 0 | I54: {=IFERROR(INDIRECT("'" & $A54 & "'!F16"),) + IFERROR(INDIRECT("'" & $A54 & "'!F17"),)} -> 0 | J54: {=IFERROR(INDIRECT("'" & $A54 & "'!F16"),) + IFERROR(INDIRECT("'" & $A54 & "'!F17"),)} -> 0 | K54: {=IFERROR(INDIRECT("'" & $A54 & " " & K$44 & "'!G12"),)} -> 0 | L54: {=IFERROR(INDIRECT("'" & $A54 & " " & L$44 & "'!F14"),)} -> 0 | M54: =SUM(B54:L54) -> 0
A56: Русвинил | B56: =SUM(B57:B67) -> 5651552.5
A57: Баумана | B57: {=IFERROR(INDIRECT("'РВ " & A57 & "'!O38"),0)} -> 427719.95
A58: Новикова-Прибоя | B58: {=IFERROR(INDIRECT("'РВ " & A58 & "'!O38"),0)} -> 1025950.5
A59: Монастырка | B59: {=IFERROR(INDIRECT("'РВ " & A59 & "'!O38"),0)} -> 0
A60: Екатеринбург | B60: {=IFERROR(INDIRECT("'РВ " & A60 & "'!O38"),0)} -> 0
A61: Новосибирск | B61: {=IFERROR(INDIRECT("'РВ " & A61 & "'!O38"),0)} -> 0
A62: Казань_Приволжская | B62: {=IFERROR(INDIRECT("'РВ " & A62 & "'!O38"),0)} -> 0
A63: Казань_Автосервисная | B63: {=IFERROR(INDIRECT("'РВ " & A63 & "'!O38"),0)} -> 0
A64: Зеленодольск | B64: {=IFERROR(INDIRECT("'РВ " & A64 & "'!O38"),0)} -> 0
A65: Нижнекамск | B65: {=IFERROR(INDIRECT("'РВ " & A65 & "'!O38"),0)} -> 0
A66: Нижнекамск завод | B66: {=IFERROR(INDIRECT("'РВ " & A66 & "'!O38"),0)} -> 0
A67: Березовая Пойма | B67: {=IFERROR(INDIRECT("'РВ " & A67 & "'!O38"),0)+IFERROR(INDIRECT("Резерв!i38"),0)} -> 4197882
A68: Новосибирск_Пасечная | B68: {=IFERROR(INDIRECT("'РВ " & A68 & "'!O38"),0)} -> 0

Sheet Сводка
A1: KPI | B1: Баумана | C1: =INDEX(ИТОГО!$B$45:$L$54,MATCH(Сводка!B1,ИТОГО!$A$45:$A$54,0),MATCH(Сводка!A1,ИТОГО!$B$44:$L$44,0)) -> 53220.88
A2: Полиом | B2: Баумана | C2: =INDEX(ИТОГО!$B$45:$L$54,MATCH(Сводка!B2,ИТОГО!$A$45:$A$54,0),MATCH(Сводка!A2,ИТОГО!$B$44:$L$44,0)) -> 217933.19
A3: Полимеры | B3: Баумана | C3: =INDEX(ИТОГО!$B$45:$L$54,MATCH(Сводка!B3,ИТОГО!$A$45:$A$54,0),MATCH(Сводка!A3,ИТОГО!$B$44:$L$44,0)) -> 6668338.6
A4: Каучук | B4: Баумана | C4: =INDEX(ИТОГО!$B$45:$L$54,MATCH(Сводка!B4,ИТОГО!$A$45:$A$54,0),MATCH(Сводка!A4,ИТОГО!$B$44:$L$44,0)) -> 0
A5: ПСОН | B5: Баумана | C5: =INDEX(ИТОГО!$B$45:$L$54,MATCH(Сводка!B5,ИТОГО!$A$45:$A$54,0),MATCH(Сводка!A5,ИТОГО!$B$44:$L$44,0)) -> 0
A6: Полиэфир | B6: Баумана | C6: =INDEX(ИТОГО!$B$45:$L$54,MATCH(Сводка!B6,ИТОГО!$A$45:$A$54,0),MATCH(Сводка!A6,ИТОГО!$B$44:$L$44,0)) -> 0
A7: СБС | B7: Баумана | C7: =INDEX(ИТОГО!$B$45:$L$54,MATCH(Сводка!B7,ИТОГО!$A$45:$A$54,0),MATCH(Сводка!A7,ИТОГО!$B$44:$L$44,0)) -> 0
A8: Порошок | B8: Баумана | C8: =INDEX(ИТОГО!$B$45:$L$54,MATCH(Сводка!B8,ИТОГО!$A$45:$A$54,0),MATCH(Сводка!A8,ИТОГО!$B$44:$L$44,0)) -> 0
A9: НПЭГ | B9: Баумана | C9: =INDEX(ИТОГО!$B$45:$L$54,MATCH(Сводка!B9,ИТОГО!$A$45:$A$54,0),MATCH(Сводка!A9,ИТОГО!$B$44:$L$44,0)) -> 0
A10: Экспорт | B10: Баумана | C10: =INDEX(ИТОГО!$B$45:$L$54,MATCH(Сводка!B10,ИТОГО!$A$45:$A$54,0),MATCH(Сводка!A10,ИТОГО!$B$44:$L$44,0)) -> 26840
A11: Доп услуги | B11: Баумана | C11: =INDEX(ИТОГО!$B$45:$L$54,MATCH(Сводка!B11,ИТОГО!$A$45:$A$54,0),MATCH(Сводка!A11,ИТОГО!$B$44:$L$44,0)) -> 0
A12: KPI | B12: Новикова-Прибоя | C12: =INDEX(ИТОГО!$B$45:$L$54,MATCH(Сводка!B12,ИТОГО!$A$45:$A$54,0),MATCH(Сводка!A12,ИТОГО!$B$44:$L$44,0)) -> 41717.38
... A99: Доп услуги | B99: Казань_Приволжская | C99: =INDEX(ИТОГО!$B$45:$L$54,MATCH(Сводка!B99,ИТОГО!$A$45:$A$54,0),MATCH(Сводка!A99,ИТОГО!$B$44:$L$44,0)) -> 0
A100: Русвинил | B100: Баумана | C100: =ИТОГО!B57 -> 427719.95
A101: Русвинил | B101: Новикова-Прибоя | C101: =ИТОГО!B58 -> 1025950.5
A102: Русвинил | B102: Березовая Пойма | C102: =ИТОГО!B67 -> 4197882
A103: ПРР | B103: Нижнекамск завод | C103: =ИТОГО!C30 -> 16167490
A104: Кладовки | B104: Нижнекамск завод | C104: =ИТОГО!C31 -> 0
A105: Стропальщики | B105: Нижнекамск завод | C105: =ИТОГО!C32 -> 762500
A106: Мойка контейнеров | B106: Нижнекамск завод | C106: =ИТОГО!C33 -> 1668332
A107: МТО | B107: Нижнекамск завод | C107: =ИТОГО!C34 -> 18346015
A108: МТО 2520 | B108: Нижнекамск завод | C108: =ИТОГО!C35 -> 6823408
A109: КП КОС | B109: Нижнекамск завод | C109: =ИТОГО!C38 -> 3097212
A110: КП Нижнекамск | B110: Нижнекамск завод | C110: =ИТОГО!C39 -> 7064220
A111: Стройтех | B111: Баумана | C111: =ИТОГО!C19 -> 21478
A112: Ергарда | B112: Баумана | C112: =ИТОГО!C20 -> 8064
A113: Литейные решения | B113: Баумана | C113: =ИТОГО!C21 -> 7786
A114: Сандекс | B114: Баумана | C114: =ИТОГО!C22 -> 578.4
A115: ЛС-Техномет | B115: Баумана | C115: =ИТОГО!C23 -> 604.8
A116: Приоритет | B116: Баумана | C116: =ИТОГО!G19 -> 0
A117: Фармпласт | B117: Баумана | C117: =ИТОГО!G20 -> 0
A118: Юг Полимер | B118: Баумана | C118: =ИТОГО!G21 -> 0
A119: Центрополимер | B119: Екатеринбург | C119: =ИТОГО!G22 -> 0
A120: Приоритет | B120: Екатеринбург | C120: =ИТОГО!G23 -> 0
A121: Фармпласт | B121: Екатеринбург | C121: =ИТОГО!G24 -> 0
A122: Приоритет | B122: Зеленодольск | C122: =ИТОГО!G25 -> 0
A123: Данафлекс | B123: Зеленодольск | C123: =ИТОГО!G26 -> 719997.26
A124: ИП Ксендз | B124: Нижнекамск | C124: =ИТОГО!G27 -> 0
A125: Фармпласт | B125: Новикова-Прибоя | C125: =ИТОГО!G28 -> 0
A126: Центрополимер | B126: Новикова-Прибоя | C126: =ИТОГО!G29 -> 0
A127: Юг Полимер | B127: Новикова-Прибоя | C127: =ИТОГО!G30 -> 0
... A131: Фармпласт | B131: Новосибирск | C131: =ИТОГО!G34 -> 0
A132: Юг Полимер | B132: Зеленодольск | C132: =ИТОГО!G36 -> 0
A133: Фармпласт | B133: Казань_Автосервисная | C133: =ИТОГО!G37 -> 0
A134: Приоритет | B134: Казань_Приволжская | C134: =ИТОГО!G38 -> 0
A135: Центрополимер | B135: Баумана | C135: =ИТОГО!G39 -> 0
A136: Приоритет | B136: Казань_Автосервисная | C136: =ИТОГО!G40 -> 0
A137: Оникс | B137: Нижнекамск | C137: =ИТОГО!G41 -> 0

Sheet Другое

Sheet Нижнекамск завод
A9: № | B9: Наименование услуг (работ) | C9: Ед. изм. | D9: Количество | E9: Цена | F9: Сумма
A14: Итого: | F14: =SUM(F10:F13) -> 0
A15: Без налога (НДС) | F15: =SUM(F14) -> 0
A16: Всего (с учетом НДС) | F16: =SUM(F15)*1.2 -> 0
A17: Вышеперечисленные услуги (работы) выполнены полностью. | E17: ПРР | F17: 16167490
A18: ПОКЛАЖЕДАТЕЛЬ претензий по объему, качеству и срокам оказания услуг претензий не имеет. | E18: Стропальщики | F18: 762500
E19: Контейнеры | F19: 1668332
E20: МТО | F20: 18346015
E21: МТО 2520 | F21: 6823408
A22: ООО "ДТМ" | D22: ПАО "Нижнекамскнефтехим"
A24: ____________________Молькова Т.Ю. | B24: Расстегаев Д.О. | D24: ____________________

Sheet Резерв
A3: ="Отчет по резерву хранению товара РВ " & TEXT(A6,"ММММ ") & YEAR(A6) & "" -> Отчет по резерву хранению товара РВ Февраль 2026
A4: дата | C4: Хранение Баумана | D4: Хранение Новикова | E4: Хранение Березовая Пойма | F4: Общее хранение | G4: Резерв 8000 т | H4: стоимость резерва | I4: итого
A6: 46054 | C6: ='[1]РВ Баумана'!G6 -> 801.35 | D6: ='[1]РВ Новикова-Прибоя'!G6 -> 1345.04 | E6: ='[1]РВ Березовая Пойма'!G6 -> 4865.205 | F6: =SUM(C6:E6) -> 7011.595 | G6: =IF(A6<>"",IF(8000-F6<0,0,8000-F6),0) -> 988.405 | H6: =G6*15 -> 14826.075 | I6: =SUM(H6:H6) -> 14826.075 | J6: =IF(OR(WEEKDAY(A6)=1,WEEKDAY(A6)=7,NOT(ISERROR(MATCH(A6,[1]Праздники!A:A,0)))),"Выходной","Рабочий") -> Выходной
A7: 46055 | C7: ='[1]РВ Баумана'!G7 -> 801.35 | D7: ='[1]РВ Новикова-Прибоя'!G7 -> 1345.04 | E7: ='[1]РВ Березовая Пойма'!G7 -> 5198.655 | F7: =SUM(C7:E7) -> 7345.045 | G7: =IF(A7<>"",IF(8000-F7<0,0,8000-F7),0) -> 654.955 | H7: =G7*15 -> 9824.325 | I7: =SUM(H7:H7) -> 9824.325 | J7: =IF(OR(WEEKDAY(A7)=1,WEEKDAY(A7)=7,NOT(ISERROR(MATCH(A7,[1]Праздники!A:A,0)))),"Выходной","Рабочий") -> Рабочий
A8: 46056 | C8: ='[1]РВ Баумана'!G8 -> 801.35 | D8: ='[1]РВ Новикова-Прибоя'!G8 -> 1345.04 | E8: ='[1]РВ Березовая Пойма'!G8 -> 5663.615 | F8: =SUM(C8:E8) -> 7810.005 | G8: =IF(A8<>"",IF(8000-F8<0,0,8000-F8),0) -> 189.995 | H8: =G8*15 -> 2849.925 | I8: =SUM(H8:H8) -> 2849.925 | J8: =IF(OR(WEEKDAY(A8)=1,WEEKDAY(A8)=7,NOT(ISERROR(MATCH(A8,[1]Праздники!A:A,0)))),"Выходной","Рабочий") -> Рабочий
A9: 46057 | C9: ='[1]РВ Баумана'!G9 -> 801.35 | D9: ='[1]РВ Новикова-Прибоя'!G9 -> 1345.04 | E9: ='[1]РВ Березовая Пойма'!G9 -> 5839.615 | F9: =SUM(C9:E9) -> 7986.005 | G9: =IF(A9<>"",IF(8000-F9<0,0,8000-F9),0) -> 13.995 | H9: =G9*15 -> 209.925 | I9: =SUM(H9:H9) -> 209.925 | J9: =IF(OR(WEEKDAY(A9)=1,WEEKDAY(A9)=7,NOT(ISERROR(MATCH(A9,[1]Праздники!A:A,0)))),"Выходной","Рабочий") -> Рабочий
A10: 46058 | C10: ='[1]РВ Баумана'!G10 -> 801.35 | D10: ='[1]РВ Новикова-Прибоя'!G10 -> 1478.42 | E10: ='[1]РВ Березовая Пойма'!G10 -> 5773.385 | F10: =SUM(C10:E10) -> 8053.155 | G10: =IF(A10<>"",IF(8000-F10<0,0,8000-F10),0) -> 0 | H10: =G10*15 -> 0 | I10: =SUM(H10:H10) -> 0 | J10: =IF(OR(WEEKDAY(A10)=1,WEEKDAY(A10)=7,NOT(ISERROR(MATCH(A10,[1]Праздники!A:A,0)))),"Выходной","Рабочий") -> Рабочий
A11: 46059 | C11: ='[1]РВ Баумана'!G11 -> 801.35 | D11: ='[1]РВ Новикова-Прибоя'!G11 -> 1545.38 | E11: ='[1]РВ Березовая Пойма'!G11 -> 5360.835 | F11: =SUM(C11:E11) -> 7707.565 | G11: =IF(A11<>"",IF(8000-F11<0,0,8000-F11),0) -> 292.435 | H11: =G11*15 -> 4386.525 | I11: =SUM(H11:H11) -> 4386.525 | J11: =IF(OR(WEEKDAY(A11)=1,WEEKDAY(A11)=7,NOT(ISERROR(MATCH(A11,[1]Праздники!A:A,0)))),"Выходной","Рабочий") -> Рабочий
A12: 46060 | C12: ='[1]РВ Баумана'!G12 -> 801.35 | D12: ='[1]РВ Новикова-Прибоя'!G12 -> 1567.38 | E12: ='[1]РВ Березовая Пойма'!G12 -> 5336.085 | F12: =SUM(C12:E12) -> 7704.815 | G12: =IF(A12<>"",IF(8000-F12<0,0,8000-F12),0) -> 295.185 | H12: =G12*15 -> 4427.775 | I12: =SUM(H12:H12) -> 4427.775 | J12: =IF(OR(WEEKDAY(A12)=1,WEEKDAY(A12)=7,NOT(ISERROR(MATCH(A12,[1]Праздники!A:A,0)))),"Выходной","Рабочий") -> Выходной
A13: 46061 | C13: ='[1]РВ Баумана'!G13 -> 801.35 | D13: ='[1]РВ Новикова-Прибоя'!G13 -> 1567.38 | E13: ='[1]РВ Березовая Пойма'!G13 -> 5423.165 | F13: =SUM(C13:E13) -> 7791.895 | G13: =IF(A13<>"",IF(8000-F13<0,0,8000-F13),0) -> 208.105 | H13: =G13*15 -> 3121.575 | I13: =SUM(H13:H13) -> 3121.575 | J13: =IF(OR(WEEKDAY(A13)=1,WEEKDAY(A13)=7,NOT(ISERROR(MATCH(A13,[1]Праздники!A:A,0)))),"Выходной","Рабочий") -> Выходной
A14: 46062 | C14: ='[1]РВ Баумана'!G14 -> 801.35 | D14: ='[1]РВ Новикова-Прибоя'!G14 -> 1545.38 | E14: ='[1]РВ Березовая Пойма'!G14 -> 5465.325 | F14: =SUM(C14:E14) -> 7812.055 | G14: =IF(A14<>"",IF(8000-F14<0,0,8000-F14),0) -> 187.945 | H14: =G14*15 -> 2819.175 | I14: =SUM(H14:H14) -> 2819.175 | J14: =IF(OR(WEEKDAY(A14)=1,WEEKDAY(A14)=7,NOT(ISERROR(MATCH(A14,[1]Праздники!A:A,0)))),"Выходной","Рабочий") -> Рабочий
A15: 46063 | C15: ='[1]РВ Баумана'!G15 -> 757.35 | D15: ='[1]РВ Новикова-Прибоя'!G15 -> 1523.38 | E15: ='[1]РВ Березовая Пойма'!G15 -> 5554.475 | F15: =SUM(C15:E15) -> 7835.205 | G15: =IF(A15<>"",IF(8000-F15<0,0,8000-F15),0) -> 164.795 | H15: =G15*15 -> 2471.925 | I15: =SUM(H15:H15) -> 2471.925 | J15: =IF(OR(WEEKDAY(A15)=1,WEEKDAY(A15)=7,NOT(ISERROR(MATCH(A15,[1]Праздники!A:A,0)))),"Выходной","Рабочий") -> Рабочий
A16: 46064 | C16: ='[1]РВ Баумана'!G16 -> 746.35 | D16: ='[1]РВ Новикова-Прибоя'!G16 -> 1523.38 | E16: ='[1]РВ Березовая Пойма'!G16 -> 5674.975 | F16: =SUM(C16:E16) -> 7944.705 | G16: =IF(A16<>"",IF(8000-F16<0,0,8000-F16),0) -> 55.295 | H16: =G16*15 -> 829.425 | I16: =SUM(H16:H16) -> 829.425 | J16: =IF(OR(WEEKDAY(A16)=1,WEEKDAY(A16)=7,NOT(ISERROR(MATCH(A16,[1]Праздники!A:A,0)))),"Выходной","Рабочий") -> Рабочий
A17: 46065 | C17: ='[1]РВ Баумана'!G17 -> 742.25 | D17: ='[1]РВ Новикова-Прибоя'!G17 -> 1523.38 | E17: ='[1]РВ Березовая Пойма'!G17 -> 5652.975 | F17: =SUM(C17:E17) -> 7918.605 | G17: =IF(A17<>"",IF(8000-F17<0,0,8000-F17),0) -> 81.395 | H17: =G17*15 -> 1220.925 | I17: =SUM(H17:H17) -> 1220.925 | J17: =IF(OR(WEEKDAY(A17)=1,WEEKDAY(A17)=7,NOT(ISERROR(MATCH(A17,[1]Праздники!A:A,0)))),"Выходной","Рабочий") -> Рабочий
... A33: 46081 | C33: ='[1]РВ Баумана'!G33 -> 641.525 | D33: ='[1]РВ Новикова-Прибоя'!G33 -> 464.63 | E33: ='[1]РВ Березовая Пойма'!G33 -> 4253 | F33: =SUM(C33:E33) -> 5359.155 | G33: =IF(A33<>"",IF(8000-F33<0,0,8000-F33),0) -> 2640.845 | H33: =G33*15 -> 39612.675 | I33: =SUM(H33:H33) -> 39612.675 | J33: =IF(OR(WEEKDAY(A33)=1,WEEKDAY(A33)=7,NOT(ISERROR(MATCH(A33,[1]Праздники!A:A,0)))),"Выходной","Рабочий") -> Выходной
C34: ='[1]РВ Баумана'!G34 -> 0 | D34: ='[1]РВ Новикова-Прибоя'!G34 -> 0 | E34: ='[1]РВ Березовая Пойма'!G34 -> 0 | F34: =SUM(C34:E34) -> 0 | G34: =IF(A34<>"",IF(8000-F34<0,0,8000-F34),0) -> 0 | H34: =G34*15 -> 0 | I34: =SUM(H34:H34) -> 0 | J34: =IF(OR(WEEKDAY(A34)=1,WEEKDAY(A34)=7,NOT(ISERROR(MATCH(A34,[1]Праздники!A:A,0)))),"Выходной","Рабочий") -> Выходной
C35: ='[1]РВ Баумана'!G35 -> 0 | D35: ='[1]РВ Новикова-Прибоя'!G35 -> 0 | E35: ='[1]РВ Березовая Пойма'!G35 -> 0 | F35: =SUM(C35:E35) -> 0 | G35: =IF(A35<>"",IF(8000-F35<0,0,8000-F35),0) -> 0 | H35: =G35*15 -> 0 | I35: =SUM(H35:H35) -> 0 | J35: =IF(OR(WEEKDAY(A35)=1,WEEKDAY(A35)=7,NOT(ISERROR(MATCH(A35,[1]Праздники!A:A,0)))),"Выходной","Рабочий") -> Выходной
C36: ='[1]РВ Баумана'!G36 -> 0 | D36: ='[1]РВ Новикова-Прибоя'!G36 -> 0 | E36: ='[1]РВ Березовая Пойма'!G36 -> 0 | F36: =SUM(C36:E36) -> 0 | G36: =IF(A36<>"",IF(8000-F36<0,0,8000-F36),0) -> 0 | H36: =G36*15 -> 0 | I36: =SUM(H36:H36) -> 0 | J36: =IF(OR(WEEKDAY(A36)=1,WEEKDAY(A36)=7,NOT(ISERROR(MATCH(A36,[1]Праздники!A:A,0)))),"Выходной","Рабочий") -> Выходной
C37: =SUM(C6:C36) -> 21155.675 | D37: =SUM(D6:D36) -> 35879.32 | E37: =SUM(E6:E36) -> 147197.03 | G37: =SUM(G6:G36) -> 19821.13 | H37: =SUM(H6:H36) -> 297316.95 | I37: =SUM(I6:I36) -> 297316.95
I38: =I37*1.22 -> 362726.68

Sheet РВ Баумана
R1: Выходной | S1: Рабочий
Q2: Выгрузка | R2: =SUMIF($P$6:$P$36,R$1,$C6:$C36) -> 0 | S2: =SUMIF($P$6:$P$36,S$1,$C6:$C36) -> 0
A3: ="Отчет по хранению товара РВ " & TEXT(A6,"ММММ ") & YEAR(A6) & " Баумана" -> Отчет по хранению товара РВ Февраль 2026 Баумана | Q3: Отгрузка | R3: =SUMIF($P$6:$P$36,R$1,$D6:$D36) -> 41.25 | S3: =SUMIF($P$6:$P$36,S$1,$D6:$D36) -> 159.825
A4: дата | C4: Выгрузка кол-во тонн | D4: Загрузка кол-во тонн | E4: Выгрузка после 20:00 | F4: Загрузка после 20:00 | G4: Хранение | H4: переконсолидация (тонн) | I4: стоимость выгрузки | J4: стоимость загрузки | K4: Стоимость выгрузки после 20:00 | L4: Стоимость загрузки после 20:00 | M4: стоимость хранения | N4: стоимость переконс. | O4: итого
G5: (кол-во тонн)
A6: 46054 | C6: 0 | D6: 0 | G6: 801.35 | I6: =IF(P6="Выходной",SUM(C6*150)*1.5,SUM(C6*150)) -> 0 | J6: =IF(P6="Выходной",SUM(D6*150)*1.5,SUM(D6*150)) -> 0 | K6: =IF(OR(WEEKDAY(A6)=1,WEEKDAY(A6)=7,NOT(ISERROR(MATCH(A6,[1]Праздники!A:A,0)))),SUM(E6*225)*1.5,SUM(E6*225)) -> 0 | L6: =IF(OR(WEEKDAY(A6)=1,WEEKDAY(A6)=7,NOT(ISERROR(MATCH(A6,[1]Праздники!A:A,0)))),SUM(F6*225)*1.5,SUM(F6*225)) -> 0 | M6: =SUM(G6*15) -> 12020.25 | N6: =SUM(H6)*750 -> 0 | O6: =SUM(I6:N6) -> 12020.25 | P6: =IF(OR(WEEKDAY(A6)=1,WEEKDAY(A6)=7,NOT(ISERROR(MATCH(A6,[1]Праздники!A:A,0)))),"Выходной","Рабочий") -> Выходной
A7: 46055 | C7: 0 | D7: 0 | G7: =IF(A7 ="",0,G6+C7+E7-D6-F6) -> 801.35 | I7: =IF(P7="Выходной",SUM(C7*150)*1.5,SUM(C7*150)) -> 0 | J7: =IF(P7="Выходной",SUM(D7*150)*1.5,SUM(D7*150)) -> 0 | K7: =IF(OR(WEEKDAY(A7)=1,WEEKDAY(A7)=7,NOT(ISERROR(MATCH(A7,[1]Праздники!A:A,0)))),SUM(E7*225)*1.5,SUM(E7*225)) -> 0 | L7: =IF(OR(WEEKDAY(A7)=1,WEEKDAY(A7)=7,NOT(ISERROR(MATCH(A7,[1]Праздники!A:A,0)))),SUM(F7*225)*1.5,SUM(F7*225)) -> 0 | M7: =SUM(G7*15) -> 12020.25 | N7: =SUM(H7)*750 -> 0 | O7: =SUM(I7:N7) -> 12020.25 | P7: =IF(OR(WEEKDAY(A7)=1,WEEKDAY(A7)=7,NOT(ISERROR(MATCH(A7,[1]Праздники!A:A,0)))),"Выходной","Рабочий") -> Рабочий
A8: 46056 | C8: 0 | D8: 0 | G8: =IF(A8 ="",0,G7+C8+E8-D7-F7) -> 801.35 | I8: =IF(P8="Выходной",SUM(C8*150)*1.5,SUM(C8*150)) -> 0 | J8: =IF(P8="Выходной",SUM(D8*150)*1.5,SUM(D8*150)) -> 0 | K8: =IF(OR(WEEKDAY(A8)=1,WEEKDAY(A8)=7,NOT(ISERROR(MATCH(A8,[1]Праздники!A:A,0)))),SUM(E8*225)*1.5,SUM(E8*225)) -> 0 | L8: =IF(OR(WEEKDAY(A8)=1,WEEKDAY(A8)=7,NOT(ISERROR(MATCH(A8,[1]Праздники!A:A,0)))),SUM(F8*225)*1.5,SUM(F8*225)) -> 0 | M8: =SUM(G8*15) -> 12020.25 | N8: =SUM(H8)*750 -> 0 | O8: =SUM(I8:N8) -> 12020.25 | P8: =IF(OR(WEEKDAY(A8)=1,WEEKDAY(A8)=7,NOT(ISERROR(MATCH(A8,[1]Праздники!A:A,0)))),"Выходной","Рабочий") -> Рабочий
A9: 46057 | C9: 0 | D9: 0 | G9: =IF(A9 ="",0,G8+C9+E9-D8-F8) -> 801.35 | I9: =IF(P9="Выходной",SUM(C9*150)*1.5,SUM(C9*150)) -> 0 | J9: =IF(P9="Выходной",SUM(D9*150)*1.5,SUM(D9*150)) -> 0 | K9: =IF(OR(WEEKDAY(A9)=1,WEEKDAY(A9)=7,NOT(ISERROR(MATCH(A9,[1]Праздники!A:A,0)))),SUM(E9*225)*1.5,SUM(E9*225)) -> 0 | L9: =IF(OR(WEEKDAY(A9)=1,WEEKDAY(A9)=7,NOT(ISERROR(MATCH(A9,[1]Праздники!A:A,0)))),SUM(F9*225)*1.5,SUM(F9*225)) -> 0 | M9: =SUM(G9*15) -> 12020.25 | N9: =SUM(H9)*750 -> 0 | O9: =SUM(I9:N9) -> 12020.25 | P9: =IF(OR(WEEKDAY(A9)=1,WEEKDAY(A9)=7,NOT(ISERROR(MATCH(A9,[1]Праздники!A:A,0)))),"Выходной","Рабочий") -> Рабочий
A10: 46058 | C10: 0 | D10: 0 | G10: =IF(A10 ="",0,G9+C10+E10-D9-F9) -> 801.35 | I10: =IF(P10="Выходной",SUM(C10*150)*1.5,SUM(C10*150)) -> 0 | J10: =IF(P10="Выходной",SUM(D10*150)*1.5,SUM(D10*150)) -> 0 | K10: =IF(OR(WEEKDAY(A10)=1,WEEKDAY(A10)=7,NOT(ISERROR(MATCH(A10,[1]Праздники!A:A,0)))),SUM(E10*225)*1.5,SUM(E10*225)) -> 0 | L10: =IF(OR(WEEKDAY(A10)=1,WEEKDAY(A10)=7,NOT(ISERROR(MATCH(A10,[1]Праздники!A:A,0)))),SUM(F10*225)*1.5,SUM(F10*225)) -> 0 | M10: =SUM(G10*15) -> 12020.25 | N10: =SUM(H10)*750 -> 0 | O10: =SUM(I10:N10) -> 12020.25 | P10: =IF(OR(WEEKDAY(A10)=1,WEEKDAY(A10)=7,NOT(ISERROR(MATCH(A10,[1]Праздники!A:A,0)))),"Выходной","Рабочий") -> Рабочий
A11: 46059 | C11: 0 | D11: 0 | G11: =IF(A11 ="",0,G10+C11+E11-D10-F10) -> 801.35 | I11: =IF(P11="Выходной",SUM(C11*150)*1.5,SUM(C11*150)) -> 0 | J11: =IF(P11="Выходной",SUM(D11*150)*1.5,SUM(D11*150)) -> 0 | K11: =IF(OR(WEEKDAY(A11)=1,WEEKDAY(A11)=7,NOT(ISERROR(MATCH(A11,[1]Праздники!A:A,0)))),SUM(E11*225)*1.5,SUM(E11*225)) -> 0 | L11: =IF(OR(WEEKDAY(A11)=1,WEEKDAY(A11)=7,NOT(ISERROR(MATCH(A11,[1]Праздники!A:A,0)))),SUM(F11*225)*1.5,SUM(F11*225)) -> 0 | M11: =SUM(G11*15) -> 12020.25 | N11: =SUM(H11)*750 -> 0 | O11: =SUM(I11:N11) -> 12020.25 | P11: =IF(OR(WEEKDAY(A11)=1,WEEKDAY(A11)=7,NOT(ISERROR(MATCH(A11,[1]Праздники!A:A,0)))),"Выходной","Рабочий") -> Рабочий
A12: 46060 | C12: 0 | D12: 0 | G12: =IF(A12 ="",0,G11+C12+E12-D11-F11) -> 801.35 | I12: =IF(P12="Выходной",SUM(C12*150)*1.5,SUM(C12*150)) -> 0 | J12: =IF(P12="Выходной",SUM(D12*150)*1.5,SUM(D12*150)) -> 0 | K12: =IF(OR(WEEKDAY(A12)=1,WEEKDAY(A12)=7,NOT(ISERROR(MATCH(A12,[1]Праздники!A:A,0)))),SUM(E12*225)*1.5,SUM(E12*225)) -> 0 | L12: =IF(OR(WEEKDAY(A12)=1,WEEKDAY(A12)=7,NOT(ISERROR(MATCH(A12,[1]Праздники!A:A,0)))),SUM(F12*225)*1.5,SUM(F12*225)) -> 0 | M12: =SUM(G12*15) -> 12020.25 | N12: =SUM(H12)*750 -> 0 | O12: =SUM(I12:N12) -> 12020.25 | P12: =IF(OR(WEEKDAY(A12)=1,WEEKDAY(A12)=7,NOT(ISERROR(MATCH(A12,[1]Праздники!A:A,0)))),"Выходной","Рабочий") -> Выходной
A13: 46061 | C13: 0 | D13: 0 | G13: =IF(A13 ="",0,G12+C13+E13-D12-F12) -> 801.35 | I13: =IF(P13="Выходной",SUM(C13*150)*1.5,SUM(C13*150)) -> 0 | J13: =IF(P13="Выходной",SUM(D13*150)*1.5,SUM(D13*150)) -> 0 | K13: =IF(OR(WEEKDAY(A13)=1,WEEKDAY(A13)=7,NOT(ISERROR(MATCH(A13,[1]Праздники!A:A,0)))),SUM(E13*225)*1.5,SUM(E13*225)) -> 0 | L13: =IF(OR(WEEKDAY(A13)=1,WEEKDAY(A13)=7,NOT(ISERROR(MATCH(A13,[1]Праздники!A:A,0)))),SUM(F13*225)*1.5,SUM(F13*225)) -> 0 | M13: =SUM(G13*15) -> 12020.25 | N13: =SUM(H13)*750 -> 0 | O13: =SUM(I13:N13) -> 12020.25 | P13: =IF(OR(WEEKDAY(A13)=1,WEEKDAY(A13)=7,NOT(ISERROR(MATCH(A13,[1]Праздники!A:A,0)))),"Выходной","Рабочий") -> Выходной
A14: 46062 | C14: 0 | D14: 44 | G14: =IF(A14 ="",0,G13+C14+E14-D13-F13) -> 801.35 | I14: =IF(P14="Выходной",SUM(C14*150)*1.5,SUM(C14*150)) -> 0 | J14: =IF(P14="Выходной",SUM(D14*150)*1.5,SUM(D14*150)) -> 6600 | K14: =IF(OR(WEEKDAY(A14)=1,WEEKDAY(A14)=7,NOT(ISERROR(MATCH(A14,[1]Праздники!A:A,0)))),SUM(E14*225)*1.5,SUM(E14*225)) -> 0 | L14: =IF(OR(WEEKDAY(A14)=1,WEEKDAY(A14)=7,NOT(ISERROR(MATCH(A14,[1]Праздники!A:A,0)))),SUM(F14*225)*1.5,SUM(F14*225)) -> 0 | M14: =SUM(G14*15) -> 12020.25 | N14: =SUM(H14)*750 -> 0 | O14: =SUM(I14:N14) -> 18620.25 | P14: =IF(OR(WEEKDAY(A14)=1,WEEKDAY(A14)=7,NOT(ISERROR(MATCH(A14,[1]Праздники!A:A,0)))),"Выходной","Рабочий") -> Рабочий
A15: 46063 | C15: 0 | D15: 11 | G15: =IF(A15 ="",0,G14+C15+E15-D14-F14) -> 757.35 | I15: =IF(P15="Выходной",SUM(C15*150)*1.5,SUM(C15*150)) -> 0 | J15: =IF(P15="Выходной",SUM(D15*150)*1.5,SUM(D15*150)) -> 1650 | K15: =IF(OR(WEEKDAY(A15)=1,WEEKDAY(A15)=7,NOT(ISERROR(MATCH(A15,[1]Праздники!A:A,0)))),SUM(E15*225)*1.5,SUM(E15*225)) -> 0 | L15: =IF(OR(WEEKDAY(A15)=1,WEEKDAY(A15)=7,NOT(ISERROR(MATCH(A15,[1]Праздники!A:A,0)))),SUM(F15*225)*1.5,SUM(F15*225)) -> 0 | M15: =SUM(G15*15) -> 11360.25 | N15: =SUM(H15)*750 -> 0 | O15: =SUM(I15:N15) -> 13010.25 | P15: =IF(OR(WEEKDAY(A15)=1,WEEKDAY(A15)=7,NOT(ISERROR(MATCH(A15,[1]Праздники!A:A,0)))),"Выходной","Рабочий") -> Рабочий
A16: 46064 | C16: 0 | D16: 4.1 | G16: =IF(A16 ="",0,G15+C16+E16-D15-F15) -> 746.35 | I16: =IF(P16="Выходной",SUM(C16*150)*1.5,SUM(C16*150)) -> 0 | J16: =IF(P16="Выходной",SUM(D16*150)*1.5,SUM(D16*150)) -> 615 | K16: =IF(OR(WEEKDAY(A16)=1,WEEKDAY(A16)=7,NOT(ISERROR(MATCH(A16,[1]Праздники!A:A,0)))),SUM(E16*225)*1.5,SUM(E16*225)) -> 0 | L16: =IF(OR(WEEKDAY(A16)=1,WEEKDAY(A16)=7,NOT(ISERROR(MATCH(A16,[1]Праздники!A:A,0)))),SUM(F16*225)*1.5,SUM(F16*225)) -> 0 | M16: =SUM(G16*15) -> 11195.25 | N16: =SUM(H16)*750 -> 0 | O16: =SUM(I16:N16) -> 11810.25 | P16: =IF(OR(WEEKDAY(A16)=1,WEEKDAY(A16)=7,NOT(ISERROR(MATCH(A16,[1]Праздники!A:A,0)))),"Выходной","Рабочий") -> Рабочий
A17: 46065 | C17: 0 | D17: 0 | G17: =IF(A17 ="",0,G16+C17+E17-D16-F16) -> 742.25 | I17: =IF(P17="Выходной",SUM(C17*150)*1.5,SUM(C17*150)) -> 0 | J17: =IF(P17="Выходной",SUM(D17*150)*1.5,SUM(D17*150)) -> 0 | K17: =IF(OR(WEEKDAY(A17)=1,WEEKDAY(A17)=7,NOT(ISERROR(MATCH(A17,[1]Праздники!A:A,0)))),SUM(E17*225)*1.5,SUM(E17*225)) -> 0 | L17: =IF(OR(WEEKDAY(A17)=1,WEEKDAY(A17)=7,NOT(ISERROR(MATCH(A17,[1]Праздники!A:A,0)))),SUM(F17*225)*1.5,SUM(F17*225)) -> 0 | M17: =SUM(G17*15) -> 11133.75 | N17: =SUM(H17)*750 -> 0 | O17: =SUM(I17:N17) -> 11133.75 | P17: =IF(OR(WEEKDAY(A17)=1,WEEKDAY(A17)=7,NOT(ISERROR(MATCH(A17,[1]Праздники!A:A,0)))),"Выходной","Рабочий") -> Рабочий
A18: 46066 | C18: 0 | D18: 0 | G18: =IF(A18 ="",0,G17+C18+E18-D17-F17) -> 742.25 | I18: =IF(P18="Выходной",SUM(C18*150)*1.5,SUM(C18*150)) -> 0 | J18: =IF(P18="Выходной",SUM(D18*150)*1.5,SUM(D18*150)) -> 0 | K18: =IF(OR(WEEKDAY(A18)=1,WEEKDAY(A18)=7,NOT(ISERROR(MATCH(A18,[1]Праздники!A:A,0)))),SUM(E18*225)*1.5,SUM(E18*225)) -> 0 | L18: =IF(OR(WEEKDAY(A18)=1,WEEKDAY(A18)=7,NOT(ISERROR(MATCH(A18,[1]Праздники!A:A,0)))),SUM(F18*225)*1.5,SUM(F18*225)) -> 0 | M18: =SUM(G18*15) -> 11133.75 | N18: =SUM(H18)*750 -> 0 | O18: =SUM(I18:N18) -> 11133.75 | P18: =IF(OR(WEEKDAY(A18)=1,WEEKDAY(A18)=7,NOT(ISERROR(MATCH(A18,[1]Праздники!A:A,0)))),"Выходной","Рабочий") -> Рабочий
... A33: 46081 | C33: 0 | D33: 41.25 | G33: =IF(A33 ="",0,G32+C33+E33-D32-F32) -> 641.525 | I33: =IF(P33="Выходной",SUM(C33*150)*1.5,SUM(C33*150)) -> 0 | J33: =IF(P33="Выходной",SUM(D33*150)*1.5,SUM(D33*150)) -> 9281.25 | K33: =IF(OR(WEEKDAY(A33)=1,WEEKDAY(A33)=7,NOT(ISERROR(MATCH(A33,[1]Праздники!A:A,0)))),SUM(E33*225)*1.5,SUM(E33*225)) -> 0 | L33: =IF(OR(WEEKDAY(A33)=1,WEEKDAY(A33)=7,NOT(ISERROR(MATCH(A33,[1]Праздники!A:A,0)))),SUM(F33*225)*1.5,SUM(F33*225)) -> 0 | M33: =SUM(G33*15) -> 9622.875 | N33: =SUM(H33)*750 -> 0 | O33: =SUM(I33:N33) -> 18904.125 | P33: =IF(OR(WEEKDAY(A33)=1,WEEKDAY(A33)=7,NOT(ISERROR(MATCH(A33,[1]Праздники!A:A,0)))),"Выходной","Рабочий") -> Выходной
C34: 0 | D34: 0 | G34: =IF(A34 ="",0,G33+C34+E34-D33-F33) -> 0 | I34: =IF(P34="Выходной",SUM(C34*150)*1.5,SUM(C34*150)) -> 0 | J34: =IF(P34="Выходной",SUM(D34*150)*1.5,SUM(D34*150)) -> 0 | K34: =IF(OR(WEEKDAY(A34)=1,WEEKDAY(A34)=7,NOT(ISERROR(MATCH(A34,[1]Праздники!A:A,0)))),SUM(E34*225)*1.5,SUM(E34*225)) -> 0 | L34: =IF(OR(WEEKDAY(A34)=1,WEEKDAY(A34)=7,NOT(ISERROR(MATCH(A34,[1]Праздники!A:A,0)))),SUM(F34*225)*1.5,SUM(F34*225)) -> 0 | M34: =SUM(G34*15) -> 0 | N34: =SUM(H34)*750 -> 0 | O34: =SUM(I34:N34) -> 0 | P34: =IF(OR(WEEKDAY(A34)=1,WEEKDAY(A34)=7,NOT(ISERROR(MATCH(A34,[1]Праздники!A:A,0)))),"Выходной","Рабочий") -> Выходной
C35: 0 | D35: 0 | G35: =IF(A35 ="",0,G34+C35+E35-D34-F34) -> 0 | I35: =IF(P35="Выходной",SUM(C35*150)*1.5,SUM(C35*150)) -> 0 | J35: =IF(P35="Выходной",SUM(D35*150)*1.5,SUM(D35*150)) -> 0 | K35: =IF(OR(WEEKDAY(A35)=1,WEEKDAY(A35)=7,NOT(ISERROR(MATCH(A35,[1]Праздники!A:A,0)))),SUM(E35*225)*1.5,SUM(E35*225)) -> 0 | L35: =IF(OR(WEEKDAY(A35)=1,WEEKDAY(A35)=7,NOT(ISERROR(MATCH(A35,[1]Праздники!A:A,0)))),SUM(F35*225)*1.5,SUM(F35*225)) -> 0 | M35: =SUM(G35*15) -> 0 | N35: =SUM(H35)*750 -> 0 | O35: =SUM(I35:N35) -> 0 | P35: =IF(OR(WEEKDAY(A35)=1,WEEKDAY(A35)=7,NOT(ISERROR(MATCH(A35,[1]Праздники!A:A,0)))),"Выходной","Рабочий") -> Выходной
C36: 0 | D36: 0 | G36: =IF(A36 ="",0,G35+C36+E36-D35-F35) -> 0 | I36: =IF(P36="Выходной",SUM(C36*150)*1.5,SUM(C36*150)) -> 0 | J36: =IF(P36="Выходной",SUM(D36*150)*1.5,SUM(D36*150)) -> 0 | K36: =IF(OR(WEEKDAY(A36)=1,WEEKDAY(A36)=7,NOT(ISERROR(MATCH(A36,[1]Праздники!A:A,0)))),SUM(E36*225)*1.5,SUM(E36*225)) -> 0 | L36: =IF(OR(WEEKDAY(A36)=1,WEEKDAY(A36)=7,NOT(ISERROR(MATCH(A36,[1]Праздники!A:A,0)))),SUM(F36*225)*1.5,SUM(F36*225)) -> 0 | M36: =SUM(G36*15) -> 0 | N36: =SUM(H36)*750 -> 0 | O36: =SUM(I36:N36) -> 0 | P36: =IF(OR(WEEKDAY(A36)=1,WEEKDAY(A36)=7,NOT(ISERROR(MATCH(A36,[1]Праздники!A:A,0)))),"Выходной","Рабочий") -> Выходной
C37: =SUM(C6:C36) -> 0 | D37: =SUM(D6:D36) -> 201.075 | E37: =SUM(E6:E36) -> 0 | F37: =SUM(F6:F36) -> 0 | G37: =SUM(G6:G36) -> 21155.675 | H37: =SUM(H6:H36) -> 0 | I37: =SUM(I6:I36) -> 0 | J37: =SUM(J6:J36) -> 33255 | ... O37: =SUM(O6:O36) -> 350590.12
N38: С НДС; | O38: =O37*1.22 -> 427719.95

Sheet РВ Березовая Пойма
R1: Выходной | S1: Рабочий
Q2: Выгрузка | R2: =SUMIF($P$6:$P$36,R$1,$C6:$C36) -> 731.29 | S2: =SUMIF($P$6:$P$36,S$1,$C6:$C36) -> 1702.71
A3: ="Отчет по хранению товара РВ " & TEXT(A6,"ММММ ") & YEAR(A6) & " Березовая Пойма" -> Отчет по хранению товара РВ Февраль 2026 Березовая Пойма | Q3: Отгрузка | R3: =SUMIF($P$6:$P$36,R$1,$D6:$D36) -> 877.59 | S3: =SUMIF($P$6:$P$36,S$1,$D6:$D36) -> 2121.4
A4: дата | C4: Выгрузка кол-во тонн | D4: Загрузка кол-во тонн | E4: Выгрузка после 20:00 | F4: Загрузка после 20:00 | G4: Хранение | H4: переконсолидация (тонн) | I4: стоимость выгрузки | J4: стоимость загрузки | K4: Стоимость выгрузки после 20:00 | L4: Стоимость загрузки после 20:00 | M4: стоимость хранения | N4: стоимость переконс. | O4: итого
G5: (кол-во тонн)
A6: 46054 | C6: 288.99 | D6: 0 | G6: 4865.205 | I6: =IF(P6="Выходной",SUM(C6*150)*1.5,SUM(C6*150)) -> 65022.75 | J6: =IF(P6="Выходной",SUM(D6*150)*1.5,SUM(D6*150)) -> 0 | K6: =IF(OR(WEEKDAY(A6)=1,WEEKDAY(A6)=7,NOT(ISERROR(MATCH(A6,[1]Праздники!A:A,0)))),SUM(E6*225)*1.5,SUM(E6*225)) -> 0 | L6: =IF(OR(WEEKDAY(A6)=1,WEEKDAY(A6)=7,NOT(ISERROR(MATCH(A6,[1]Праздники!A:A,0)))),SUM(F6*225)*1.5,SUM(F6*225)) -> 0 | M6: =SUM(G6*15) -> 72978.075 | N6: =SUM(H6)*750 -> 0 | O6: =SUM(I6:N6) -> 138000.83 | P6: =IF(OR(WEEKDAY(A6)=1,WEEKDAY(A6)=7,NOT(ISERROR(MATCH(A6,[1]Праздники!A:A,0)))),"Выходной","Рабочий") -> Выходной
A7: 46055 | C7: 333.45 | D7: 22 | G7: =IF(A7 ="",0,G6+C7+E7-D6-F6) -> 5198.655 | I7: =IF(P7="Выходной",SUM(C7*150)*1.5,SUM(C7*150)) -> 50017.5 | J7: =IF(P7="Выходной",SUM(D7*150)*1.5,SUM(D7*150)) -> 3300 | K7: =IF(OR(WEEKDAY(A7)=1,WEEKDAY(A7)=7,NOT(ISERROR(MATCH(A7,[1]Праздники!A:A,0)))),SUM(E7*225)*1.5,SUM(E7*225)) -> 0 | L7: =IF(OR(WEEKDAY(A7)=1,WEEKDAY(A7)=7,NOT(ISERROR(MATCH(A7,[1]Праздники!A:A,0)))),SUM(F7*225)*1.5,SUM(F7*225)) -> 0 | M7: =SUM(G7*15) -> 77979.825 | N7: =SUM(H7)*750 -> 0 | O7: =SUM(I7:N7) -> 131297.33 | P7: =IF(OR(WEEKDAY(A7)=1,WEEKDAY(A7)=7,NOT(ISERROR(MATCH(A7,[1]Праздники!A:A,0)))),"Выходной","Рабочий") -> Рабочий
A8: 46056 | C8: 486.96 | D8: 44 | G8: =IF(A8 ="",0,G7+C8+E8-D7-F7) -> 5663.615 | I8: =IF(P8="Выходной",SUM(C8*150)*1.5,SUM(C8*150)) -> 73044 | J8: =IF(P8="Выходной",SUM(D8*150)*1.5,SUM(D8*150)) -> 6600 | K8: =IF(OR(WEEKDAY(A8)=1,WEEKDAY(A8)=7,NOT(ISERROR(MATCH(A8,[1]Праздники!A:A,0)))),SUM(E8*225)*1.5,SUM(E8*225)) -> 0 | L8: =IF(OR(WEEKDAY(A8)=1,WEEKDAY(A8)=7,NOT(ISERROR(MATCH(A8,[1]Праздники!A:A,0)))),SUM(F8*225)*1.5,SUM(F8*225)) -> 0 | M8: =SUM(G8*15) -> 84954.225 | N8: =SUM(H8)*750 -> 0 | O8: =SUM(I8:N8) -> 164598.22 | P8: =IF(OR(WEEKDAY(A8)=1,WEEKDAY(A8)=7,NOT(ISERROR(MATCH(A8,[1]Праздники!A:A,0)))),"Выходной","Рабочий") -> Рабочий
A9: 46057 | C9: 220 | D9: 66.23 | G9: =IF(A9 ="",0,G8+C9+E9-D8-F8) -> 5839.615 | I9: =IF(P9="Выходной",SUM(C9*150)*1.5,SUM(C9*150)) -> 33000 | J9: =IF(P9="Выходной",SUM(D9*150)*1.5,SUM(D9*150)) -> 9934.5 | K9: =IF(OR(WEEKDAY(A9)=1,WEEKDAY(A9)=7,NOT(ISERROR(MATCH(A9,[1]Праздники!A:A,0)))),SUM(E9*225)*1.5,SUM(E9*225)) -> 0 | L9: =IF(OR(WEEKDAY(A9)=1,WEEKDAY(A9)=7,NOT(ISERROR(MATCH(A9,[1]Праздники!A:A,0)))),SUM(F9*225)*1.5,SUM(F9*225)) -> 0 | M9: =SUM(G9*15) -> 87594.225 | N9: =SUM(H9)*750 -> 0 | O9: =SUM(I9:N9) -> 130528.72 | P9: =IF(OR(WEEKDAY(A9)=1,WEEKDAY(A9)=7,NOT(ISERROR(MATCH(A9,[1]Праздники!A:A,0)))),"Выходной","Рабочий") -> Рабочий
A10: 46058 | C10: 0 | D10: 412.55 | G10: =IF(A10 ="",0,G9+C10+E10-D9-F9) -> 5773.385 | I10: =IF(P10="Выходной",SUM(C10*150)*1.5,SUM(C10*150)) -> 0 | J10: =IF(P10="Выходной",SUM(D10*150)*1.5,SUM(D10*150)) -> 61882.5 | K10: =IF(OR(WEEKDAY(A10)=1,WEEKDAY(A10)=7,NOT(ISERROR(MATCH(A10,[1]Праздники!A:A,0)))),SUM(E10*225)*1.5,SUM(E10*225)) -> 0 | L10: =IF(OR(WEEKDAY(A10)=1,WEEKDAY(A10)=7,NOT(ISERROR(MATCH(A10,[1]Праздники!A:A,0)))),SUM(F10*225)*1.5,SUM(F10*225)) -> 0 | M10: =SUM(G10*15) -> 86600.775 | N10: =SUM(H10)*750 -> 0 | O10: =SUM(I10:N10) -> 148483.28 | P10: =IF(OR(WEEKDAY(A10)=1,WEEKDAY(A10)=7,NOT(ISERROR(MATCH(A10,[1]Праздники!A:A,0)))),"Выходной","Рабочий") -> Рабочий
A11: 46059 | C11: 0 | D11: 247.05 | G11: =IF(A11 ="",0,G10+C11+E11-D10-F10) -> 5360.835 | I11: =IF(P11="Выходной",SUM(C11*150)*1.5,SUM(C11*150)) -> 0 | J11: =IF(P11="Выходной",SUM(D11*150)*1.5,SUM(D11*150)) -> 37057.5 | K11: =IF(OR(WEEKDAY(A11)=1,WEEKDAY(A11)=7,NOT(ISERROR(MATCH(A11,[1]Праздники!A:A,0)))),SUM(E11*225)*1.5,SUM(E11*225)) -> 0 | L11: =IF(OR(WEEKDAY(A11)=1,WEEKDAY(A11)=7,NOT(ISERROR(MATCH(A11,[1]Праздники!A:A,0)))),SUM(F11*225)*1.5,SUM(F11*225)) -> 0 | M11: =SUM(G11*15) -> 80412.525 | N11: =SUM(H11)*750 -> 0 | O11: =SUM(I11:N11) -> 117470.02 | P11: =IF(OR(WEEKDAY(A11)=1,WEEKDAY(A11)=7,NOT(ISERROR(MATCH(A11,[1]Праздники!A:A,0)))),"Выходной","Рабочий") -> Рабочий
A12: 46060 | C12: 222.3 | D12: 132.92 | G12: =IF(A12 ="",0,G11+C12+E12-D11-F11) -> 5336.085 | I12: =IF(P12="Выходной",SUM(C12*150)*1.5,SUM(C12*150)) -> 50017.5 | J12: =IF(P12="Выходной",SUM(D12*150)*1.5,SUM(D12*150)) -> 29907 | K12: =IF(OR(WEEKDAY(A12)=1,WEEKDAY(A12)=7,NOT(ISERROR(MATCH(A12,[1]Праздники!A:A,0)))),SUM(E12*225)*1.5,SUM(E12*225)) -> 0 | L12: =IF(OR(WEEKDAY(A12)=1,WEEKDAY(A12)=7,NOT(ISERROR(MATCH(A12,[1]Праздники!A:A,0)))),SUM(F12*225)*1.5,SUM(F12*225)) -> 0 | M12: =SUM(G12*15) -> 80041.275 | N12: =SUM(H12)*750 -> 0 | O12: =SUM(I12:N12) -> 159965.77 | P12: =IF(OR(WEEKDAY(A12)=1,WEEKDAY(A12)=7,NOT(ISERROR(MATCH(A12,[1]Праздники!A:A,0)))),"Выходной","Рабочий") -> Выходной
A13: 46061 | C13: 220 | D13: 177.84 | G13: =IF(A13 ="",0,G12+C13+E13-D12-F12) -> 5423.165 | I13: =IF(P13="Выходной",SUM(C13*150)*1.5,SUM(C13*150)) -> 49500 | J13: =IF(P13="Выходной",SUM(D13*150)*1.5,SUM(D13*150)) -> 40014 | K13: =IF(OR(WEEKDAY(A13)=1,WEEKDAY(A13)=7,NOT(ISERROR(MATCH(A13,[1]Праздники!A:A,0)))),SUM(E13*225)*1.5,SUM(E13*225)) -> 0 | L13: =IF(OR(WEEKDAY(A13)=1,WEEKDAY(A13)=7,NOT(ISERROR(MATCH(A13,[1]Праздники!A:A,0)))),SUM(F13*225)*1.5,SUM(F13*225)) -> 0 | M13: =SUM(G13*15) -> 81347.475 | N13: =SUM(H13)*750 -> 0 | O13: =SUM(I13:N13) -> 170861.48 | P13: =IF(OR(WEEKDAY(A13)=1,WEEKDAY(A13)=7,NOT(ISERROR(MATCH(A13,[1]Праздники!A:A,0)))),"Выходной","Рабочий") -> Выходной
A14: 46062 | C14: 220 | D14: 133.15 | G14: =IF(A14 ="",0,G13+C14+E14-D13-F13) -> 5465.325 | I14: =IF(P14="Выходной",SUM(C14*150)*1.5,SUM(C14*150)) -> 33000 | J14: =IF(P14="Выходной",SUM(D14*150)*1.5,SUM(D14*150)) -> 19972.5 | K14: =IF(OR(WEEKDAY(A14)=1,WEEKDAY(A14)=7,NOT(ISERROR(MATCH(A14,[1]Праздники!A:A,0)))),SUM(E14*225)*1.5,SUM(E14*225)) -> 0 | L14: =IF(OR(WEEKDAY(A14)=1,WEEKDAY(A14)=7,NOT(ISERROR(MATCH(A14,[1]Праздники!A:A,0)))),SUM(F14*225)*1.5,SUM(F14*225)) -> 0 | M14: =SUM(G14*15) -> 81979.875 | N14: =SUM(H14)*750 -> 0 | O14: =SUM(I14:N14) -> 134952.38 | P14: =IF(OR(WEEKDAY(A14)=1,WEEKDAY(A14)=7,NOT(ISERROR(MATCH(A14,[1]Праздники!A:A,0)))),"Выходной","Рабочий") -> Рабочий
A15: 46063 | C15: 222.3 | D15: 99.5 | G15: =IF(A15 ="",0,G14+C15+E15-D14-F14) -> 5554.475 | I15: =IF(P15="Выходной",SUM(C15*150)*1.5,SUM(C15*150)) -> 33345 | J15: =IF(P15="Выходной",SUM(D15*150)*1.5,SUM(D15*150)) -> 14925 | K15: =IF(OR(WEEKDAY(A15)=1,WEEKDAY(A15)=7,NOT(ISERROR(MATCH(A15,[1]Праздники!A:A,0)))),SUM(E15*225)*1.5,SUM(E15*225)) -> 0 | L15: =IF(OR(WEEKDAY(A15)=1,WEEKDAY(A15)=7,NOT(ISERROR(MATCH(A15,[1]Праздники!A:A,0)))),SUM(F15*225)*1.5,SUM(F15*225)) -> 0 | M15: =SUM(G15*15) -> 83317.125 | N15: =SUM(H15)*750 -> 0 | O15: =SUM(I15:N15) -> 131587.12 | P15: =IF(OR(WEEKDAY(A15)=1,WEEKDAY(A15)=7,NOT(ISERROR(MATCH(A15,[1]Праздники!A:A,0)))),"Выходной","Рабочий") -> Рабочий
A16: 46064 | C16: 220 | D16: 22 | G16: =IF(A16 ="",0,G15+C16+E16-D15-F15) -> 5674.975 | I16: =IF(P16="Выходной",SUM(C16*150)*1.5,SUM(C16*150)) -> 33000 | J16: =IF(P16="Выходной",SUM(D16*150)*1.5,SUM(D16*150)) -> 3300 | K16: =IF(OR(WEEKDAY(A16)=1,WEEKDAY(A16)=7,NOT(ISERROR(MATCH(A16,[1]Праздники!A:A,0)))),SUM(E16*225)*1.5,SUM(E16*225)) -> 0 | L16: =IF(OR(WEEKDAY(A16)=1,WEEKDAY(A16)=7,NOT(ISERROR(MATCH(A16,[1]Праздники!A:A,0)))),SUM(F16*225)*1.5,SUM(F16*225)) -> 0 | M16: =SUM(G16*15) -> 85124.625 | N16: =SUM(H16)*750 -> 0 | O16: =SUM(I16:N16) -> 121424.62 | P16: =IF(OR(WEEKDAY(A16)=1,WEEKDAY(A16)=7,NOT(ISERROR(MATCH(A16,[1]Праздники!A:A,0)))),"Выходной","Рабочий") -> Рабочий
A17: 46065 | C17: 0 | D17: 88.5 | G17: =IF(A17 ="",0,G16+C17+E17-D16-F16) -> 5652.975 | I17: =IF(P17="Выходной",SUM(C17*150)*1.5,SUM(C17*150)) -> 0 | J17: =IF(P17="Выходной",SUM(D17*150)*1.5,SUM(D17*150)) -> 13275 | K17: =IF(OR(WEEKDAY(A17)=1,WEEKDAY(A17)=7,NOT(ISERROR(MATCH(A17,[1]Праздники!A:A,0)))),SUM(E17*225)*1.5,SUM(E17*225)) -> 0 | L17: =IF(OR(WEEKDAY(A17)=1,WEEKDAY(A17)=7,NOT(ISERROR(MATCH(A17,[1]Праздники!A:A,0)))),SUM(F17*225)*1.5,SUM(F17*225)) -> 0 | M17: =SUM(G17*15) -> 84794.625 | N17: =SUM(H17)*750 -> 0 | O17: =SUM(I17:N17) -> 98069.625 | P17: =IF(OR(WEEKDAY(A17)=1,WEEKDAY(A17)=7,NOT(ISERROR(MATCH(A17,[1]Праздники!A:A,0)))),"Выходной","Рабочий") -> Рабочий
A18: 46066 | C18: 0 | D18: 44 | G18: =IF(A18 ="",0,G17+C18+E18-D17-F17) -> 5564.475 | I18: =IF(P18="Выходной",SUM(C18*150)*1.5,SUM(C18*150)) -> 0 | J18: =IF(P18="Выходной",SUM(D18*150)*1.5,SUM(D18*150)) -> 6600 | K18: =IF(OR(WEEKDAY(A18)=1,WEEKDAY(A18)=7,NOT(ISERROR(MATCH(A18,[1]Праздники!A:A,0)))),SUM(E18*225)*1.5,SUM(E18*225)) -> 0 | L18: =IF(OR(WEEKDAY(A18)=1,WEEKDAY(A18)=7,NOT(ISERROR(MATCH(A18,[1]Праздники!A:A,0)))),SUM(F18*225)*1.5,SUM(F18*225)) -> 0 | M18: =SUM(G18*15) -> 83467.125 | N18: =SUM(H18)*750 -> 0 | O18: =SUM(I18:N18) -> 90067.125 | P18: =IF(OR(WEEKDAY(A18)=1,WEEKDAY(A18)=7,NOT(ISERROR(MATCH(A18,[1]Праздники!A:A,0)))),"Выходной","Рабочий") -> Рабочий
... A33: 46081 | C33: 0 | D33: 241.775 | G33: =IF(A33 ="",0,G32+C33+E33-D32-F32) -> 4253 | I33: =IF(P33="Выходной",SUM(C33*150)*1.5,SUM(C33*150)) -> 0 | J33: =IF(P33="Выходной",SUM(D33*150)*1.5,SUM(D33*150)) -> 54399.375 | K33: =IF(OR(WEEKDAY(A33)=1,WEEKDAY(A33)=7,NOT(ISERROR(MATCH(A33,[1]Праздники!A:A,0)))),SUM(E33*225)*1.5,SUM(E33*225)) -> 0 | L33: =IF(OR(WEEKDAY(A33)=1,WEEKDAY(A33)=7,NOT(ISERROR(MATCH(A33,[1]Праздники!A:A,0)))),SUM(F33*225)*1.5,SUM(F33*225)) -> 0 | M33: =SUM(G33*15) -> 63795 | N33: =SUM(H33)*750 -> 0 | O33: =SUM(I33:N33) -> 118194.38 | P33: =IF(OR(WEEKDAY(A33)=1,WEEKDAY(A33)=7,NOT(ISERROR(MATCH(A33,[1]Праздники!A:A,0)))),"Выходной","Рабочий") -> Выходной
C34: 0 | D34: 0 | G34: =IF(A34 ="",0,G33+C34+E34-D33-F33) -> 0 | I34: =IF(P34="Выходной",SUM(C34*150)*1.5,SUM(C34*150)) -> 0 | J34: =IF(P34="Выходной",SUM(D34*150)*1.5,SUM(D34*150)) -> 0 | K34: =IF(OR(WEEKDAY(A34)=1,WEEKDAY(A34)=7,NOT(ISERROR(MATCH(A34,[1]Праздники!A:A,0)))),SUM(E34*225)*1.5,SUM(E34*225)) -> 0 | L34: =IF(OR(WEEKDAY(A34)=1,WEEKDAY(A34)=7,NOT(ISERROR(MATCH(A34,[1]Праздники!A:A,0)))),SUM(F34*225)*1.5,SUM(F34*225)) -> 0 | M34: =SUM(G34*15) -> 0 | N34: =SUM(H34)*750 -> 0 | O34: =SUM(I34:N34) -> 0 | P34: =IF(OR(WEEKDAY(A34)=1,WEEKDAY(A34)=7,NOT(ISERROR(MATCH(A34,[1]Праздники!A:A,0)))),"Выходной","Рабочий") -> Выходной
C35: 0 | D35: 0 | G35: =IF(A35 ="",0,G34+C35+E35-D34-F34) -> 0 | I35: =IF(P35="Выходной",SUM(C35*150)*1.5,SUM(C35*150)) -> 0 | J35: =IF(P35="Выходной",SUM(D35*150)*1.5,SUM(D35*150)) -> 0 | K35: =IF(OR(WEEKDAY(A35)=1,WEEKDAY(A35)=7,NOT(ISERROR(MATCH(A35,[1]Праздники!A:A,0)))),SUM(E35*225)*1.5,SUM(E35*225)) -> 0 | L35: =IF(OR(WEEKDAY(A35)=1,WEEKDAY(A35)=7,NOT(ISERROR(MATCH(A35,[1]Праздники!A:A,0)))),SUM(F35*225)*1.5,SUM(F35*225)) -> 0 | M35: =SUM(G35*15) -> 0 | N35: =SUM(H35)*750 -> 0 | O35: =SUM(I35:N35) -> 0 | P35: =IF(OR(WEEKDAY(A35)=1,WEEKDAY(A35)=7,NOT(ISERROR(MATCH(A35,[1]Праздники!A:A,0)))),"Выходной","Рабочий") -> Выходной
C36: 0 | D36: 0 | G36: =IF(A36 ="",0,G35+C36+E36-D35-F35) -> 0 | I36: =IF(P36="Выходной",SUM(C36*150)*1.5,SUM(C36*150)) -> 0 | J36: =IF(P36="Выходной",SUM(D36*150)*1.5,SUM(D36*150)) -> 0 | K36: =IF(OR(WEEKDAY(A36)=1,WEEKDAY(A36)=7,NOT(ISERROR(MATCH(A36,[1]Праздники!A:A,0)))),SUM(E36*225)*1.5,SUM(E36*225)) -> 0 | L36: =IF(OR(WEEKDAY(A36)=1,WEEKDAY(A36)=7,NOT(ISERROR(MATCH(A36,[1]Праздники!A:A,0)))),SUM(F36*225)*1.5,SUM(F36*225)) -> 0 | M36: =SUM(G36*15) -> 0 | N36: =SUM(H36)*750 -> 0 | O36: =SUM(I36:N36) -> 0 | P36: =IF(OR(WEEKDAY(A36)=1,WEEKDAY(A36)=7,NOT(ISERROR(MATCH(A36,[1]Праздники!A:A,0)))),"Выходной","Рабочий") -> Выходной
C37: =SUM(C6:C36) -> 2434 | D37: =SUM(D6:D36) -> 2998.99 | E37: =SUM(E6:E36) -> 0 | F37: =SUM(F6:F36) -> 0 | G37: =SUM(G6:G36) -> 147197.03 | H37: =SUM(H6:H36) -> 0 | I37: =SUM(I6:I36) -> 419946.75 | J37: =SUM(J6:J36) -> 515667.75 | ... O37: =SUM(O6:O36) -> 3143570
N38: С НДС; | O38: =O37*1.22 -> 3835155.3

Sheet РВ Новикова-Прибоя
R1: Выходной | S1: Рабочий
Q2: Выгрузка | R2: =SUMIF($P$6:$P$36,R$1,$C6:$C36) -> 22 | S2: =SUMIF($P$6:$P$36,S$1,$C6:$C36) -> 420.3
A3: ="Отчет по хранению товара РВ " & TEXT(A6,"ММММ ") & YEAR(A6) & " Новикова" -> Отчет по хранению товара РВ Февраль 2026 Новикова | Q3: Отгрузка | R3: =SUMIF($P$6:$P$36,R$1,$D6:$D36) -> 396.23 | S3: =SUMIF($P$6:$P$36,S$1,$D6:$D36) -> 970.71
A4: дата | C4: Выгрузка кол-во тонн | D4: Загрузка кол-во тонн | E4: Выгрузка после 20:00 | F4: Загрузка после 20:00 | G4: Хранение | H4: переконсолидация (тонн) | I4: стоимость выгрузки | J4: стоимость загрузки | K4: Стоимость выгрузки после 20:00 | L4: Стоимость загрузки после 20:00 | M4: стоимость хранения | N4: стоимость переконс. | O4: итого
G5: (кол-во тонн)
A6: 46054 | C6: 0 | D6: 0 | G6: 1345.04 | I6: =IF(P6="Выходной",SUM(C6*150)*1.5,SUM(C6*150)) -> 0 | J6: =IF(P6="Выходной",SUM(D6*150)*1.5,SUM(D6*150)) -> 0 | K6: =IF(OR(WEEKDAY(A6)=1,WEEKDAY(A6)=7,NOT(ISERROR(MATCH(A6,[1]Праздники!A:A,0)))),SUM(E6*225)*1.5,SUM(E6*225)) -> 0 | L6: =IF(OR(WEEKDAY(A6)=1,WEEKDAY(A6)=7,NOT(ISERROR(MATCH(A6,[1]Праздники!A:A,0)))),SUM(F6*225)*1.5,SUM(F6*225)) -> 0 | M6: =SUM(G6*15) -> 20175.6 | N6: =SUM(H6)*750 -> 0 | O6: =SUM(I6:N6) -> 20175.6 | P6: =IF(OR(WEEKDAY(A6)=1,WEEKDAY(A6)=7,NOT(ISERROR(MATCH(A6,[1]Праздники!A:A,0)))),"Выходной","Рабочий") -> Выходной
A7: 46055 | C7: 0 | D7: 0 | G7: =IF(A7 ="",0,G6+C7+E7-D6-F6) -> 1345.04 | I7: =IF(P7="Выходной",SUM(C7*150)*1.5,SUM(C7*150)) -> 0 | J7: =IF(P7="Выходной",SUM(D7*150)*1.5,SUM(D7*150)) -> 0 | K7: =IF(OR(WEEKDAY(A7)=1,WEEKDAY(A7)=7,NOT(ISERROR(MATCH(A7,[1]Праздники!A:A,0)))),SUM(E7*225)*1.5,SUM(E7*225)) -> 0 | L7: =IF(OR(WEEKDAY(A7)=1,WEEKDAY(A7)=7,NOT(ISERROR(MATCH(A7,[1]Праздники!A:A,0)))),SUM(F7*225)*1.5,SUM(F7*225)) -> 0 | M7: =SUM(G7*15) -> 20175.6 | N7: =SUM(H7)*750 -> 0 | O7: =SUM(I7:N7) -> 20175.6 | P7: =IF(OR(WEEKDAY(A7)=1,WEEKDAY(A7)=7,NOT(ISERROR(MATCH(A7,[1]Праздники!A:A,0)))),"Выходной","Рабочий") -> Рабочий
A8: 46056 | C8: 0 | D8: 0 | G8: =IF(A8 ="",0,G7+C8+E8-D7-F7) -> 1345.04 | I8: =IF(P8="Выходной",SUM(C8*150)*1.5,SUM(C8*150)) -> 0 | J8: =IF(P8="Выходной",SUM(D8*150)*1.5,SUM(D8*150)) -> 0 | K8: =IF(OR(WEEKDAY(A8)=1,WEEKDAY(A8)=7,NOT(ISERROR(MATCH(A8,[1]Праздники!A:A,0)))),SUM(E8*225)*1.5,SUM(E8*225)) -> 0 | L8: =IF(OR(WEEKDAY(A8)=1,WEEKDAY(A8)=7,NOT(ISERROR(MATCH(A8,[1]Праздники!A:A,0)))),SUM(F8*225)*1.5,SUM(F8*225)) -> 0 | M8: =SUM(G8*15) -> 20175.6 | N8: =SUM(H8)*750 -> 0 | O8: =SUM(I8:N8) -> 20175.6 | P8: =IF(OR(WEEKDAY(A8)=1,WEEKDAY(A8)=7,NOT(ISERROR(MATCH(A8,[1]Праздники!A:A,0)))),"Выходной","Рабочий") -> Рабочий
A9: 46057 | C9: 0 | D9: 88.92 | G9: =IF(A9 ="",0,G8+C9+E9-D8-F8) -> 1345.04 | I9: =IF(P9="Выходной",SUM(C9*150)*1.5,SUM(C9*150)) -> 0 | J9: =IF(P9="Выходной",SUM(D9*150)*1.5,SUM(D9*150)) -> 13338 | K9: =IF(OR(WEEKDAY(A9)=1,WEEKDAY(A9)=7,NOT(ISERROR(MATCH(A9,[1]Праздники!A:A,0)))),SUM(E9*225)*1.5,SUM(E9*225)) -> 0 | L9: =IF(OR(WEEKDAY(A9)=1,WEEKDAY(A9)=7,NOT(ISERROR(MATCH(A9,[1]Праздники!A:A,0)))),SUM(F9*225)*1.5,SUM(F9*225)) -> 0 | M9: =SUM(G9*15) -> 20175.6 | N9: =SUM(H9)*750 -> 0 | O9: =SUM(I9:N9) -> 33513.6 | P9: =IF(OR(WEEKDAY(A9)=1,WEEKDAY(A9)=7,NOT(ISERROR(MATCH(A9,[1]Праздники!A:A,0)))),"Выходной","Рабочий") -> Рабочий
A10: 46058 | C10: 222.3 | D10: 131.04 | G10: =IF(A10 ="",0,G9+C10+E10-D9-F9) -> 1478.42 | I10: =IF(P10="Выходной",SUM(C10*150)*1.5,SUM(C10*150)) -> 33345 | J10: =IF(P10="Выходной",SUM(D10*150)*1.5,SUM(D10*150)) -> 19656 | K10: =IF(OR(WEEKDAY(A10)=1,WEEKDAY(A10)=7,NOT(ISERROR(MATCH(A10,[1]Праздники!A:A,0)))),SUM(E10*225)*1.5,SUM(E10*225)) -> 0 | L10: =IF(OR(WEEKDAY(A10)=1,WEEKDAY(A10)=7,NOT(ISERROR(MATCH(A10,[1]Праздники!A:A,0)))),SUM(F10*225)*1.5,SUM(F10*225)) -> 0 | M10: =SUM(G10*15) -> 22176.3 | N10: =SUM(H10)*750 -> 0 | O10: =SUM(I10:N10) -> 75177.3 | P10: =IF(OR(WEEKDAY(A10)=1,WEEKDAY(A10)=7,NOT(ISERROR(MATCH(A10,[1]Праздники!A:A,0)))),"Выходной","Рабочий") -> Рабочий
A11: 46059 | C11: 198 | D11: 0 | G11: =IF(A11 ="",0,G10+C11+E11-D10-F10) -> 1545.38 | I11: =IF(P11="Выходной",SUM(C11*150)*1.5,SUM(C11*150)) -> 29700 | J11: =IF(P11="Выходной",SUM(D11*150)*1.5,SUM(D11*150)) -> 0 | K11: =IF(OR(WEEKDAY(A11)=1,WEEKDAY(A11)=7,NOT(ISERROR(MATCH(A11,[1]Праздники!A:A,0)))),SUM(E11*225)*1.5,SUM(E11*225)) -> 0 | L11: =IF(OR(WEEKDAY(A11)=1,WEEKDAY(A11)=7,NOT(ISERROR(MATCH(A11,[1]Праздники!A:A,0)))),SUM(F11*225)*1.5,SUM(F11*225)) -> 0 | M11: =SUM(G11*15) -> 23180.7 | N11: =SUM(H11)*750 -> 0 | O11: =SUM(I11:N11) -> 52880.7 | P11: =IF(OR(WEEKDAY(A11)=1,WEEKDAY(A11)=7,NOT(ISERROR(MATCH(A11,[1]Праздники!A:A,0)))),"Выходной","Рабочий") -> Рабочий
A12: 46060 | C12: 22 | D12: 0 | G12: =IF(A12 ="",0,G11+C12+E12-D11-F11) -> 1567.38 | I12: =IF(P12="Выходной",SUM(C12*150)*1.5,SUM(C12*150)) -> 4950 | J12: =IF(P12="Выходной",SUM(D12*150)*1.5,SUM(D12*150)) -> 0 | K12: =IF(OR(WEEKDAY(A12)=1,WEEKDAY(A12)=7,NOT(ISERROR(MATCH(A12,[1]Праздники!A:A,0)))),SUM(E12*225)*1.5,SUM(E12*225)) -> 0 | L12: =IF(OR(WEEKDAY(A12)=1,WEEKDAY(A12)=7,NOT(ISERROR(MATCH(A12,[1]Праздники!A:A,0)))),SUM(F12*225)*1.5,SUM(F12*225)) -> 0 | M12: =SUM(G12*15) -> 23510.7 | N12: =SUM(H12)*750 -> 0 | O12: =SUM(I12:N12) -> 28460.7 | P12: =IF(OR(WEEKDAY(A12)=1,WEEKDAY(A12)=7,NOT(ISERROR(MATCH(A12,[1]Праздники!A:A,0)))),"Выходной","Рабочий") -> Выходной
A13: 46061 | C13: 0 | D13: 22 | G13: =IF(A13 ="",0,G12+C13+E13-D12-F12) -> 1567.38 | I13: =IF(P13="Выходной",SUM(C13*150)*1.5,SUM(C13*150)) -> 0 | J13: =IF(P13="Выходной",SUM(D13*150)*1.5,SUM(D13*150)) -> 4950 | K13: =IF(OR(WEEKDAY(A13)=1,WEEKDAY(A13)=7,NOT(ISERROR(MATCH(A13,[1]Праздники!A:A,0)))),SUM(E13*225)*1.5,SUM(E13*225)) -> 0 | L13: =IF(OR(WEEKDAY(A13)=1,WEEKDAY(A13)=7,NOT(ISERROR(MATCH(A13,[1]Праздники!A:A,0)))),SUM(F13*225)*1.5,SUM(F13*225)) -> 0 | M13: =SUM(G13*15) -> 23510.7 | N13: =SUM(H13)*750 -> 0 | O13: =SUM(I13:N13) -> 28460.7 | P13: =IF(OR(WEEKDAY(A13)=1,WEEKDAY(A13)=7,NOT(ISERROR(MATCH(A13,[1]Праздники!A:A,0)))),"Выходной","Рабочий") -> Выходной
A14: 46062 | C14: 0 | D14: 22 | G14: =IF(A14 ="",0,G13+C14+E14-D13-F13) -> 1545.38 | I14: =IF(P14="Выходной",SUM(C14*150)*1.5,SUM(C14*150)) -> 0 | J14: =IF(P14="Выходной",SUM(D14*150)*1.5,SUM(D14*150)) -> 3300 | K14: =IF(OR(WEEKDAY(A14)=1,WEEKDAY(A14)=7,NOT(ISERROR(MATCH(A14,[1]Праздники!A:A,0)))),SUM(E14*225)*1.5,SUM(E14*225)) -> 0 | L14: =IF(OR(WEEKDAY(A14)=1,WEEKDAY(A14)=7,NOT(ISERROR(MATCH(A14,[1]Праздники!A:A,0)))),SUM(F14*225)*1.5,SUM(F14*225)) -> 0 | M14: =SUM(G14*15) -> 23180.7 | N14: =SUM(H14)*750 -> 0 | O14: =SUM(I14:N14) -> 26480.7 | P14: =IF(OR(WEEKDAY(A14)=1,WEEKDAY(A14)=7,NOT(ISERROR(MATCH(A14,[1]Праздники!A:A,0)))),"Выходной","Рабочий") -> Рабочий
A15: 46063 | C15: 0 | D15: 0 | G15: =IF(A15 ="",0,G14+C15+E15-D14-F14) -> 1523.38 | I15: =IF(P15="Выходной",SUM(C15*150)*1.5,SUM(C15*150)) -> 0 | J15: =IF(P15="Выходной",SUM(D15*150)*1.5,SUM(D15*150)) -> 0 | K15: =IF(OR(WEEKDAY(A15)=1,WEEKDAY(A15)=7,NOT(ISERROR(MATCH(A15,[1]Праздники!A:A,0)))),SUM(E15*225)*1.5,SUM(E15*225)) -> 0 | L15: =IF(OR(WEEKDAY(A15)=1,WEEKDAY(A15)=7,NOT(ISERROR(MATCH(A15,[1]Праздники!A:A,0)))),SUM(F15*225)*1.5,SUM(F15*225)) -> 0 | M15: =SUM(G15*15) -> 22850.7 | N15: =SUM(H15)*750 -> 0 | O15: =SUM(I15:N15) -> 22850.7 | P15: =IF(OR(WEEKDAY(A15)=1,WEEKDAY(A15)=7,NOT(ISERROR(MATCH(A15,[1]Праздники!A:A,0)))),"Выходной","Рабочий") -> Рабочий
A16: 46064 | C16: 0 | D16: 0 | G16: =IF(A16 ="",0,G15+C16+E16-D15-F15) -> 1523.38 | I16: =IF(P16="Выходной",SUM(C16*150)*1.5,SUM(C16*150)) -> 0 | J16: =IF(P16="Выходной",SUM(D16*150)*1.5,SUM(D16*150)) -> 0 | K16: =IF(OR(WEEKDAY(A16)=1,WEEKDAY(A16)=7,NOT(ISERROR(MATCH(A16,[1]Праздники!A:A,0)))),SUM(E16*225)*1.5,SUM(E16*225)) -> 0 | L16: =IF(OR(WEEKDAY(A16)=1,WEEKDAY(A16)=7,NOT(ISERROR(MATCH(A16,[1]Праздники!A:A,0)))),SUM(F16*225)*1.5,SUM(F16*225)) -> 0 | M16: =SUM(G16*15) -> 22850.7 | N16: =SUM(H16)*750 -> 0 | O16: =SUM(I16:N16) -> 22850.7 | P16: =IF(OR(WEEKDAY(A16)=1,WEEKDAY(A16)=7,NOT(ISERROR(MATCH(A16,[1]Праздники!A:A,0)))),"Выходной","Рабочий") -> Рабочий
A17: 46065 | C17: 0 | D17: 0 | G17: =IF(A17 ="",0,G16+C17+E17-D16-F16) -> 1523.38 | I17: =IF(P17="Выходной",SUM(C17*150)*1.5,SUM(C17*150)) -> 0 | J17: =IF(P17="Выходной",SUM(D17*150)*1.5,SUM(D17*150)) -> 0 | K17: =IF(OR(WEEKDAY(A17)=1,WEEKDAY(A17)=7,NOT(ISERROR(MATCH(A17,[1]Праздники!A:A,0)))),SUM(E17*225)*1.5,SUM(E17*225)) -> 0 | L17: =IF(OR(WEEKDAY(A17)=1,WEEKDAY(A17)=7,NOT(ISERROR(MATCH(A17,[1]Праздники!A:A,0)))),SUM(F17*225)*1.5,SUM(F17*225)) -> 0 | M17: =SUM(G17*15) -> 22850.7 | N17: =SUM(H17)*750 -> 0 | O17: =SUM(I17:N17) -> 22850.7 | P17: =IF(OR(WEEKDAY(A17)=1,WEEKDAY(A17)=7,NOT(ISERROR(MATCH(A17,[1]Праздники!A:A,0)))),"Выходной","Рабочий") -> Рабочий
A18: 46066 | C18: 0 | D18: 0 | G18: =IF(A18 ="",0,G17+C18+E18-D17-F17) -> 1523.38 | I18: =IF(P18="Выходной",SUM(C18*150)*1.5,SUM(C18*150)) -> 0 | J18: =IF(P18="Выходной",SUM(D18*150)*1.5,SUM(D18*150)) -> 0 | K18: =IF(OR(WEEKDAY(A18)=1,WEEKDAY(A18)=7,NOT(ISERROR(MATCH(A18,[1]Праздники!A:A,0)))),SUM(E18*225)*1.5,SUM(E18*225)) -> 0 | L18: =IF(OR(WEEKDAY(A18)=1,WEEKDAY(A18)=7,NOT(ISERROR(MATCH(A18,[1]Праздники!A:A,0)))),SUM(F18*225)*1.5,SUM(F18*225)) -> 0 | M18: =SUM(G18*15) -> 22850.7 | N18: =SUM(H18)*750 -> 0 | O18: =SUM(I18:N18) -> 22850.7 | P18: =IF(OR(WEEKDAY(A18)=1,WEEKDAY(A18)=7,NOT(ISERROR(MATCH(A18,[1]Праздники!A:A,0)))),"Выходной","Рабочий") -> Рабочий
... A33: 46081 | C33: 0 | D33: 44.23 | G33: =IF(A33 ="",0,G32+C33+E33-D32-F32) -> 464.63 | I33: =IF(P33="Выходной",SUM(C33*150)*1.5,SUM(C33*150)) -> 0 | J33: =IF(P33="Выходной",SUM(D33*150)*1.5,SUM(D33*150)) -> 9951.75 | K33: =IF(OR(WEEKDAY(A33)=1,WEEKDAY(A33)=7,NOT(ISERROR(MATCH(A33,[1]Праздники!A:A,0)))),SUM(E33*225)*1.5,SUM(E33*225)) -> 0 | L33: =IF(OR(WEEKDAY(A33)=1,WEEKDAY(A33)=7,NOT(ISERROR(MATCH(A33,[1]Праздники!A:A,0)))),SUM(F33*225)*1.5,SUM(F33*225)) -> 0 | M33: =SUM(G33*15) -> 6969.45 | N33: =SUM(H33)*750 -> 0 | O33: =SUM(I33:N33) -> 16921.2 | P33: =IF(OR(WEEKDAY(A33)=1,WEEKDAY(A33)=7,NOT(ISERROR(MATCH(A33,[1]Праздники!A:A,0)))),"Выходной","Рабочий") -> Выходной
C34: 0 | D34: 0 | G34: =IF(A34 ="",0,G33+C34+E34-D33-F33) -> 0 | I34: =IF(P34="Выходной",SUM(C34*150)*1.5,SUM(C34*150)) -> 0 | J34: =IF(P34="Выходной",SUM(D34*150)*1.5,SUM(D34*150)) -> 0 | K34: =IF(OR(WEEKDAY(A34)=1,WEEKDAY(A34)=7,NOT(ISERROR(MATCH(A34,[1]Праздники!A:A,0)))),SUM(E34*225)*1.5,SUM(E34*225)) -> 0 | L34: =IF(OR(WEEKDAY(A34)=1,WEEKDAY(A34)=7,NOT(ISERROR(MATCH(A34,[1]Праздники!A:A,0)))),SUM(F34*225)*1.5,SUM(F34*225)) -> 0 | M34: =SUM(G34*15) -> 0 | N34: =SUM(H34)*750 -> 0 | O34: =SUM(I34:N34) -> 0 | P34: =IF(OR(WEEKDAY(A34)=1,WEEKDAY(A34)=7,NOT(ISERROR(MATCH(A34,[1]Праздники!A:A,0)))),"Выходной","Рабочий") -> Выходной
C35: 0 | D35: 0 | G35: =IF(A35 ="",0,G34+C35+E35-D34-F34) -> 0 | I35: =IF(P35="Выходной",SUM(C35*150)*1.5,SUM(C35*150)) -> 0 | J35: =IF(P35="Выходной",SUM(D35*150)*1.5,SUM(D35*150)) -> 0 | K35: =IF(OR(WEEKDAY(A35)=1,WEEKDAY(A35)=7,NOT(ISERROR(MATCH(A35,[1]Праздники!A:A,0)))),SUM(E35*225)*1.5,SUM(E35*225)) -> 0 | L35: =IF(OR(WEEKDAY(A35)=1,WEEKDAY(A35)=7,NOT(ISERROR(MATCH(A35,[1]Праздники!A:A,0)))),SUM(F35*225)*1.5,SUM(F35*225)) -> 0 | M35: =SUM(G35*15) -> 0 | N35: =SUM(H35)*750 -> 0 | O35: =SUM(I35:N35) -> 0 | P35: =IF(OR(WEEKDAY(A35)=1,WEEKDAY(A35)=7,NOT(ISERROR(MATCH(A35,[1]Праздники!A:A,0)))),"Выходной","Рабочий") -> Выходной
C36: 0 | D36: 0 | G36: =IF(A36 ="",0,G35+C36+E36-D35-F35) -> 0 | I36: =IF(P36="Выходной",SUM(C36*150)*1.5,SUM(C36*150)) -> 0 | J36: =IF(P36="Выходной",SUM(D36*150)*1.5,SUM(D36*150)) -> 0 | K36: =IF(OR(WEEKDAY(A36)=1,WEEKDAY(A36)=7,NOT(ISERROR(MATCH(A36,[1]Праздники!A:A,0)))),SUM(E36*225)*1.5,SUM(E36*225)) -> 0 | L36: =IF(OR(WEEKDAY(A36)=1,WEEKDAY(A36)=7,NOT(ISERROR(MATCH(A36,[1]Праздники!A:A,0)))),SUM(F36*225)*1.5,SUM(F36*225)) -> 0 | M36: =SUM(G36*15) -> 0 | N36: =SUM(H36)*750 -> 0 | O36: =SUM(I36:N36) -> 0 | P36: =IF(OR(WEEKDAY(A36)=1,WEEKDAY(A36)=7,NOT(ISERROR(MATCH(A36,[1]Праздники!A:A,0)))),"Выходной","Рабочий") -> Выходной
C37: =SUM(C6:C36) -> 442.3 | D37: =SUM(D6:D36) -> 1366.94 | E37: =SUM(E6:E36) -> 0 | F37: =SUM(F6:F36) -> 0 | G37: =SUM(G6:G36) -> 35879.32 | H37: =SUM(H6:H36) -> 0 | I37: =SUM(I6:I36) -> 67995 | J37: =SUM(J6:J36) -> 234758.25 | ... O37: =SUM(O6:O36) -> 840943.05
N38: С НДС; | O38: =O37*1.22 -> 1025950.5

Sheet Нижнекамск экспорт
A3: =IF(DAY(TODAY())>27,"Акт № от " & TEXT(TODAY(),"ДД ММММ ГГГГ"),"Акт № от " & TEXT(TODAY()-DAY(TODAY()),"ДД ММММ ГГГГ")) -> Акт № от 31 Март 2026
A4: =IF(DAY(TODAY()) > 27, "выполненных работ (оказанных услуг) за " & TEXT(TODAY(),"ММММ ГГГГ"),"выполненных работ (оказанных услуг) за " & TEXT(TODAY()-DAY(TODAY()),"ММММ ГГГГ")) -> выполненных работ (оказанных услуг) за Март 2026
A5: по Договору хранения № СХ.47103 от «10» апреля 2025 г.
A7: =IF(DAY(TODAY()) > 27,"Во исполнение Договора в период с " & TEXT(TODAY()-DAY(TODAY()-DAY(TODAY())),"ДД ММММ ГГГГ") & " г. По " & TEXT(TODAY(),"ДД ММММ ГГГГ") & " г. ХРАНИТЕЛЬ оказал ПОКЛАЖЕДАТЕЛЮ следующие услуги (работы):"," Во исполнение Договора в период с " & TEXT(TODAY()-DAY(TODAY())-DAY(TODAY()-DAY(TODAY()))+1,"ДД ММММ ГГГГ") & " г. По " & TEXT(TODAY()-DAY(TODAY()),"ДД ММММ ГГГГ") & " г. ХРАНИТЕЛЬ оказал ПОКЛАЖЕДАТЕЛЮ следующие услуги (работы):") -> Во исполнение Договора в период с 01 Март 2026 г. По 31 Март 2026 г. ХРАНИТЕЛЬ оказал ПОКЛАЖЕДАТЕЛЮ следующие услуги (работы):
A9: № | B9: Наименование услуг (работ) | C9: Ед. изм. | D9: Количество | E9: Цена | F9: Сумма без НДС | G9: Сумма с НДС
A10: 1 | B10: оформление документов | C10: шт. | D10: 30 | E10: 2000 | F10: =SUM(D10*E10) -> 60000 | G10: =F10*1.22 -> 73200
A11: 2 | B11: Оформление сертификата | C11: шт. | F11: =SUM(D11*E11) -> 0 | G11: =F11*1.2 -> 0
F12: =SUM(F10:F11) -> 60000 | G12: =SUM(G10:G11) -> 73200
A13: Итого: | B13: шестьдесят тысячь рублей ноль копеек
A14: Без налога (НДС): | B14: =B13 -> шестьдесят тысячь рублей ноль копеек
A15: Всего (с учетом НДС) | B15: семьдесят три тысячи двести рублей ноль копеек
A16: Вышеперечисленные услуги (работы) выполнены полностью.
A17: ПОКЛАЖЕДАТЕЛЬ претензий по объему, качеству и срокам оказания услуг претензий не имеет.
A20: ООО "ДТМ" | D20: ПАО "СИБУР Холдинг"
A22: ____________________Расстегаев Д.О. | D22: ____________________

Sheet Баумана экспорт
A3: =IF(DAY(TODAY())>27,"Акт № от " & TEXT(TODAY(),"ДД ММММ ГГГГ"),"Акт № от " & TEXT(TODAY()-DAY(TODAY()),"ДД ММММ ГГГГ")) & " г. Нижний Новгород склад Баумана" -> Акт № от 31 Март 2026 г. Нижний Новгород склад Баумана
A4: =IF(DAY(TODAY()) > 27, "выполненных работ (оказанных услуг) за " & TEXT(TODAY(),"ММММ ГГГГ"),"выполненных работ (оказанных услуг) за " & TEXT(TODAY()-DAY(TODAY()),"ММММ ГГГГ")) -> выполненных работ (оказанных услуг) за Март 2026
A5: по Договору хранения № СХ.45411 от «01» января 2025 г.
A7: =IF(DAY(TODAY()) > 27,"Во исполнение Договора в период с " & TEXT(TODAY()-DAY(TODAY()-DAY(TODAY())),"ДД ММММ ГГГГ") & " г. По " & TEXT(TODAY(),"ДД ММММ ГГГГ") & " г. ХРАНИТЕЛЬ оказал ПОКЛАЖЕДАТЕЛЮ следующие услуги (работы):"," Во исполнение Договора в период с " & TEXT(TODAY()-DAY(TODAY())-DAY(TODAY()-DAY(TODAY()))+1,"ДД ММММ ГГГГ") & " г. По " & TEXT(TODAY()-DAY(TODAY()),"ДД ММММ ГГГГ") & " г. ХРАНИТЕЛЬ оказал ПОКЛАЖЕДАТЕЛЮ следующие услуги (работы):") -> Во исполнение Договора в период с 01 Март 2026 г. По 31 Март 2026 г. ХРАНИТЕЛЬ оказал ПОКЛАЖЕДАТЕЛЮ следующие услуги (работы):
A9: № | B9: Наименование услуг (работ) | C9: Ед. изм. | D9: Количество | E9: Цена | F9: Сумма без НДС | G9: Сумма с НДС
A10: 1 | B10: оформление документов | C10: шт. | D10: 22 | E10: 1000 | F10: =SUM(D10*E10) -> 22000 | G10: =F10*1.22 -> 26840
A11: 2 | B11: Оформление сертификата | C11: шт. | F11: =SUM(D11*E11) -> 0 | G11: =F11*1.2 -> 0
F12: =SUM(F10:F11) -> 22000 | G12: =SUM(G10:G11) -> 26840
A13: Итого: | B13: двадцать две тысячи рублей ноль копеек
A14: Без налога (НДС): | B14: =B13 -> двадцать две тысячи рублей ноль копеек
A15: Всего (с учетом НДС) | B15: двадцать шесть тысяч восемьсот сорок рублей ноль копеек
A16: Вышеперечисленные услуги (работы) выполнены полностью.
A17: ПОКЛАЖЕДАТЕЛЬ претензий по объему, качеству и срокам оказания услуг претензий не имеет.
A20: ООО "ДТМ" | D20: ПАО "СИБУР Холдинг"
A22: ____________________Расстегаев Д.О. | D22: ____________________

Sheet Зеленодольск экспорт
A3: =IF(DAY(TODAY())>27,"Акт № от " & TEXT(TODAY(),"ДД ММММ ГГГГ"),"Акт № от " & TEXT(TODAY()-DAY(TODAY()),"ДД ММММ ГГГГ")) & " г. Зеленодольск" -> Акт № от 31 Март 2026 г. Зеленодольск
A4: =IF(DAY(TODAY()) > 27, "выполненных работ (оказанных услуг) за " & TEXT(TODAY(),"ММММ ГГГГ"),"выполненных работ (оказанных услуг) за " & TEXT(TODAY()-DAY(TODAY()),"ММММ ГГГГ")) -> выполненных работ (оказанных услуг) за Март 2026
A5: по Договору хранения № СХ.47103 от «10» апреля 2025 г.
A7: =IF(DAY(TODAY()) > 27,"Во исполнение Договора в период с " & TEXT(TODAY()-DAY(TODAY()-DAY(TODAY())),"ДД ММММ ГГГГ") & " г. По " & TEXT(TODAY(),"ДД ММММ ГГГГ") & " г. ХРАНИТЕЛЬ оказал ПОКЛАЖЕДАТЕЛЮ следующие услуги (работы):"," Во исполнение Договора в период с " & TEXT(TODAY()-DAY(TODAY())-DAY(TODAY()-DAY(TODAY()))+1,"ДД ММММ ГГГГ") & " г. По " & TEXT(TODAY()-DAY(TODAY()),"ДД ММММ ГГГГ") & " г. ХРАНИТЕЛЬ оказал ПОКЛАЖЕДАТЕЛЮ следующие услуги (работы):") -> Во исполнение Договора в период с 01 Март 2026 г. По 31 Март 2026 г. ХРАНИТЕЛЬ оказал ПОКЛАЖЕДАТЕЛЮ следующие услуги (работы):
A9: № | B9: Наименование услуг (работ) | C9: Ед. изм. | D9: Количество | E9: Цена | F9: Сумма без НДС | G9: Сумма с НДС
A10: 1 | B10: оформление документов | C10: шт. | D10: 1 | E10: 2000 | F10: =SUM(D10*E10) -> 2000 | G10: =F10*1.22 -> 2440
A11: 2 | B11: Оформление сертификата | C11: шт. | F11: =SUM(D11*E11) -> 0 | G11: =F11*1.2 -> 0
F12: =SUM(F10:F11) -> 2000 | G12: =SUM(G10:G11) -> 2440
A13: Итого: | B13: две тысячи рублей ноль копеек
A14: Без налога (НДС): | B14: =B13 -> две тысячи рублей ноль копеек
A15: Всего (с учетом НДС) | B15: две тысячи четыреста сорок рублей ноль копеек
A16: Вышеперечисленные услуги (работы) выполнены полностью.
A17: ПОКЛАЖЕДАТЕЛЬ претензий по объему, качеству и срокам оказания услуг претензий не имеет.
A20: ООО "ДТМ" | D20: ПАО "СИБУР Холдинг"
A22: ____________________Расстегаев Д.О. | D22: ____________________

Sheet Литейные решения
A1: =R36 -> 7786
B2: Отчет по хранению товара за Февраль
A3: № | B3: дата | D3: Выгрузка кол-во паллет | E3: Загрузка кол-во паллет | F3: Ручная загрузка | G3: Ручная выгрузка | H3: Хранение | I3: предоставление паллеты | J3: Фильмаж (паллет) | K3: стоимость выгрузки | L3: стоимость загрузки | M3: Стоимость ручной загрузки | N3: Стоимость ручной выгрузки | O3: стоимость хранения | P3: Стоимость предоставления паллета | Q3: стоимость услуги фильмаж | R3: итого
H4: (кол-во паллет)
A5: 1 | B5: 46054 | H5: 19 | K5: =SUM(D5*171) -> 0 | L5: =SUM(E5*171) -> 0 | M5: =F5*1018 -> 0 | N5: =G5*1018 -> 0 | O5: =SUM(H5*22) -> 418 | P5: =I5*509 -> 0 | Q5: =SUM(J5)*610 -> 0 | R5: =SUM(K5:Q5) -> 418
A6: 2 | B6: 46055 | H6: =H5+D6-E5 -> 19 | K6: =SUM(D6*171) -> 0 | L6: =SUM(E6*171) -> 0 | M6: =F6*1018 -> 0 | N6: =G6*1018 -> 0 | O6: =SUM(H6*22) -> 418 | P6: =I6*509 -> 0 | Q6: =SUM(J6)*610 -> 0 | R6: =SUM(K6:Q6) -> 418
A7: 3 | B7: 46056 | H7: =H6+D7-E6 -> 19 | K7: =SUM(D7*171) -> 0 | L7: =SUM(E7*171) -> 0 | M7: =F7*1018 -> 0 | N7: =G7*1018 -> 0 | O7: =SUM(H7*22) -> 418 | P7: =I7*509 -> 0 | Q7: =SUM(J7)*610 -> 0 | R7: =SUM(K7:Q7) -> 418
A8: 4 | B8: 46057 | H8: =H7+D8-E7 -> 19 | K8: =SUM(D8*171) -> 0 | L8: =SUM(E8*171) -> 0 | M8: =F8*1018 -> 0 | N8: =G8*1018 -> 0 | O8: =SUM(H8*22) -> 418 | P8: =I8*509 -> 0 | Q8: =SUM(J8)*610 -> 0 | R8: =SUM(K8:Q8) -> 418
A9: 5 | B9: 46058 | H9: =H8+D9-E8 -> 19 | K9: =SUM(D9*171) -> 0 | L9: =SUM(E9*171) -> 0 | M9: =F9*1018 -> 0 | N9: =G9*1018 -> 0 | O9: =SUM(H9*22) -> 418 | P9: =I9*509 -> 0 | Q9: =SUM(J9)*610 -> 0 | R9: =SUM(K9:Q9) -> 418
A10: 6 | B10: 46059 | E10: 10 | H10: =H9+D10-E9 -> 19 | K10: =SUM(D10*171) -> 0 | L10: =SUM(E10*171) -> 1710 | M10: =F10*1018 -> 0 | N10: =G10*1018 -> 0 | O10: =SUM(H10*22) -> 418 | P10: =I10*509 -> 0 | Q10: =SUM(J10)*610 -> 0 | R10: =SUM(K10:Q10) -> 2128
A11: 7 | B11: 46060 | H11: =H10+D11-E10 -> 9 | K11: =SUM(D11*171) -> 0 | L11: =SUM(E11*171) -> 0 | M11: =F11*1018 -> 0 | N11: =G11*1018 -> 0 | O11: =SUM(H11*22) -> 198 | P11: =I11*509 -> 0 | Q11: =SUM(J11)*610 -> 0 | R11: =SUM(K11:Q11) -> 198
A12: 8 | B12: 46061 | H12: =H11+D12-E11 -> 9 | K12: =SUM(D12*171) -> 0 | L12: =SUM(E12*171) -> 0 | M12: =F12*1018 -> 0 | N12: =G12*1018 -> 0 | O12: =SUM(H12*22) -> 198 | P12: =I12*509 -> 0 | Q12: =SUM(J12)*610 -> 0 | R12: =SUM(K12:Q12) -> 198
A13: 9 | B13: 46062 | H13: =H12+D13-E12 -> 9 | K13: =SUM(D13*171) -> 0 | L13: =SUM(E13*171) -> 0 | M13: =F13*1018 -> 0 | N13: =G13*1018 -> 0 | O13: =SUM(H13*22) -> 198 | P13: =I13*509 -> 0 | Q13: =SUM(J13)*610 -> 0 | R13: =SUM(K13:Q13) -> 198
A14: 10 | B14: 46063 | E14: 4 | H14: =H13+D14-E13 -> 9 | K14: =SUM(D14*171) -> 0 | L14: =SUM(E14*171) -> 684 | M14: =F14*1018 -> 0 | N14: =G14*1018 -> 0 | O14: =SUM(H14*22) -> 198 | P14: =I14*509 -> 0 | Q14: =SUM(J14)*610 -> 0 | R14: =SUM(K14:Q14) -> 882
A15: 11 | B15: 46064 | H15: =H14+D15-E14 -> 5 | K15: =SUM(D15*171) -> 0 | L15: =SUM(E15*171) -> 0 | M15: =F15*1018 -> 0 | N15: =G15*1018 -> 0 | O15: =SUM(H15*22) -> 110 | P15: =I15*509 -> 0 | Q15: =SUM(J15)*610 -> 0 | R15: =SUM(K15:Q15) -> 110
A16: 12 | B16: 46065 | H16: =H15+D16-E15 -> 5 | K16: =SUM(D16*171) -> 0 | L16: =SUM(E16*171) -> 0 | M16: =F16*1018 -> 0 | N16: =G16*1018 -> 0 | O16: =SUM(H16*22) -> 110 | P16: =I16*509 -> 0 | Q16: =SUM(J16)*610 -> 0 | R16: =SUM(K16:Q16) -> 110
A17: 13 | B17: 46066 | H17: =H16+D17-E16 -> 5 | K17: =SUM(D17*171) -> 0 | L17: =SUM(E17*171) -> 0 | M17: =F17*1018 -> 0 | N17: =G17*1018 -> 0 | O17: =SUM(H17*22) -> 110 | P17: =I17*509 -> 0 | Q17: =SUM(J17)*610 -> 0 | R17: =SUM(K17:Q17) -> 110
A18: 14 | B18: 46067 | H18: =H17+D18-E17 -> 5 | K18: =SUM(D18*171) -> 0 | L18: =SUM(E18*171) -> 0 | M18: =F18*1018 -> 0 | N18: =G18*1018 -> 0 | O18: =SUM(H18*22) -> 110 | P18: =I18*509 -> 0 | Q18: =SUM(J18)*610 -> 0 | R18: =SUM(K18:Q18) -> 110
A19: 15 | B19: 46068 | H19: =H18+D19-E18 -> 5 | K19: =SUM(D19*171) -> 0 | L19: =SUM(E19*171) -> 0 | M19: =F19*1018 -> 0 | N19: =G19*1018 -> 0 | O19: =SUM(H19*22) -> 110 | P19: =I19*509 -> 0 | Q19: =SUM(J19)*610 -> 0 | R19: =SUM(K19:Q19) -> 110
A20: 16 | B20: 46069 | H20: =H19+D20-E19 -> 5 | K20: =SUM(D20*171) -> 0 | L20: =SUM(E20*171) -> 0 | M20: =F20*1018 -> 0 | N20: =G20*1018 -> 0 | O20: =SUM(H20*22) -> 110 | P20: =I20*509 -> 0 | Q20: =SUM(J20)*610 -> 0 | R20: =SUM(K20:Q20) -> 110
A21: 17 | B21: 46070 | H21: =H20+D21-E20 -> 5 | K21: =SUM(D21*171) -> 0 | L21: =SUM(E21*171) -> 0 | M21: =F21*1018 -> 0 | N21: =G21*1018 -> 0 | O21: =SUM(H21*22) -> 110 | P21: =I21*509 -> 0 | Q21: =SUM(J21)*610 -> 0 | R21: =SUM(K21:Q21) -> 110
A22: 18 | B22: 46071 | E22: 2 | H22: =H21+D22-E21 -> 5 | K22: =SUM(D22*171) -> 0 | L22: =SUM(E22*171) -> 342 | M22: =F22*1018 -> 0 | N22: =G22*1018 -> 0 | O22: =SUM(H22*22) -> 110 | P22: =I22*509 -> 0 | Q22: =SUM(J22)*610 -> 0 | R22: =SUM(K22:Q22) -> 452
A23: 19 | B23: 46072 | H23: =H22+D23-E22 -> 3 | K23: =SUM(D23*171) -> 0 | L23: =SUM(E23*171) -> 0 | M23: =F23*1018 -> 0 | N23: =G23*1018 -> 0 | O23: =SUM(H23*22) -> 66 | P23: =I23*509 -> 0 | Q23: =SUM(J23)*610 -> 0 | R23: =SUM(K23:Q23) -> 66
A24: 20 | B24: 46073 | H24: =H23+D24-E23 -> 3 | K24: =SUM(D24*171) -> 0 | L24: =SUM(E24*171) -> 0 | M24: =F24*1018 -> 0 | N24: =G24*1018 -> 0 | O24: =SUM(H24*22) -> 66 | P24: =I24*509 -> 0 | Q24: =SUM(J24)*610 -> 0 | R24: =SUM(K24:Q24) -> 66
A25: 21 | B25: 46074 | H25: =H24+D25-E24 -> 3 | K25: =SUM(D25*171) -> 0 | L25: =SUM(E25*171) -> 0 | M25: =F25*1018 -> 0 | N25: =G25*1018 -> 0 | O25: =SUM(H25*22) -> 66 | P25: =I25*509 -> 0 | Q25: =SUM(J25)*610 -> 0 | R25: =SUM(K25:Q25) -> 66
A26: 22 | B26: 46075 | H26: =H25+D26-E25 -> 3 | K26: =SUM(D26*171) -> 0 | L26: =SUM(E26*171) -> 0 | M26: =F26*1018 -> 0 | N26: =G26*1018 -> 0 | O26: =SUM(H26*22) -> 66 | P26: =I26*509 -> 0 | Q26: =SUM(J26)*610 -> 0 | R26: =SUM(K26:Q26) -> 66
A27: 23 | B27: 46076 | H27: =H26+D27-E26 -> 3 | K27: =SUM(D27*171) -> 0 | L27: =SUM(E27*171) -> 0 | M27: =F27*1018 -> 0 | N27: =G27*1018 -> 0 | O27: =SUM(H27*22) -> 66 | P27: =I27*509 -> 0 | Q27: =SUM(J27)*610 -> 0 | R27: =SUM(K27:Q27) -> 66
A28: 24 | B28: 46077 | H28: =H27+D28-E27 -> 3 | K28: =SUM(D28*171) -> 0 | L28: =SUM(E28*171) -> 0 | M28: =F28*1018 -> 0 | N28: =G28*1018 -> 0 | O28: =SUM(H28*22) -> 66 | P28: =I28*509 -> 0 | Q28: =SUM(J28)*610 -> 0 | R28: =SUM(K28:Q28) -> 66
A29: 25 | B29: 46078 | E29: 2 | H29: =H28+D29-E28 -> 3 | K29: =SUM(D29*171) -> 0 | L29: =SUM(E29*171) -> 342 | M29: =F29*1018 -> 0 | N29: =G29*1018 -> 0 | O29: =SUM(H29*22) -> 66 | P29: =I29*509 -> 0 | Q29: =SUM(J29)*610 -> 0 | R29: =SUM(K29:Q29) -> 408
A30: 26 | B30: 46079 | H30: =H29+D30-E29 -> 1 | K30: =SUM(D30*171) -> 0 | L30: =SUM(E30*171) -> 0 | M30: =F30*1018 -> 0 | N30: =G30*1018 -> 0 | O30: =SUM(H30*22) -> 22 | P30: =I30*509 -> 0 | Q30: =SUM(J30)*610 -> 0 | R30: =SUM(K30:Q30) -> 22
A31: 27 | B31: 46080 | H31: =H30+D31-E30 -> 1 | K31: =SUM(D31*171) -> 0 | L31: =SUM(E31*171) -> 0 | M31: =F31*1018 -> 0 | N31: =G31*1018 -> 0 | O31: =SUM(H31*22) -> 22 | P31: =I31*509 -> 0 | Q31: =SUM(J31)*610 -> 0 | R31: =SUM(K31:Q31) -> 22
A32: 28 | B32: 46081 | H32: =H31+D32-E31 -> 1 | K32: =SUM(D32*171) -> 0 | L32: =SUM(E32*171) -> 0 | M32: =F32*1018 -> 0 | N32: =G32*1018 -> 0 | O32: =SUM(H32*22) -> 22 | P32: =I32*509 -> 0 | Q32: =SUM(J32)*610 -> 0 | R32: =SUM(K32:Q32) -> 22
A33: 29 | K33: =SUM(D33*171) -> 0 | L33: =SUM(E33*171) -> 0 | M33: =F33*1018 -> 0 | N33: =G33*1018 -> 0 | O33: =SUM(H33*22) -> 0 | P33: =I33*509 -> 0 | Q33: =SUM(J33)*610 -> 0 | R33: =SUM(K33:Q33) -> 0
A34: 30 | K34: =SUM(D34*171) -> 0 | L34: =SUM(E34*171) -> 0 | M34: =F34*1018 -> 0 | N34: =G34*1018 -> 0 | O34: =SUM(H34*22) -> 0 | P34: =I34*509 -> 0 | Q34: =SUM(J34)*610 -> 0 | R34: =SUM(K34:Q34) -> 0
A35: 31 | K35: =SUM(D35*171) -> 0 | L35: =SUM(E35*171) -> 0 | M35: =F35*1018 -> 0 | N35: =G35*1018 -> 0 | O35: =SUM(H35*22) -> 0 | P35: =I35*509 -> 0 | Q35: =SUM(J35)*610 -> 0 | R35: =SUM(K35:Q35) -> 0
D36: =SUM(D5:D35) -> 0 | E36: =SUM(E5:E35) -> 18 | F36: =SUM(F5:F35) -> 0 | H36: =SUM(H5:H35) -> 214 | K36: =SUM(K5:K35) -> 0 | L36: =SUM(L5:L35) -> 3078 | M36: =SUM(M5:M35) -> 0 | N36: =SUM(N5:N35) -> 0 | O36: =SUM(O5:O35) -> 4708 | P36: =SUM(P5:P35) -> 0 | Q36: =SUM(Q5:Q35) -> 0 | R36: =SUM(R5:R35) -> 7786

Sheet ЛС-Техномет
A1: =R36 -> 604.8
B2: Отчет по хранению товара за Февраль
A3: № | B3: дата | D3: Выгрузка кол-во паллет | E3: Загрузка кол-во паллет | F3: Ручная загрузка | G3: Ручная выгрузка | H3: Хранение | I3: предоставление паллеты | J3: Фильмаж (паллет) | K3: стоимость выгрузки | L3: стоимость загрузки | M3: Стоимость ручной загрузки | N3: Стоимость ручной выгрузки | O3: стоимость хранения | P3: Стоимость предоставления паллета | Q3: стоимость услуги фильмаж | R3: итого
H4: (кол-во паллет)
A5: 1 | B5: 46054 | H5: 1 | K5: =SUM(D5*168) -> 0 | L5: =SUM(E5*168) -> 0 | M5: =F5*1000 -> 0 | N5: =G5*1000 -> 0 | O5: =SUM(H5*21.6) -> 21.6 | P5: =I5*500 -> 0 | Q5: =SUM(J5)*600 -> 0 | R5: =SUM(K5:Q5) -> 21.6
A6: 2 | B6: 46055 | H6: 1 | K6: =SUM(D6*168) -> 0 | L6: =SUM(E6*168) -> 0 | M6: =F6*1000 -> 0 | N6: =G6*1000 -> 0 | O6: =SUM(H6*21.6) -> 21.6 | P6: =I6*500 -> 0 | Q6: =SUM(J6)*600 -> 0 | R6: =SUM(K6:Q6) -> 21.6
A7: 3 | B7: 46056 | H7: 1 | K7: =SUM(D7*168) -> 0 | L7: =SUM(E7*168) -> 0 | M7: =F7*1000 -> 0 | N7: =G7*1000 -> 0 | O7: =SUM(H7*21.6) -> 21.6 | P7: =I7*500 -> 0 | Q7: =SUM(J7)*600 -> 0 | R7: =SUM(K7:Q7) -> 21.6
A8: 4 | B8: 46057 | H8: 1 | K8: =SUM(D8*168) -> 0 | L8: =SUM(E8*168) -> 0 | M8: =F8*1000 -> 0 | N8: =G8*1000 -> 0 | O8: =SUM(H8*21.6) -> 21.6 | P8: =I8*500 -> 0 | Q8: =SUM(J8)*600 -> 0 | R8: =SUM(K8:Q8) -> 21.6
A9: 5 | B9: 46058 | H9: 1 | K9: =SUM(D9*168) -> 0 | L9: =SUM(E9*168) -> 0 | M9: =F9*1000 -> 0 | N9: =G9*1000 -> 0 | O9: =SUM(H9*21.6) -> 21.6 | P9: =I9*500 -> 0 | Q9: =SUM(J9)*600 -> 0 | R9: =SUM(K9:Q9) -> 21.6
A10: 6 | B10: 46059 | H10: 1 | K10: =SUM(D10*168) -> 0 | L10: =SUM(E10*168) -> 0 | M10: =F10*1000 -> 0 | N10: =G10*1000 -> 0 | O10: =SUM(H10*21.6) -> 21.6 | P10: =I10*500 -> 0 | Q10: =SUM(J10)*600 -> 0 | R10: =SUM(K10:Q10) -> 21.6
A11: 7 | B11: 46060 | H11: 1 | K11: =SUM(D11*168) -> 0 | L11: =SUM(E11*168) -> 0 | M11: =F11*1000 -> 0 | N11: =G11*1000 -> 0 | O11: =SUM(H11*21.6) -> 21.6 | P11: =I11*500 -> 0 | Q11: =SUM(J11)*600 -> 0 | R11: =SUM(K11:Q11) -> 21.6
A12: 8 | B12: 46061 | H12: 1 | K12: =SUM(D12*168) -> 0 | L12: =SUM(E12*168) -> 0 | M12: =F12*1000 -> 0 | N12: =G12*1000 -> 0 | O12: =SUM(H12*21.6) -> 21.6 | P12: =I12*500 -> 0 | Q12: =SUM(J12)*600 -> 0 | R12: =SUM(K12:Q12) -> 21.6
A13: 9 | B13: 46062 | H13: 1 | K13: =SUM(D13*168) -> 0 | L13: =SUM(E13*168) -> 0 | M13: =F13*1000 -> 0 | N13: =G13*1000 -> 0 | O13: =SUM(H13*21.6) -> 21.6 | P13: =I13*500 -> 0 | Q13: =SUM(J13)*600 -> 0 | R13: =SUM(K13:Q13) -> 21.6
A14: 10 | B14: 46063 | H14: 1 | K14: =SUM(D14*168) -> 0 | L14: =SUM(E14*168) -> 0 | M14: =F14*1000 -> 0 | N14: =G14*1000 -> 0 | O14: =SUM(H14*21.6) -> 21.6 | P14: =I14*500 -> 0 | Q14: =SUM(J14)*600 -> 0 | R14: =SUM(K14:Q14) -> 21.6
A15: 11 | B15: 46064 | H15: 1 | K15: =SUM(D15*168) -> 0 | L15: =SUM(E15*168) -> 0 | M15: =F15*1000 -> 0 | N15: =G15*1000 -> 0 | O15: =SUM(H15*21.6) -> 21.6 | P15: =I15*500 -> 0 | Q15: =SUM(J15)*600 -> 0 | R15: =SUM(K15:Q15) -> 21.6
A16: 12 | B16: 46065 | H16: 1 | K16: =SUM(D16*168) -> 0 | L16: =SUM(E16*168) -> 0 | M16: =F16*1000 -> 0 | N16: =G16*1000 -> 0 | O16: =SUM(H16*21.6) -> 21.6 | P16: =I16*500 -> 0 | Q16: =SUM(J16)*600 -> 0 | R16: =SUM(K16:Q16) -> 21.6
... A32: 28 | B32: 46081 | H32: 1 | K32: =SUM(D32*168) -> 0 | L32: =SUM(E32*168) -> 0 | M32: =F32*1000 -> 0 | N32: =G32*1000 -> 0 | O32: =SUM(H32*21.6) -> 21.6 | P32: =I32*500 -> 0 | Q32: =SUM(J32)*600 -> 0 | R32: =SUM(K32:Q32) -> 21.6
A33: 29 | K33: =SUM(D33*168) -> 0 | L33: =SUM(E33*168) -> 0 | M33: =F33*1000 -> 0 | N33: =G33*1000 -> 0 | O33: =SUM(H33*21.6) -> 0 | P33: =I33*500 -> 0 | Q33: =SUM(J33)*600 -> 0 | R33: =SUM(K33:Q33) -> 0
A34: 30 | K34: =SUM(D34*168) -> 0 | L34: =SUM(E34*168) -> 0 | M34: =F34*1000 -> 0 | N34: =G34*1000 -> 0 | O34: =SUM(H34*21.6) -> 0 | P34: =I34*500 -> 0 | Q34: =SUM(J34)*600 -> 0 | R34: =SUM(K34:Q34) -> 0
K35: =SUM(D35*168) -> 0 | L35: =SUM(E35*168) -> 0 | M35: =F35*1000 -> 0 | N35: =G35*1000 -> 0 | O35: =SUM(H35*21.6) -> 0 | P35: =I35*500 -> 0 | Q35: =SUM(J35)*600 -> 0 | R35: =SUM(K35:Q35) -> 0
D36: =SUM(D5:D35) -> 0 | E36: =SUM(E5:E35) -> 0 | F36: =SUM(F5:F35) -> 0 | H36: =SUM(H5:H35) -> 28 | K36: =SUM(K5:K35) -> 0 | L36: =SUM(L5:L35) -> 0 | M36: =SUM(M5:M35) -> 0 | N36: =SUM(N5:N35) -> 0 | O36: =SUM(O5:O35) -> 604.8 | P36: =SUM(P5:P35) -> 0 | Q36: =SUM(Q5:Q35) -> 0 | R36: =SUM(R5:R35) -> 604.8

Sheet Сандекс
A1: =S39 -> 578.4
A4: Отчет "Сандекс" Февраль 2025 | L4: Стоимость
A5: дата | C5: Выгрузка паллет | D5: Выгрузка короб | E5: Загрузка паллет | F5: Загрузка короб | G5: Наборка короб | J5: Палетирование | K5: Хранение | L5: Выгрузка палллет | M5: Выгрузка короб | N5: Загрузка паллет | O5: Загрузка короб | P5: Наборка | Q5: Паллетирование | R5: Хранение | S5: итого
K6: 1
A7: 46054 | J7: 0 | K7: 1 | L7: =C7*168 -> 0 | M7: =D7*4 -> 0 | N7: =E7*168 -> 0 | O7: =F7*4 -> 0 | P7: =G7*4 -> 0 | Q7: =J7*600 -> 0 | R7: =K7*21.6 -> 21.6 | S7: =SUM(L7:R7) -> 21.6
A8: 46055 | J8: 0 | K8: 1 | L8: =C8*168 -> 0 | M8: =D8*4 -> 0 | N8: =E8*168 -> 0 | O8: =F8*4 -> 0 | P8: =G8*4 -> 0 | Q8: =J8*600 -> 0 | R8: =K8*21.6 -> 21.6 | S8: =SUM(L8:R8) -> 21.6
A9: 46056 | J9: 0 | K9: 1 | L9: =C9*168 -> 0 | M9: =D9*4 -> 0 | N9: =E9*168 -> 0 | O9: =F9*4 -> 0 | P9: =G9*4 -> 0 | Q9: =J9*600 -> 0 | R9: =K9*21.6 -> 21.6 | S9: =SUM(L9:R9) -> 21.6
A10: 46057 | J10: 0 | K10: 1 | L10: =C10*168 -> 0 | M10: =D10*4 -> 0 | N10: =E10*168 -> 0 | O10: =F10*4 -> 0 | P10: =G10*4 -> 0 | Q10: =J10*600 -> 0 | R10: =K10*21.6 -> 21.6 | S10: =SUM(L10:R10) -> 21.6
A11: 46058 | J11: 0 | K11: 1 | L11: =C11*168 -> 0 | M11: =D11*4 -> 0 | N11: =E11*168 -> 0 | O11: =F11*4 -> 0 | P11: =G11*4 -> 0 | Q11: =J11*600 -> 0 | R11: =K11*21.6 -> 21.6 | S11: =SUM(L11:R11) -> 21.6
A12: 46059 | J12: 0 | K12: 1 | L12: =C12*168 -> 0 | M12: =D12*4 -> 0 | N12: =E12*168 -> 0 | O12: =F12*4 -> 0 | P12: =G12*4 -> 0 | Q12: =J12*600 -> 0 | R12: =K12*21.6 -> 21.6 | S12: =SUM(L12:R12) -> 21.6
A13: 46060 | J13: 0 | K13: 1 | L13: =C13*168 -> 0 | M13: =D13*4 -> 0 | N13: =E13*168 -> 0 | O13: =F13*4 -> 0 | P13: =G13*4 -> 0 | Q13: =J13*600 -> 0 | R13: =K13*21.6 -> 21.6 | S13: =SUM(L13:R13) -> 21.6
A14: 46061 | J14: 0 | K14: 1 | L14: =C14*168 -> 0 | M14: =D14*4 -> 0 | N14: =E14*168 -> 0 | O14: =F14*4 -> 0 | P14: =G14*4 -> 0 | Q14: =J14*600 -> 0 | R14: =K14*21.6 -> 21.6 | S14: =SUM(L14:R14) -> 21.6
A15: 46062 | J15: 0 | K15: 1 | L15: =C15*168 -> 0 | M15: =D15*4 -> 0 | N15: =E15*168 -> 0 | O15: =F15*4 -> 0 | P15: =G15*4 -> 0 | Q15: =J15*600 -> 0 | R15: =K15*21.6 -> 21.6 | S15: =SUM(L15:R15) -> 21.6
A16: 46063 | J16: 0 | K16: 1 | L16: =C16*168 -> 0 | M16: =D16*4 -> 0 | N16: =E16*168 -> 0 | O16: =F16*4 -> 0 | P16: =G16*4 -> 0 | Q16: =J16*600 -> 0 | R16: =K16*21.6 -> 21.6 | S16: =SUM(L16:R16) -> 21.6
A17: 46064 | J17: 0 | K17: 1 | L17: =C17*168 -> 0 | M17: =D17*4 -> 0 | N17: =E17*168 -> 0 | O17: =F17*4 -> 0 | P17: =G17*4 -> 0 | Q17: =J17*600 -> 0 | R17: =K17*21.6 -> 21.6 | S17: =SUM(L17:R17) -> 21.6
A18: 46065 | J18: 0 | K18: 1 | L18: =C18*168 -> 0 | M18: =D18*4 -> 0 | N18: =E18*168 -> 0 | O18: =F18*4 -> 0 | P18: =G18*4 -> 0 | Q18: =J18*600 -> 0 | R18: =K18*21.6 -> 21.6 | S18: =SUM(L18:R18) -> 21.6
... A24: 46071 | J24: 0 | K24: 1 | L24: =C24*168 -> 0 | M24: =D24*4 -> 0 | N24: =E24*168 -> 0 | O24: =F24*4 -> 0 | P24: =G24*4 -> 0 | Q24: =J24*600 -> 0 | R24: =K24*21.6 -> 21.6 | S24: =SUM(L24:R24) -> 21.6
A25: 46072 | E25: 1 | J25: 0 | K25: 1 | L25: =C25*168 -> 0 | M25: =D25*4 -> 0 | N25: =E25*168 -> 168 | O25: =F25*4 -> 0 | P25: =G25*4 -> 0 | Q25: =J25*600 -> 0 | R25: =K25*21.6 -> 21.6 | S25: =SUM(L25:R25) -> 189.6
A26: 46073 | J26: 0 | K26: 0 | L26: =C26*168 -> 0 | M26: =D26*4 -> 0 | N26: =E26*168 -> 0 | O26: =F26*4 -> 0 | P26: =G26*4 -> 0 | Q26: =J26*600 -> 0 | R26: =K26*21.6 -> 0 | S26: =SUM(L26:R26) -> 0
A27: 46074 | J27: 0 | K27: 0 | L27: =C27*168 -> 0 | M27: =D27*4 -> 0 | N27: =E27*168 -> 0 | O27: =F27*4 -> 0 | P27: =G27*4 -> 0 | Q27: =J27*600 -> 0 | R27: =K27*21.6 -> 0 | S27: =SUM(L27:R27) -> 0
A28: 46075 | J28: 0 | K28: 0 | L28: =C28*168 -> 0 | M28: =D28*4 -> 0 | N28: =E28*168 -> 0 | O28: =F28*4 -> 0 | P28: =G28*4 -> 0 | Q28: =J28*600 -> 0 | R28: =K28*21.6 -> 0 | S28: =SUM(L28:R28) -> 0
A29: 46076 | J29: 0 | K29: 0 | L29: =C29*168 -> 0 | M29: =D29*4 -> 0 | N29: =E29*168 -> 0 | O29: =F29*4 -> 0 | P29: =G29*4 -> 0 | Q29: =J29*600 -> 0 | R29: =K29*21.6 -> 0 | S29: =SUM(L29:R29) -> 0
A30: 46077 | J30: 0 | K30: 0 | L30: =C30*168 -> 0 | M30: =D30*4 -> 0 | N30: =E30*168 -> 0 | O30: =F30*4 -> 0 | P30: =G30*4 -> 0 | Q30: =J30*600 -> 0 | R30: =K30*21.6 -> 0 | S30: =SUM(L30:R30) -> 0
A31: 46078 | J31: 0 | K31: 0 | L31: =C31*168 -> 0 | M31: =D31*4 -> 0 | N31: =E31*168 -> 0 | O31: =F31*4 -> 0 | P31: =G31*4 -> 0 | Q31: =J31*600 -> 0 | R31: =K31*21.6 -> 0 | S31: =SUM(L31:R31) -> 0
A32: 46079 | J32: 0 | K32: 0 | L32: =C32*168 -> 0 | M32: =D32*4 -> 0 | N32: =E32*168 -> 0 | O32: =F32*4 -> 0 | P32: =G32*4 -> 0 | Q32: =J32*600 -> 0 | R32: =K32*21.6 -> 0 | S32: =SUM(L32:R32) -> 0
A33: 46080 | J33: 0 | K33: 0 | L33: =C33*168 -> 0 | M33: =D33*4 -> 0 | N33: =E33*168 -> 0 | O33: =F33*4 -> 0 | P33: =G33*4 -> 0 | Q33: =J33*600 -> 0 | R33: =K33*21.6 -> 0 | S33: =SUM(L33:R33) -> 0
A34: 46081 | J34: 0 | K34: 0 | L34: =C34*168 -> 0 | M34: =D34*4 -> 0 | N34: =E34*168 -> 0 | O34: =F34*4 -> 0 | P34: =G34*4 -> 0 | Q34: =J34*600 -> 0 | R34: =K34*21.6 -> 0 | S34: =SUM(L34:R34) -> 0
L35: =C35*168 -> 0 | M35: =D35*4 -> 0 | N35: =E35*168 -> 0 | O35: =F35*4 -> 0 | P35: =G35*4 -> 0 | Q35: =J35*600 -> 0 | R35: =K35*21.6 -> 0 | S35: =SUM(L35:R35) -> 0
L36: =C36*168 -> 0 | M36: =D36*4 -> 0 | N36: =E36*168 -> 0 | O36: =F36*4 -> 0 | P36: =G36*4 -> 0 | Q36: =J36*600 -> 0 | R36: =K36*21.6 -> 0 | S36: =SUM(L36:R36) -> 0
L37: =C37*168 -> 0 | M37: =D37*4 -> 0 | N37: =E37*168 -> 0 | O37: =F37*4 -> 0 | P37: =G37*4 -> 0 | Q37: =J37*600 -> 0 | R37: =K37*21.6 -> 0 | S37: =SUM(L37:R37) -> 0
A38: Итого | C38: =SUM(C7:C37) -> 0 | D38: =SUM(D7:D37) -> 0 | E38: =SUM(E7:E37) -> 1 | F38: =SUM(F7:F37) -> 0 | G38: =SUM(G7:G37) -> 0 | H38: =SUM(H7:H37) -> 0 | I38: =SUM(I7:I37) -> 0 | J38: =SUM(J7:J37) -> 0 | ... S38: =SUM(S7:S37) -> 578.4
R39: Итого | S39: =S38 -> 578.4

Sheet СтройТех
A1: =K36 -> 21478
A2: Отчет по хранению товара СтройТех за Февраль
A3: № | B3: дата | D3: Выгрузка кол-во паллет | E3: ручная загрузка | G3: Хранение | H3: стоимость выгрузки | I3: стоимость загр.. Работ | J3: стоимость хранения | K3: итого
E4: мультипак | F4: шт,. | G4: (кол-во паллет)
A5: 1 | B5: 46054 | G5: 49 | H5: =SUM(D5*60) -> 0 | I5: =SUM(E5*25+F5*7) -> 0 | J5: =SUM(G5*15) -> 735 | K5: =SUM(H5:J5) -> 735
A6: 2 | B6: 46055 | G6: 49 | H6: =SUM(D6*60) -> 0 | I6: =SUM(E6*25+F6*7) -> 0 | J6: =SUM(G6*15) -> 735 | K6: =SUM(H6:J6) -> 735
A7: 3 | B7: 46056 | G7: 49 | H7: =SUM(D7*60) -> 0 | I7: =SUM(E7*25+F7*7) -> 0 | J7: =SUM(G7*15) -> 735 | K7: =SUM(H7:J7) -> 735
A8: 4 | B8: 46057 | G8: 49 | H8: =SUM(D8*60) -> 0 | I8: =SUM(E8*25+F8*7) -> 0 | J8: =SUM(G8*15) -> 735 | K8: =SUM(H8:J8) -> 735
A9: 5 | B9: 46058 | G9: 49 | H9: =SUM(D9*60) -> 0 | I9: =SUM(E9*25+F9*7) -> 0 | J9: =SUM(G9*15) -> 735 | K9: =SUM(H9:J9) -> 735
A10: 6 | B10: 46059 | G10: 49 | H10: =SUM(D10*60) -> 0 | I10: =SUM(E10*25+F10*7) -> 0 | J10: =SUM(G10*15) -> 735 | K10: =SUM(H10:J10) -> 735
A11: 7 | B11: 46060 | G11: 49 | H11: =SUM(D11*60) -> 0 | I11: =SUM(E11*25+F11*7) -> 0 | J11: =SUM(G11*15) -> 735 | K11: =SUM(H11:J11) -> 735
A12: 8 | B12: 46061 | G12: 49 | H12: =SUM(D12*60) -> 0 | I12: =SUM(E12*25+F12*7) -> 0 | J12: =SUM(G12*15) -> 735 | K12: =SUM(H12:J12) -> 735
A13: 9 | B13: 46062 | G13: 49 | H13: =SUM(D13*60) -> 0 | I13: =SUM(E13*25+F13*7) -> 0 | J13: =SUM(G13*15) -> 735 | K13: =SUM(H13:J13) -> 735
A14: 10 | B14: 46063 | E14: 10 | G14: 49 | H14: =SUM(D14*60) -> 0 | I14: =SUM(E14*25+F14*7) -> 250 | J14: =SUM(G14*15) -> 735 | K14: =SUM(H14:J14) -> 985
A15: 11 | B15: 46064 | G15: 48 | H15: =SUM(D15*60) -> 0 | I15: =SUM(E15*25+F15*7) -> 0 | J15: =SUM(G15*15) -> 720 | K15: =SUM(H15:J15) -> 720
A16: 12 | B16: 46065 | G16: 48 | H16: =SUM(D16*60) -> 0 | I16: =SUM(E16*25+F16*7) -> 0 | J16: =SUM(G16*15) -> 720 | K16: =SUM(H16:J16) -> 720
A17: 13 | B17: 46066 | G17: 48 | H17: =SUM(D17*60) -> 0 | I17: =SUM(E17*25+F17*7) -> 0 | J17: =SUM(G17*15) -> 720 | K17: =SUM(H17:J17) -> 720
A18: 14 | B18: 46067 | G18: 48 | H18: =SUM(D18*60) -> 0 | I18: =SUM(E18*25+F18*7) -> 0 | J18: =SUM(G18*15) -> 720 | K18: =SUM(H18:J18) -> 720
A19: 15 | B19: 46068 | G19: 48 | H19: =SUM(D19*60) -> 0 | I19: =SUM(E19*25+F19*7) -> 0 | J19: =SUM(G19*15) -> 720 | K19: =SUM(H19:J19) -> 720
A20: 16 | B20: 46069 | G20: 48 | H20: =SUM(D20*60) -> 0 | I20: =SUM(E20*25+F20*7) -> 0 | J20: =SUM(G20*15) -> 720 | K20: =SUM(H20:J20) -> 720
A21: 17 | B21: 46070 | G21: 48 | H21: =SUM(D21*60) -> 0 | I21: =SUM(E21*25+F21*7) -> 0 | J21: =SUM(G21*15) -> 720 | K21: =SUM(H21:J21) -> 720
A22: 18 | B22: 46071 | G22: 48 | H22: =SUM(D22*60) -> 0 | I22: =SUM(E22*25+F22*7) -> 0 | J22: =SUM(G22*15) -> 720 | K22: =SUM(H22:J22) -> 720
A23: 19 | B23: 46072 | G23: 48 | H23: =SUM(D23*60) -> 0 | I23: =SUM(E23*25+F23*7) -> 0 | J23: =SUM(G23*15) -> 720 | K23: =SUM(H23:J23) -> 720
A24: 20 | B24: 46073 | E24: 14 | F24: 4 | G24: 48 | H24: =SUM(D24*60) -> 0 | I24: =SUM(E24*25+F24*7) -> 378 | J24: =SUM(G24*15) -> 720 | K24: =SUM(H24:J24) -> 1098
A25: 21 | B25: 46074 | G25: 45 | H25: =SUM(D25*60) -> 0 | I25: =SUM(E25*25+F25*7) -> 0 | J25: =SUM(G25*15) -> 675 | K25: =SUM(H25:J25) -> 675
A26: 22 | B26: 46075 | G26: 45 | H26: =SUM(D26*60) -> 0 | I26: =SUM(E26*25+F26*7) -> 0 | J26: =SUM(G26*15) -> 675 | K26: =SUM(H26:J26) -> 675
A27: 23 | B27: 46076 | G27: 45 | H27: =SUM(D27*60) -> 0 | I27: =SUM(E27*25+F27*7) -> 0 | J27: =SUM(G27*15) -> 675 | K27: =SUM(H27:J27) -> 675
A28: 24 | B28: 46077 | G28: 45 | H28: =SUM(D28*60) -> 0 | I28: =SUM(E28*25+F28*7) -> 0 | J28: =SUM(G28*15) -> 675 | K28: =SUM(H28:J28) -> 675
A29: 25 | B29: 46078 | G29: 45 | H29: =SUM(D29*60) -> 0 | I29: =SUM(E29*25+F29*7) -> 0 | J29: =SUM(G29*15) -> 675 | K29: =SUM(H29:J29) -> 675
A30: 26 | B30: 46079 | G30: 45 | H30: =SUM(D30*60) -> 0 | I30: =SUM(E30*25+F30*7) -> 0 | J30: =SUM(G30*15) -> 675 | K30: =SUM(H30:J30) -> 675
A31: 27 | B31: 46080 | D31: 10 | G31: 55 | H31: =SUM(D31*60) -> 600 | I31: =SUM(E31*25+F31*7) -> 0 | J31: =SUM(G31*15) -> 825 | K31: =SUM(H31:J31) -> 1425
A32: 28 | B32: 46081 | G32: 55 | H32: =SUM(D32*60) -> 0 | I32: =SUM(E32*25+F32*7) -> 0 | J32: =SUM(G32*15) -> 825 | K32: =SUM(H32:J32) -> 825
A33: 29 | H33: =SUM(D33*60) -> 0 | I33: =SUM(E33*25+F33*7) -> 0 | J33: =SUM(G33*15) -> 0 | K33: =SUM(H33:J33) -> 0
A34: 30 | H34: =SUM(D34*60) -> 0 | I34: =SUM(E34*25+F34*7) -> 0 | J34: =SUM(G34*15) -> 0 | K34: =SUM(H34:J34) -> 0
H35: =SUM(D35*60) -> 0 | I35: =SUM(E35*25+F35*7) -> 0 | J35: =SUM(G35*15) -> 0 | K35: =SUM(H35:J35) -> 0
G36: =SUM(G5:G35) -> 1350 | H36: =SUM(H5:H35) -> 600 | I36: =SUM(I5:I35) -> 628 | J36: =SUM(J5:J35) -> 20250 | K36: =SUM(K5:K35) -> 21478

Sheet Доктор Франк
A1: =AE41 -> 6648
A4: Отчет "Доктор Франк" Февраль 2025 | Q4: Стоимость
A5: дата | C5: Выгрузка паллет | D5: Выгрузка короб | E5: Загрузка паллет | F5: Загрузка короб | G5: Наборка короб | H5: Предоставление паддона | I5: оформление и выдача ТТН | J5: Печать этикеток | K5: Маркировка | L5: Перекладка Товара | M5: Упаковка в стрейч | N5: Упаковка в пупырку | O5: Палетирование | P5: Хранение | Q5: Выгрузка палллет | R5: Выгрузка короб | S5: Загрузка паллет | T5: Загрузка короб | U5: Наборка | V5: Паллеты | W5: Документы | X5: Печать этикеток | Y5: Маркировка | Z5: Упаковка в стрейч | AA5: Перекладка товара | AB5: Упаковка в пупырку | AC5: Паллетирование | AD5: Хранение | AE5: итого
P6: 8
A7: 46054 | K7: =J7 -> 0 | O7: =E7 -> 0 | P7: =ROUND(P6+C7+H7-E7,0) -> 8 | Q7: =C7*225 -> 0 | R7: =D7*15.6 -> 0 | S7: =E7*225 -> 0 | T7: =F7*15.6 -> 0 | U7: =G7*19 -> 0 | V7: =H7*675 -> 0 | W7: =I7*430 -> 0 | X7: =J7*3.3 -> 0 | Y7: =K7*1.9 -> 0 | Z7: =M7*21.6 -> 0 | AA7: =L7*11.5 -> 0 | AB7: =N7*24 -> 0 | AC7: =O7*243 -> 0 | AD7: =P7*33 -> 264 | AE7: =SUM(Q7:AD7) -> 264
A8: 46055 | K8: =J8 -> 0 | O8: =E8 -> 0 | P8: =ROUND(P7+C8+H8-E8,0) -> 8 | Q8: =C8*225 -> 0 | R8: =D8*15.6 -> 0 | S8: =E8*225 -> 0 | T8: =F8*15.6 -> 0 | U8: =G8*19 -> 0 | V8: =H8*675 -> 0 | W8: =I8*430 -> 0 | X8: =J8*3.3 -> 0 | Y8: =K8*1.9 -> 0 | Z8: =M8*21.6 -> 0 | AA8: =L8*11.5 -> 0 | AB8: =N8*24 -> 0 | AC8: =O8*243 -> 0 | AD8: =P8*33 -> 264 | AE8: =SUM(Q8:AD8) -> 264
A9: 46056 | K9: =J9 -> 0 | O9: =E9 -> 0 | P9: =ROUND(P8+C9+H9-E9,0) -> 8 | Q9: =C9*225 -> 0 | R9: =D9*15.6 -> 0 | S9: =E9*225 -> 0 | T9: =F9*15.6 -> 0 | U9: =G9*19 -> 0 | V9: =H9*675 -> 0 | W9: =I9*430 -> 0 | X9: =J9*3.3 -> 0 | Y9: =K9*1.9 -> 0 | Z9: =M9*21.6 -> 0 | AA9: =L9*11.5 -> 0 | AB9: =N9*24 -> 0 | AC9: =O9*243 -> 0 | AD9: =P9*33 -> 264 | AE9: =SUM(Q9:AD9) -> 264
A10: 46057 | K10: =J10 -> 0 | O10: =E10 -> 0 | P10: =ROUND(P9+C10+H10-E10,0) -> 8 | Q10: =C10*225 -> 0 | R10: =D10*15.6 -> 0 | S10: =E10*225 -> 0 | T10: =F10*15.6 -> 0 | U10: =G10*19 -> 0 | V10: =H10*675 -> 0 | W10: =I10*430 -> 0 | X10: =J10*3.3 -> 0 | Y10: =K10*1.9 -> 0 | Z10: =M10*21.6 -> 0 | AA10: =L10*11.5 -> 0 | AB10: =N10*24 -> 0 | AC10: =O10*243 -> 0 | AD10: =P10*33 -> 264 | AE10: =SUM(Q10:AD10) -> 264
A11: 46058 | K11: =J11 -> 0 | O11: =E11 -> 0 | P11: =ROUND(P10+C11+H11-E11,0) -> 8 | Q11: =C11*225 -> 0 | R11: =D11*15.6 -> 0 | S11: =E11*225 -> 0 | T11: =F11*15.6 -> 0 | U11: =G11*19 -> 0 | V11: =H11*675 -> 0 | W11: =I11*430 -> 0 | X11: =J11*3.3 -> 0 | Y11: =K11*1.9 -> 0 | Z11: =M11*21.6 -> 0 | AA11: =L11*11.5 -> 0 | AB11: =N11*24 -> 0 | AC11: =O11*243 -> 0 | AD11: =P11*33 -> 264 | AE11: =SUM(Q11:AD11) -> 264
A12: 46059 | K12: =J12 -> 0 | O12: =E12 -> 0 | P12: =ROUND(P11+C12+H12-E12,0) -> 8 | Q12: =C12*225 -> 0 | R12: =D12*15.6 -> 0 | S12: =E12*225 -> 0 | T12: =F12*15.6 -> 0 | U12: =G12*19 -> 0 | V12: =H12*675 -> 0 | W12: =I12*430 -> 0 | X12: =J12*3.3 -> 0 | Y12: =K12*1.9 -> 0 | Z12: =M12*21.6 -> 0 | AA12: =L12*11.5 -> 0 | AB12: =N12*24 -> 0 | AC12: =O12*243 -> 0 | AD12: =P12*33 -> 264 | AE12: =SUM(Q12:AD12) -> 264
A13: 46060 | K13: =J13 -> 0 | O13: =E13 -> 0 | P13: =ROUND(P12+C13+H13-E13,0) -> 8 | Q13: =C13*225 -> 0 | R13: =D13*15.6 -> 0 | S13: =E13*225 -> 0 | T13: =F13*15.6 -> 0 | U13: =G13*19 -> 0 | V13: =H13*675 -> 0 | W13: =I13*430 -> 0 | X13: =J13*3.3 -> 0 | Y13: =K13*1.9 -> 0 | Z13: =M13*21.6 -> 0 | AA13: =L13*11.5 -> 0 | AB13: =N13*24 -> 0 | AC13: =O13*243 -> 0 | AD13: =P13*33 -> 264 | AE13: =SUM(Q13:AD13) -> 264
A14: 46061 | K14: =J14 -> 0 | O14: =E14 -> 0 | P14: =ROUND(P13+C14+H14-E14,0) -> 8 | Q14: =C14*225 -> 0 | R14: =D14*15.6 -> 0 | S14: =E14*225 -> 0 | T14: =F14*15.6 -> 0 | U14: =G14*19 -> 0 | V14: =H14*675 -> 0 | W14: =I14*430 -> 0 | X14: =J14*3.3 -> 0 | Y14: =K14*1.9 -> 0 | Z14: =M14*21.6 -> 0 | AA14: =L14*11.5 -> 0 | AB14: =N14*24 -> 0 | AC14: =O14*243 -> 0 | AD14: =P14*33 -> 264 | AE14: =SUM(Q14:AD14) -> 264
A15: 46062 | K15: =J15 -> 0 | O15: =E15 -> 0 | P15: =ROUND(P14+C15+H15-E15,0) -> 8 | Q15: =C15*225 -> 0 | R15: =D15*15.6 -> 0 | S15: =E15*225 -> 0 | T15: =F15*15.6 -> 0 | U15: =G15*19 -> 0 | V15: =H15*675 -> 0 | W15: =I15*430 -> 0 | X15: =J15*3.3 -> 0 | Y15: =K15*1.9 -> 0 | Z15: =M15*21.6 -> 0 | AA15: =L15*11.5 -> 0 | AB15: =N15*24 -> 0 | AC15: =O15*243 -> 0 | AD15: =P15*33 -> 264 | AE15: =SUM(Q15:AD15) -> 264
A16: 46063 | K16: =J16 -> 0 | O16: =E16 -> 0 | P16: =ROUND(P15+C16+H16-E16,0) -> 8 | Q16: =C16*225 -> 0 | R16: =D16*15.6 -> 0 | S16: =E16*225 -> 0 | T16: =F16*15.6 -> 0 | U16: =G16*19 -> 0 | V16: =H16*675 -> 0 | W16: =I16*430 -> 0 | X16: =J16*3.3 -> 0 | Y16: =K16*1.9 -> 0 | Z16: =M16*21.6 -> 0 | AA16: =L16*11.5 -> 0 | AB16: =N16*24 -> 0 | AC16: =O16*243 -> 0 | AD16: =P16*33 -> 264 | AE16: =SUM(Q16:AD16) -> 264
A17: 46064 | K17: =J17 -> 0 | O17: =E17 -> 0 | P17: =ROUND(P16+C17+H17-E17,0) -> 8 | Q17: =C17*225 -> 0 | R17: =D17*15.6 -> 0 | S17: =E17*225 -> 0 | T17: =F17*15.6 -> 0 | U17: =G17*19 -> 0 | V17: =H17*675 -> 0 | W17: =I17*430 -> 0 | X17: =J17*3.3 -> 0 | Y17: =K17*1.9 -> 0 | Z17: =M17*21.6 -> 0 | AA17: =L17*11.5 -> 0 | AB17: =N17*24 -> 0 | AC17: =O17*243 -> 0 | AD17: =P17*33 -> 264 | AE17: =SUM(Q17:AD17) -> 264
A18: 46065 | E18: 8 | K18: =J18 -> 0 | O18: =E18 -> 8 | P18: =ROUND(P17+C18+H18-E18,0) -> 0 | Q18: =C18*225 -> 0 | R18: =D18*15.6 -> 0 | S18: =E18*225 -> 1800 | T18: =F18*15.6 -> 0 | U18: =G18*19 -> 0 | V18: =H18*675 -> 0 | W18: =I18*430 -> 0 | X18: =J18*3.3 -> 0 | Y18: =K18*1.9 -> 0 | Z18: =M18*21.6 -> 0 | AA18: =L18*11.5 -> 0 | AB18: =N18*24 -> 0 | AC18: =O18*243 -> 1944 | AD18: =P18*33 -> 0 | AE18: =SUM(Q18:AD18) -> 3744
A19: 46066 | K19: =J19 -> 0 | O19: =E19 -> 0 | P19: =ROUND(P18+C19+H19-E19,0) -> 0 | Q19: =C19*225 -> 0 | R19: =D19*15.6 -> 0 | S19: =E19*225 -> 0 | T19: =F19*15.6 -> 0 | U19: =G19*19 -> 0 | V19: =H19*675 -> 0 | W19: =I19*430 -> 0 | X19: =J19*3.3 -> 0 | Y19: =K19*1.9 -> 0 | Z19: =M19*21.6 -> 0 | AA19: =L19*11.5 -> 0 | AB19: =N19*24 -> 0 | AC19: =O19*243 -> 0 | AD19: =P19*33 -> 0 | AE19: =SUM(Q19:AD19) -> 0
A20: 46067 | K20: =J20 -> 0 | O20: =E20 -> 0 | P20: =ROUND(P19+C20+H20-E20,0) -> 0 | Q20: =C20*225 -> 0 | R20: =D20*15.6 -> 0 | S20: =E20*225 -> 0 | T20: =F20*15.6 -> 0 | U20: =G20*19 -> 0 | V20: =H20*675 -> 0 | W20: =I20*430 -> 0 | X20: =J20*3.3 -> 0 | Y20: =K20*1.9 -> 0 | Z20: =M20*21.6 -> 0 | AA20: =L20*11.5 -> 0 | AB20: =N20*24 -> 0 | AC20: =O20*243 -> 0 | AD20: =P20*33 -> 0 | AE20: =SUM(Q20:AD20) -> 0
A21: 46068 | K21: =J21 -> 0 | O21: =E21 -> 0 | P21: =ROUND(P20+C21+H21-E21,0) -> 0 | Q21: =C21*225 -> 0 | R21: =D21*15.6 -> 0 | S21: =E21*225 -> 0 | T21: =F21*15.6 -> 0 | U21: =G21*19 -> 0 | V21: =H21*675 -> 0 | W21: =I21*430 -> 0 | X21: =J21*3.3 -> 0 | Y21: =K21*1.9 -> 0 | Z21: =M21*21.6 -> 0 | AA21: =L21*11.5 -> 0 | AB21: =N21*24 -> 0 | AC21: =O21*243 -> 0 | AD21: =P21*33 -> 0 | AE21: =SUM(Q21:AD21) -> 0
A22: 46069 | K22: =J22 -> 0 | O22: =E22 -> 0 | P22: =ROUND(P21+C22+H22-E22,0) -> 0 | Q22: =C22*225 -> 0 | R22: =D22*15.6 -> 0 | S22: =E22*225 -> 0 | T22: =F22*15.6 -> 0 | U22: =G22*19 -> 0 | V22: =H22*675 -> 0 | W22: =I22*430 -> 0 | X22: =J22*3.3 -> 0 | Y22: =K22*1.9 -> 0 | Z22: =M22*21.6 -> 0 | AA22: =L22*11.5 -> 0 | AB22: =N22*24 -> 0 | AC22: =O22*243 -> 0 | AD22: =P22*33 -> 0 | AE22: =SUM(Q22:AD22) -> 0
A23: 46070 | K23: =J23 -> 0 | O23: =E23 -> 0 | P23: =ROUND(P22+C23+H23-E23,0) -> 0 | Q23: =C23*225 -> 0 | R23: =D23*15.6 -> 0 | S23: =E23*225 -> 0 | T23: =F23*15.6 -> 0 | U23: =G23*19 -> 0 | V23: =H23*675 -> 0 | W23: =I23*430 -> 0 | X23: =J23*3.3 -> 0 | Y23: =K23*1.9 -> 0 | Z23: =M23*21.6 -> 0 | AA23: =L23*11.5 -> 0 | AB23: =N23*24 -> 0 | AC23: =O23*243 -> 0 | AD23: =P23*33 -> 0 | AE23: =SUM(Q23:AD23) -> 0
A24: 46071 | K24: =J24 -> 0 | O24: =E24 -> 0 | P24: =ROUND(P23+C24+H24-E24,0) -> 0 | Q24: =C24*225 -> 0 | R24: =D24*15.6 -> 0 | S24: =E24*225 -> 0 | T24: =F24*15.6 -> 0 | U24: =G24*19 -> 0 | V24: =H24*675 -> 0 | W24: =I24*430 -> 0 | X24: =J24*3.3 -> 0 | Y24: =K24*1.9 -> 0 | Z24: =M24*21.6 -> 0 | AA24: =L24*11.5 -> 0 | AB24: =N24*24 -> 0 | AC24: =O24*243 -> 0 | AD24: =P24*33 -> 0 | AE24: =SUM(Q24:AD24) -> 0
A25: 46072 | K25: =J25 -> 0 | O25: =E25 -> 0 | P25: =ROUND(P24+C25+H25-E25,0) -> 0 | Q25: =C25*225 -> 0 | R25: =D25*15.6 -> 0 | S25: =E25*225 -> 0 | T25: =F25*15.6 -> 0 | U25: =G25*19 -> 0 | V25: =H25*675 -> 0 | W25: =I25*430 -> 0 | X25: =J25*3.3 -> 0 | Y25: =K25*1.9 -> 0 | Z25: =M25*21.6 -> 0 | AA25: =L25*11.5 -> 0 | AB25: =N25*24 -> 0 | AC25: =O25*243 -> 0 | AD25: =P25*33 -> 0 | AE25: =SUM(Q25:AD25) -> 0
A26: 46073 | K26: =J26 -> 0 | O26: =E26 -> 0 | P26: =ROUND(P25+C26+H26-E26,0) -> 0 | Q26: =C26*225 -> 0 | R26: =D26*15.6 -> 0 | S26: =E26*225 -> 0 | T26: =F26*15.6 -> 0 | U26: =G26*19 -> 0 | V26: =H26*675 -> 0 | W26: =I26*430 -> 0 | X26: =J26*3.3 -> 0 | Y26: =K26*1.9 -> 0 | Z26: =M26*21.6 -> 0 | AA26: =L26*11.5 -> 0 | AB26: =N26*24 -> 0 | AC26: =O26*243 -> 0 | AD26: =P26*33 -> 0 | AE26: =SUM(Q26:AD26) -> 0
A27: 46074 | K27: =J27 -> 0 | O27: =E27 -> 0 | P27: =ROUND(P26+C27+H27-E27,0) -> 0 | Q27: =C27*225 -> 0 | R27: =D27*15.6 -> 0 | S27: =E27*225 -> 0 | T27: =F27*15.6 -> 0 | U27: =G27*19 -> 0 | V27: =H27*675 -> 0 | W27: =I27*430 -> 0 | X27: =J27*3.3 -> 0 | Y27: =K27*1.9 -> 0 | Z27: =M27*21.6 -> 0 | AA27: =L27*11.5 -> 0 | AB27: =N27*24 -> 0 | AC27: =O27*243 -> 0 | AD27: =P27*33 -> 0 | AE27: =SUM(Q27:AD27) -> 0
A28: 46075 | K28: =J28 -> 0 | O28: =E28 -> 0 | P28: =ROUND(P27+C28+H28-E28,0) -> 0 | Q28: =C28*225 -> 0 | R28: =D28*15.6 -> 0 | S28: =E28*225 -> 0 | T28: =F28*15.6 -> 0 | U28: =G28*19 -> 0 | V28: =H28*675 -> 0 | W28: =I28*430 -> 0 | X28: =J28*3.3 -> 0 | Y28: =K28*1.9 -> 0 | Z28: =M28*21.6 -> 0 | AA28: =L28*11.5 -> 0 | AB28: =N28*24 -> 0 | AC28: =O28*243 -> 0 | AD28: =P28*33 -> 0 | AE28: =SUM(Q28:AD28) -> 0
A29: 46076 | K29: =J29 -> 0 | O29: =E29 -> 0 | P29: =ROUND(P28+C29+H29-E29,0) -> 0 | Q29: =C29*225 -> 0 | R29: =D29*15.6 -> 0 | S29: =E29*225 -> 0 | T29: =F29*15.6 -> 0 | U29: =G29*19 -> 0 | V29: =H29*675 -> 0 | W29: =I29*430 -> 0 | X29: =J29*3.3 -> 0 | Y29: =K29*1.9 -> 0 | Z29: =M29*21.6 -> 0 | AA29: =L29*11.5 -> 0 | AB29: =N29*24 -> 0 | AC29: =O29*243 -> 0 | AD29: =P29*33 -> 0 | AE29: =SUM(Q29:AD29) -> 0
A30: 46077 | K30: =J30 -> 0 | O30: =E30 -> 0 | P30: =ROUND(P29+C30+H30-E30,0) -> 0 | Q30: =C30*225 -> 0 | R30: =D30*15.6 -> 0 | S30: =E30*225 -> 0 | T30: =F30*15.6 -> 0 | U30: =G30*19 -> 0 | V30: =H30*675 -> 0 | W30: =I30*430 -> 0 | X30: =J30*3.3 -> 0 | Y30: =K30*1.9 -> 0 | Z30: =M30*21.6 -> 0 | AA30: =L30*11.5 -> 0 | AB30: =N30*24 -> 0 | AC30: =O30*243 -> 0 | AD30: =P30*33 -> 0 | AE30: =SUM(Q30:AD30) -> 0
... A34: 46081 | K34: =J34 -> 0 | O34: =E34 -> 0 | P34: =ROUND(P33+C34+H34-E34,0) -> 0 | Q34: =C34*225 -> 0 | R34: =D34*15.6 -> 0 | S34: =E34*225 -> 0 | T34: =F34*15.6 -> 0 | U34: =G34*19 -> 0 | V34: =H34*675 -> 0 | W34: =I34*430 -> 0 | X34: =J34*3.3 -> 0 | Y34: =K34*1.9 -> 0 | Z34: =M34*21.6 -> 0 | AA34: =L34*11.5 -> 0 | AB34: =N34*24 -> 0 | AC34: =O34*243 -> 0 | AD34: =P34*33 -> 0 | AE34: =SUM(Q34:AD34) -> 0
O35: =E35 -> 0 | P35: =ROUND(P34+C35+H35-E35,0) -> 0 | Q35: =C35*225 -> 0 | R35: =D35*15.6 -> 0 | S35: =E35*225 -> 0 | T35: =F35*15.6 -> 0 | U35: =G35*19 -> 0 | V35: =H35*675 -> 0 | W35: =I35*430 -> 0 | X35: =J35*3.3 -> 0 | Y35: =K35*1.9 -> 0 | Z35: =M35*21.6 -> 0 | AA35: =L35*11.5 -> 0 | AB35: =N35*24 -> 0 | AC35: =O35*243 -> 0 | AD35: =P35*33 -> 0 | AE35: =SUM(Q35:AD35) -> 0
O36: =E36 -> 0 | P36: =ROUND(P35+C36+H36-E36,0) -> 0 | Q36: =C36*225 -> 0 | R36: =D36*15.6 -> 0 | S36: =E36*225 -> 0 | T36: =F36*15.6 -> 0 | U36: =G36*19 -> 0 | V36: =H36*675 -> 0 | W36: =I36*430 -> 0 | X36: =J36*3.3 -> 0 | Y36: =K36*1.9 -> 0 | Z36: =M36*21.6 -> 0 | AA36: =L36*11.5 -> 0 | AB36: =N36*24 -> 0 | AC36: =O36*243 -> 0 | AD36: =P36*33 -> 0 | AE36: =SUM(Q36:AD36) -> 0
O37: =E37 -> 0 | P37: =ROUND(P36+C37+H37-E37,0) -> 0 | Q37: =C37*225 -> 0 | R37: =D37*15.6 -> 0 | S37: =E37*225 -> 0 | T37: =F37*15.6 -> 0 | U37: =G37*19 -> 0 | V37: =H37*675 -> 0 | W37: =I37*430 -> 0 | X37: =J37*3.3 -> 0 | Y37: =K37*1.9 -> 0 | Z37: =M37*21.6 -> 0 | AA37: =L37*11.5 -> 0 | AB37: =N37*24 -> 0 | AC37: =O37*243 -> 0 | AD37: =P37*33 -> 0 | AE37: =SUM(Q37:AD37) -> 0
A38: Итого | C38: =SUM(C7:C37) -> 0 | D38: =SUM(D7:D37) -> 0 | E38: =SUM(E7:E37) -> 8 | F38: =SUM(F7:F37) -> 0 | G38: =SUM(G7:G37) -> 0 | H38: =SUM(H7:H37) -> 0 | I38: =SUM(I7:I37) -> 0 | J38: =SUM(J7:J37) -> 0 | ... AE38: =SUM(AE7:AE37) -> 6648
AE39: 0
AE40: =-(K3*14+K3*24+K3*2*2.7) -> 0
AE41: =AE38+AE39+AE40 -> 6648

Sheet Ергарда
A1: =J35 -> 8064 | B1: Отчет по хранению товара Ергарда за Февраль
A2: № | B2: дата | D2: Выгрузка кол-во паллет | E2: Загрузка кол-во паллет | F2: Хранение | G2: стоимость выгрузки | H2: стоимость загрузки | I2: стоимость хранения | J2: итого
F3: (кол-во паллет)
A4: 1 | B4: 46054 | F4: 24 | G4: =SUM(D4*120) -> 0 | H4: =SUM(E4*120) -> 0 | I4: =SUM(F4*12) -> 288 | J4: =SUM(G4:I4) -> 288
A5: 2 | B5: 46055 | F5: 24 | G5: =SUM(D5*120) -> 0 | H5: =SUM(E5*120) -> 0 | I5: =SUM(F5*12) -> 288 | J5: =SUM(G5:I5) -> 288
A6: 3 | B6: 46056 | F6: 24 | G6: =SUM(D6*120) -> 0 | H6: =SUM(E6*120) -> 0 | I6: =SUM(F6*12) -> 288 | J6: =SUM(G6:I6) -> 288
A7: 4 | B7: 46057 | F7: 24 | G7: =SUM(D7*120) -> 0 | H7: =SUM(E7*120) -> 0 | I7: =SUM(F7*12) -> 288 | J7: =SUM(G7:I7) -> 288
A8: 5 | B8: 46058 | F8: 24 | G8: =SUM(D8*120) -> 0 | H8: =SUM(E8*120) -> 0 | I8: =SUM(F8*12) -> 288 | J8: =SUM(G8:I8) -> 288
A9: 6 | B9: 46059 | F9: 24 | G9: =SUM(D9*120) -> 0 | H9: =SUM(E9*120) -> 0 | I9: =SUM(F9*12) -> 288 | J9: =SUM(G9:I9) -> 288
A10: 7 | B10: 46060 | F10: 24 | G10: =SUM(D10*120) -> 0 | H10: =SUM(E10*120) -> 0 | I10: =SUM(F10*12) -> 288 | J10: =SUM(G10:I10) -> 288
A11: 8 | B11: 46061 | F11: 24 | G11: =SUM(D11*120) -> 0 | H11: =SUM(E11*120) -> 0 | I11: =SUM(F11*12) -> 288 | J11: =SUM(G11:I11) -> 288
A12: 9 | B12: 46062 | F12: 24 | G12: =SUM(D12*120) -> 0 | H12: =SUM(E12*120) -> 0 | I12: =SUM(F12*12) -> 288 | J12: =SUM(G12:I12) -> 288
A13: 10 | B13: 46063 | F13: 24 | G13: =SUM(D13*120) -> 0 | H13: =SUM(E13*120) -> 0 | I13: =SUM(F13*12) -> 288 | J13: =SUM(G13:I13) -> 288
A14: 11 | B14: 46064 | F14: 24 | G14: =SUM(D14*120) -> 0 | H14: =SUM(E14*120) -> 0 | I14: =SUM(F14*12) -> 288 | J14: =SUM(G14:I14) -> 288
A15: 12 | B15: 46065 | F15: 24 | G15: =SUM(D15*120) -> 0 | H15: =SUM(E15*120) -> 0 | I15: =SUM(F15*12) -> 288 | J15: =SUM(G15:I15) -> 288
... A31: 28 | B31: 46081 | F31: 24 | G31: =SUM(D31*120) -> 0 | H31: =SUM(E31*120) -> 0 | I31: =SUM(F31*12) -> 288 | J31: =SUM(G31:I31) -> 288
A32: 29 | G32: =SUM(D32*120) -> 0 | H32: =SUM(E32*120) -> 0 | I32: =SUM(F32*12) -> 0 | J32: =SUM(G32:I32) -> 0
A33: 30 | G33: =SUM(D33*120) -> 0 | H33: =SUM(E33*120) -> 0 | I33: =SUM(F33*12) -> 0 | J33: =SUM(G33:I33) -> 0
A34: 31 | G34: =SUM(D34*120) -> 0 | H34: =SUM(E34*120) -> 0 | I34: =SUM(F34*12) -> 0 | J34: =SUM(G34:I34) -> 0
G35: =SUM(G4:G34) -> 0 | H35: =SUM(H4:H34) -> 0 | I35: =SUM(I4:I34) -> 8064 | J35: =SUM(J4:J34) -> 8064

Sheet Зеленодольск Доп услуги
A2: =IF(DAY(TODAY())>27,"Акт № от " & TEXT(TODAY(),"ДД ММММ ГГГГ"),"Акт № от " & TEXT(TODAY()-DAY(TODAY()),"ДД ММММ ГГГГ")) -> Акт № от 31 Март 2026
A3: =IF(DAY(TODAY()) > 27, "выполненных работ (оказанных услуг) за " & TEXT(TODAY(),"ММММ ГГГГ"),"выполненных работ (оказанных услуг) за " & TEXT(TODAY()-DAY(TODAY()),"ММММ ГГГГ")) -> выполненных работ (оказанных услуг) за Март 2026
A4: по Договору хранения № СХ.45411 от «01» января 2025 г.
A6: =IF(DAY(TODAY()) > 27," Во исполнение Договора в период с " & TEXT(TODAY()-DAY(TODAY()-DAY(TODAY())),"ДД ММММ ГГГГ") & " г. По " & TEXT(TODAY(),"ДД ММММ ГГГГ") & " г. ХРАНИТЕЛЬ оказал ПОКЛАЖЕДАТЕЛЮ следующие услуги (работы):"," Во исполнение Договора в период с " & TEXT(TODAY()-DAY(TODAY())-DAY(TODAY()-DAY(TODAY()))+1,"ДД ММММ ГГГГ") & " г. По " & TEXT(TODAY()-DAY(TODAY()),"ДД ММММ ГГГГ") & " г. ХРАНИТЕЛЬ оказал ПОКЛАЖЕДАТЕЛЮ следующие услуги (работы):") -> Во исполнение Договора в период с 01 Март 2026 г. По 31 Март 2026 г. ХРАНИТЕЛЬ оказал ПОКЛАЖЕДАТЕЛЮ следующие услуги (работы):
A8: № | B8: Наименование услуг (работ) | C8: Ед. изм. | D8: Количество | E8: Цена | F8: Сумма
A9: 1 | B9: Переконсолидация Товара | C9: тонна | D9: 59.625 | E9: 950 | F9: =D9*E9 -> 56643.75
A10: 2 | B10: Паллетирование | C10: тонна | D10: =D9 -> 59.625 | E10: 120 | F10: =D10*E10 -> 7155
A11: 3 | B11: Предоставление фито поддона | C11: штука | D11: 53 | E11: 830 | F11: =D11*E11 -> 43990
A12: Итого: | F12: =SUM(F9:F11) -> 107788.75
A13: Без налога (НДС) | F13: =F12 -> 107788.75
A14: Всего (с учетом НДС) | F14: =F13*1.22 -> 131502.27
A15: Вышеперечисленные услуги (работы) выполнены полностью.
A16: ПОКЛАЖЕДАТЕЛЬ претензий по объему, качеству и срокам оказания услуг претензий не имеет.
A19: ООО "ДТМ" | D19: ПАО "СИБУР Холдинг"
A21: ____________________Расстегаев Д.О. | D21: ____________________

Sheet Казань_Приволжская экспорт
A3: =IF(DAY(TODAY())>27,"Акт № от " & TEXT(TODAY(),"ДД ММММ ГГГГ"),"Акт № от " & TEXT(TODAY()-DAY(TODAY()),"ДД ММММ ГГГГ")) & "г. Казань_Приволжская" -> Акт № от 31 Март 2026г. Казань_Приволжская
A4: =IF(DAY(TODAY()) > 27, "выполненных работ (оказанных услуг) за " & TEXT(TODAY(),"ММММ ГГГГ"),"выполненных работ (оказанных услуг) за " & TEXT(TODAY()-DAY(TODAY()),"ММММ ГГГГ")) -> выполненных работ (оказанных услуг) за Март 2026
A5: по Договору хранения № СХ.47103 от «10» апреля 2025 г.
A7: =IF(DAY(TODAY()) > 27,"Во исполнение Договора в период с " & TEXT(TODAY()-DAY(TODAY()-DAY(TODAY())),"ДД ММММ ГГГГ") & " г. По " & TEXT(TODAY(),"ДД ММММ ГГГГ") & " г. ХРАНИТЕЛЬ оказал ПОКЛАЖЕДАТЕЛЮ следующие услуги (работы):"," Во исполнение Договора в период с " & TEXT(TODAY()-DAY(TODAY())-DAY(TODAY()-DAY(TODAY()))+1,"ДД ММММ ГГГГ") & " г. По " & TEXT(TODAY()-DAY(TODAY()),"ДД ММММ ГГГГ") & " г. ХРАНИТЕЛЬ оказал ПОКЛАЖЕДАТЕЛЮ следующие услуги (работы):") -> Во исполнение Договора в период с 01 Март 2026 г. По 31 Март 2026 г. ХРАНИТЕЛЬ оказал ПОКЛАЖЕДАТЕЛЮ следующие услуги (работы):
A9: № | B9: Наименование услуг (работ) | C9: Ед. изм. | D9: Количество | E9: Цена | F9: Сумма без НДС | G9: Сумма с НДС
A10: 1 | B10: оформление документов | C10: шт. | D10: 12 | E10: 2000 | F10: =SUM(D10*E10) -> 24000 | G10: =F10*1.22 -> 29280
A11: 2 | B11: Оформление сертификата | C11: шт. | F11: =SUM(D11*E11) -> 0 | G11: =F11*1.2 -> 0
F12: =SUM(F10:F11) -> 24000 | G12: =SUM(G10:G11) -> 29280
A13: Итого: | B13: двадцать четыре тысячи рублей ноль копеек
A14: Без налога (НДС): | B14: =B13 -> двадцать четыре тысячи рублей ноль копеек
A15: Всего (с учетом НДС) | B15: двадцать девять тысяч двести восемьдесят рублей ноль копеек
A16: Вышеперечисленные услуги (работы) выполнены полностью.
A17: ПОКЛАЖЕДАТЕЛЬ претензий по объему, качеству и срокам оказания услуг претензий не имеет.
A20: ООО "ДТМ" | D20: ПАО "СИБУР Холдинг"
A22: ____________________Расстегаев Д.О. | D22: ____________________

Sheet Казань_Автосервисная экспорт
A3: =IF(DAY(TODAY())>27,"Акт № от " & TEXT(TODAY(),"ДД ММММ ГГГГ"),"Акт № от " & TEXT(TODAY()-DAY(TODAY()),"ДД ММММ ГГГГ")) & " г. Казань_Автосервисная" -> Акт № от 31 Март 2026 г. Казань_Автосервисная
A4: =IF(DAY(TODAY()) > 27, "выполненных работ (оказанных услуг) за " & TEXT(TODAY(),"ММММ ГГГГ"),"выполненных работ (оказанных услуг) за " & TEXT(TODAY()-DAY(TODAY()),"ММММ ГГГГ")) -> выполненных работ (оказанных услуг) за Март 2026
A5: по Договору хранения № СХ.47103 от «10» апреля 2025 г.
A7: =IF(DAY(TODAY()) > 27,"Во исполнение Договора в период с " & TEXT(TODAY()-DAY(TODAY()-DAY(TODAY())),"ДД ММММ ГГГГ") & " г. По " & TEXT(TODAY(),"ДД ММММ ГГГГ") & " г. ХРАНИТЕЛЬ оказал ПОКЛАЖЕДАТЕЛЮ следующие услуги (работы):"," Во исполнение Договора в период с " & TEXT(TODAY()-DAY(TODAY())-DAY(TODAY()-DAY(TODAY()))+1,"ДД ММММ ГГГГ") & " г. По " & TEXT(TODAY()-DAY(TODAY()),"ДД ММММ ГГГГ") & " г. ХРАНИТЕЛЬ оказал ПОКЛАЖЕДАТЕЛЮ следующие услуги (работы):") -> Во исполнение Договора в период с 01 Март 2026 г. По 31 Март 2026 г. ХРАНИТЕЛЬ оказал ПОКЛАЖЕДАТЕЛЮ следующие услуги (работы):
A9: № | B9: Наименование услуг (работ) | C9: Ед. изм. | D9: Количество | E9: Цена | F9: Сумма без НДС | G9: Сумма с НДС
A10: 1 | B10: оформление документов | C10: шт. | D10: 32 | E10: 2000 | F10: =SUM(D10*E10) -> 64000 | G10: =F10*1.22 -> 78080
A11: 2 | B11: Оформление сертификата | C11: шт. | F11: =SUM(D11*E11) -> 0 | G11: =F11*1.2 -> 0
F12: =SUM(F10:F11) -> 64000 | G12: =SUM(G10:G11) -> 78080
A13: Итого: | B13: шестьдесят четыре рублей ноль копеек
A14: Без налога (НДС): | B14: =B13 -> шестьдесят четыре рублей ноль копеек
A15: Всего (с учетом НДС) | B15: семьдесят восемь тысяч восемьдесят рублей ноль копеек
A16: Вышеперечисленные услуги (работы) выполнены полностью.
A17: ПОКЛАЖЕДАТЕЛЬ претензий по объему, качеству и срокам оказания услуг претензий не имеет.
A20: ООО "ДТМ" | D20: ПАО "СИБУР Холдинг"
A22: ____________________Расстегаев Д.О. | D22: ____________________

Sheet Екатеринбург экспорт
A3: =IF(DAY(TODAY())>27,"Акт № от " & TEXT(TODAY(),"ДД ММММ ГГГГ"),"Акт № от " & TEXT(TODAY()-DAY(TODAY()),"ДД ММММ ГГГГ")) & " г. Екатеринбург" -> Акт № от 31 Март 2026 г. Екатеринбург
A4: =IF(DAY(TODAY()) > 27, "выполненных работ (оказанных услуг) за " & TEXT(TODAY(),"ММММ ГГГГ"),"выполненных работ (оказанных услуг) за " & TEXT(TODAY()-DAY(TODAY()),"ММММ ГГГГ")) -> выполненных работ (оказанных услуг) за Март 2026
A5: по Договору хранения № СХ.47103 от «10» апреля 2025 г.
A7: =IF(DAY(TODAY()) > 27,"Во исполнение Договора в период с " & TEXT(TODAY()-DAY(TODAY()-DAY(TODAY())),"ДД ММММ ГГГГ") & " г. По " & TEXT(TODAY(),"ДД ММММ ГГГГ") & " г. ХРАНИТЕЛЬ оказал ПОКЛАЖЕДАТЕЛЮ следующие услуги (работы):"," Во исполнение Договора в период с " & TEXT(TODAY()-DAY(TODAY())-DAY(TODAY()-DAY(TODAY()))+1,"ДД ММММ ГГГГ") & " г. По " & TEXT(TODAY()-DAY(TODAY()),"ДД ММММ ГГГГ") & " г. ХРАНИТЕЛЬ оказал ПОКЛАЖЕДАТЕЛЮ следующие услуги (работы):") -> Во исполнение Договора в период с 01 Март 2026 г. По 31 Март 2026 г. ХРАНИТЕЛЬ оказал ПОКЛАЖЕДАТЕЛЮ следующие услуги (работы):
A9: № | B9: Наименование услуг (работ) | C9: Ед. изм. | D9: Количество | E9: Цена | F9: Сумма без НДС | G9: Сумма с НДС
A10: 1 | B10: оформление документов | C10: шт. | D10: 76 | E10: 2000 | F10: =SUM(D10*E10) -> 152000 | G10: =F10*1.22 -> 185440
A11: 2 | B11: Оформление сертификата | C11: шт. | F11: =SUM(D11*E11) -> 0 | G11: =F11*1.2 -> 0
F12: =SUM(F10:F11) -> 152000 | G12: =SUM(G10:G11) -> 185440
A13: Итого: | B13: сто пятьдесят две тысячи рублей ноль копеек
A14: Без налога (НДС): | B14: =B13 -> сто пятьдесят две тысячи рублей ноль копеек
A15: Всего (с учетом НДС) | B15: сто восемьдесят пять тысяч четыреста сорок рублей ноль копеек
A16: Вышеперечисленные услуги (работы) выполнены полностью.
A17: ПОКЛАЖЕДАТЕЛЬ претензий по объему, качеству и срокам оказания услуг претензий не имеет.
A20: ООО "ДТМ" | D20: ПАО "СИБУР Холдинг"
A22: ____________________Расстегаев Д.О. | D22: ____________________

Sheet Баумана KPI
A2: Отчет по хранению товара за Февраль 2026 Баумана KPI
A3: № | B3: дата | D3: Выгрузка кол-во паллет | E3: Загрузка кол-во паллет | F3: Хранение | G3: Резервирование 5032 ГЕ | H3: Мин. Суточный резерв 625 | I3: переконсолидация (тонн) | J3: Паллетирование | K3: Взвешивание | L3: Стоимость взвешивания | M3: стоимость выгрузки | N3: стоимость загрузки | O3: стоимость хранения | P3: Стоимость резервирования | Q3: Стоимость мин.суточной бработки | R3: стоимость переконс. | S3: Стоимость паллетирования | T3: итого
F4: (кол-во паллет)
A5: 1 | B5: 01.02.2026 | D5: 0 | E5: 0 | F5: 88 | G5: 0 | H5: 0 | I5: 0 | J5: 0 | K5: 0 | L5: 0 | M5: 0 | N5: 0 | O5: 1754.72 | P5: 0 | Q5: 0 | R5: 0 | S5: 0 | T5: 1754.72
A6: 2 | B6: 02.02.2026 | D6: 0 | E6: 0 | F6: 88 | G6: 0 | H6: 0 | I6: 0 | J6: 0 | K6: 0 | L6: 0 | M6: 0 | N6: 0 | O6: 1754.72 | P6: 0 | Q6: 0 | R6: 0 | S6: 0 | T6: 1754.72
A7: 3 | B7: 03.02.2026 | D7: 0 | E7: 0 | F7: 88 | G7: 0 | H7: 0 | I7: 0 | J7: 0 | K7: 0 | L7: 0 | M7: 0 | N7: 0 | O7: 1754.72 | P7: 0 | Q7: 0 | R7: 0 | S7: 0 | T7: 1754.72
A8: 4 | B8: 04.02.2026 | D8: 0 | E8: 0 | F8: 88 | G8: 0 | H8: 0 | I8: 0 | J8: 0 | K8: 0 | L8: 0 | M8: 0 | N8: 0 | O8: 1754.72 | P8: 0 | Q8: 0 | R8: 0 | S8: 0 | T8: 1754.72
A9: 5 | B9: 05.02.2026 | D9: 0 | E9: 0 | F9: 88 | G9: 0 | H9: 0 | I9: 0 | J9: 0 | K9: 0 | L9: 0 | M9: 0 | N9: 0 | O9: 1754.72 | P9: 0 | Q9: 0 | R9: 0 | S9: 0 | T9: 1754.72
A10: 6 | B10: 06.02.2026 | D10: 0 | E10: 0 | F10: 88 | G10: 0 | H10: 0 | I10: 0 | J10: 0 | K10: 0 | L10: 0 | M10: 0 | N10: 0 | O10: 1754.72 | P10: 0 | Q10: 0 | R10: 0 | S10: 0 | T10: 1754.72
A11: 7 | B11: 07.02.2026 | D11: 0 | E11: 0 | F11: 88 | G11: 0 | H11: 0 | I11: 0 | J11: 0 | K11: 0 | L11: 0 | M11: 0 | N11: 0 | O11: 1754.72 | P11: 0 | Q11: 0 | R11: 0 | S11: 0 | T11: 1754.72
A12: 8 | B12: 08.02.2026 | D12: 0 | E12: 5 | F12: 83 | G12: 0 | H12: 0 | I12: 0 | J12: 0 | K12: 0 | L12: 0 | M12: 0 | N12: 756.25 | O12: 1655.02 | P12: 0 | Q12: 0 | R12: 0 | S12: 0 | T12: 2411.27
A13: 9 | B13: 09.02.2026 | D13: 0 | E13: 0 | F13: 83 | G13: 0 | H13: 0 | I13: 0 | J13: 0 | K13: 0 | L13: 0 | M13: 0 | N13: 0 | O13: 1655.02 | P13: 0 | Q13: 0 | R13: 0 | S13: 0 | T13: 1655.02
A14: 10 | B14: 10.02.2026 | D14: 0 | E14: 0 | F14: 83 | G14: 0 | H14: 0 | I14: 0 | J14: 0 | K14: 0 | L14: 0 | M14: 0 | N14: 0 | O14: 1655.02 | P14: 0 | Q14: 0 | R14: 0 | S14: 0 | T14: 1655.02
A15: 11 | B15: 11.02.2026 | D15: 0 | E15: 0 | F15: 83 | G15: 0 | H15: 0 | I15: 0 | J15: 0 | K15: 0 | L15: 0 | M15: 0 | N15: 0 | O15: 1655.02 | P15: 0 | Q15: 0 | R15: 0 | S15: 0 | T15: 1655.02
A16: 12 | B16: 12.02.2026 | D16: 0 | E16: 0 | F16: 83 | G16: 0 | H16: 0 | I16: 0 | J16: 0 | K16: 0 | L16: 0 | M16: 0 | N16: 0 | O16: 1655.02 | P16: 0 | Q16: 0 | R16: 0 | S16: 0 | T16: 1655.02
... A32: 28 | B32: 28.02.2026 | D32: 0 | E32: 0 | F32: 3 | G32: 0 | H32: 0 | I32: 0 | J32: 0 | K32: 0 | L32: 0 | M32: 0 | N32: 0 | O32: 59.82 | P32: 0 | Q32: 0 | R32: 0 | S32: 0 | T32: 59.82
A33: 29 | D33: 0 | E33: 0 | F33: 0 | G33: 0 | H33: 0 | I33: 0 | J33: 0 | K33: 0 | L33: 0 | M33: 0 | N33: 0 | O33: 0 | P33: 0 | Q33: 0 | R33: 0 | S33: 0 | T33: 0
A34: 30 | D34: 0 | E34: 0 | F34: 0 | G34: 0 | H34: 0 | I34: 0 | J34: 0 | K34: 0 | L34: 0 | M34: 0 | N34: 0 | O34: 0 | P34: 0 | Q34: 0 | R34: 0 | S34: 0 | T34: 0
A35: 31 | D35: 0 | E35: 0 | F35: 0 | G35: 0 | H35: 0 | I35: 0 | J35: 0 | K35: 0 | L35: 0 | M35: 0 | N35: 0 | O35: 0 | P35: 0 | Q35: 0 | R35: 0 | S35: 0 | T35: 0
D36: 0 | E36: 85 | F36: 1543 | G36: 0 | H36: 0 | I36: 0 | J36: 0 | K36: 0 | L36: 0 | M36: 0 | N36: 12856.25 | O36: 30767.42 | P36: 0 | Q36: 0 | R36: 0 | S36: 0 | T36: 43623.67
T37: 53220.88

Sheet Баумана Полимеры
A2: Отчет по хранению товара за Февраль 2026 Баумана Полимеры
A3: № | B3: дата | D3: Выгрузка кол-во паллет | E3: Загрузка кол-во паллет | F3: Хранение | G3: Резервирование 5032 ГЕ | H3: Мин. Суточный резерв 625 | I3: переконсолидация (тонн) | J3: Паллетирование | K3: Взвешивание | L3: Стоимость взвешивания | M3: стоимость выгрузки | N3: стоимость загрузки | O3: стоимость хранения | P3: Стоимость резервирования | Q3: Стоимость мин.суточной бработки | R3: стоимость переконс. | S3: Стоимость паллетирования | T3: итого
F4: (кол-во паллет)
A5: 1 | B5: 01.02.2026 | D5: 30 | E5: 51 | F5: 4523 | G5: 509 | H5: 544 | I5: 0 | J5: 0 | K5: 0 | L5: 0 | M5: 4537.5 | N5: 7713.75 | O5: 90188.62 | P5: 10149.46 | Q5: 82280 | R5: 0 | S5: 0 | T5: 194869.33
A6: 2 | B6: 02.02.2026 | D6: 30 | E6: 110 | F6: 4443 | G6: 589 | H6: 485 | I6: 0 | J6: 0 | K6: 0 | L6: 0 | M6: 4537.5 | N6: 16637.5 | O6: 88593.42 | P6: 11744.66 | Q6: 73356.25 | R6: 0 | S6: 0 | T6: 194869.33
A7: 3 | B7: 03.02.2026 | D7: 0 | E7: 64 | F7: 4379 | G7: 653 | H7: 561 | I7: 0 | J7: 0 | K7: 0 | L7: 0 | M7: 0 | N7: 9680 | O7: 87317.26 | P7: 13020.82 | Q7: 84851.25 | R7: 0 | S7: 0 | T7: 194869.33
A8: 4 | B8: 04.02.2026 | D8: 189 | E8: 96 | F8: 4472 | G8: 560 | H8: 340 | I8: 0 | J8: 0 | K8: 0 | L8: 0 | M8: 28586.25 | N8: 14520 | O8: 89171.68 | P8: 11166.4 | Q8: 51425 | R8: 0 | S8: 0 | T8: 194869.33
A9: 5 | B9: 05.02.2026 | D9: 327 | E9: 122 | F9: 4677 | G9: 355 | H9: 176 | I9: 0 | J9: 0 | K9: 0 | L9: 0 | M9: 49458.75 | N9: 18452.5 | O9: 93259.38 | P9: 7078.7 | Q9: 26620 | R9: 0 | S9: 0 | T9: 194869.33
A10: 6 | B10: 06.02.2026 | D10: 177 | E10: 76 | F10: 4778 | G10: 254 | H10: 372 | I10: 0 | J10: 0 | K10: 0 | L10: 0 | M10: 26771.25 | N10: 11495 | O10: 95273.32 | P10: 5064.76 | Q10: 56265 | R10: 0 | S10: 0 | T10: 194869.33
A11: 7 | B11: 07.02.2026 | D11: 127 | E11: 64 | F11: 4841 | G11: 191 | H11: 434 | I11: 0 | J11: 0 | K11: 0 | L11: 0 | M11: 19208.75 | N11: 9680 | O11: 96529.54 | P11: 3808.54 | Q11: 65642.5 | R11: 0 | S11: 0 | T11: 194869.33
A12: 8 | B12: 08.02.2026 | D12: 172 | E12: 88 | F12: 4925 | G12: 107 | H12: 365 | I12: 0 | J12: 0 | K12: 0 | L12: 0 | M12: 26015 | N12: 13310 | O12: 98204.5 | P12: 2133.58 | Q12: 55206.25 | R12: 0 | S12: 0 | T12: 194869.33
A13: 9 | B13: 09.02.2026 | D13: 192 | E13: 140 | F13: 4977 | G13: 55 | H13: 293 | I13: 0 | J13: 0 | K13: 0 | L13: 0 | M13: 29040 | N13: 21175 | O13: 99241.38 | P13: 1096.7 | Q13: 44316.25 | R13: 0 | S13: 0 | T13: 194869.33
A14: 10 | B14: 10.02.2026 | D14: 211 | E14: 202 | F14: 4986 | G14: 46 | H14: 212 | I14: 0 | J14: 0 | K14: 0 | L14: 0 | M14: 31913.75 | N14: 30552.5 | O14: 99420.84 | P14: 917.24 | Q14: 32065 | R14: 0 | S14: 0 | T14: 194869.33
A15: 11 | B15: 11.02.2026 | D15: 198 | E15: 115 | F15: 5069 | G15: 0 | H15: 312 | I15: 0 | J15: 0 | K15: 0 | L15: 0 | M15: 29947.5 | N15: 17393.75 | O15: 101075.86 | P15: 0 | Q15: 47190 | R15: 0 | S15: 0 | T15: 195607.11
A16: 12 | B16: 12.02.2026 | D16: 39 | E16: 131 | F16: 4977 | G16: 55 | H16: 455 | I16: 0 | J16: 0 | K16: 0 | L16: 0 | M16: 5898.75 | N16: 19813.75 | O16: 99241.38 | P16: 1096.7 | Q16: 68818.75 | R16: 0 | S16: 0 | T16: 194869.33
... A32: 28 | B32: 28.02.2026 | D32: 159 | E32: 67 | F32: 4900 | G32: 132 | H32: 399 | I32: 0 | J32: 0 | K32: 0 | L32: 0 | M32: 24048.75 | N32: 10133.75 | O32: 97706 | P32: 2632.08 | Q32: 60348.75 | R32: 0 | S32: 0 | T32: 194869.33
A33: 29 | D33: 0 | E33: 0 | F33: 0 | G33: 0 | H33: 0 | I33: 0 | J33: 0 | K33: 0 | L33: 0 | M33: 0 | N33: 0 | O33: 0 | P33: 0 | Q33: 0 | R33: 0 | S33: 0 | T33: 0
A34: 30 | D34: 0 | E34: 0 | F34: 0 | G34: 0 | H34: 0 | I34: 0 | J34: 0 | K34: 0 | L34: 0 | M34: 0 | N34: 0 | O34: 0 | P34: 0 | Q34: 0 | R34: 0 | S34: 0 | T34: 0
A35: 31 | D35: 0 | E35: 0 | F35: 0 | G35: 0 | H35: 0 | I35: 0 | J35: 0 | K35: 0 | L35: 0 | M35: 0 | N35: 0 | O35: 0 | P35: 0 | Q35: 0 | R35: 0 | S35: 0 | T35: 0
D36: 3131 | E36: 2775 | F36: 132616 | G36: 8317 | H36: 11594 | I36: 22.493 | J36: 22.493 | K36: 0 | L36: 0 | M36: 473563.75 | N36: 419718.75 | O36: 2644363 | P36: 165840.98 | Q36: 1753592.5 | R36: 5623.25 | S36: 3149.02 | T36: 5465851.3
T37: 6668338.6

Sheet Баумана Полиом
A2: Отчет по хранению товара за Февраль 2026 Баумана Полиом
A3: № | B3: дата | D3: Выгрузка кол-во паллет | E3: Загрузка кол-во паллет | F3: Хранение | G3: Резервирование 5032 ГЕ | H3: Мин. Суточный резерв 625 | I3: переконсолидация (тонн) | J3: Паллетирование | K3: Взвешивание | L3: Стоимость взвешивания | M3: стоимость выгрузки | N3: стоимость загрузки | O3: стоимость хранения | P3: Стоимость резервирования | Q3: Стоимость мин.суточной бработки | R3: стоимость переконс. | S3: Стоимость паллетирования | T3: итого
F4: (кол-во паллет)
A5: 1 | B5: 01.02.2026 | D5: 0 | E5: 16 | F5: 161 | G5: 0 | H5: 0 | I5: 0 | J5: 0 | K5: 0 | L5: 0 | M5: 0 | N5: 2420 | O5: 3210.34 | P5: 0 | Q5: 0 | R5: 0 | S5: 0 | T5: 5630.34
A6: 2 | B6: 02.02.2026 | D6: 0 | E6: 0 | F6: 161 | G6: 0 | H6: 0 | I6: 0 | J6: 0 | K6: 0 | L6: 0 | M6: 0 | N6: 0 | O6: 3210.34 | P6: 0 | Q6: 0 | R6: 0 | S6: 0 | T6: 3210.34
A7: 3 | B7: 03.02.2026 | D7: 16 | E7: 16 | F7: 161 | G7: 0 | H7: 0 | I7: 0 | J7: 0 | K7: 0 | L7: 0 | M7: 2420 | N7: 2420 | O7: 3210.34 | P7: 0 | Q7: 0 | R7: 0 | S7: 0 | T7: 8050.34
A8: 4 | B8: 04.02.2026 | D8: 0 | E8: 16 | F8: 145 | G8: 0 | H8: 0 | I8: 0 | J8: 0 | K8: 0 | L8: 0 | M8: 0 | N8: 2420 | O8: 2891.3 | P8: 0 | Q8: 0 | R8: 0 | S8: 0 | T8: 5311.3
A9: 5 | B9: 05.02.2026 | D9: 0 | E9: 32 | F9: 113 | G9: 0 | H9: 0 | I9: 0 | J9: 0 | K9: 0 | L9: 0 | M9: 0 | N9: 4840 | O9: 2253.22 | P9: 0 | Q9: 0 | R9: 0 | S9: 0 | T9: 7093.22
A10: 6 | B10: 06.02.2026 | D10: 0 | E10: 0 | F10: 113 | G10: 0 | H10: 0 | I10: 0 | J10: 0 | K10: 0 | L10: 0 | M10: 0 | N10: 0 | O10: 2253.22 | P10: 0 | Q10: 0 | R10: 0 | S10: 0 | T10: 2253.22
A11: 7 | B11: 07.02.2026 | D11: 0 | E11: 0 | F11: 113 | G11: 0 | H11: 0 | I11: 0 | J11: 0 | K11: 0 | L11: 0 | M11: 0 | N11: 0 | O11: 2253.22 | P11: 0 | Q11: 0 | R11: 0 | S11: 0 | T11: 2253.22
A12: 8 | B12: 08.02.2026 | D12: 0 | E12: 0 | F12: 113 | G12: 0 | H12: 0 | I12: 0 | J12: 0 | K12: 0 | L12: 0 | M12: 0 | N12: 0 | O12: 2253.22 | P12: 0 | Q12: 0 | R12: 0 | S12: 0 | T12: 2253.22
A13: 9 | B13: 09.02.2026 | D13: 48 | E13: 0 | F13: 161 | G13: 0 | H13: 0 | I13: 0 | J13: 0 | K13: 0 | L13: 0 | M13: 7260 | N13: 0 | O13: 3210.34 | P13: 0 | Q13: 0 | R13: 0 | S13: 0 | T13: 10470.34
A14: 10 | B14: 10.02.2026 | D14: 32 | E14: 16 | F14: 177 | G14: 0 | H14: 0 | I14: 0 | J14: 0 | K14: 0 | L14: 0 | M14: 4840 | N14: 2420 | O14: 3529.38 | P14: 0 | Q14: 0 | R14: 0 | S14: 0 | T14: 10789.38
A15: 11 | B15: 11.02.2026 | D15: 0 | E15: 80 | F15: 97 | G15: 0 | H15: 0 | I15: 0 | J15: 0 | K15: 0 | L15: 0 | M15: 0 | N15: 12100 | O15: 1934.18 | P15: 0 | Q15: 0 | R15: 0 | S15: 0 | T15: 14034.18
A16: 12 | B16: 12.02.2026 | D16: 0 | E16: 2 | F16: 95 | G16: 0 | H16: 0 | I16: 0 | J16: 0 | K16: 0 | L16: 0 | M16: 0 | N16: 302.5 | O16: 1894.3 | P16: 0 | Q16: 0 | R16: 0 | S16: 0 | T16: 2196.8
... A32: 28 | B32: 28.02.2026 | D32: 0 | E32: 0 | F32: 113 | G32: 0 | H32: 0 | I32: 0 | J32: 0 | K32: 0 | L32: 0 | M32: 0 | N32: 0 | O32: 2253.22 | P32: 0 | Q32: 0 | R32: 0 | S32: 0 | T32: 2253.22
A33: 29 | D33: 0 | E33: 0 | F33: 0 | G33: 0 | H33: 0 | I33: 0 | J33: 0 | K33: 0 | L33: 0 | M33: 0 | N33: 0 | O33: 0 | P33: 0 | Q33: 0 | R33: 0 | S33: 0 | T33: 0
A34: 30 | D34: 0 | E34: 0 | F34: 0 | G34: 0 | H34: 0 | I34: 0 | J34: 0 | K34: 0 | L34: 0 | M34: 0 | N34: 0 | O34: 0 | P34: 0 | Q34: 0 | R34: 0 | S34: 0 | T34: 0
A35: 31 | D35: 0 | E35: 0 | F35: 0 | G35: 0 | H35: 0 | I35: 0 | J35: 0 | K35: 0 | L35: 0 | M35: 0 | N35: 0 | O35: 0 | P35: 0 | Q35: 0 | R35: 0 | S35: 0 | T35: 0
D36: 288 | E36: 352 | F36: 4104 | G36: 0 | H36: 0 | I36: 0 | J36: 0 | K36: 0 | L36: 0 | M36: 43560 | N36: 53240 | O36: 81833.76 | P36: 0 | Q36: 0 | R36: 0 | S36: 0 | T36: 178633.76
T37: 217933.19

Sheet Лист1 (2)
A2: Отчет по хранению товара за Февраль 2025 Баумана KPI
A3: № | B3: дата | D3: Выгрузка кол-во паллет | E3: Загрузка кол-во паллет | F3: Хранение | G3: Резервирование 6920 ГЕ | H3: Мин. Суточный резерв 600 | I3: переконсолидация (тонн) | J3: Паллетирование | K3: Ночная загруска выгрузка | L3: стоимость ночной загруски | M3: стоимость выгрузки | N3: стоимость загрузки | O3: стоимость хранения | P3: Стоимость резервирования | Q3: Стоимость мин.суточной бработки | R3: стоимость переконс. | S3: Стоимость паллетирования | T3: итого
F4: (кол-во паллет)
A5: 1 | B5: 01.02.2025 | D5: 0 | E5: 0 | F5: 14 | G5: 0 | H5: 0 | I5: 0 | J5: 0 | L5: 0 | M5: 0 | N5: 0 | O5: 279.16 | P5: 0 | Q5: 0 | R5: 0 | S5: 0 | T5: 279.16
A6: 2 | B6: 02.02.2025 | D6: 0 | E6: 0 | F6: 14 | G6: 0 | H6: 0 | I6: 0 | J6: 0 | L6: 0 | M6: 0 | N6: 0 | O6: 279.16 | P6: 0 | Q6: 0 | R6: 0 | S6: 0 | T6: 279.16
A7: 3 | B7: 03.02.2025 | D7: 0 | E7: 0 | F7: 14 | G7: 0 | H7: 0 | I7: 0 | J7: 0 | L7: 0 | M7: 0 | N7: 0 | O7: 279.16 | P7: 0 | Q7: 0 | R7: 0 | S7: 0 | T7: 279.16
A8: 4 | B8: 04.02.2025 | D8: 0 | E8: 0 | F8: 14 | G8: 0 | H8: 0 | I8: 0 | J8: 0 | L8: 0 | M8: 0 | N8: 0 | O8: 279.16 | P8: 0 | Q8: 0 | R8: 0 | S8: 0 | T8: 279.16
A9: 5 | B9: 05.02.2025 | D9: 0 | E9: 14 | F9: 0 | G9: 0 | H9: 0 | I9: 0 | J9: 0 | L9: 0 | M9: 0 | N9: 2117.5 | O9: 0 | P9: 0 | Q9: 0 | R9: 0 | S9: 0 | T9: 2117.5
A10: 6 | B10: 06.02.2025 | D10: 0 | E10: 0 | F10: 0 | G10: 0 | H10: 0 | I10: 0 | J10: 0 | L10: 0 | M10: 0 | N10: 0 | O10: 0 | P10: 0 | Q10: 0 | R10: 0 | S10: 0 | T10: 0
A11: 7 | B11: 07.02.2025 | D11: 0 | E11: 0 | F11: 0 | G11: 0 | H11: 0 | I11: 0 | J11: 0 | L11: 0 | M11: 0 | N11: 0 | O11: 0 | P11: 0 | Q11: 0 | R11: 0 | S11: 0 | T11: 0
A12: 8 | B12: 08.02.2025 | D12: 0 | E12: 0 | F12: 0 | G12: 0 | H12: 0 | I12: 0 | J12: 0 | L12: 0 | M12: 0 | N12: 0 | O12: 0 | P12: 0 | Q12: 0 | R12: 0 | S12: 0 | T12: 0
A13: 9 | B13: 09.02.2025 | D13: 0 | E13: 0 | F13: 0 | G13: 0 | H13: 0 | I13: 0 | J13: 0 | L13: 0 | M13: 0 | N13: 0 | O13: 0 | P13: 0 | Q13: 0 | R13: 0 | S13: 0 | T13: 0
A14: 10 | B14: 10.02.2025 | D14: 0 | E14: 0 | F14: 0 | G14: 0 | H14: 0 | I14: 0 | J14: 0 | L14: 0 | M14: 0 | N14: 0 | O14: 0 | P14: 0 | Q14: 0 | R14: 0 | S14: 0 | T14: 0
A15: 11 | B15: 11.02.2025 | D15: 15 | E15: 0 | F15: 15 | G15: 0 | H15: 0 | I15: 0 | J15: 0 | L15: 0 | M15: 2268.75 | N15: 0 | O15: 299.1 | P15: 0 | Q15: 0 | R15: 0 | S15: 0 | T15: 2567.85
A16: 12 | B16: 12.02.2025 | D16: 30 | E16: 0 | F16: 45 | G16: 0 | H16: 0 | I16: 0 | J16: 0 | L16: 0 | M16: 4537.5 | N16: 0 | O16: 897.3 | P16: 0 | Q16: 0 | R16: 0 | S16: 0 | T16: 5434.8
... A32: 28 | B32: 28.02.2025 | D32: 30 | E32: 0 | F32: 75 | G32: 0 | H32: 0 | I32: 0 | J32: 0 | L32: 0 | M32: 4537.5 | N32: 0 | O32: 1495.5 | P32: 0 | Q32: 0 | R32: 0 | S32: 0 | T32: 6033
A33: 29 | D33: 0 | E33: 0 | F33: 0 | G33: 0 | H33: 0 | I33: 0 | J33: 0 | L33: 0 | M33: 0 | N33: 0 | O33: 0 | P33: 0 | Q33: 0 | R33: 0 | S33: 0 | T33: 0
A34: 30 | D34: 0 | E34: 0 | F34: 0 | G34: 0 | H34: 0 | I34: 0 | J34: 0 | L34: 0 | M34: 0 | N34: 0 | O34: 0 | P34: 0 | Q34: 0 | R34: 0 | S34: 0 | T34: 0
A35: 31 | D35: 0 | E35: 0 | F35: 0 | G35: 0 | H35: 0 | I35: 0 | J35: 0 | L35: 0 | M35: 0 | N35: 0 | O35: 0 | P35: 0 | Q35: 0 | R35: 0 | S35: 0 | T35: 0
D36: 150 | E36: 89 | F36: 1211 | G36: 0 | H36: 0 | I36: 0 | J36: 0 | K36: 0 | L36: 0 | M36: 22687.5 | N36: 13461.25 | O36: 24147.34 | P36: 0 | Q36: 0 | R36: 0 | S36: 0 | T36: 60296.09
T37: 72355.31

Sheet Лист1 (3)
A2: Отчет по хранению товара за Февраль 2025 Баумана Полимеры
A3: № | B3: дата | D3: Выгрузка кол-во паллет | E3: Загрузка кол-во паллет | F3: Хранение | G3: Резервирование 6920 ГЕ | H3: Мин. Суточный резерв 600 | I3: переконсолидация (тонн) | J3: Паллетирование | K3: Ночная загруска выгрузка | L3: стоимость ночной загруски | M3: стоимость выгрузки | N3: стоимость загрузки | O3: стоимость хранения | P3: Стоимость резервирования | Q3: Стоимость мин.суточной бработки | R3: стоимость переконс. | S3: Стоимость паллетирования | T3: итого
F4: (кол-во паллет)
A5: 1 | B5: 01.02.2025 | D5: 0 | E5: 0 | F5: 1841 | G5: 5079 | H5: 600 | I5: 0 | J5: 0 | L5: 0 | M5: 0 | N5: 0 | O5: 36709.54 | P5: 101275.26 | Q5: 90750 | R5: 0 | S5: 0 | T5: 228734.8
A6: 2 | B6: 02.02.2025 | D6: 0 | E6: 0 | F6: 1841 | G6: 5079 | H6: 600 | I6: 0 | J6: 0 | L6: 0 | M6: 0 | N6: 0 | O6: 36709.54 | P6: 101275.26 | Q6: 90750 | R6: 0 | S6: 0 | T6: 228734.8
A7: 3 | B7: 03.02.2025 | D7: 0 | E7: 0 | F7: 1841 | G7: 5079 | H7: 600 | I7: 0 | J7: 0 | L7: 0 | M7: 0 | N7: 0 | O7: 36709.54 | P7: 101275.26 | Q7: 90750 | R7: 0 | S7: 0 | T7: 228734.8
A8: 4 | B8: 04.02.2025 | D8: 0 | E8: 42 | F8: 1799 | G8: 5121 | H8: 558 | I8: 0 | J8: 0 | L8: 0 | M8: 0 | N8: 6352.5 | O8: 35872.06 | P8: 102112.74 | Q8: 84397.5 | R8: 0 | S8: 0 | T8: 228734.8
A9: 5 | B9: 05.02.2025 | D9: 0 | E9: 60 | F9: 1739 | G9: 5181 | H9: 540 | I9: 0 | J9: 0 | L9: 0 | M9: 0 | N9: 9075 | O9: 34675.66 | P9: 103309.14 | Q9: 81675 | R9: 0 | S9: 0 | T9: 228734.8
A10: 6 | B10: 06.02.2025 | D10: 0 | E10: 45 | F10: 1694 | G10: 5226 | H10: 555 | I10: 0 | J10: 0 | L10: 0 | M10: 0 | N10: 6806.25 | O10: 33778.36 | P10: 104206.44 | Q10: 83943.75 | R10: 0 | S10: 0 | T10: 228734.8
A11: 7 | B11: 07.02.2025 | D11: 0 | E11: 18 | F11: 1676 | G11: 5244 | H11: 582 | I11: 0 | J11: 0 | L11: 0 | M11: 0 | N11: 2722.5 | O11: 33419.44 | P11: 104565.36 | Q11: 88027.5 | R11: 0 | S11: 0 | T11: 228734.8
A12: 8 | B12: 08.02.2025 | D12: 15 | E12: 30 | F12: 1661 | G12: 5259 | H12: 555 | I12: 0 | J12: 0 | L12: 0 | M12: 2268.75 | N12: 4537.5 | O12: 33120.34 | P12: 104864.46 | Q12: 83943.75 | R12: 0 | S12: 0 | T12: 228734.8
A13: 9 | B13: 09.02.2025 | D13: 45 | E13: 0 | F13: 1706 | G13: 5214 | H13: 555 | I13: 0 | J13: 0 | L13: 0 | M13: 6806.25 | N13: 0 | O13: 34017.64 | P13: 103967.16 | Q13: 83943.75 | R13: 0 | S13: 0 | T13: 228734.8
A14: 10 | B14: 10.02.2025 | D14: 60 | E14: 16 | F14: 1750 | G14: 5170 | H14: 524 | I14: 0 | J14: 0 | L14: 0 | M14: 9075 | N14: 2420 | O14: 34895 | P14: 103089.8 | Q14: 79255 | R14: 0 | S14: 0 | T14: 228734.8
A15: 11 | B15: 11.02.2025 | D15: 120 | E15: 15 | F15: 1855 | G15: 5065 | H15: 465 | I15: 0 | J15: 0 | L15: 0 | M15: 18150 | N15: 2268.75 | O15: 36988.7 | P15: 100996.1 | Q15: 70331.25 | R15: 0 | S15: 0 | T15: 228734.8
A16: 12 | B16: 12.02.2025 | D16: 30 | E16: 15 | F16: 1870 | G16: 5050 | H16: 555 | I16: 0 | J16: 0 | L16: 0 | M16: 4537.5 | N16: 2268.75 | O16: 37287.8 | P16: 100697 | Q16: 83943.75 | R16: 0 | S16: 0 | T16: 228734.8
... A32: 28 | B32: 28.02.2025 | D32: 615 | E32: 240 | F32: 5203 | G32: 1717 | H32: 0 | I32: 0 | J32: 0 | L32: 0 | M32: 93018.75 | N32: 36300 | O32: 103747.82 | P32: 34236.98 | Q32: 0 | R32: 0 | S32: 0 | T32: 267303.55
A33: 29 | D33: 0 | E33: 0 | F33: 0 | G33: 0 | H33: 0 | I33: 0 | J33: 0 | L33: 0 | M33: 0 | N33: 0 | O33: 0 | P33: 0 | Q33: 0 | R33: 0 | S33: 0 | T33: 0
A34: 30 | D34: 0 | E34: 0 | F34: 0 | G34: 0 | H34: 0 | I34: 0 | J34: 0 | L34: 0 | M34: 0 | N34: 0 | O34: 0 | P34: 0 | Q34: 0 | R34: 0 | S34: 0 | T34: 0
A35: 31 | D35: 0 | E35: 0 | F35: 0 | G35: 0 | H35: 0 | I35: 0 | J35: 0 | L35: 0 | M35: 0 | N35: 0 | O35: 0 | P35: 0 | Q35: 0 | R35: 0 | S35: 0 | T35: 0
D36: 4561 | E36: 1199 | F36: 71710 | G36: 122050 | H36: 11520 | I36: 17.875 | J36: 26.125 | K36: 0 | L36: 0 | M36: 689851.25 | N36: 181348.75 | O36: 1429897.4 | P36: 2433677 | Q36: 1742400 | R36: 14746.88 | S36: 3135 | T36: 6495056.3
T37: 7794067.5

Sheet Лист1 (4)
A2: Отчет по хранению товара за Февраль 2025 Баумана Полиом
A3: № | B3: дата | D3: Выгрузка кол-во паллет | E3: Загрузка кол-во паллет | F3: Хранение | G3: Резервирование 6920 ГЕ | H3: Мин. Суточный резерв 600 | I3: переконсолидация (тонн) | J3: Паллетирование | K3: Ночная загруска выгрузка | L3: стоимость ночной загруски | M3: стоимость выгрузки | N3: стоимость загрузки | O3: стоимость хранения | P3: Стоимость резервирования | Q3: Стоимость мин.суточной бработки | R3: стоимость переконс. | S3: Стоимость паллетирования | T3: итого
F4: (кол-во паллет)
A5: 1 | B5: 01.02.2025 | D5: 0 | E5: 0 | F5: 76 | G5: 0 | H5: 0 | I5: 0 | J5: 0 | L5: 0 | M5: 0 | N5: 0 | O5: 1515.44 | P5: 0 | Q5: 0 | R5: 0 | S5: 0 | T5: 1515.44
A6: 2 | B6: 02.02.2025 | D6: 0 | E6: 0 | F6: 76 | G6: 0 | H6: 0 | I6: 0 | J6: 0 | L6: 0 | M6: 0 | N6: 0 | O6: 1515.44 | P6: 0 | Q6: 0 | R6: 0 | S6: 0 | T6: 1515.44
A7: 3 | B7: 03.02.2025 | D7: 0 | E7: 0 | F7: 76 | G7: 0 | H7: 0 | I7: 0 | J7: 0 | L7: 0 | M7: 0 | N7: 0 | O7: 1515.44 | P7: 0 | Q7: 0 | R7: 0 | S7: 0 | T7: 1515.44
A8: 4 | B8: 04.02.2025 | D8: 0 | E8: 0 | F8: 76 | G8: 0 | H8: 0 | I8: 0 | J8: 0 | L8: 0 | M8: 0 | N8: 0 | O8: 1515.44 | P8: 0 | Q8: 0 | R8: 0 | S8: 0 | T8: 1515.44
A9: 5 | B9: 05.02.2025 | D9: 0 | E9: 0 | F9: 76 | G9: 0 | H9: 0 | I9: 0 | J9: 0 | L9: 0 | M9: 0 | N9: 0 | O9: 1515.44 | P9: 0 | Q9: 0 | R9: 0 | S9: 0 | T9: 1515.44
A10: 6 | B10: 06.02.2025 | D10: 0 | E10: 15 | F10: 61 | G10: 0 | H10: 0 | I10: 0 | J10: 0 | L10: 0 | M10: 0 | N10: 2268.75 | O10: 1216.34 | P10: 0 | Q10: 0 | R10: 0 | S10: 0 | T10: 3485.09
A11: 7 | B11: 07.02.2025 | D11: 0 | E11: 15 | F11: 46 | G11: 0 | H11: 0 | I11: 0 | J11: 0 | L11: 0 | M11: 0 | N11: 2268.75 | O11: 917.24 | P11: 0 | Q11: 0 | R11: 0 | S11: 0 | T11: 3185.99
A12: 8 | B12: 08.02.2025 | D12: 0 | E12: 0 | F12: 46 | G12: 0 | H12: 0 | I12: 0 | J12: 0 | L12: 0 | M12: 0 | N12: 0 | O12: 917.24 | P12: 0 | Q12: 0 | R12: 0 | S12: 0 | T12: 917.24
A13: 9 | B13: 09.02.2025 | D13: 0 | E13: 0 | F13: 46 | G13: 0 | H13: 0 | I13: 0 | J13: 0 | L13: 0 | M13: 0 | N13: 0 | O13: 917.24 | P13: 0 | Q13: 0 | R13: 0 | S13: 0 | T13: 917.24
A14: 10 | B14: 10.02.2025 | D14: 0 | E14: 0 | F14: 46 | G14: 0 | H14: 0 | I14: 0 | J14: 0 | L14: 0 | M14: 0 | N14: 0 | O14: 917.24 | P14: 0 | Q14: 0 | R14: 0 | S14: 0 | T14: 917.24
A15: 11 | B15: 11.02.2025 | D15: 0 | E15: 0 | F15: 46 | G15: 0 | H15: 0 | I15: 0 | J15: 0 | L15: 0 | M15: 0 | N15: 0 | O15: 917.24 | P15: 0 | Q15: 0 | R15: 0 | S15: 0 | T15: 917.24
A16: 12 | B16: 12.02.2025 | D16: 0 | E16: 0 | F16: 46 | G16: 0 | H16: 0 | I16: 0 | J16: 0 | L16: 0 | M16: 0 | N16: 0 | O16: 917.24 | P16: 0 | Q16: 0 | R16: 0 | S16: 0 | T16: 917.24
... A32: 28 | B32: 28.02.2025 | D32: 0 | E32: 0 | F32: 46 | G32: 0 | H32: 0 | I32: 0 | J32: 0 | L32: 0 | M32: 0 | N32: 0 | O32: 917.24 | P32: 0 | Q32: 0 | R32: 0 | S32: 0 | T32: 917.24
A33: 29 | D33: 0 | E33: 0 | F33: 0 | G33: 0 | H33: 0 | I33: 0 | J33: 0 | L33: 0 | M33: 0 | N33: 0 | O33: 0 | P33: 0 | Q33: 0 | R33: 0 | S33: 0 | T33: 0
A34: 30 | D34: 0 | E34: 0 | F34: 0 | G34: 0 | H34: 0 | I34: 0 | J34: 0 | L34: 0 | M34: 0 | N34: 0 | O34: 0 | P34: 0 | Q34: 0 | R34: 0 | S34: 0 | T34: 0
A35: 31 | D35: 0 | E35: 0 | F35: 0 | G35: 0 | H35: 0 | I35: 0 | J35: 0 | L35: 0 | M35: 0 | N35: 0 | O35: 0 | P35: 0 | Q35: 0 | R35: 0 | S35: 0 | T35: 0
D36: 0 | E36: 30 | F36: 1453 | G36: 0 | H36: 0 | I36: 0 | J36: 0 | K36: 0 | L36: 0 | M36: 0 | N36: 4537.5 | O36: 28972.82 | P36: 0 | Q36: 0 | R36: 0 | S36: 0 | T36: 33510.32
T37: 40212.38

Sheet Екатеринбург KPI
A2: Отчет по хранению товара за Февраль 2026 Екатеринбург KPI
A3: № | B3: дата | D3: Выгрузка кол-во | E3: Загрузка кол-во | F3: Хранение | G3: Резервирование 10500 ГЕ | H3: Мин. Суточный резерв 1000 | I3: переконсолидация (тонн) | J3: Паллетирование | K3: Взвешивание | L3: стоимость взвешивания | M3: стоимость выгрузки | N3: стоимость загрузки | O3: стоимость хранения | P3: Стоимость резервирования | Q3: Стоимость мин.суточной бработки | R3: стоимость переконс. | S3: Стоимость паллетирования | T3: итого
A5: 1 | B5: 01.02.2026 | D5: 0 | E5: 0 | F5: 3.85 | G5: 0 | H5: 0 | I5: 0 | J5: 0 | K5: 0 | L5: 0 | M5: 0 | N5: 0 | O5: 61.87 | P5: 0 | Q5: 0 | R5: 0 | S5: 0 | T5: 61.87
A6: 2 | B6: 02.02.2026 | D6: 0 | E6: 0 | F6: 3.85 | G6: 0 | H6: 0 | I6: 0 | J6: 0 | K6: 0 | L6: 0 | M6: 0 | N6: 0 | O6: 61.87 | P6: 0 | Q6: 0 | R6: 0 | S6: 0 | T6: 61.87
A7: 3 | B7: 03.02.2026 | D7: 0 | E7: 0 | F7: 3.85 | G7: 0 | H7: 0 | I7: 0 | J7: 0 | K7: 0 | L7: 0 | M7: 0 | N7: 0 | O7: 61.87 | P7: 0 | Q7: 0 | R7: 0 | S7: 0 | T7: 61.87
A8: 4 | B8: 04.02.2026 | D8: 0 | E8: 0 | F8: 3.85 | G8: 0 | H8: 0 | I8: 0 | J8: 0 | K8: 0 | L8: 0 | M8: 0 | N8: 0 | O8: 61.87 | P8: 0 | Q8: 0 | R8: 0 | S8: 0 | T8: 61.87
A9: 5 | B9: 05.02.2026 | D9: 0 | E9: 0 | F9: 3.85 | G9: 0 | H9: 0 | I9: 0 | J9: 0 | K9: 0 | L9: 0 | M9: 0 | N9: 0 | O9: 61.87 | P9: 0 | Q9: 0 | R9: 0 | S9: 0 | T9: 61.87
A10: 6 | B10: 06.02.2026 | D10: 0 | E10: 0 | F10: 3.85 | G10: 0 | H10: 0 | I10: 0 | J10: 0 | K10: 0 | L10: 0 | M10: 0 | N10: 0 | O10: 61.87 | P10: 0 | Q10: 0 | R10: 0 | S10: 0 | T10: 61.87
A11: 7 | B11: 07.02.2026 | D11: 0 | E11: 0 | F11: 3.85 | G11: 0 | H11: 0 | I11: 0 | J11: 0 | K11: 0 | L11: 0 | M11: 0 | N11: 0 | O11: 61.87 | P11: 0 | Q11: 0 | R11: 0 | S11: 0 | T11: 61.87
A12: 8 | B12: 08.02.2026 | D12: 0 | E12: 0 | F12: 3.85 | G12: 0 | H12: 0 | I12: 0 | J12: 0 | K12: 0 | L12: 0 | M12: 0 | N12: 0 | O12: 61.87 | P12: 0 | Q12: 0 | R12: 0 | S12: 0 | T12: 61.87
A13: 9 | B13: 09.02.2026 | D13: 0 | E13: 0 | F13: 3.85 | G13: 0 | H13: 0 | I13: 0 | J13: 0 | K13: 0 | L13: 0 | M13: 0 | N13: 0 | O13: 61.87 | P13: 0 | Q13: 0 | R13: 0 | S13: 0 | T13: 61.87
A14: 10 | B14: 10.02.2026 | D14: 0 | E14: 0 | F14: 3.85 | G14: 0 | H14: 0 | I14: 0 | J14: 0 | K14: 0 | L14: 0 | M14: 0 | N14: 0 | O14: 61.87 | P14: 0 | Q14: 0 | R14: 0 | S14: 0 | T14: 61.87
A15: 11 | B15: 11.02.2026 | D15: 0 | E15: 0 | F15: 3.85 | G15: 0 | H15: 0 | I15: 0 | J15: 0 | K15: 0 | L15: 0 | M15: 0 | N15: 0 | O15: 61.87 | P15: 0 | Q15: 0 | R15: 0 | S15: 0 | T15: 61.87
A16: 12 | B16: 12.02.2026 | D16: 0 | E16: 0 | F16: 3.85 | G16: 0 | H16: 0 | I16: 0 | J16: 0 | K16: 0 | L16: 0 | M16: 0 | N16: 0 | O16: 61.87 | P16: 0 | Q16: 0 | R16: 0 | S16: 0 | T16: 61.87
... A32: 28 | B32: 28.02.2026 | D32: 0 | E32: 0 | F32: 3.85 | G32: 0 | H32: 0 | I32: 0 | J32: 0 | K32: 0 | L32: 0 | M32: 0 | N32: 0 | O32: 61.87 | P32: 0 | Q32: 0 | R32: 0 | S32: 0 | T32: 61.87
A33: 29 | D33: 0 | E33: 0 | F33: 0 | G33: 0 | H33: 0 | I33: 0 | J33: 0 | K33: 0 | L33: 0 | M33: 0 | N33: 0 | O33: 0 | P33: 0 | Q33: 0 | R33: 0 | S33: 0 | T33: 0
A34: 30 | D34: 0 | E34: 0 | F34: 0 | G34: 0 | H34: 0 | I34: 0 | J34: 0 | K34: 0 | L34: 0 | M34: 0 | N34: 0 | O34: 0 | P34: 0 | Q34: 0 | R34: 0 | S34: 0 | T34: 0
A35: 31 | D35: 0 | E35: 0 | F35: 0 | G35: 0 | H35: 0 | I35: 0 | J35: 0 | K35: 0 | L35: 0 | M35: 0 | N35: 0 | O35: 0 | P35: 0 | Q35: 0 | R35: 0 | S35: 0 | T35: 0
D36: 0 | E36: 0 | F36: 107.8 | G36: 0 | H36: 0 | I36: 0 | J36: 0 | K36: 0 | L36: 0 | M36: 0 | N36: 0 | O36: 1732.35 | P36: 0 | Q36: 0 | R36: 0 | S36: 0 | T36: 1732.35
T37: 2113.46

Sheet Екатеринбург Полимеры
A2: Отчет по хранению товара за Февраль 2026 Екатеринбург Полимеры
A3: № | B3: дата | D3: Выгрузка кол-во | E3: Загрузка кол-во | F3: Хранение | G3: Резервирование 10500 ГЕ | H3: Мин. Суточный резерв 1000 | I3: переконсолидация (тонн) | J3: Паллетирование | K3: Взвешивание | L3: стоимость взвешивания | M3: стоимость выгрузки | N3: стоимость загрузки | O3: стоимость хранения | P3: Стоимость резервирования | Q3: Стоимость мин.суточной бработки | R3: стоимость переконс. | S3: Стоимость паллетирования | T3: итого
A5: 1 | B5: 01.02.2026 | D5: 404.995 | E5: 90 | F5: 8704.656 | G5: 1795.344 | H5: 505.005 | I5: 1.475 | J5: 1.475 | K5: 0.02 | L5: 3 | M5: 38474.53 | N5: 8550 | O5: 139883.82 | P5: 28851.18 | Q5: 47975.48 | R5: 1475 | S5: 295 | T5: 265508
A6: 2 | B6: 02.02.2026 | D6: 405 | E6: 22.5 | F6: 9087.156 | G6: 1412.844 | H6: 572.5 | I6: 0 | J6: 0 | K6: 0 | L6: 0 | M6: 38475 | N6: 2137.5 | O6: 146030.6 | P6: 22704.4 | Q6: 54387.5 | R6: 0 | S6: 0 | T6: 263735
A7: 3 | B7: 03.02.2026 | D7: 337.5 | E7: 45 | F7: 9379.656 | G7: 1120.344 | H7: 617.5 | I7: 0 | J7: 0 | K7: 0 | L7: 0 | M7: 32062.5 | N7: 4275 | O7: 150731.07 | P7: 18003.93 | Q7: 58662.5 | R7: 0 | S7: 0 | T7: 263735
A8: 4 | B8: 04.02.2026 | D8: 358.5 | E8: 68.25 | F8: 9669.906 | G8: 830.094 | H8: 573.25 | I8: 1.45 | J8: 1.45 | K8: 0.046 | L8: 6.9 | M8: 34057.5 | N8: 6483.75 | O8: 155395.39 | P8: 13339.61 | Q8: 54458.75 | R8: 1450 | S8: 290 | T8: 265481.9
A9: 5 | B9: 05.02.2026 | D9: 493.996 | E9: 67.5 | F9: 10096.402 | G9: 403.598 | H9: 438.504 | I9: 0 | J9: 0 | K9: 0 | L9: 0 | M9: 46929.62 | N9: 6412.5 | O9: 162249.18 | P9: 6485.82 | Q9: 41657.88 | R9: 0 | S9: 0 | T9: 263735
A10: 6 | B10: 06.02.2026 | D10: 517.5 | E10: 160.375 | F10: 10451.944 | G10: 48.056 | H10: 322.125 | I10: 0 | J10: 0 | K10: 0 | L10: 0 | M10: 49162.5 | N10: 15235.63 | O10: 167962.74 | P10: 772.26 | Q10: 30601.88 | R10: 0 | S10: 0 | T10: 263735
A11: 7 | B11: 07.02.2026 | D11: 381 | E11: 180 | F11: 10652.944 | G11: 0 | H11: 439 | I11: 1.5 | J11: 1.45 | K11: 0 | L11: 0 | M11: 36195 | N11: 17100 | O11: 171192.81 | P11: 0 | Q11: 41705 | R11: 1500 | S11: 290 | T11: 267982.81
A12: 8 | B12: 08.02.2026 | D12: 291 | E12: 157.5 | F12: 10786.444 | G12: 0 | H12: 551.5 | I12: 0 | J12: 0 | K12: 0 | L12: 0 | M12: 27645 | N12: 14962.5 | O12: 173338.16 | P12: 0 | Q12: 52392.5 | R12: 0 | S12: 0 | T12: 268338.16
A13: 9 | B13: 09.02.2026 | D13: 225 | E13: 180 | F13: 10831.444 | G13: 0 | H13: 595 | I13: 0 | J13: 0 | K13: 0 | L13: 0 | M13: 21375 | N13: 17100 | O13: 174061.31 | P13: 0 | Q13: 56525 | R13: 0 | S13: 0 | T13: 269061.31
A14: 10 | B14: 10.02.2026 | D14: 337.5 | E14: 152.5 | F14: 11016.444 | G14: 0 | H14: 510 | I14: 4.475 | J14: 4.475 | K14: 0 | L14: 0 | M14: 32062.5 | N14: 14487.5 | O14: 177034.26 | P14: 0 | Q14: 48450 | R14: 4475 | S14: 895 | T14: 277404.26
A15: 11 | B15: 11.02.2026 | D15: 582.999 | E15: 159 | F15: 11440.443 | G15: 0 | H15: 258.001 | I15: 11.999 | J15: 11.925 | K15: 0.024 | L15: 3.6 | M15: 55384.91 | N15: 15105 | O15: 183847.92 | P15: 0 | Q15: 24510.1 | R15: 11999 | S15: 2385 | T15: 293235.52
A16: 12 | B16: 12.02.2026 | D16: 556.996 | E16: 179.625 | F16: 11817.814 | G16: 0 | H16: 263.379 | I16: 1.45 | J16: 1.45 | K16: 0.046 | L16: 6.9 | M16: 52914.62 | N16: 17064.38 | O16: 189912.27 | P16: 0 | Q16: 25021.01 | R16: 1450 | S16: 290 | T16: 286659.17
... A32: 28 | B32: 28.02.2026 | D32: 648.974 | E32: 876.5 | F32: 9897.775 | G32: 602.225 | H32: 0 | I32: 5.65 | J32: 5.65 | K32: 0.074 | L32: 11.1 | M32: 61652.53 | N32: 83267.5 | O32: 159057.24 | P32: 9677.76 | Q32: 0 | R32: 5650 | S32: 1130 | T32: 320446.13
A33: 29 | D33: 0 | E33: 0 | F33: 0 | G33: 0 | H33: 0 | I33: 0 | J33: 0 | K33: 0 | L33: 0 | M33: 0 | N33: 0 | O33: 0 | P33: 0 | Q33: 0 | R33: 0 | S33: 0 | T33: 0
A34: 30 | D34: 0 | E34: 0 | F34: 0 | G34: 0 | H34: 0 | I34: 0 | J34: 0 | K34: 0 | L34: 0 | M34: 0 | N34: 0 | O34: 0 | P34: 0 | Q34: 0 | R34: 0 | S34: 0 | T34: 0
A35: 31 | D35: 0 | E35: 0 | F35: 0 | G35: 0 | H35: 0 | I35: 0 | J35: 0 | K35: 0 | L35: 0 | M35: 0 | N35: 0 | O35: 0 | P35: 0 | Q35: 0 | R35: 0 | S35: 0 | T35: 0
D36: 8714.897 | E36: 7205.2 | F36: 295523 | G36: 8273.867 | H36: 12689.959 | I36: 39.349 | J36: 39.225 | K36: 3.303 | L36: 495.45 | M36: 827915.22 | N36: 684494 | O36: 4749054.6 | P36: 132961.04 | Q36: 1205546.1 | R36: 39349 | S36: 7845 | T36: 7647660.5
T37: 9330145.8

Sheet Екатеринбург Полиом
A2: Отчет по хранению товара за Февраль 2026 Екатеринбург Полиом
A3: № | B3: дата | D3: Выгрузка кол-во | E3: Загрузка кол-во | F3: Хранение | G3: Резервирование 10500 ГЕ | H3: Мин. Суточный резерв 1000 | I3: переконсолидация (тонн) | J3: Паллетирование | K3: Взвешивание | L3: стоимость взвешивания | M3: стоимость выгрузки | N3: стоимость загрузки | O3: стоимость хранения | P3: Стоимость резервирования | Q3: Стоимость мин.суточной бработки | R3: стоимость переконс. | S3: Стоимость паллетирования | T3: итого
A5: 1 | B5: 01.02.2026 | D5: 44 | E5: 0 | F5: 211.325 | G5: 0 | H5: 0 | I5: 0 | J5: 0 | K5: 0 | L5: 0 | M5: 4180 | N5: 0 | O5: 3395.99 | P5: 0 | Q5: 0 | R5: 0 | S5: 0 | T5: 7575.99
A6: 2 | B6: 02.02.2026 | D6: 22 | E6: 0 | F6: 233.325 | G6: 0 | H6: 0 | I6: 0 | J6: 0 | K6: 0 | L6: 0 | M6: 2090 | N6: 0 | O6: 3749.53 | P6: 0 | Q6: 0 | R6: 0 | S6: 0 | T6: 5839.53
A7: 3 | B7: 03.02.2026 | D7: 0 | E7: 0 | F7: 233.325 | G7: 0 | H7: 0 | I7: 0 | J7: 0 | K7: 0 | L7: 0 | M7: 0 | N7: 0 | O7: 3749.53 | P7: 0 | Q7: 0 | R7: 0 | S7: 0 | T7: 3749.53
A8: 4 | B8: 04.02.2026 | D8: 22 | E8: 0 | F8: 255.325 | G8: 0 | H8: 0 | I8: 0 | J8: 0 | K8: 0 | L8: 0 | M8: 2090 | N8: 0 | O8: 4103.07 | P8: 0 | Q8: 0 | R8: 0 | S8: 0 | T8: 6193.07
A9: 5 | B9: 05.02.2026 | D9: 22 | E9: 0 | F9: 277.325 | G9: 0 | H9: 0 | I9: 0 | J9: 0 | K9: 0 | L9: 0 | M9: 2090 | N9: 0 | O9: 4456.61 | P9: 0 | Q9: 0 | R9: 0 | S9: 0 | T9: 6546.61
A10: 6 | B10: 06.02.2026 | D10: 0 | E10: 22 | F10: 255.075 | G10: 0 | H10: 0 | I10: 0 | J10: 0 | K10: 0 | L10: 0 | M10: 0 | N10: 2090 | O10: 4099.06 | P10: 0 | Q10: 0 | R10: 0 | S10: 0 | T10: 6189.06
A11: 7 | B11: 07.02.2026 | D11: 0 | E11: 44 | F11: 211.075 | G11: 0 | H11: 0 | I11: 0 | J11: 0 | K11: 0 | L11: 0 | M11: 0 | N11: 4180 | O11: 3391.98 | P11: 0 | Q11: 0 | R11: 0 | S11: 0 | T11: 7571.98
A12: 8 | B12: 08.02.2026 | D12: 22 | E12: 0 | F12: 233.075 | G12: 0 | H12: 0 | I12: 0 | J12: 0 | K12: 0 | L12: 0 | M12: 2090 | N12: 0 | O12: 3745.52 | P12: 0 | Q12: 0 | R12: 0 | S12: 0 | T12: 5835.52
A13: 9 | B13: 09.02.2026 | D13: 66 | E13: 22 | F13: 277.075 | G13: 0 | H13: 0 | I13: 0 | J13: 0 | K13: 0 | L13: 0 | M13: 6270 | N13: 2090 | O13: 4452.6 | P13: 0 | Q13: 0 | R13: 0 | S13: 0 | T13: 12812.6
A14: 10 | B14: 10.02.2026 | D14: 0 | E14: 44 | F14: 233.075 | G14: 0 | H14: 0 | I14: 0 | J14: 0 | K14: 0 | L14: 0 | M14: 0 | N14: 4180 | O14: 3745.52 | P14: 0 | Q14: 0 | R14: 0 | S14: 0 | T14: 7925.52
A15: 11 | B15: 11.02.2026 | D15: 44 | E15: 0 | F15: 277.075 | G15: 0 | H15: 0 | I15: 0 | J15: 0 | K15: 0 | L15: 0 | M15: 4180 | N15: 0 | O15: 4452.6 | P15: 0 | Q15: 0 | R15: 0 | S15: 0 | T15: 8632.6
A16: 12 | B16: 12.02.2026 | D16: 0 | E16: 26.125 | F16: 250.95 | G16: 0 | H16: 0 | I16: 0 | J16: 0 | K16: 0 | L16: 0 | M16: 0 | N16: 2481.88 | O16: 4032.77 | P16: 0 | Q16: 0 | R16: 0 | S16: 0 | T16: 6514.64
... A32: 28 | B32: 28.02.2026 | D32: 66 | E32: 44 | F32: 360.95 | G32: 0 | H32: 0 | I32: 0 | J32: 0 | K32: 0 | L32: 0 | M32: 6270 | N32: 4180 | O32: 5800.47 | P32: 0 | Q32: 0 | R32: 0 | S32: 0 | T32: 16250.47
A33: 29 | D33: 0 | E33: 0 | F33: 0 | G33: 0 | H33: 0 | I33: 0 | J33: 0 | K33: 0 | L33: 0 | M33: 0 | N33: 0 | O33: 0 | P33: 0 | Q33: 0 | R33: 0 | S33: 0 | T33: 0
A34: 30 | D34: 0 | E34: 0 | F34: 0 | G34: 0 | H34: 0 | I34: 0 | J34: 0 | K34: 0 | L34: 0 | M34: 0 | N34: 0 | O34: 0 | P34: 0 | Q34: 0 | R34: 0 | S34: 0 | T34: 0
A35: 31 | D35: 0 | E35: 0 | F35: 0 | G35: 0 | H35: 0 | I35: 0 | J35: 0 | K35: 0 | L35: 0 | M35: 0 | N35: 0 | O35: 0 | P35: 0 | Q35: 0 | R35: 0 | S35: 0 | T35: 0
D36: 506 | E36: 312.125 | F36: 8569.225 | G36: 0 | H36: 0 | I36: 0 | J36: 0 | K36: 0 | L36: 0 | M36: 48070 | N36: 29651.88 | O36: 137707.45 | P36: 0 | Q36: 0 | R36: 0 | S36: 0 | T36: 215429.32
T37: 262823.77

Sheet Екатеринбург НПЭГ
A2: Отчет по хранению товара за Январь 2026 Екатеринбург НПЭГ НПЭГ
A3: № | B3: дата | D3: Выгрузка кол-во | E3: Загрузка кол-во | F3: Хранение | G3: Резервирование 10500 ГЕ | H3: Мин. Суточный резерв 1000 | I3: переконсолидация (тонн) | J3: Паллетирование | K3: Взвешивание | L3: стоимость взвешивания | M3: стоимость выгрузки | N3: стоимость загрузки | O3: стоимость хранения | P3: Стоимость резервирования | Q3: Стоимость мин.суточной бработки | R3: стоимость переконс. | S3: Стоимость паллетирования | T3: итого
A5: 1 | B5: 01.01.2026 | D5: 0 | E5: 0 | F5: 177.394 | L5: 0 | M5: 0 | N5: 0 | O5: 2850.72 | P5: 0 | Q5: 0 | R5: 0 | S5: 0 | T5: 2850.72
A6: 2 | B6: 02.01.2026 | D6: 0 | E6: 0 | F6: 177.394 | L6: 0 | M6: 0 | N6: 0 | O6: 2850.72 | P6: 0 | Q6: 0 | R6: 0 | S6: 0 | T6: 2850.72
A7: 3 | B7: 03.01.2026 | D7: 0 | E7: 0 | F7: 177.394 | L7: 0 | M7: 0 | N7: 0 | O7: 2850.72 | P7: 0 | Q7: 0 | R7: 0 | S7: 0 | T7: 2850.72
A8: 4 | B8: 04.01.2026 | D8: 0 | E8: 0 | F8: 177.394 | L8: 0 | M8: 0 | N8: 0 | O8: 2850.72 | P8: 0 | Q8: 0 | R8: 0 | S8: 0 | T8: 2850.72
A9: 5 | B9: 05.01.2026 | D9: 0 | E9: 0 | F9: 177.394 | L9: 0 | M9: 0 | N9: 0 | O9: 2850.72 | P9: 0 | Q9: 0 | R9: 0 | S9: 0 | T9: 2850.72
A10: 6 | B10: 06.01.2026 | D10: 0 | E10: 0 | F10: 177.394 | L10: 0 | M10: 0 | N10: 0 | O10: 2850.72 | P10: 0 | Q10: 0 | R10: 0 | S10: 0 | T10: 2850.72
A11: 7 | B11: 07.01.2026 | D11: 0 | E11: 0 | F11: 177.394 | L11: 0 | M11: 0 | N11: 0 | O11: 2850.72 | P11: 0 | Q11: 0 | R11: 0 | S11: 0 | T11: 2850.72
A12: 8 | B12: 08.01.2026 | D12: 0 | E12: 0 | F12: 177.394 | L12: 0 | M12: 0 | N12: 0 | O12: 2850.72 | P12: 0 | Q12: 0 | R12: 0 | S12: 0 | T12: 2850.72
A13: 9 | B13: 09.01.2026 | D13: 0 | E13: 0 | F13: 177.394 | L13: 0 | M13: 0 | N13: 0 | O13: 2850.72 | P13: 0 | Q13: 0 | R13: 0 | S13: 0 | T13: 2850.72
A14: 10 | B14: 10.01.2026 | D14: 0 | E14: 0 | F14: 177.394 | L14: 0 | M14: 0 | N14: 0 | O14: 2850.72 | P14: 0 | Q14: 0 | R14: 0 | S14: 0 | T14: 2850.72
A15: 11 | B15: 11.01.2026 | D15: 0 | E15: 0 | F15: 177.394 | L15: 0 | M15: 0 | N15: 0 | O15: 2850.72 | P15: 0 | Q15: 0 | R15: 0 | S15: 0 | T15: 2850.72
A16: 12 | B16: 12.01.2026 | D16: 0 | E16: 0 | F16: 177.394 | L16: 0 | M16: 0 | N16: 0 | O16: 2850.72 | P16: 0 | Q16: 0 | R16: 0 | S16: 0 | T16: 2850.72
... A35: 31 | B35: 31.01.2026 | D35: 0 | E35: 0 | F35: 177.394 | L35: 0 | M35: 0 | N35: 0 | O35: 2850.72 | P35: 0 | Q35: 0 | R35: 0 | S35: 0 | T35: 2850.72
D36: 0 | E36: 0 | F36: 5499.214 | G36: 0 | H36: 0 | I36: 0 | J36: 0 | K36: 0 | L36: 0 | M36: 0 | N36: 0 | O36: 88372.37 | P36: 0 | Q36: 0 | R36: 0 | S36: 0 | T36: 88372.37
T37: 107814.29

Sheet Зеленодольск Полимеры
A2: Отчет по хранению товара за Февраль 2026 Зеленодольск Полимеры
A3: № | B3: дата | D3: Выгрузка кол-во | E3: Загрузка кол-во | F3: Хранение | G3: Резервирование 9500 ГЕ | H3: Мин. Суточный резерв 700 | I3: переконсолидация (тонн) | J3: Паллетирование | K3: Ночная загруска выгрузка | L3: стоимость ночной загруски | M3: стоимость выгрузки | N3: стоимость загрузки | O3: стоимость хранения | P3: Стоимость резервирования | Q3: Стоимость мин.суточной бработки | R3: стоимость переконс. | S3: Стоимость паллетирования | T3: итого
A5: 1 | B5: 01.02.2026 | D5: 261.5 | E5: 106.875 | F5: 11812.808 | G5: 0 | H5: 331.625 | I5: 0 | J5: 0 | L5: 0 | M5: 28393.67 | N5: 11604.49 | O5: 134902.27 | P5: 0 | Q5: 36007.84 | R5: 0 | S5: 0 | T5: 210908.27
A6: 2 | B6: 02.02.2026 | D6: 242 | E6: 65.375 | F6: 11989.433 | G6: 0 | H6: 392.625 | I6: 0 | J6: 0 | L6: 0 | M6: 26276.36 | N6: 7098.42 | O6: 136919.32 | P6: 0 | Q6: 42631.22 | R6: 0 | S6: 0 | T6: 212925.32
A7: 3 | B7: 03.02.2026 | D7: 453.875 | E7: 87.875 | F7: 12355.433 | G7: 0 | H7: 158.25 | I7: 0 | J7: 0 | L7: 0 | M7: 49281.75 | N7: 9541.47 | O7: 141099.04 | P7: 0 | Q7: 17182.79 | R7: 0 | S7: 0 | T7: 217105.04
A8: 4 | B8: 04.02.2026 | D8: 258.375 | E8: 65.375 | F8: 12548.433 | G8: 0 | H8: 376.25 | I8: 0 | J8: 0 | L8: 0 | M8: 28054.36 | N8: 7098.42 | O8: 143303.1 | P8: 0 | Q8: 40853.23 | R8: 0 | S8: 0 | T8: 219309.1
A9: 5 | B9: 05.02.2026 | D9: 260.85 | E9: 64.75 | F9: 12744.533 | G9: 0 | H9: 374.4 | I9: 1.1 | J9: 1.1 | L9: 0 | M9: 28323.09 | N9: 7030.56 | O9: 145542.57 | P9: 0 | Q9: 40652.35 | R9: 1045 | S9: 132 | T9: 222725.57
A10: 6 | B10: 06.02.2026 | D10: 259.625 | E10: 235.25 | F10: 12768.908 | G10: 0 | H10: 205.125 | I10: 0 | J10: 0 | L10: 0 | M10: 28190.08 | N10: 25543.45 | O10: 145820.93 | P10: 0 | Q10: 22272.47 | R10: 0 | S10: 0 | T10: 221826.93
A11: 7 | B11: 07.02.2026 | D11: 258.875 | E11: 260.875 | F11: 12766.908 | G11: 0 | H11: 180.25 | I11: 0 | J11: 0 | L11: 0 | M11: 28108.65 | N11: 28325.81 | O11: 145798.09 | P11: 0 | Q11: 19571.55 | R11: 0 | S11: 0 | T11: 221804.09
A12: 8 | B12: 08.02.2026 | D12: 171.625 | E12: 239.5 | F12: 12699.033 | G12: 0 | H12: 288.875 | I12: 0 | J12: 0 | L12: 0 | M12: 18635.04 | N12: 26004.91 | O12: 145022.96 | P12: 0 | Q12: 31366.05 | R12: 0 | S12: 0 | T12: 221028.96
A13: 9 | B13: 09.02.2026 | D13: 216 | E13: 240.325 | F13: 12674.708 | G13: 0 | H13: 243.675 | I13: 0 | J13: 0 | L13: 0 | M13: 23453.28 | N13: 26094.49 | O13: 144745.17 | P13: 0 | Q13: 26458.23 | R13: 0 | S13: 0 | T13: 220751.17
A14: 10 | B14: 10.02.2026 | D14: 174.125 | E14: 367.625 | F14: 12481.208 | G14: 0 | H14: 158.25 | I14: 0 | J14: 0 | L14: 0 | M14: 18906.49 | N14: 39916.72 | O14: 142535.4 | P14: 0 | Q14: 17182.79 | R14: 0 | S14: 0 | T14: 218541.4
A15: 11 | B15: 11.02.2026 | D15: 283.5 | E15: 284.75 | F15: 12479.958 | G15: 0 | H15: 131.75 | I15: 0 | J15: 0 | L15: 0 | M15: 30782.43 | N15: 30918.16 | O15: 142521.12 | P15: 0 | Q15: 14305.42 | R15: 0 | S15: 0 | T15: 218527.12
A16: 12 | B16: 12.02.2026 | D16: 194.875 | E16: 217.225 | F16: 12457.608 | G16: 0 | H16: 287.9 | I16: 0 | J16: 0 | L16: 0 | M16: 21159.53 | N16: 23586.29 | O16: 142265.88 | P16: 0 | Q16: 31260.18 | R16: 0 | S16: 0 | T16: 218271.88
... A32: 28 | B32: 28.02.2026 | D32: 66 | E32: 682.75 | F32: 10244.658 | G32: 0 | H32: 0 | I32: 0 | J32: 0 | L32: 0 | M32: 7166.28 | N32: 74133 | O32: 116993.99 | P32: 0 | Q32: 0 | R32: 0 | S32: 0 | T32: 198293.27
A33: 29 | D33: 0 | E33: 0 | F33: 0 | G33: 0 | H33: 0 | I33: 0 | J33: 0 | L33: 0 | M33: 0 | N33: 0 | O33: 0 | P33: 0 | Q33: 0 | R33: 0 | S33: 0 | T33: 0
A34: 30 | D34: 0 | E34: 0 | F34: 0 | G34: 0 | H34: 0 | I34: 0 | J34: 0 | L34: 0 | M34: 0 | N34: 0 | O34: 0 | P34: 0 | Q34: 0 | R34: 0 | S34: 0 | T34: 0
A35: 31 | D35: 0 | E35: 0 | F35: 0 | G35: 0 | H35: 0 | I35: 0 | J35: 0 | L35: 0 | M35: 0 | N35: 0 | O35: 0 | P35: 0 | Q35: 0 | R35: 0 | S35: 0 | T35: 0
D36: 5023.85 | E36: 6437.375 | F36: 332557.82 | G36: 0 | H36: 8187.525 | I36: 23.1 | J36: 23.1 | K36: 0 | L36: 0 | M36: 545489.63 | N36: 698970.18 | O36: 3797810.4 | P36: 0 | Q36: 889001.46 | R36: 21945 | S36: 2772 | T36: 5955988.6
T37: 7266306.1

Sheet Данафлекс Зеленодольск
A2: Отчет по хранению товара за Февраль 2026 Зеленодольск Данафлекс Данафлекс
A3: № | B3: дата | D3: Выгрузка кол-во | E3: Загрузка кол-во | F3: Хранение | G3: Резервирование 9500 ГЕ | H3: Мин. Суточный резерв 800 | I3: переконсолидация (тонн) | J3: Паллетирование | K3: Ночная загруска выгрузка | L3: стоимость ночной загруски | M3: стоимость выгрузки | N3: стоимость загрузки | O3: стоимость хранения | P3: Стоимость резервирования | Q3: Стоимость мин.суточной бработки | R3: стоимость переконс. | S3: Стоимость паллетирования | T3: итого
A5: 1 | B5: 01.02.2026 | D5: 0 | E5: 0 | F5: 630.625 | G5: 0 | H5: 0 | I5: 0 | J5: 0 | L5: 0 | M5: 0 | N5: 0 | O5: 7201.74 | P5: 0 | Q5: 0 | R5: 0 | S5: 0 | T5: 7201.74
A6: 2 | B6: 02.02.2026 | D6: 88 | E6: 0 | F6: 718.625 | G6: 0 | H6: 0 | I6: 0 | J6: 0 | L6: 0 | M6: 9555.04 | N6: 0 | O6: 8206.7 | P6: 0 | Q6: 0 | R6: 0 | S6: 0 | T6: 17761.74
A7: 3 | B7: 03.02.2026 | D7: 66 | E7: 66 | F7: 718.625 | G7: 0 | H7: 0 | I7: 0 | J7: 0 | L7: 0 | M7: 7166.28 | N7: 7166.28 | O7: 8206.7 | P7: 0 | Q7: 0 | R7: 0 | S7: 0 | T7: 22539.26
A8: 4 | B8: 04.02.2026 | D8: 44.5 | E8: 43.25 | F8: 719.875 | G8: 0 | H8: 0 | I8: 0 | J8: 0 | L8: 0 | M8: 4831.81 | N8: 4696.09 | O8: 8220.97 | P8: 0 | Q8: 0 | R8: 0 | S8: 0 | T8: 17748.87
A9: 5 | B9: 05.02.2026 | D9: 110 | E9: 43.25 | F9: 786.625 | G9: 0 | H9: 0 | I9: 0 | J9: 0 | L9: 0 | M9: 11943.8 | N9: 4696.09 | O9: 8983.26 | P9: 0 | Q9: 0 | R9: 0 | S9: 0 | T9: 25623.14
A10: 6 | B10: 06.02.2026 | D10: 242 | E10: 22 | F10: 1006.625 | G10: 0 | H10: 0 | I10: 0 | J10: 0 | L10: 0 | M10: 26276.36 | N10: 2388.76 | O10: 11495.66 | P10: 0 | Q10: 0 | R10: 0 | S10: 0 | T10: 40160.78
A11: 7 | B11: 07.02.2026 | D11: 44 | E11: 22 | F11: 1028.625 | G11: 0 | H11: 0 | I11: 0 | J11: 0 | L11: 0 | M11: 4777.52 | N11: 2388.76 | O11: 11746.9 | P11: 0 | Q11: 0 | R11: 0 | S11: 0 | T11: 18913.18
A12: 8 | B12: 08.02.2026 | D12: 0 | E12: 0 | F12: 1028.625 | G12: 0 | H12: 0 | I12: 0 | J12: 0 | L12: 0 | M12: 0 | N12: 0 | O12: 11746.9 | P12: 0 | Q12: 0 | R12: 0 | S12: 0 | T12: 11746.9
A13: 9 | B13: 09.02.2026 | D13: 0 | E13: 22.5 | F13: 1006.125 | G13: 0 | H13: 0 | I13: 0 | J13: 0 | L13: 0 | M13: 0 | N13: 2443.05 | O13: 11489.95 | P13: 0 | Q13: 0 | R13: 0 | S13: 0 | T13: 13933
A14: 10 | B14: 10.02.2026 | D14: 0 | E14: 0 | F14: 1006.125 | G14: 0 | H14: 0 | I14: 0 | J14: 0 | L14: 0 | M14: 0 | N14: 0 | O14: 11489.95 | P14: 0 | Q14: 0 | R14: 0 | S14: 0 | T14: 11489.95
A15: 11 | B15: 11.02.2026 | D15: 0 | E15: 21.25 | F15: 984.875 | G15: 0 | H15: 0 | I15: 0 | J15: 0 | L15: 0 | M15: 0 | N15: 2307.33 | O15: 11247.27 | P15: 0 | Q15: 0 | R15: 0 | S15: 0 | T15: 13554.6
A16: 12 | B16: 12.02.2026 | D16: 0 | E16: 21.375 | F16: 963.5 | G16: 0 | H16: 0 | I16: 0 | J16: 0 | L16: 0 | M16: 0 | N16: 2320.9 | O16: 11003.17 | P16: 0 | Q16: 0 | R16: 0 | S16: 0 | T16: 13324.07
... A32: 28 | B32: 28.02.2026 | D32: 396 | E32: 44 | F32: 1491.5 | G32: 0 | H32: 0 | I32: 0 | J32: 0 | L32: 0 | M32: 42997.68 | N32: 4777.52 | O32: 17032.93 | P32: 0 | Q32: 0 | R32: 0 | S32: 0 | T32: 64808.13
A33: 29 | D33: 0 | E33: 0 | F33: 0 | G33: 0 | H33: 0 | I33: 0 | J33: 0 | L33: 0 | M33: 0 | N33: 0 | O33: 0 | P33: 0 | Q33: 0 | R33: 0 | S33: 0 | T33: 0
A34: 30 | D34: 0 | E34: 0 | F34: 0 | G34: 0 | H34: 0 | I34: 0 | J34: 0 | L34: 0 | M34: 0 | N34: 0 | O34: 0 | P34: 0 | Q34: 0 | R34: 0 | S34: 0 | T34: 0
A35: 31 | D35: 0 | E35: 0 | F35: 0 | G35: 0 | H35: 0 | I35: 0 | J35: 0 | L35: 0 | M35: 0 | N35: 0 | O35: 0 | P35: 0 | Q35: 0 | R35: 0 | S35: 0 | T35: 0
D36: 1562.5 | E36: 701.625 | F36: 30150.875 | G36: 0 | H36: 0 | I36: 0 | J36: 0 | K36: 0 | L36: 0 | M36: 169656.25 | N36: 76182.44 | O36: 344322.99 | P36: 0 | Q36: 0 | R36: 0 | S36: 0 | T36: 590161.69
T37: 719997.26

Sheet Казань_Автосервисная Полимеры
A2: Отчет по хранению товара за Февраль 2026 Казань_Автосервисная Полимеры
A3: № | B3: дата | D3: Выгрузка кол-во | E3: Загрузка кол-во | F3: Хранение | G3: Резервирование 0 т | H3: Мин. Суточный резерв 0 т | I3: переконсолидация (тонн) | J3: Паллетирование | K3: Ночная загруска выгрузка | L3: стоимость ночной загруски | M3: стоимость выгрузки за 1 месяц | N3: стоимость загрузки за 1 месяц | O3: стоимость хранения за 1 месяц | P3: Стоимость резервирования | Q3: Стоимость мин.суточной бработки | R3: стоимость переконс. | S3: Стоимость паллетирования | T3: итого
A5: 1 | B5: 01.02.2026 | D5: 110 | E5: 22 | F5: 11475.662 | G5: 0 | H5: 0 | I5: 0 | J5: 0 | L5: 0 | M5: 0 | N5: 0 | O5: 0 | P5: 0 | Q5: 0 | R5: 0 | S5: 0 | T5: 0
A6: 2 | B6: 02.02.2026 | D6: 264 | E6: 46.75 | F6: 11692.912 | G6: 0 | H6: 0 | I6: 0 | J6: 0 | L6: 0 | M6: 0 | N6: 0 | O6: 0 | P6: 0 | Q6: 0 | R6: 0 | S6: 0 | T6: 0
A7: 3 | B7: 03.02.2026 | D7: 286 | E7: 66 | F7: 11912.912 | G7: 0 | H7: 0 | I7: 0 | J7: 0 | L7: 0 | M7: 0 | N7: 0 | O7: 0 | P7: 0 | Q7: 0 | R7: 0 | S7: 0 | T7: 0
A8: 4 | B8: 04.02.2026 | D8: 176 | E8: 30.25 | F8: 12058.662 | G8: 0 | H8: 0 | I8: 0 | J8: 0 | L8: 0 | M8: 0 | N8: 0 | O8: 0 | P8: 0 | Q8: 0 | R8: 0 | S8: 0 | T8: 0
A9: 5 | B9: 05.02.2026 | D9: 352 | E9: 44.75 | F9: 12365.912 | G9: 0 | H9: 0 | I9: 0 | J9: 0 | L9: 0 | M9: 0 | N9: 0 | O9: 0 | P9: 0 | Q9: 0 | R9: 0 | S9: 0 | T9: 0
A10: 6 | B10: 06.02.2026 | D10: 44 | E10: 0 | F10: 12409.912 | G10: 0 | H10: 0 | I10: 0 | J10: 0 | L10: 0 | M10: 0 | N10: 0 | O10: 0 | P10: 0 | Q10: 0 | R10: 0 | S10: 0 | T10: 0
A11: 7 | B11: 07.02.2026 | D11: 132 | E11: 21.375 | F11: 12520.537 | G11: 0 | H11: 0 | I11: 0 | J11: 0 | L11: 0 | M11: 0 | N11: 0 | O11: 0 | P11: 0 | Q11: 0 | R11: 0 | S11: 0 | T11: 0
A12: 8 | B12: 08.02.2026 | D12: 0 | E12: 87.375 | F12: 12433.162 | G12: 0 | H12: 0 | I12: 0 | J12: 0 | L12: 0 | M12: 0 | N12: 0 | O12: 0 | P12: 0 | Q12: 0 | R12: 0 | S12: 0 | T12: 0
A13: 9 | B13: 09.02.2026 | D13: 0 | E13: 66 | F13: 12367.162 | G13: 0 | H13: 0 | I13: 0 | J13: 0 | L13: 0 | M13: 0 | N13: 0 | O13: 0 | P13: 0 | Q13: 0 | R13: 0 | S13: 0 | T13: 0
A14: 10 | B14: 10.02.2026 | D14: 132 | E14: 250.375 | F14: 12248.787 | G14: 0 | H14: 0 | I14: 0 | J14: 0 | L14: 0 | M14: 0 | N14: 0 | O14: 0 | P14: 0 | Q14: 0 | R14: 0 | S14: 0 | T14: 0
A15: 11 | B15: 11.02.2026 | D15: 0 | E15: 132 | F15: 12116.787 | G15: 0 | H15: 0 | I15: 0 | J15: 0 | L15: 0 | M15: 0 | N15: 0 | O15: 0 | P15: 0 | Q15: 0 | R15: 0 | S15: 0 | T15: 0
A16: 12 | B16: 12.02.2026 | D16: 242 | E16: 22 | F16: 12336.787 | G16: 0 | H16: 0 | I16: 0 | J16: 0 | L16: 0 | M16: 0 | N16: 0 | O16: 0 | P16: 0 | Q16: 0 | R16: 0 | S16: 0 | T16: 0
... A32: 28 | B32: 28.02.2026 | D32: 0 | E32: 63.55 | F32: 13465.887 | G32: 0 | H32: 0 | I32: 0 | J32: 0 | L32: 0 | M32: 0 | N32: 0 | O32: 0 | P32: 0 | Q32: 0 | R32: 0 | S32: 0 | T32: 0
A33: 29 | D33: 0 | E33: 0 | F33: 0 | G33: 0 | H33: 0 | I33: 0 | J33: 0 | L33: 0 | M33: 0 | N33: 0 | O33: 0 | P33: 0 | Q33: 0 | R33: 0 | S33: 0 | T33: 0
A34: 30 | D34: 0 | E34: 0 | F34: 0 | G34: 0 | H34: 0 | I34: 0 | J34: 0 | L34: 0 | M34: 0 | N34: 0 | O34: 0 | P34: 0 | Q34: 0 | R34: 0 | S34: 0 | T34: 0
A35: 31 | D35: 0 | E35: 0 | F35: 0 | G35: 0 | H35: 0 | I35: 0 | J35: 0 | L35: 0 | M35: 0 | N35: 0 | O35: 0 | P35: 0 | Q35: 0 | R35: 0 | S35: 0 | T35: 0
D36: 4686 | E36: 2607.775 | F36: 355741.29 | G36: 0 | H36: 0 | I36: 0 | J36: 0 | K36: 0 | L36: 0 | M36: 1172376 | N36: 1172376 | O36: 12771125 | P36: 0 | Q36: 0 | R36: 0 | S36: 0 | T36: 15115877
T37: 18441370

Sheet Казань_Автосервисная Полиом
A2: Отчет по хранению товара за Февраль 2026 Казань_Автосервисная Полиом
A3: № | B3: дата | D3: Выгрузка кол-во | E3: Загрузка кол-во | F3: Хранение | G3: Резервирование 0 т | H3: Мин. Суточный резерв 0 т | I3: переконсолидация (тонн) | J3: Паллетирование | K3: Ночная загруска выгрузка | L3: стоимость ночной загруски | M3: стоимость выгрузки за 1 месяц | N3: стоимость загрузки за 1 месяц | O3: стоимость хранения за 1 месяц | P3: Стоимость резервирования | Q3: Стоимость мин.суточной бработки | R3: стоимость переконс. | S3: Стоимость паллетирования | T3: итого
A5: 1 | B5: 01.02.2026 | D5: 0 | E5: 0 | F5: 10.5 | G5: 0 | H5: 0 | I5: 0 | J5: 0 | L5: 0 | M5: 0 | N5: 0 | O5: 0 | P5: 0 | Q5: 0 | R5: 0 | S5: 0 | T5: 0
A6: 2 | B6: 02.02.2026 | D6: 0 | E6: 0 | F6: 10.5 | G6: 0 | H6: 0 | I6: 0 | J6: 0 | L6: 0 | M6: 0 | N6: 0 | O6: 0 | P6: 0 | Q6: 0 | R6: 0 | S6: 0 | T6: 0
A7: 3 | B7: 03.02.2026 | D7: 0 | E7: 0 | F7: 10.5 | G7: 0 | H7: 0 | I7: 0 | J7: 0 | L7: 0 | M7: 0 | N7: 0 | O7: 0 | P7: 0 | Q7: 0 | R7: 0 | S7: 0 | T7: 0
A8: 4 | B8: 04.02.2026 | D8: 0 | E8: 0 | F8: 10.5 | G8: 0 | H8: 0 | I8: 0 | J8: 0 | L8: 0 | M8: 0 | N8: 0 | O8: 0 | P8: 0 | Q8: 0 | R8: 0 | S8: 0 | T8: 0
A9: 5 | B9: 05.02.2026 | D9: 0 | E9: 0 | F9: 10.5 | G9: 0 | H9: 0 | I9: 0 | J9: 0 | L9: 0 | M9: 0 | N9: 0 | O9: 0 | P9: 0 | Q9: 0 | R9: 0 | S9: 0 | T9: 0
A10: 6 | B10: 06.02.2026 | D10: 0 | E10: 0 | F10: 10.5 | G10: 0 | H10: 0 | I10: 0 | J10: 0 | L10: 0 | M10: 0 | N10: 0 | O10: 0 | P10: 0 | Q10: 0 | R10: 0 | S10: 0 | T10: 0
A11: 7 | B11: 07.02.2026 | D11: 0 | E11: 0 | F11: 10.5 | G11: 0 | H11: 0 | I11: 0 | J11: 0 | L11: 0 | M11: 0 | N11: 0 | O11: 0 | P11: 0 | Q11: 0 | R11: 0 | S11: 0 | T11: 0
A12: 8 | B12: 08.02.2026 | D12: 0 | E12: 0 | F12: 10.5 | G12: 0 | H12: 0 | I12: 0 | J12: 0 | L12: 0 | M12: 0 | N12: 0 | O12: 0 | P12: 0 | Q12: 0 | R12: 0 | S12: 0 | T12: 0
A13: 9 | B13: 09.02.2026 | D13: 0 | E13: 0 | F13: 10.5 | G13: 0 | H13: 0 | I13: 0 | J13: 0 | L13: 0 | M13: 0 | N13: 0 | O13: 0 | P13: 0 | Q13: 0 | R13: 0 | S13: 0 | T13: 0
A14: 10 | B14: 10.02.2026 | D14: 0 | E14: 0 | F14: 10.5 | G14: 0 | H14: 0 | I14: 0 | J14: 0 | L14: 0 | M14: 0 | N14: 0 | O14: 0 | P14: 0 | Q14: 0 | R14: 0 | S14: 0 | T14: 0
A15: 11 | B15: 11.02.2026 | D15: 0 | E15: 0 | F15: 10.5 | G15: 0 | H15: 0 | I15: 0 | J15: 0 | L15: 0 | M15: 0 | N15: 0 | O15: 0 | P15: 0 | Q15: 0 | R15: 0 | S15: 0 | T15: 0
A16: 12 | B16: 12.02.2026 | D16: 0 | E16: 0 | F16: 10.5 | G16: 0 | H16: 0 | I16: 0 | J16: 0 | L16: 0 | M16: 0 | N16: 0 | O16: 0 | P16: 0 | Q16: 0 | R16: 0 | S16: 0 | T16: 0
... A32: 28 | B32: 28.02.2026 | D32: 0 | E32: 0 | F32: 10.5 | G32: 0 | H32: 0 | I32: 0 | J32: 0 | L32: 0 | M32: 0 | N32: 0 | O32: 0 | P32: 0 | Q32: 0 | R32: 0 | S32: 0 | T32: 0
A33: 29 | D33: 0 | E33: 0 | F33: 0 | G33: 0 | H33: 0 | I33: 0 | J33: 0 | L33: 0 | M33: 0 | N33: 0 | O33: 0 | P33: 0 | Q33: 0 | R33: 0 | S33: 0 | T33: 0
A34: 30 | D34: 0 | E34: 0 | F34: 0 | G34: 0 | H34: 0 | I34: 0 | J34: 0 | L34: 0 | M34: 0 | N34: 0 | O34: 0 | P34: 0 | Q34: 0 | R34: 0 | S34: 0 | T34: 0
A35: 31 | D35: 0 | E35: 0 | F35: 0 | G35: 0 | H35: 0 | I35: 0 | J35: 0 | L35: 0 | M35: 0 | N35: 0 | O35: 0 | P35: 0 | Q35: 0 | R35: 0 | S35: 0 | T35: 0
D36: 0 | E36: 0 | F36: 294 | G36: 0 | H36: 0 | I36: 0 | J36: 0 | K36: 0 | L36: 0 | M36: 0 | N36: 0 | O36: 10554.61 | P36: 0 | Q36: 0 | R36: 0 | S36: 0 | T36: 10554.61
T37: 12876.63

Sheet Казань_Приволжская Полимеры
A2: Отчет по хранению товара за Февраль 2026 Казань_Приволжская Полимеры
A3: № | B3: дата | D3: Выгрузка кол-во | E3: Загрузка кол-во | F3: Хранение | G3: Резервирование 6000 т | H3: Мин. Суточный резерв 500 т | I3: переконсолидация (тонн) | J3: Паллетирование | K3: Взвешивание | L3: стоимость взвешивания | M3: стоимость выгрузки | N3: стоимость загрузки | O3: стоимость хранения | P3: Стоимость резервирования | Q3: Стоимость мин.суточной бработки | R3: стоимость переконс. | S3: Стоимость паллетирования | T3: итого
A5: 1 | B5: 01.02.2026 | D5: 44 | E5: 0 | F5: 6507.925 | G5: 0 | H5: 456 | I5: 0 | J5: 0 | K5: 0 | L5: 0 | M5: 5148 | N5: 0 | O5: 182221.9 | P5: 0 | Q5: 53352 | R5: 0 | S5: 0 | T5: 240721.9
A6: 2 | B6: 02.02.2026 | D6: 66 | E6: 43.375 | F6: 6530.55 | G6: 0 | H6: 390.625 | I6: 0 | J6: 0 | K6: 0 | L6: 0 | M6: 7722 | N6: 5074.88 | O6: 182855.4 | P6: 0 | Q6: 45703.13 | R6: 0 | S6: 0 | T6: 241355.4
A7: 3 | B7: 03.02.2026 | D7: 175.375 | E7: 43.375 | F7: 6662.55 | G7: 0 | H7: 281.25 | I7: 0 | J7: 0 | K7: 0 | L7: 0 | M7: 20518.88 | N7: 5074.88 | O7: 186551.4 | P7: 0 | Q7: 32906.25 | R7: 0 | S7: 0 | T7: 245051.4
A8: 4 | B8: 04.02.2026 | D8: 237 | E8: 22 | F8: 6877.55 | G8: 0 | H8: 241 | I8: 0 | J8: 0 | K8: 0 | L8: 0 | M8: 27729 | N8: 2574 | O8: 192571.4 | P8: 0 | Q8: 28197 | R8: 0 | S8: 0 | T8: 251071.4
A9: 5 | B9: 05.02.2026 | D9: 87.375 | E9: 109.375 | F9: 6855.55 | G9: 0 | H9: 303.25 | I9: 0 | J9: 0 | K9: 0 | L9: 0 | M9: 10222.88 | N9: 12796.88 | O9: 191955.4 | P9: 0 | Q9: 35480.25 | R9: 0 | S9: 0 | T9: 250455.4
A10: 6 | B10: 06.02.2026 | D10: 64.125 | E10: 137.625 | F10: 6782.05 | G10: 0 | H10: 298.25 | I10: 0 | J10: 0 | K10: 0 | L10: 0 | M10: 7502.63 | N10: 16102.13 | O10: 189897.4 | P10: 0 | Q10: 34895.25 | R10: 0 | S10: 0 | T10: 248397.4
A11: 7 | B11: 07.02.2026 | D11: 22 | E11: 175.375 | F11: 6628.675 | G11: 0 | H11: 302.625 | I11: 0 | J11: 0 | K11: 0 | L11: 0 | M11: 2574 | N11: 20518.88 | O11: 185602.9 | P11: 0 | Q11: 35407.13 | R11: 0 | S11: 0 | T11: 244102.9
A12: 8 | B12: 08.02.2026 | D12: 0 | E12: 22 | F12: 6606.675 | G12: 0 | H12: 478 | I12: 0 | J12: 0 | K12: 0 | L12: 0 | M12: 0 | N12: 2574 | O12: 184986.9 | P12: 0 | Q12: 55926 | R12: 0 | S12: 0 | T12: 243486.9
A13: 9 | B13: 09.02.2026 | D13: 0 | E13: 44 | F13: 6562.675 | G13: 0 | H13: 456 | I13: 0 | J13: 0 | K13: 0 | L13: 0 | M13: 0 | N13: 5148 | O13: 183754.9 | P13: 0 | Q13: 53352 | R13: 0 | S13: 0 | T13: 242254.9
A14: 10 | B14: 10.02.2026 | D14: 22 | E14: 110 | F14: 6474.675 | G14: 0 | H14: 368 | I14: 0 | J14: 0 | K14: 0 | L14: 0 | M14: 2574 | N14: 12870 | O14: 181290.9 | P14: 0 | Q14: 43056 | R14: 0 | S14: 0 | T14: 239790.9
A15: 11 | B15: 11.02.2026 | D15: 44 | E15: 87.375 | F15: 6431.3 | G15: 0 | H15: 368.625 | I15: 0 | J15: 0 | K15: 0 | L15: 0 | M15: 5148 | N15: 10222.88 | O15: 180076.4 | P15: 0 | Q15: 43129.13 | R15: 0 | S15: 0 | T15: 238576.4
A16: 12 | B16: 12.02.2026 | D16: 110 | E16: 154 | F16: 6387.3 | G16: 0 | H16: 236 | I16: 0 | J16: 0 | K16: 0 | L16: 0 | M16: 12870 | N16: 18018 | O16: 178844.4 | P16: 0 | Q16: 27612 | R16: 0 | S16: 0 | T16: 237344.4
... A32: 28 | B32: 28.02.2026 | D32: 0 | E32: 57.75 | F32: 6535.15 | G32: 0 | H32: 442.25 | I32: 0 | J32: 0 | K32: 0 | L32: 0 | M32: 0 | N32: 6756.75 | O32: 182984.2 | P32: 0 | Q32: 51743.25 | R32: 0 | S32: 0 | T32: 241484.2
A33: 29 | D33: 0 | E33: 0 | F33: 0 | G33: 0 | H33: 0 | I33: 0 | J33: 0 | K33: 0 | L33: 0 | M33: 0 | N33: 0 | O33: 0 | P33: 0 | Q33: 0 | R33: 0 | S33: 0 | T33: 0
A34: 30 | D34: 0 | E34: 0 | F34: 0 | G34: 0 | H34: 0 | I34: 0 | J34: 0 | K34: 0 | L34: 0 | M34: 0 | N34: 0 | O34: 0 | P34: 0 | Q34: 0 | R34: 0 | S34: 0 | T34: 0
A35: 31 | D35: 0 | E35: 0 | F35: 0 | G35: 0 | H35: 0 | I35: 0 | J35: 0 | K35: 0 | L35: 0 | M35: 0 | N35: 0 | O35: 0 | P35: 0 | Q35: 0 | R35: 0 | S35: 0 | T35: 0
D36: 2310.875 | E36: 2239.65 | F36: 186086.13 | G36: 0 | H36: 9449.475 | I36: 0 | J36: 0 | K36: 0 | L36: 0 | M36: 270372.38 | N36: 262039.05 | O36: 5210411.5 | P36: 0 | Q36: 1105588.6 | R36: 0 | S36: 0 | T36: 6848411.5
T37: 8355062

Sheet Нижнекамск НПЭГ
A2: Отчет по хранению товара за Февраль 2026 Нижнекамск НПЭГ НПЭГ
A3: № | B3: дата | D3: Выгрузка кол-во | E3: Загрузка кол-во | F3: Хранение | G3: Резервирование 1000 ГЕ | H3: Мин. Суточный резерв 100 | I3: переконсолидация (тонн) | J3: Паллетирование | K3: Ночная загруска выгрузка | L3: стоимость ночной загруски | M3: стоимость выгрузки | N3: стоимость загрузки | O3: стоимость хранения | P3: Стоимость резервирования | Q3: Стоимость мин.суточной бработки | R3: стоимость переконс. | S3: Стоимость паллетирования | T3: итого
A5: 1 | B5: 01.02.2026 | D5: 0 | E5: 0 | F5: 1.575 | I5: 0 | J5: 0 | L5: 0 | M5: 0 | N5: 0 | O5: 22.84 | P5: 0 | Q5: 0 | R5: 0 | S5: 0 | T5: 22.84
A6: 2 | B6: 02.02.2026 | D6: 0 | E6: 0 | F6: 1.575 | I6: 0 | J6: 0 | L6: 0 | M6: 0 | N6: 0 | O6: 22.84 | P6: 0 | Q6: 0 | R6: 0 | S6: 0 | T6: 22.84
A7: 3 | B7: 03.02.2026 | D7: 0 | E7: 0 | F7: 1.575 | I7: 0 | J7: 0 | L7: 0 | M7: 0 | N7: 0 | O7: 22.84 | P7: 0 | Q7: 0 | R7: 0 | S7: 0 | T7: 22.84
A8: 4 | B8: 04.02.2026 | D8: 0 | E8: 0 | F8: 1.575 | I8: 0 | J8: 0 | L8: 0 | M8: 0 | N8: 0 | O8: 22.84 | P8: 0 | Q8: 0 | R8: 0 | S8: 0 | T8: 22.84
A9: 5 | B9: 05.02.2026 | D9: 0 | E9: 0 | F9: 1.575 | I9: 0 | J9: 0 | L9: 0 | M9: 0 | N9: 0 | O9: 22.84 | P9: 0 | Q9: 0 | R9: 0 | S9: 0 | T9: 22.84
A10: 6 | B10: 06.02.2026 | D10: 0 | E10: 0 | F10: 1.575 | I10: 0 | J10: 0 | L10: 0 | M10: 0 | N10: 0 | O10: 22.84 | P10: 0 | Q10: 0 | R10: 0 | S10: 0 | T10: 22.84
A11: 7 | B11: 07.02.2026 | D11: 0 | E11: 0 | F11: 1.575 | I11: 0 | J11: 0 | L11: 0 | M11: 0 | N11: 0 | O11: 22.84 | P11: 0 | Q11: 0 | R11: 0 | S11: 0 | T11: 22.84
A12: 8 | B12: 08.02.2026 | D12: 0 | E12: 0 | F12: 1.575 | I12: 0 | J12: 0 | L12: 0 | M12: 0 | N12: 0 | O12: 22.84 | P12: 0 | Q12: 0 | R12: 0 | S12: 0 | T12: 22.84
A13: 9 | B13: 09.02.2026 | D13: 0 | E13: 0 | F13: 1.575 | I13: 0 | J13: 0 | L13: 0 | M13: 0 | N13: 0 | O13: 22.84 | P13: 0 | Q13: 0 | R13: 0 | S13: 0 | T13: 22.84
A14: 10 | B14: 10.02.2026 | D14: 0 | E14: 0 | F14: 1.575 | I14: 0 | J14: 0 | L14: 0 | M14: 0 | N14: 0 | O14: 22.84 | P14: 0 | Q14: 0 | R14: 0 | S14: 0 | T14: 22.84
A15: 11 | B15: 11.02.2026 | D15: 0 | E15: 0 | F15: 1.575 | I15: 0 | J15: 0 | L15: 0 | M15: 0 | N15: 0 | O15: 22.84 | P15: 0 | Q15: 0 | R15: 0 | S15: 0 | T15: 22.84
A16: 12 | B16: 12.02.2026 | D16: 0 | E16: 0 | F16: 1.575 | I16: 0 | J16: 0 | L16: 0 | M16: 0 | N16: 0 | O16: 22.84 | P16: 0 | Q16: 0 | R16: 0 | S16: 0 | T16: 22.84
... A32: 28 | B32: 28.02.2026 | D32: 0 | E32: 0 | F32: 1.575 | I32: 0 | J32: 0 | L32: 0 | M32: 0 | N32: 0 | O32: 22.84 | P32: 0 | Q32: 0 | R32: 0 | S32: 0 | T32: 22.84
A33: 29 | D33: 0 | E33: 0 | F33: 0 | I33: 0 | J33: 0 | L33: 0 | M33: 0 | N33: 0 | O33: 0 | P33: 0 | Q33: 0 | R33: 0 | S33: 0 | T33: 0
A34: 30 | D34: 0 | E34: 0 | F34: 0 | I34: 0 | J34: 0 | L34: 0 | M34: 0 | N34: 0 | O34: 0 | P34: 0 | Q34: 0 | R34: 0 | S34: 0 | T34: 0
A35: 31 | D35: 0 | E35: 0 | F35: 0 | I35: 0 | J35: 0 | L35: 0 | M35: 0 | N35: 0 | O35: 0 | P35: 0 | Q35: 0 | R35: 0 | S35: 0 | T35: 0
D36: 0 | E36: 0 | F36: 44.1 | G36: 0 | H36: 0 | I36: 0 | J36: 0 | K36: 0 | L36: 0 | M36: 0 | N36: 0 | O36: 639.45 | P36: 0 | Q36: 0 | R36: 0 | S36: 0 | T36: 639.45
T37: 780.13

Sheet Нижнекамск ПСОН
A2: Отчет по хранению товара за Февраль 2026 Нижнекамск ПСОН ПСОН
A3: № | B3: дата | D3: Выгрузка кол-во | E3: Загрузка кол-во | F3: Хранение | G3: Резервирование 5200 т | H3: Мин. Суточный резерв 0 | I3: переконсолидация (тонн) | J3: Паллетирование | K3: Взвешивание | L3: стоимость взвешивания | M3: стоимость выгрузки | N3: стоимость загрузки | O3: стоимость хранения | P3: Стоимость резервирования | Q3: Стоимость мин.суточной бработки | R3: стоимость переконс. | S3: Стоимость паллетирования | T3: итого
A5: 1 | B5: 01.02.2026 | D5: 281 | E5: 44 | F5: 2943.93 | G5: 2256.07 | I5: 0 | J5: 0 | K5: 0 | L5: 0 | M5: 32315 | N5: 5060 | O5: 42098.2 | P5: 32261.8 | Q5: 0 | R5: 0 | S5: 0 | T5: 111735
A6: 2 | B6: 02.02.2026 | D6: 218 | E6: 77 | F6: 3084.93 | G6: 2115.07 | I6: 0 | J6: 0 | K6: 0 | L6: 0 | M6: 25070 | N6: 8855 | O6: 44114.5 | P6: 30245.5 | Q6: 0 | R6: 0 | S6: 0 | T6: 108285
A7: 3 | B7: 03.02.2026 | D7: 346.995 | E7: 20.625 | F7: 3411.3 | G7: 1788.7 | I7: 23.375 | J7: 133.375 | K7: 0 | L7: 0 | M7: 39904.43 | N7: 2371.88 | O7: 48781.59 | P7: 25578.41 | Q7: 0 | R7: 22206.25 | S7: 16005 | T7: 154847.55
A8: 4 | B8: 04.02.2026 | D8: 149 | E8: 22 | F8: 3538.3 | G8: 1661.7 | I8: 0 | J8: 0 | K8: 0 | L8: 0 | M8: 17135 | N8: 2530 | O8: 50597.69 | P8: 23762.31 | Q8: 0 | R8: 0 | S8: 0 | T8: 94025
A9: 5 | B9: 05.02.2026 | D9: 22 | E9: 53.625 | F9: 3506.675 | G9: 1693.325 | I9: 0 | J9: 0 | K9: 0 | L9: 0 | M9: 2530 | N9: 6166.88 | O9: 50145.45 | P9: 24214.55 | Q9: 0 | R9: 0 | S9: 0 | T9: 83056.88
A10: 6 | B10: 06.02.2026 | D10: 346 | E10: 77 | F10: 3775.676 | G10: 1424.324 | I10: 0.775 | J10: 158.125 | K10: 0 | L10: 0 | M10: 39790 | N10: 8855 | O10: 53992.17 | P10: 20367.83 | Q10: 0 | R10: 736.25 | S10: 18975 | T10: 142716.25
A11: 7 | B11: 07.02.2026 | D11: 131 | E11: 0 | F11: 3906.676 | G11: 1293.324 | I11: 0 | J11: 44 | K11: 0 | L11: 0 | M11: 15065 | N11: 0 | O11: 55865.47 | P11: 18494.53 | Q11: 0 | R11: 0 | S11: 5280 | T11: 94705
A12: 8 | B12: 08.02.2026 | D12: 44 | E12: 0 | F12: 3950.676 | G12: 1249.324 | I12: 0 | J12: 0 | K12: 0 | L12: 0 | M12: 5060 | N12: 0 | O12: 56494.67 | P12: 17865.33 | Q12: 0 | R12: 0 | S12: 0 | T12: 79420
A13: 9 | B13: 09.02.2026 | D13: 131 | E13: 66 | F13: 4015.676 | G13: 1184.324 | I13: 0 | J13: 0 | K13: 0 | L13: 0 | M13: 15065 | N13: 7590 | O13: 57424.17 | P13: 16935.83 | Q13: 0 | R13: 0 | S13: 0 | T13: 97015
A14: 10 | B14: 10.02.2026 | D14: 22 | E14: 65 | F14: 3972.676 | G14: 1227.324 | I14: 0 | J14: 0 | K14: 0 | L14: 0 | M14: 2530 | N14: 7475 | O14: 56809.27 | P14: 17550.73 | Q14: 0 | R14: 0 | S14: 0 | T14: 84365
A15: 11 | B15: 11.02.2026 | D15: 0 | E15: 41.625 | F15: 3931.051 | G15: 1268.949 | I15: 0 | J15: 0 | K15: 0 | L15: 0 | M15: 0 | N15: 4786.88 | O15: 56214.03 | P15: 18145.97 | Q15: 0 | R15: 0 | S15: 0 | T15: 79146.88
A16: 12 | B16: 12.02.2026 | D16: 85 | E16: 64 | F16: 3952.051 | G16: 1247.949 | I16: 1.375 | J16: 61.225 | K16: 0 | L16: 0 | M16: 9775 | N16: 7360 | O16: 56514.33 | P16: 17845.67 | Q16: 0 | R16: 1306.25 | S16: 7347 | T16: 100148.25
... A32: 28 | B32: 28.02.2026 | D32: 66.15 | E32: 152 | F32: 3064.52 | G32: 2135.48 | I32: 0 | J32: 0 | K32: 0 | L32: 0 | M32: 7607.25 | N32: 17480 | O32: 43822.64 | P32: 30537.36 | Q32: 0 | R32: 0 | S32: 0 | T32: 99447.25
A33: 29 | D33: 0 | E33: 0 | F33: 0 | G33: 0 | I33: 0 | J33: 0 | K33: 0 | L33: 0 | M33: 0 | N33: 0 | O33: 0 | P33: 0 | Q33: 0 | R33: 0 | S33: 0 | T33: 0
A34: 30 | D34: 0 | E34: 0 | F34: 0 | G34: 0 | I34: 0 | J34: 0 | K34: 0 | L34: 0 | M34: 0 | N34: 0 | O34: 0 | P34: 0 | Q34: 0 | R34: 0 | S34: 0 | T34: 0
A35: 31 | D35: 0 | E35: 0 | F35: 0 | G35: 0 | I35: 0 | J35: 0 | K35: 0 | L35: 0 | M35: 0 | N35: 0 | O35: 0 | P35: 0 | Q35: 0 | R35: 0 | S35: 0 | T35: 0
D36: 3246.139 | E36: 2888.55 | F36: 105406.63 | G36: 40193.372 | H36: 0 | I36: 29.65 | J36: 669.1 | K36: 0 | L36: 0 | M36: 373305.99 | N36: 332183.25 | O36: 1507314.8 | P36: 574765.22 | Q36: 0 | R36: 28167.5 | S36: 80292 | T36: 2896028.7
T37: 3533155.1

Sheet Новикова-Прибоя KPI
A2: Отчет по хранению товара за Февраль 2026 Новикова-Прибоя KPI
A3: № | B3: дата | D3: Выгрузка кол-во | E3: Загрузка кол-во | F3: Хранение | G3: Резервирование 0 | H3: Мин. Суточный резерв 400 | I3: переконсолидация (тонн) | J3: Паллетирование | K3: Взвешивание | L3: стоимость взвешивания | M3: стоимость выгрузки | N3: стоимость загрузки | O3: стоимость хранения в месяц | P3: Стоимость резервирования | Q3: Стоимость мин.суточной бработки | R3: стоимость переконс. | S3: Стоимость паллетирования | T3: итого
A5: 1 | B5: 01.02.2026 | D5: 0 | E5: 0 | F5: 32.86 | G5: 0 | H5: 0 | I5: 0 | J5: 0 | K5: 0 | L5: 0 | M5: 0 | N5: 0 | O5: 0 | P5: 0 | Q5: 0 | R5: 0 | S5: 0 | T5: 0
A6: 2 | B6: 02.02.2026 | D6: 0 | E6: 0 | F6: 32.86 | G6: 0 | H6: 0 | I6: 0 | J6: 0 | K6: 0 | L6: 0 | M6: 0 | N6: 0 | O6: 0 | P6: 0 | Q6: 0 | R6: 0 | S6: 0 | T6: 0
A7: 3 | B7: 03.02.2026 | D7: 0 | E7: 0 | F7: 32.86 | G7: 0 | H7: 0 | I7: 0 | J7: 0 | K7: 0 | L7: 0 | M7: 0 | N7: 0 | O7: 0 | P7: 0 | Q7: 0 | R7: 0 | S7: 0 | T7: 0
A8: 4 | B8: 04.02.2026 | D8: 0 | E8: 0 | F8: 32.86 | G8: 0 | H8: 0 | I8: 0 | J8: 0 | K8: 0 | L8: 0 | M8: 0 | N8: 0 | O8: 0 | P8: 0 | Q8: 0 | R8: 0 | S8: 0 | T8: 0
A9: 5 | B9: 05.02.2026 | D9: 0 | E9: 0 | F9: 32.86 | G9: 0 | H9: 0 | I9: 0 | J9: 0 | K9: 0 | L9: 0 | M9: 0 | N9: 0 | O9: 0 | P9: 0 | Q9: 0 | R9: 0 | S9: 0 | T9: 0
A10: 6 | B10: 06.02.2026 | D10: 0 | E10: 0 | F10: 32.86 | G10: 0 | H10: 0 | I10: 0 | J10: 0 | K10: 0 | L10: 0 | M10: 0 | N10: 0 | O10: 0 | P10: 0 | Q10: 0 | R10: 0 | S10: 0 | T10: 0
A11: 7 | B11: 07.02.2026 | D11: 0 | E11: 0 | F11: 32.86 | G11: 0 | H11: 0 | I11: 0 | J11: 0 | K11: 0 | L11: 0 | M11: 0 | N11: 0 | O11: 0 | P11: 0 | Q11: 0 | R11: 0 | S11: 0 | T11: 0
A12: 8 | B12: 08.02.2026 | D12: 0 | E12: 2.825 | F12: 30.035 | G12: 0 | H12: 0 | I12: 0 | J12: 0 | K12: 0 | L12: 0 | M12: 0 | N12: 423.75 | O12: 0 | P12: 0 | Q12: 0 | R12: 0 | S12: 0 | T12: 423.75
A13: 9 | B13: 09.02.2026 | D13: 0 | E13: 0 | F13: 30.035 | G13: 0 | H13: 0 | I13: 0 | J13: 0 | K13: 0 | L13: 0 | M13: 0 | N13: 0 | O13: 0 | P13: 0 | Q13: 0 | R13: 0 | S13: 0 | T13: 0
A14: 10 | B14: 10.02.2026 | D14: 0 | E14: 0 | F14: 30.035 | G14: 0 | H14: 0 | I14: 0 | J14: 0 | K14: 0 | L14: 0 | M14: 0 | N14: 0 | O14: 0 | P14: 0 | Q14: 0 | R14: 0 | S14: 0 | T14: 0
A15: 11 | B15: 11.02.2026 | D15: 0 | E15: 0 | F15: 30.035 | G15: 0 | H15: 0 | I15: 0 | J15: 0 | K15: 0 | L15: 0 | M15: 0 | N15: 0 | O15: 0 | P15: 0 | Q15: 0 | R15: 0 | S15: 0 | T15: 0
A16: 12 | B16: 12.02.2026 | D16: 0 | E16: 0 | F16: 30.035 | G16: 0 | H16: 0 | I16: 0 | J16: 0 | K16: 0 | L16: 0 | M16: 0 | N16: 0 | O16: 0 | P16: 0 | Q16: 0 | R16: 0 | S16: 0 | T16: 0
... A32: 28 | B32: 28.02.2026 | D32: 0 | E32: 0 | F32: 30.035 | G32: 0 | H32: 0 | I32: 0 | J32: 0 | K32: 0 | L32: 0 | M32: 0 | N32: 0 | O32: 0 | P32: 0 | Q32: 0 | R32: 0 | S32: 0 | T32: 0
A33: 29 | D33: 0 | E33: 0 | F33: 0 | G33: 0 | H33: 0 | I33: 0 | J33: 0 | K33: 0 | L33: 0 | M33: 0 | N33: 0 | O33: 0 | P33: 0 | Q33: 0 | R33: 0 | S33: 0 | T33: 0
A34: 30 | D34: 0 | E34: 0 | F34: 0 | G34: 0 | H34: 0 | I34: 0 | J34: 0 | K34: 0 | L34: 0 | M34: 0 | N34: 0 | O34: 0 | P34: 0 | Q34: 0 | R34: 0 | S34: 0 | T34: 0
A35: 31 | D35: 0 | E35: 0 | F35: 0 | G35: 0 | H35: 0 | I35: 0 | J35: 0 | K35: 0 | L35: 0 | M35: 0 | N35: 0 | O35: 0 | P35: 0 | Q35: 0 | R35: 0 | S35: 0 | T35: 0
D36: 0 | E36: 2.825 | F36: 860.755 | G36: 0 | H36: 0 | I36: 0 | J36: 0 | K36: 0 | L36: 0 | M36: 0 | N36: 423.75 | O36: 33770.82 | P36: 0 | Q36: 0 | R36: 0 | S36: 0 | T36: 34194.57
T37: 41717.38

Sheet Новикова-Прибоя Полимеры
A2: Отчет по хранению товара за Февраль 2026 Новикова-Прибоя Полимеры
A3: № | B3: дата | D3: Выгрузка кол-во | E3: Загрузка кол-во | F3: Хранение | G3: Резервирование 0 | H3: Мин. Суточный резерв 400 | I3: переконсолидация (тонн) | J3: Паллетирование | K3: Взвешивание | L3: стоимость взвешивания | M3: стоимость выгрузки | N3: стоимость загрузки | O3: стоимость хранения в месяц | P3: Стоимость резервирования | Q3: Стоимость мин.суточной бработки | R3: стоимость переконс. | S3: Стоимость паллетирования | T3: итого
A5: 1 | B5: 01.02.2026 | D5: 111 | E5: 25.925 | F5: 5794.564 | G5: 0 | H5: 263.075 | I5: 0 | J5: 0 | K5: 0 | L5: 0 | M5: 16650 | N5: 3888.75 | O5: 0 | P5: 0 | Q5: 39461.25 | R5: 0 | S5: 0 | T5: 60000
A6: 2 | B6: 02.02.2026 | D6: 177 | E6: 18.7 | F6: 5952.864 | G6: 0 | H6: 204.3 | I6: 0 | J6: 0 | K6: 0 | L6: 0 | M6: 26550 | N6: 2805 | O6: 0 | P6: 0 | Q6: 30645 | R6: 0 | S6: 0 | T6: 60000
A7: 3 | B7: 03.02.2026 | D7: 111.5 | E7: 22 | F7: 6042.364 | G7: 0 | H7: 266.5 | I7: 0 | J7: 0 | K7: 0 | L7: 0 | M7: 16725 | N7: 3300 | O7: 0 | P7: 0 | Q7: 39975 | R7: 0 | S7: 0 | T7: 60000
A8: 4 | B8: 04.02.2026 | D8: 155 | E8: 44 | F8: 6153.364 | G8: 0 | H8: 201 | I8: 0 | J8: 0 | K8: 0 | L8: 0 | M8: 23250 | N8: 6600 | O8: 0 | P8: 0 | Q8: 30150 | R8: 0 | S8: 0 | T8: 60000
A9: 5 | B9: 05.02.2026 | D9: 134 | E9: 44.5 | F9: 6242.864 | G9: 0 | H9: 221.5 | I9: 0 | J9: 0 | K9: 0 | L9: 0 | M9: 20100 | N9: 6675 | O9: 0 | P9: 0 | Q9: 33225 | R9: 0 | S9: 0 | T9: 60000
A10: 6 | B10: 06.02.2026 | D10: 289.5 | E10: 22 | F10: 6510.364 | G10: 0 | H10: 88.5 | I10: 0 | J10: 0 | K10: 0 | L10: 0 | M10: 43425 | N10: 3300 | O10: 0 | P10: 0 | Q10: 13275 | R10: 0 | S10: 0 | T10: 60000
A11: 7 | B11: 07.02.2026 | D11: 156 | E11: 22 | F11: 6644.364 | G11: 0 | H11: 222 | I11: 0 | J11: 0 | K11: 0 | L11: 0 | M11: 23400 | N11: 3300 | O11: 0 | P11: 0 | Q11: 33300 | R11: 0 | S11: 0 | T11: 60000
A12: 8 | B12: 08.02.2026 | D12: 67.5 | E12: 66 | F12: 6645.864 | G12: 0 | H12: 266.5 | I12: 0 | J12: 0 | K12: 0 | L12: 0 | M12: 10125 | N12: 9900 | O12: 0 | P12: 0 | Q12: 39975 | R12: 0 | S12: 0 | T12: 60000
A13: 9 | B13: 09.02.2026 | D13: 111.5 | E13: 47.1 | F13: 6710.264 | G13: 0 | H13: 241.4 | I13: 0 | J13: 0 | K13: 0 | L13: 0 | M13: 16725 | N13: 7065 | O13: 0 | P13: 0 | Q13: 36210 | R13: 0 | S13: 0 | T13: 60000
