Workbook

Sheet Лист1

Sheet Биаксплен Новосибирск
A1: =T37 -> 461628.96
A2: ="Отчет по хранению товара за " & TEXT(B5,"ММММ ГГГГ") -> Отчет по хранению товара за Январь 2026
A3: № | B3: дата | D3: Выгрузка кол-во | E3: Загрузка кол-во | F3: Хранение | G3: Резервирование 70 т | H3: Мин. Суточный резерв 0 т | I3: переконсолидация (тонн) | J3: Паллетирование | K3: Ночная загруска выгрузка | L3: стоимость ночной загруски | M3: стоимость выгрузки | N3: стоимость загрузки | O3: стоимость хранения | P3: Стоимость резервирования | Q3: Стоимость мин.суточной бработки | R3: стоимость переконс. | S3: Стоимость паллетирования | T3: итого
A5: 1 | B5: 46023 | F5: =78.4245+D5-E5 -> 78.4245 | G5: =IF(OR(B5="",NOT(ISERROR(SEARCH("KPI",$A$2))),NOT(ISERROR(SEARCH("Полиом",$A$2)))),0,IF(70-F5<=0,0,70-F5)) -> 0 | L5: =SUM(K5*240) -> 0 | M5: =SUM(D5*120) -> 0 | N5: =SUM(E5*120) -> 0 | O5: =SUM(F5*54) -> 4234.923 | P5: =SUM(G5*54) -> 0 | Q5: =SUM(H5*120) -> 0 | R5: =SUM(I5*1000) -> 0 | S5: =SUM(J5*140) -> 0 | T5: =SUM(L5:S5) -> 4234.923
A6: 2 | B6: 46024 | F6: =F5-E6+D6 -> 78.4245 | G6: =IF(OR(B6="",NOT(ISERROR(SEARCH("KPI",$A$2))),NOT(ISERROR(SEARCH("Полиом",$A$2)))),0,IF(70-F6<=0,0,70-F6)) -> 0 | L6: =SUM(K6*240) -> 0 | M6: =SUM(D6*120) -> 0 | N6: =SUM(E6*120) -> 0 | O6: =SUM(F6*54) -> 4234.923 | P6: =SUM(G6*54) -> 0 | Q6: =SUM(H6*120) -> 0 | R6: =SUM(I6*1000) -> 0 | S6: =SUM(J6*140) -> 0 | T6: =SUM(L6:S6) -> 4234.923
A7: 3 | B7: 46025 | F7: =F6-E7+D7 -> 78.4245 | G7: =IF(OR(B7="",NOT(ISERROR(SEARCH("KPI",$A$2))),NOT(ISERROR(SEARCH("Полиом",$A$2)))),0,IF(70-F7<=0,0,70-F7)) -> 0 | L7: =SUM(K7*240) -> 0 | M7: =SUM(D7*120) -> 0 | N7: =SUM(E7*120) -> 0 | O7: =SUM(F7*54) -> 4234.923 | P7: =SUM(G7*54) -> 0 | Q7: =SUM(H7*120) -> 0 | R7: =SUM(I7*1000) -> 0 | S7: =SUM(J7*140) -> 0 | T7: =SUM(L7:S7) -> 4234.923
A8: 4 | B8: 46026 | F8: =F7-E8+D8 -> 78.4245 | G8: =IF(OR(B8="",NOT(ISERROR(SEARCH("KPI",$A$2))),NOT(ISERROR(SEARCH("Полиом",$A$2)))),0,IF(70-F8<=0,0,70-F8)) -> 0 | L8: =SUM(K8*240) -> 0 | M8: =SUM(D8*120) -> 0 | N8: =SUM(E8*120) -> 0 | O8: =SUM(F8*54) -> 4234.923 | P8: =SUM(G8*54) -> 0 | Q8: =SUM(H8*120) -> 0 | R8: =SUM(I8*1000) -> 0 | S8: =SUM(J8*140) -> 0 | T8: =SUM(L8:S8) -> 4234.923
A9: 5 | B9: 46027 | F9: =F8-E9+D9 -> 78.4245 | G9: =IF(OR(B9="",NOT(ISERROR(SEARCH("KPI",$A$2))),NOT(ISERROR(SEARCH("Полиом",$A$2)))),0,IF(70-F9<=0,0,70-F9)) -> 0 | L9: =SUM(K9*240) -> 0 | M9: =SUM(D9*120) -> 0 | N9: =SUM(E9*120) -> 0 | O9: =SUM(F9*54) -> 4234.923 | P9: =SUM(G9*54) -> 0 | Q9: =SUM(H9*120) -> 0 | R9: =SUM(I9*1000) -> 0 | S9: =SUM(J9*140) -> 0 | T9: =SUM(L9:S9) -> 4234.923
A10: 6 | B10: 46028 | D10: 71.7454 | F10: =F9-E10+D10 -> 150.1699 | G10: =IF(OR(B10="",NOT(ISERROR(SEARCH("KPI",$A$2))),NOT(ISERROR(SEARCH("Полиом",$A$2)))),0,IF(70-F10<=0,0,70-F10)) -> 0 | L10: =SUM(K10*240) -> 0 | M10: =SUM(D10*120) -> 8609.448 | N10: =SUM(E10*120) -> 0 | O10: =SUM(F10*54) -> 8109.1746 | P10: =SUM(G10*54) -> 0 | Q10: =SUM(H10*120) -> 0 | R10: =SUM(I10*1000) -> 0 | S10: =SUM(J10*140) -> 0 | T10: =SUM(L10:S10) -> 16718.623
A11: 7 | B11: 46029 | D11: 71.5785 | F11: =F10-E11+D11 -> 221.7484 | G11: =IF(OR(B11="",NOT(ISERROR(SEARCH("KPI",$A$2))),NOT(ISERROR(SEARCH("Полиом",$A$2)))),0,IF(70-F11<=0,0,70-F11)) -> 0 | L11: =SUM(K11*240) -> 0 | M11: =SUM(D11*120) -> 8589.42 | N11: =SUM(E11*120) -> 0 | O11: =SUM(F11*54) -> 11974.414 | P11: =SUM(G11*54) -> 0 | Q11: =SUM(H11*120) -> 0 | R11: =SUM(I11*1000) -> 0 | S11: =SUM(J11*140) -> 0 | T11: =SUM(L11:S11) -> 20563.834
A12: 8 | B12: 46030 | D12: 35.6269 | F12: =F11-E12+D12 -> 257.3753 | G12: =IF(OR(B12="",NOT(ISERROR(SEARCH("KPI",$A$2))),NOT(ISERROR(SEARCH("Полиом",$A$2)))),0,IF(70-F12<=0,0,70-F12)) -> 0 | L12: =SUM(K12*240) -> 0 | M12: =SUM(D12*120) -> 4275.228 | N12: =SUM(E12*120) -> 0 | O12: =SUM(F12*54) -> 13898.266 | P12: =SUM(G12*54) -> 0 | Q12: =SUM(H12*120) -> 0 | R12: =SUM(I12*1000) -> 0 | S12: =SUM(J12*140) -> 0 | T12: =SUM(L12:S12) -> 18173.494
A13: 9 | B13: 46031 | F13: =F12-E13+D13 -> 257.3753 | G13: =IF(OR(B13="",NOT(ISERROR(SEARCH("KPI",$A$2))),NOT(ISERROR(SEARCH("Полиом",$A$2)))),0,IF(70-F13<=0,0,70-F13)) -> 0 | L13: =SUM(K13*240) -> 0 | M13: =SUM(D13*120) -> 0 | N13: =SUM(E13*120) -> 0 | O13: =SUM(F13*54) -> 13898.266 | P13: =SUM(G13*54) -> 0 | Q13: =SUM(H13*120) -> 0 | R13: =SUM(I13*1000) -> 0 | S13: =SUM(J13*140) -> 0 | T13: =SUM(L13:S13) -> 13898.266
A14: 10 | B14: 46032 | F14: =F13-E14+D14 -> 257.3753 | G14: =IF(OR(B14="",NOT(ISERROR(SEARCH("KPI",$A$2))),NOT(ISERROR(SEARCH("Полиом",$A$2)))),0,IF(70-F14<=0,0,70-F14)) -> 0 | L14: =SUM(K14*240) -> 0 | M14: =SUM(D14*120) -> 0 | N14: =SUM(E14*120) -> 0 | O14: =SUM(F14*54) -> 13898.266 | P14: =SUM(G14*54) -> 0 | Q14: =SUM(H14*120) -> 0 | R14: =SUM(I14*1000) -> 0 | S14: =SUM(J14*140) -> 0 | T14: =SUM(L14:S14) -> 13898.266
A15: 11 | B15: 46033 | F15: =F14-E15+D15 -> 257.3753 | G15: =IF(OR(B15="",NOT(ISERROR(SEARCH("KPI",$A$2))),NOT(ISERROR(SEARCH("Полиом",$A$2)))),0,IF(70-F15<=0,0,70-F15)) -> 0 | L15: =SUM(K15*240) -> 0 | M15: =SUM(D15*120) -> 0 | N15: =SUM(E15*120) -> 0 | O15: =SUM(F15*54) -> 13898.266 | P15: =SUM(G15*54) -> 0 | Q15: =SUM(H15*120) -> 0 | R15: =SUM(I15*1000) -> 0 | S15: =SUM(J15*140) -> 0 | T15: =SUM(L15:S15) -> 13898.266
A16: 12 | B16: 46034 | D16: 18.3508 | F16: =F15-E16+D16 -> 275.7261 | G16: =IF(OR(B16="",NOT(ISERROR(SEARCH("KPI",$A$2))),NOT(ISERROR(SEARCH("Полиом",$A$2)))),0,IF(70-F16<=0,0,70-F16)) -> 0 | L16: =SUM(K16*240) -> 0 | M16: =SUM(D16*120) -> 2202.096 | N16: =SUM(E16*120) -> 0 | O16: =SUM(F16*54) -> 14889.209 | P16: =SUM(G16*54) -> 0 | Q16: =SUM(H16*120) -> 0 | R16: =SUM(I16*1000) -> 0 | S16: =SUM(J16*140) -> 0 | T16: =SUM(L16:S16) -> 17091.305
A17: 13 | B17: 46035 | D17: 36.7334 | F17: =F16-E17+D17 -> 312.4595 | G17: =IF(OR(B17="",NOT(ISERROR(SEARCH("KPI",$A$2))),NOT(ISERROR(SEARCH("Полиом",$A$2)))),0,IF(70-F17<=0,0,70-F17)) -> 0 | L17: =SUM(K17*240) -> 0 | M17: =SUM(D17*120) -> 4408.008 | N17: =SUM(E17*120) -> 0 | O17: =SUM(F17*54) -> 16872.813 | P17: =SUM(G17*54) -> 0 | Q17: =SUM(H17*120) -> 0 | R17: =SUM(I17*1000) -> 0 | S17: =SUM(J17*140) -> 0 | T17: =SUM(L17:S17) -> 21280.821
A18: 14 | B18: 46036 | E18: 17.6792 | F18: =F17-E18+D18 -> 294.7803 | G18: =IF(OR(B18="",NOT(ISERROR(SEARCH("KPI",$A$2))),NOT(ISERROR(SEARCH("Полиом",$A$2)))),0,IF(70-F18<=0,0,70-F18)) -> 0 | L18: =SUM(K18*240) -> 0 | M18: =SUM(D18*120) -> 0 | N18: =SUM(E18*120) -> 2121.504 | O18: =SUM(F18*54) -> 15918.136 | P18: =SUM(G18*54) -> 0 | Q18: =SUM(H18*120) -> 0 | R18: =SUM(I18*1000) -> 0 | S18: =SUM(J18*140) -> 0 | T18: =SUM(L18:S18) -> 18039.64
A19: 15 | B19: 46037 | E19: 9.3882 | F19: =F18-E19+D19 -> 285.3921 | G19: =IF(OR(B19="",NOT(ISERROR(SEARCH("KPI",$A$2))),NOT(ISERROR(SEARCH("Полиом",$A$2)))),0,IF(70-F19<=0,0,70-F19)) -> 0 | L19: =SUM(K19*240) -> 0 | M19: =SUM(D19*120) -> 0 | N19: =SUM(E19*120) -> 1126.584 | O19: =SUM(F19*54) -> 15411.173 | P19: =SUM(G19*54) -> 0 | Q19: =SUM(H19*120) -> 0 | R19: =SUM(I19*1000) -> 0 | S19: =SUM(J19*140) -> 0 | T19: =SUM(L19:S19) -> 16537.757
A20: 16 | B20: 46038 | E20: 12.4938 | F20: =F19-E20+D20 -> 272.8983 | G20: =IF(OR(B20="",NOT(ISERROR(SEARCH("KPI",$A$2))),NOT(ISERROR(SEARCH("Полиом",$A$2)))),0,IF(70-F20<=0,0,70-F20)) -> 0 | L20: =SUM(K20*240) -> 0 | M20: =SUM(D20*120) -> 0 | N20: =SUM(E20*120) -> 1499.256 | O20: =SUM(F20*54) -> 14736.508 | P20: =SUM(G20*54) -> 0 | Q20: =SUM(H20*120) -> 0 | R20: =SUM(I20*1000) -> 0 | S20: =SUM(J20*140) -> 0 | T20: =SUM(L20:S20) -> 16235.764
A21: 17 | B21: 46039 | F21: =F20-E21+D21 -> 272.8983 | G21: =IF(OR(B21="",NOT(ISERROR(SEARCH("KPI",$A$2))),NOT(ISERROR(SEARCH("Полиом",$A$2)))),0,IF(70-F21<=0,0,70-F21)) -> 0 | L21: =SUM(K21*240) -> 0 | M21: =SUM(D21*120) -> 0 | N21: =SUM(E21*120) -> 0 | O21: =SUM(F21*54) -> 14736.508 | P21: =SUM(G21*54) -> 0 | Q21: =SUM(H21*120) -> 0 | R21: =SUM(I21*1000) -> 0 | S21: =SUM(J21*140) -> 0 | T21: =SUM(L21:S21) -> 14736.508
A22: 18 | B22: 46040 | F22: =F21-E22+D22 -> 272.8983 | G22: =IF(OR(B22="",NOT(ISERROR(SEARCH("KPI",$A$2))),NOT(ISERROR(SEARCH("Полиом",$A$2)))),0,IF(70-F22<=0,0,70-F22)) -> 0 | L22: =SUM(K22*240) -> 0 | M22: =SUM(D22*120) -> 0 | N22: =SUM(E22*120) -> 0 | O22: =SUM(F22*54) -> 14736.508 | P22: =SUM(G22*54) -> 0 | Q22: =SUM(H22*120) -> 0 | R22: =SUM(I22*1000) -> 0 | S22: =SUM(J22*140) -> 0 | T22: =SUM(L22:S22) -> 14736.508
A23: 19 | B23: 46041 | E23: 22.3138 | F23: =F22-E23+D23 -> 250.5845 | G23: =IF(OR(B23="",NOT(ISERROR(SEARCH("KPI",$A$2))),NOT(ISERROR(SEARCH("Полиом",$A$2)))),0,IF(70-F23<=0,0,70-F23)) -> 0 | L23: =SUM(K23*240) -> 0 | M23: =SUM(D23*120) -> 0 | N23: =SUM(E23*120) -> 2677.656 | O23: =SUM(F23*54) -> 13531.563 | P23: =SUM(G23*54) -> 0 | Q23: =SUM(H23*120) -> 0 | R23: =SUM(I23*1000) -> 0 | S23: =SUM(J23*140) -> 0 | T23: =SUM(L23:S23) -> 16209.219
A24: 20 | B24: 46042 | F24: =F23-E24+D24 -> 250.5845 | G24: =IF(OR(B24="",NOT(ISERROR(SEARCH("KPI",$A$2))),NOT(ISERROR(SEARCH("Полиом",$A$2)))),0,IF(70-F24<=0,0,70-F24)) -> 0 | L24: =SUM(K24*240) -> 0 | M24: =SUM(D24*120) -> 0 | N24: =SUM(E24*120) -> 0 | O24: =SUM(F24*54) -> 13531.563 | P24: =SUM(G24*54) -> 0 | Q24: =SUM(H24*120) -> 0 | R24: =SUM(I24*1000) -> 0 | S24: =SUM(J24*140) -> 0 | T24: =SUM(L24:S24) -> 13531.563
A25: 21 | B25: 46043 | E25: 22.0059 | F25: =F24-E25+D25 -> 228.5786 | G25: =IF(OR(B25="",NOT(ISERROR(SEARCH("KPI",$A$2))),NOT(ISERROR(SEARCH("Полиом",$A$2)))),0,IF(70-F25<=0,0,70-F25)) -> 0 | L25: =SUM(K25*240) -> 0 | M25: =SUM(D25*120) -> 0 | N25: =SUM(E25*120) -> 2640.708 | O25: =SUM(F25*54) -> 12343.244 | P25: =SUM(G25*54) -> 0 | Q25: =SUM(H25*120) -> 0 | R25: =SUM(I25*1000) -> 0 | S25: =SUM(J25*140) -> 0 | T25: =SUM(L25:S25) -> 14983.952
A26: 22 | B26: 46044 | E26: 40.7457 | F26: =F25-E26+D26 -> 187.8329 | G26: =IF(OR(B26="",NOT(ISERROR(SEARCH("KPI",$A$2))),NOT(ISERROR(SEARCH("Полиом",$A$2)))),0,IF(70-F26<=0,0,70-F26)) -> 0 | L26: =SUM(K26*240) -> 0 | M26: =SUM(D26*120) -> 0 | N26: =SUM(E26*120) -> 4889.484 | O26: =SUM(F26*54) -> 10142.977 | P26: =SUM(G26*54) -> 0 | Q26: =SUM(H26*120) -> 0 | R26: =SUM(I26*1000) -> 0 | S26: =SUM(J26*140) -> 0 | T26: =SUM(L26:S26) -> 15032.461
A27: 23 | B27: 46045 | E27: 18.148 | F27: =F26-E27+D27 -> 169.6849 | G27: =IF(OR(B27="",NOT(ISERROR(SEARCH("KPI",$A$2))),NOT(ISERROR(SEARCH("Полиом",$A$2)))),0,IF(70-F27<=0,0,70-F27)) -> 0 | L27: =SUM(K27*240) -> 0 | M27: =SUM(D27*120) -> 0 | N27: =SUM(E27*120) -> 2177.76 | O27: =SUM(F27*54) -> 9162.9846 | P27: =SUM(G27*54) -> 0 | Q27: =SUM(H27*120) -> 0 | R27: =SUM(I27*1000) -> 0 | S27: =SUM(J27*140) -> 0 | T27: =SUM(L27:S27) -> 11340.745
A28: 24 | B28: 46046 | F28: =F27-E28+D28 -> 169.6849 | G28: =IF(OR(B28="",NOT(ISERROR(SEARCH("KPI",$A$2))),NOT(ISERROR(SEARCH("Полиом",$A$2)))),0,IF(70-F28<=0,0,70-F28)) -> 0 | L28: =SUM(K28*240) -> 0 | M28: =SUM(D28*120) -> 0 | N28: =SUM(E28*120) -> 0 | O28: =SUM(F28*54) -> 9162.9846 | P28: =SUM(G28*54) -> 0 | Q28: =SUM(H28*120) -> 0 | R28: =SUM(I28*1000) -> 0 | S28: =SUM(J28*140) -> 0 | T28: =SUM(L28:S28) -> 9162.9846
A29: 25 | B29: 46047 | F29: =F28-E29+D29 -> 169.6849 | G29: =IF(OR(B29="",NOT(ISERROR(SEARCH("KPI",$A$2))),NOT(ISERROR(SEARCH("Полиом",$A$2)))),0,IF(70-F29<=0,0,70-F29)) -> 0 | L29: =SUM(K29*240) -> 0 | M29: =SUM(D29*120) -> 0 | N29: =SUM(E29*120) -> 0 | O29: =SUM(F29*54) -> 9162.9846 | P29: =SUM(G29*54) -> 0 | Q29: =SUM(H29*120) -> 0 | R29: =SUM(I29*1000) -> 0 | S29: =SUM(J29*140) -> 0 | T29: =SUM(L29:S29) -> 9162.9846
A30: 26 | B30: 46048 | E30: 9.3003 | F30: =F29-E30+D30 -> 160.3846 | G30: =IF(OR(B30="",NOT(ISERROR(SEARCH("KPI",$A$2))),NOT(ISERROR(SEARCH("Полиом",$A$2)))),0,IF(70-F30<=0,0,70-F30)) -> 0 | L30: =SUM(K30*240) -> 0 | M30: =SUM(D30*120) -> 0 | N30: =SUM(E30*120) -> 1116.036 | O30: =SUM(F30*54) -> 8660.7684 | P30: =SUM(G30*54) -> 0 | Q30: =SUM(H30*120) -> 0 | R30: =SUM(I30*1000) -> 0 | S30: =SUM(J30*140) -> 0 | T30: =SUM(L30:S30) -> 9776.8044
A31: 27 | B31: 46049 | E31: 3.8719 | F31: =F30-E31+D31 -> 156.5127 | G31: =IF(OR(B31="",NOT(ISERROR(SEARCH("KPI",$A$2))),NOT(ISERROR(SEARCH("Полиом",$A$2)))),0,IF(70-F31<=0,0,70-F31)) -> 0 | L31: =SUM(K31*240) -> 0 | M31: =SUM(D31*120) -> 0 | N31: =SUM(E31*120) -> 464.628 | O31: =SUM(F31*54) -> 8451.6858 | P31: =SUM(G31*54) -> 0 | Q31: =SUM(H31*120) -> 0 | R31: =SUM(I31*1000) -> 0 | S31: =SUM(J31*140) -> 0 | T31: =SUM(L31:S31) -> 8916.3138
A32: 28 | B32: 46050 | F32: =F31-E32+D32 -> 156.5127 | G32: =IF(OR(B32="",NOT(ISERROR(SEARCH("KPI",$A$2))),NOT(ISERROR(SEARCH("Полиом",$A$2)))),0,IF(70-F32<=0,0,70-F32)) -> 0 | L32: =SUM(K32*240) -> 0 | M32: =SUM(D32*120) -> 0 | N32: =SUM(E32*120) -> 0 | O32: =SUM(F32*54) -> 8451.6858 | P32: =SUM(G32*54) -> 0 | Q32: =SUM(H32*120) -> 0 | R32: =SUM(I32*1000) -> 0 | S32: =SUM(J32*140) -> 0 | T32: =SUM(L32:S32) -> 8451.6858
A33: 29 | B33: 46051 | E33: 17.5018 | F33: =F32-E33+D33 -> 139.0109 | G33: =IF(OR(B33="",NOT(ISERROR(SEARCH("KPI",$A$2))),NOT(ISERROR(SEARCH("Полиом",$A$2)))),0,IF(70-F33<=0,0,70-F33)) -> 0 | L33: =SUM(K33*240) -> 0 | M33: =SUM(D33*120) -> 0 | N33: =SUM(E33*120) -> 2100.216 | O33: =SUM(F33*54) -> 7506.5886 | P33: =SUM(G33*54) -> 0 | Q33: =SUM(H33*120) -> 0 | R33: =SUM(I33*1000) -> 0 | S33: =SUM(J33*140) -> 0 | T33: =SUM(L33:S33) -> 9606.8046
A34: 30 | B34: 46052 | E34: 17.6692 | F34: =F33-E34+D34 -> 121.3417 | G34: =IF(OR(B34="",NOT(ISERROR(SEARCH("KPI",$A$2))),NOT(ISERROR(SEARCH("Полиом",$A$2)))),0,IF(70-F34<=0,0,70-F34)) -> 0 | L34: =SUM(K34*240) -> 0 | M34: =SUM(D34*120) -> 0 | N34: =SUM(E34*120) -> 2120.304 | O34: =SUM(F34*54) -> 6552.4518 | P34: =SUM(G34*54) -> 0 | Q34: =SUM(H34*120) -> 0 | R34: =SUM(I34*1000) -> 0 | S34: =SUM(J34*140) -> 0 | T34: =SUM(L34:S34) -> 8672.7558
B35: 46053 | F35: =F34-E35+D35 -> 121.3417 | G35: =IF(OR(B35="",NOT(ISERROR(SEARCH("KPI",$A$2))),NOT(ISERROR(SEARCH("Полиом",$A$2)))),0,IF(70-F35<=0,0,70-F35)) -> 0 | L35: =SUM(K35*240) -> 0 | M35: =SUM(D35*120) -> 0 | N35: =SUM(E35*120) -> 0 | O35: =SUM(F35*54) -> 6552.4518 | P35: =SUM(G35*54) -> 0 | Q35: =SUM(H35*120) -> 0 | R35: =SUM(I35*1000) -> 0 | S35: =SUM(J35*140) -> 0 | T35: =SUM(L35:S35) -> 6552.4518
F36: =SUM(F5:F35) -> 6062.3344 | G36: =SUM(G5:G35) -> 0 | H36: =SUM(H5:H35) -> 0 | I36: =SUM(I5:I35) -> 0 | J36: =SUM(J5:J35) -> 0 | K36: =SUM(K5:K35) -> 0 | L36: =SUM(L5:L35) -> 0 | M36: =SUM(M5:M35) -> 28084.2 | ... T36: =SUM(T5:T35) -> 378384.39
T37: =T36*1.22 -> 461628.96

Sheet ИТОГО
A1: =G16 -> 1.34992e+08
I2: ТОП
A3: Склад | B3: Сибур | C3: Завод | D3: Русвинил | E3: Клиенты сибура | F3: Остальные | G3: Итого | I3: Казань_Автосервисная | J3: 23143268
A4: Баумана | B4: =INDEX($N$44:$N$53,MATCH(A4,$A$44:$A$53,0),1) -> 7891101.9 | C4: 0 | D4: =INDEX($B$56:$B$72,MATCH(A4,$A$56:$A$72,0),1) -> 507717.03 | E4: =SUMIF($F$19:$F$41,A4,$G$19:$G$41) -> 0 | F4: =SUMIF($B$19:$B$27,A4,$C$19:$C$27) -> 48184.2 | G4: =SUM(B4:F4) -> 8447003.1 | I4: Нижнекамск завод | J4: 19482962
A5: Новикова-Прибоя | B5: =INDEX($N$44:$N$53,MATCH(A5,$A$44:$A$53,0),1) -> 10750834 | C5: 0 | D5: =INDEX($B$56:$B$72,MATCH(A5,$A$56:$A$72,0),1) -> 809022.23 | E5: =SUMIF($F$19:$F$41,A5,$G$19:$G$41) -> 0 | F5: =SUMIF($B$19:$B$27,A5,$C$19:$C$27) -> 8184 | G5: =SUM(B5:F5) -> 11568040 | I5: Новикова-Прибоя | J5: 14483152
A6: Екатеринбург | B6: =INDEX($N$44:$N$53,MATCH(A6,$A$44:$A$53,0),1) -> 11243241 | C6: 0 | D6: =INDEX($B$56:$B$72,MATCH(A6,$A$56:$A$72,0),1) -> 0 | E6: =SUMIF($F$19:$F$41,A6,$G$19:$G$41) -> 0 | F6: =SUMIF($B$19:$B$27,A6,$C$19:$C$27) -> 0 | G6: =SUM(B6:F6) -> 11243241 | I6: Екатеринбург | J6: 11908609
A7: Новосибирск | B7: =INDEX($N$44:$N$53,MATCH(A7,$A$44:$A$53,0),1) -> 8139705.4 | C7: 0 | D7: =INDEX($B$56:$B$72,MATCH(A7,$A$56:$A$72,0),1) -> 0 | E7: =SUMIF($F$19:$F$41,A7,$G$19:$G$41) -> 461628.96 | F7: =SUMIF($B$19:$B$27,A7,$C$19:$C$27) -> 0 | G7: =SUM(B7:F7) -> 8601334.4 | I7: Баумана | J7: 11544503
A8: Новосибирск_Пасечная | B8: =INDEX($N$44:$N$53,MATCH(A8,$A$44:$A$53,0),1) -> 6161036.8 | C8: 0 | D8: =INDEX($B$56:$B$72,MATCH(A8,$A$56:$A$72,0),1) -> 0 | E8: =SUMIF($F$19:$F$41,A8,$G$19:$G$41) -> 0 | F8: =SUMIF($B$19:$B$27,A8,$C$19:$C$27) -> 0 | G8: =SUM(B8:F8) -> 6161036.8
A9: Казань_Автосервисная | B9: =INDEX($N$44:$N$53,MATCH(A9,$A$44:$A$53,0),1) -> 18468887 | C9: 0 | D9: =INDEX($B$56:$B$72,MATCH(A9,$A$56:$A$72,0),1) -> 0 | E9: =SUMIF($F$19:$F$41,A9,$G$19:$G$41) -> 0 | F9: =SUMIF($B$19:$B$27,A9,$C$19:$C$27) -> 0 | G9: =SUM(B9:F9) -> 18468887 | I9: Казань_Приволжская | J9: 9900926.9
A10: Казань_Приволжская | B10: =INDEX($N$44:$N$53,MATCH(A10,$A$44:$A$53,0),1) -> 9663965.4 | C10: 0 | D10: =INDEX($B$56:$B$72,MATCH(A10,$A$56:$A$72,0),1) -> 0 | E10: =SUMIF($F$19:$F$41,A10,$G$19:$G$41) -> 0 | F10: =SUMIF($B$19:$B$27,A10,$C$19:$C$27) -> 0 | G10: =SUM(B10:F10) -> 9663965.4 | I10: Зеленодольск | J10: 9082789.1
A11: Зеленодольск | B11: =INDEX($N$44:$N$53,MATCH(A11,$A$44:$A$53,0),1) -> 8550347 | C11: 0 | D11: =INDEX($B$56:$B$72,MATCH(A11,$A$56:$A$72,0),1) -> 0 | E11: =SUMIF($F$19:$F$41,A11,$G$19:$G$41) -> 615525.55 | F11: =SUMIF($B$19:$B$27,A11,$C$19:$C$27) -> 0 | G11: =SUM(B11:F11) -> 9165872.6 | I11: Новосибирск | J11: 7932975.6
A12: Нижнекамск | B12: =INDEX($N$44:$N$53,MATCH(A12,$A$44:$A$53,0),1) -> 4807181.1 | C12: 0 | D12: =INDEX($B$56:$B$72,MATCH(A12,$A$56:$A$72,0),1) -> 0 | E12: =SUMIF($F$19:$F$41,A12,$G$19:$G$41) -> 96099.595 | F12: =SUMIF($B$19:$B$27,A12,$C$19:$C$27) -> 0 | G12: =SUM(B12:F12) -> 4903280.7 | I12: Нижнекамск | J12: 7580244.6
A13: Нижнекамск завод | B13: 0 | C13: =C29+C36 -> 41076517 | D13: =INDEX($B$56:$B$72,MATCH(A13,$A$56:$A$72,0),1) -> 0 | E13: =SUMIF($F$19:$F$41,A13,$G$19:$G$41) -> 0 | F13: =SUMIF($B$19:$B$27,A13,$C$19:$C$27) -> 0 | G13: =SUM(B13:F13) -> 41076517 | I13: ГАЗ | J13: 6720000
A14: Монастырка | B14: 0 | C14: 0 | D14: =INDEX($B$56:$B$72,MATCH(A14,$A$56:$A$72,0),1) -> 0 | E14: =SUMIF($F$19:$F$41,A14,$G$19:$G$41) -> 0 | F14: =SUMIF($B$19:$B$27,A14,$C$19:$C$27) -> 0 | G14: =SUM(B14:F14) -> 0 | I14: Монастырка | J14: 2464921.6
A15: Березовая Пойма | B15: =INDEX($N$44:$N$53,MATCH(A15,$A$44:$A$53,0),1) -> 0 | C15: 0 | D15: =INDEX($B$56:$B$72,MATCH(A15,$A$56:$A$72,0),1) -> 5692817.6 | E15: =SUMIF($F$19:$F$41,A15,$G$19:$G$41) -> 0 | F15: =SUMIF($B$19:$B$27,A15,$C$19:$C$27) -> 0 | G15: =SUM(B15:F15) -> 5692817.6
B16: =SUM(B4:B15) -> 85676299 | C16: =SUM(C4:C15) -> 41076517 | D16: =SUM(D4:D15) -> 7009556.9 | E16: =SUM(E4:E15) -> 1173254.1 | F16: =SUM(F4:F15) -> 56368.2 | G16: =SUM(G4:G15) -> 1.34992e+08
A18: Остальные клиенты | C18: =SUM(C19:C27) -> 56368.2 | E18: Клиенты сибура | G18: =SUM(G19:G40) -> 1173254.1
A19: Стройтех | B19: Баумана | C19: {=IFERROR(INDIRECT("'" & A19 & "'!A1"),)} -> 21000 | E19: Приоритет | F19: Баумана | G19: {=IFERROR(INDIRECT("'" & E19 & " " & F19 & "'!A1"),0)} -> 0
A20: Ергарда | B20: Баумана | C20: {=IFERROR(INDIRECT("'" & A20 & "'!A1"),)} -> 8928 | E20: Фармпласт | F20: Баумана | G20: {=IFERROR(INDIRECT("'" & E20 & " " & F20 & "'!A1"),0)} -> 0
A21: Литейные решения | B21: Баумана | C21: {=IFERROR(INDIRECT("'" & A21 & "'!A1"),)} -> 15573 | E21: Юг Полимер | F21: Баумана | G21: {=IFERROR(INDIRECT("'" & E21 & " " & F21 & "'!A1"),0)} -> 0
A22: Сандекс | B22: Баумана | C22: {=IFERROR(INDIRECT("'" & A22 & "'!A1"),)} -> 2013.6 | E22: Центрополимер | F22: Екатеринбург | G22: {=IFERROR(INDIRECT("'" & E22 & " " & F22 & "'!A1"),0)} -> 0
A23: ЛС-Техномет | B23: Баумана | C23: {=IFERROR(INDIRECT("'" & A23 & "'!A1"),)} -> 669.6 | E23: Приоритет | F23: Екатеринбург | G23: {=IFERROR(INDIRECT("'" & E23 & " " & F23 & "'!A1"),0)} -> 0
A24: РусДжам | B24: ГАЗ | C24: {=IFERROR(INDIRECT("'" & A24 & "'!A1"),)} -> 0 | E24: Фармпласт | F24: Екатеринбург | G24: {=IFERROR(INDIRECT("'" & E24 & " " & F24 & "'!A1"),0)} -> 0
A25: Виго | B25: Новикова-Прибоя | C25: {=IFERROR(INDIRECT("'" & A25 & "'!A1"),)} -> 0 | E25: Приоритет | F25: Зеленодольск | G25: {=IFERROR(INDIRECT("'" & E25 & " " & F25 & "'!A1"),0)} -> 0
A26: Доктор Франк | B26: Новикова-Прибоя | C26: {=IFERROR(INDIRECT("'" & A26 & "'!A1"),)} -> 8184 | E26: Данафлекс | F26: Зеленодольск | G26: {=IFERROR(INDIRECT("'" & E26 & " " & F26 & "'!t37"),0)} -> 615525.55
A27: Нефтезол | B27: Новикова-Прибоя | C27: {=IFERROR(INDIRECT("'" & A27 & "'!A1"),)} -> 0 | E27: ИП Ксендз | F27: Нижнекамск | G27: {=IFERROR(INDIRECT("'" & E27 & " " & F27 & "'!A1"),0)} -> 96099.595
E28: Фармпласт | F28: Новикова-Прибоя | G28: {=IFERROR(INDIRECT("'" & E28 & " " & F28 & "'!A1"),0)} -> 0
A29: Нижнекамск завод | C29: =SUM(C30:C34) -> 30944856 | E29: Центрополимер | F29: Новикова-Прибоя | G29: {=IFERROR(INDIRECT("'" & E29 & " " & F29 & "'!A1"),0)} -> 0
A30: ПРР | C30: {=INDIRECT("'" & A29 & "'!F17")} -> 15902450 | E30: Юг Полимер | F30: Новикова-Прибоя | G30: {=IFERROR(INDIRECT("'" & E30 & " " & F30 & "'!A1"),0)} -> 0
A31: Кладовки | C31: {=INDIRECT("'" & A29 & "'!F16")} -> 0 | E31: Приоритет | F31: Новикова-Прибоя | G31: {=IFERROR(INDIRECT("'" & E31 & " " & F31 & "'!A1"),0)} -> 0
A32: Стропальщики | C32: {=INDIRECT("'" & A29 & "'!F18")} -> 744000 | E32: Биаксплен | F32: Новосибирск | G32: {=IFERROR(INDIRECT("'" & E32 & " " & F32 & "'!A1"),0)} -> 461628.96
A33: Мойка контейнеров | C33: {=INDIRECT("'" & A29 & "'!F19")} -> 1831976 | E33: Центрополимер | F33: Новосибирск | G33: {=IFERROR(INDIRECT("'" & E33 & " " & F33 & "'!A1"),0)} -> 0
A34: МТО | C34: {=INDIRECT("'" & A29 & "'!F20")} -> 12466430 | E34: Фармпласт | F34: Новосибирск | G34: {=IFERROR(INDIRECT("'" & E34 & " " & F34 & "'!A1"),0)} -> 0
E35: Юг Полимер | F35: Зеленодольск | G35: {=IFERROR(INDIRECT("'" & E35 & " " & F35 & "'!A1"),0)} -> 0
A36: Контейнерные площадки | C36: =SUM(C37:C41) -> 10131661 | E36: Фармпласт | F36: Казань_Автосервисная | G36: {=IFERROR(INDIRECT("'" & E36 & " " & F36 & "'!A1"),0)} -> 0
A37: КОС | C37: =3067441 -> 3067441 | E37: Приоритет | F37: Казань_Приволжская | G37: {=IFERROR(INDIRECT("'" & E37 & " " & F37 & "'!A1"),0)} -> 0
A38: Нижнекамск | C38: 7064220 | E38: Центрополимер | F38: Баумана | G38: {=IFERROR(INDIRECT("'" & E38 & " " & F38 & "'!A1"),0)} -> 0
E39: Приоритет | F39: Казань_Автосервисная | G39: {=IFERROR(INDIRECT("'" & E39 & " " & F39 & "'!A1"),0)} -> 0
E40: Оникс | F40: Нижнекамск | G40: {=IFERROR(INDIRECT("'" & E40 & " " & F40 & "'!A1"),0)} -> 0
A42: СИБУР | K42: =SUM(N44:N53) -> 85676299
C43: KPI | D43: Полиом | E43: Полимеры | F43: Каучук | G43: ПСОН | H43: Полиэфир | I43: СБС | J43: Порошок | K43: НПЭГ | L43: Экспорт | M43: Доп услуги | N43: ИТОГО
A44: Баумана | B44: 45411 | C44: {=IFERROR(INDIRECT("'" & $A44 & " " & C$43 & "'!T37"),)} -> 76521.13 | D44: {=IFERROR(INDIRECT("'" & $A44 & " " & D$43 & "'!T37"),)} -> 274674.39 | E44: {=IFERROR(INDIRECT("'" & $A44 & " " & E$43 & "'!T37"),)} -> 7531366.4 | F44: {=IFERROR(INDIRECT("'" & $A44 & " " & F$43 & "'!T37"),)} -> 0 | G44: {=IFERROR(INDIRECT("'" & $A44 & " " & G$43 & "'!T37"),)} -> 0 | H44: {=IFERROR(INDIRECT("'" & $A44 & " " & H$43 & "'!T37"),)} -> 0 | I44: {=IFERROR(INDIRECT("'" & $A44 & " " & I$43 & "'!T37"),)} -> 0 | J44: {=IFERROR(INDIRECT("'" & $A44 & " " & J$43 & "'!T37"),)} -> 0 | K44: {=IFERROR(INDIRECT("'" & $A44 & " " & K$43 & "'!T37"),)} -> 0 | L44: {=IFERROR(INDIRECT("'" & $A44 & " " & L$43 & "'!G12"),)} -> 8540 | M44: {=IFERROR(INDIRECT("'" & $A44 & " " & M$43 & "'!F14"),)} -> 0 | N44: =SUM(C44:M44) -> 7891101.9
A45: Новикова-Прибоя | B45: 45411 | C45: {=IFERROR(INDIRECT("'" & $A45 & " " & C$43 & "'!T37"),)} -> 54425.92 | D45: {=IFERROR(INDIRECT("'" & $A45 & " " & D$43 & "'!T37"),)} -> 26771.84 | E45: {=IFERROR(INDIRECT("'" & $A45 & " " & E$43 & "'!T37"),)} -> 10669636 | F45: {=IFERROR(INDIRECT("'" & $A45 & " " & F$43 & "'!T37"),)} -> 0 | G45: {=IFERROR(INDIRECT("'" & $A45 & " " & G$43 & "'!T37"),)} -> 0 | H45: {=IFERROR(INDIRECT("'" & $A45 & " " & H$43 & "'!T37"),)} -> 0 | I45: {=IFERROR(INDIRECT("'" & $A45 & " " & I$43 & "'!T37"),)} -> 0 | J45: {=IFERROR(INDIRECT("'" & $A45 & " " & J$43 & "'!T37"),)} -> 0 | K45: {=IFERROR(INDIRECT("'" & $A45 & " " & K$43 & "'!T37"),)} -> 0 | L45: {=IFERROR(INDIRECT("'" & $A45 & " " & L$43 & "'!G12"),)} -> 0 | M45: {=IFERROR(INDIRECT("'" & $A45 & " " & M$43 & "'!F14"),)} -> 0 | N45: =SUM(C45:M45) -> 10750834
A46: Екатеринбург | B46: 45411 | C46: {=IFERROR(INDIRECT("'" & $A46 & " " & C$43 & "'!T37"),)} -> 2339.9 | D46: {=IFERROR(INDIRECT("'" & $A46 & " " & D$43 & "'!T37"),)} -> 141249.06 | E46: {=IFERROR(INDIRECT("'" & $A46 & " " & E$43 & "'!T37"),)} -> 10801517 | F46: {=IFERROR(INDIRECT("'" & $A46 & " " & F$43 & "'!T37"),)} -> 0 | G46: {=IFERROR(INDIRECT("'" & $A46 & " " & G$43 & "'!T37"),)} -> 0 | H46: {=IFERROR(INDIRECT("'" & $A46 & " " & H$43 & "'!T37"),)} -> 0 | I46: {=IFERROR(INDIRECT("'" & $A46 & " " & I$43 & "'!T37"),)} -> 0 | J46: {=IFERROR(INDIRECT("'" & $A46 & " " & J$43 & "'!T37"),)} -> 0 | K46: {=IFERROR(INDIRECT("'" & $A46 & " " & K$43 & "'!T37"),)} -> 107814.29 | L46: {=IFERROR(INDIRECT("'" & $A46 & " " & L$43 & "'!G12"),)} -> 190320 | M46: {=IFERROR(INDIRECT("'" & $A46 & " " & M$43 & "'!F14"),)} -> 0 | N46: =SUM(C46:M46) -> 11243241
A47: Новосибирск | B47: 45411 | C47: {=IFERROR(INDIRECT("'" & $A47 & " " & C$43 & "'!T37"),)} -> 17732.81 | D47: {=IFERROR(INDIRECT("'" & $A47 & " " & D$43 & "'!T37"),)} -> 23583.77 | E47: {=IFERROR(INDIRECT("'" & $A47 & " " & E$43 & "'!T37"),)} -> 5817472.4 | F47: {=IFERROR(INDIRECT("'" & $A47 & " " & F$43 & "'!T37"),)} -> 0 | G47: {=IFERROR(INDIRECT("'" & $A47 & " " & G$43 & "'!T37"),)} -> 0 | H47: {=IFERROR(INDIRECT("'" & $A47 & " " & H$43 & "'!T37"),)} -> 0 | I47: {=IFERROR(INDIRECT("'" & $A47 & " " & I$43 & "'!T37"),)} -> 0 | J47: {=IFERROR(INDIRECT("'" & $A47 & " " & J$43 & "'!T37"),)} -> 2280916.5 | K47: {=IFERROR(INDIRECT("'" & $A47 & " " & K$43 & "'!T37"),)} -> 0 | L47: {=IFERROR(INDIRECT("'" & $A47 & " " & L$43 & "'!G12"),)} -> 0 | M47: {=IFERROR(INDIRECT("'" & $A47 & " " & M$43 & "'!F14"),)} -> 0 | N47: =SUM(C47:M47) -> 8139705.4
A48: Новосибирск_Пасечная | B48: 45411 | C48: {=IFERROR(INDIRECT("'" & $A48 & " " & C$43 & "'!T37"),)} -> 0 | D48: {=IFERROR(INDIRECT("'" & $A48 & " " & D$43 & "'!T37"),)} -> 0 | E48: {=IFERROR(INDIRECT("'" & $A48 & " " & E$43 & "'!T37"),)} -> 0 | F48: {=IFERROR(INDIRECT("'" & $A48 & " " & F$43 & "'!T37"),)} -> 0 | G48: {=IFERROR(INDIRECT("'" & $A48 & " " & G$43 & "'!T37"),)} -> 0 | H48: {=IFERROR(INDIRECT("'" & $A48 & " " & H$43 & "'!T37"),)} -> 0 | I48: {=IFERROR(INDIRECT("'" & $A48 & " " & I$43 & "'!T37"),)} -> 0 | J48: {=IFERROR(INDIRECT("'" & $A48 & " " & J$43 & "'!T37"),)} -> 6161036.8 | K48: {=IFERROR(INDIRECT("'" & $A48 & " " & K$43 & "'!T37"),)} -> 0 | L48: {=IFERROR(INDIRECT("'" & $A48 & " " & L$43 & "'!G12"),)} -> 0 | M48: {=IFERROR(INDIRECT("'" & $A48 & " " & M$43 & "'!F14"),)} -> 0 | N48: =SUM(C48:M48) -> 6161036.8
A49: Казань_Автосервисная | B49: 45411 | C49: {=IFERROR(INDIRECT("'" & $A49 & " " & C$43 & "'!T37"),)} -> 0 | D49: {=IFERROR(INDIRECT("'" & $A49 & " " & D$43 & "'!T37"),)} -> 13569.06 | E49: {=IFERROR(INDIRECT("'" & $A49 & " " & E$43 & "'!T37"),)} -> 18440678 | F49: {=IFERROR(INDIRECT("'" & $A49 & " " & F$43 & "'!T37"),)} -> 0 | G49: {=IFERROR(INDIRECT("'" & $A49 & " " & G$43 & "'!T37"),)} -> 0 | H49: {=IFERROR(INDIRECT("'" & $A49 & " " & H$43 & "'!T37"),)} -> 0 | I49: {=IFERROR(INDIRECT("'" & $A49 & " " & I$43 & "'!T37"),)} -> 0 | J49: {=IFERROR(INDIRECT("'" & $A49 & " " & J$43 & "'!T37"),)} -> 0 | K49: {=IFERROR(INDIRECT("'" & $A49 & " " & K$43 & "'!T37"),)} -> 0 | L49: {=IFERROR(INDIRECT("'" & $A49 & " " & L$43 & "'!G12"),)} -> 14640 | M49: {=IFERROR(INDIRECT("'" & $A49 & " " & M$43 & "'!F14"),)} -> 0 | N49: =SUM(C49:M49) -> 18468887
A50: Казань_Приволжская | B50: 45411 | C50: {=IFERROR(INDIRECT("'" & $A50 & " " & C$43 & "'!T37"),)} -> 0 | D50: {=IFERROR(INDIRECT("'" & $A50 & " " & D$43 & "'!T37"),)} -> 0 | E50: {=IFERROR(INDIRECT("'" & $A50 & " " & E$43 & "'!T37"),)} -> 9661525.4 | F50: {=IFERROR(INDIRECT("'" & $A50 & " " & F$43 & "'!T37"),)} -> 0 | G50: {=IFERROR(INDIRECT("'" & $A50 & " " & G$43 & "'!T37"),)} -> 0 | H50: {=IFERROR(INDIRECT("'" & $A50 & " " & H$43 & "'!T37"),)} -> 0 | I50: {=IFERROR(INDIRECT("'" & $A50 & " " & I$43 & "'!T37"),)} -> 0 | J50: {=IFERROR(INDIRECT("'" & $A50 & " " & J$43 & "'!T37"),)} -> 0 | K50: {=IFERROR(INDIRECT("'" & $A50 & " " & K$43 & "'!T37"),)} -> 0 | L50: {=IFERROR(INDIRECT("'" & $A50 & " " & L$43 & "'!G12"),)} -> 2440 | M50: {=IFERROR(INDIRECT("'" & $A50 & " " & M$43 & "'!F14"),)} -> 0 | N50: =SUM(C50:M50) -> 9663965.4
A51: Зеленодольск | B51: 45411 | C51: {=IFERROR(INDIRECT("'" & $A51 & " " & C$43 & "'!T37"),)} -> 0 | D51: {=IFERROR(INDIRECT("'" & $A51 & " " & D$43 & "'!T37"),)} -> 0 | E51: {=IFERROR(INDIRECT("'" & $A51 & " " & E$43 & "'!T37"),)} -> 8278686.5 | F51: {=IFERROR(INDIRECT("'" & $A51 & " " & F$43 & "'!T37"),)} -> 0 | G51: {=IFERROR(INDIRECT("'" & $A51 & " " & G$43 & "'!T37"),)} -> 0 | H51: {=IFERROR(INDIRECT("'" & $A51 & " " & H$43 & "'!T37"),)} -> 0 | I51: {=IFERROR(INDIRECT("'" & $A51 & " " & I$43 & "'!T37"),)} -> 0 | J51: {=IFERROR(INDIRECT("'" & $A51 & " " & J$43 & "'!T37"),)} -> 0 | K51: {=IFERROR(INDIRECT("'" & $A51 & " " & K$43 & "'!T37"),)} -> 0 | L51: {=IFERROR(INDIRECT("'" & $A51 & " " & L$43 & "'!G12"),)} -> 0 | M51: {=IFERROR(INDIRECT("'" & $A51 & " " & M$43 & "'!F14"),)} -> 271660.5 | N51: =SUM(C51:M51) -> 8550347
A52: Нижнекамск | C52: {=IFERROR(INDIRECT("'" & $A52 & " " & C$43 & "'!T37"),)} -> 0 | D52: {=IFERROR(INDIRECT("'" & $A52 & " " & D$43 & "'!T37"),)} -> 0 | E52: {=IFERROR(INDIRECT("'" & $A52 & " " & E$43 & "'!T37"),)} -> 0 | F52: {=IFERROR(INDIRECT("'" & $A52 & " " & F$43 & "'!T37"),)} -> 2245656.4 | G52: {=IFERROR(INDIRECT("'" & $A52 & " " & G$43 & "'!T37"),)} -> 2528887.9 | H52: {=IFERROR(INDIRECT("'" & $A52 & " " & H$43 & "'!T37"),)} -> 0 | I52: {=IFERROR(INDIRECT("'" & $A52 & " " & I$43 & "'!T37"),)} -> 53.04 | J52: {=IFERROR(INDIRECT("'" & $A52 & " " & J$43 & "'!T37"),)} -> 0 | K52: {=IFERROR(INDIRECT("'" & $A52 & " " & K$43 & "'!T37"),)} -> 863.71 | L52: {=IFERROR(INDIRECT("'" & $A52 & " " & L$43 & "'!G12"),)} -> 31720 | M52: {=IFERROR(INDIRECT("'" & $A52 & " " & M$43 & "'!F14"),)} -> 0 | N52: =SUM(C52:M52) -> 4807181.1
A53: Березовая Пойма | C53: {=IFERROR(INDIRECT("'" & $A53 & "'!F16"),) + IFERROR(INDIRECT("'" & $A53 & "'!F17"),)} -> 0 | D53: {=IFERROR(INDIRECT("'" & $A53 & "'!F16"),) + IFERROR(INDIRECT("'" & $A53 & "'!F17"),)} -> 0 | E53: {=IFERROR(INDIRECT("'" & $A53 & "'!F16"),) + IFERROR(INDIRECT("'" & $A53 & "'!F17"),)} -> 0 | F53: {=IFERROR(INDIRECT("'" & $A53 & "'!F16"),) + IFERROR(INDIRECT("'" & $A53 & "'!F17"),)} -> 0 | G53: {=IFERROR(INDIRECT("'" & $A53 & "'!F16"),) + IFERROR(INDIRECT("'" & $A53 & "'!F17"),)} -> 0 | H53: {=IFERROR(INDIRECT("'" & $A53 & "'!F16"),) + IFERROR(INDIRECT("'" & $A53 & "'!F17"),)} -> 0 | I53: {=IFERROR(INDIRECT("'" & $A53 & "'!F16"),) + IFERROR(INDIRECT("'" & $A53 & "'!F17"),)} -> 0 | J53: {=IFERROR(INDIRECT("'" & $A53 & "'!F16"),) + IFERROR(INDIRECT("'" & $A53 & "'!F17"),)} -> 0 | K53: {=IFERROR(INDIRECT("'" & $A53 & "'!F16"),) + IFERROR(INDIRECT("'" & $A53 & "'!F17"),)} -> 0 | L53: {=IFERROR(INDIRECT("'" & $A53 & " " & L$43 & "'!G12"),)} -> 0 | M53: {=IFERROR(INDIRECT("'" & $A53 & " " & M$43 & "'!F14"),)} -> 0 | N53: =SUM(C53:M53) -> 0
A55: Русвинил | B55: =SUM(B56:B66) -> 7009556.9
A56: Баумана | B56: {=IFERROR(INDIRECT("'РВ " & A56 & "'!O38"),0)} -> 507717.03
A57: Новикова-Прибоя | B57: {=IFERROR(INDIRECT("'РВ " & A57 & "'!O38"),0)} -> 809022.23
A58: Монастырка | B58: {=IFERROR(INDIRECT("'РВ " & A58 & "'!O38"),0)} -> 0
A59: Екатеринбург | B59: {=IFERROR(INDIRECT("'РВ " & A59 & "'!O38"),0)} -> 0
A60: Новосибирск | B60: {=IFERROR(INDIRECT("'РВ " & A60 & "'!O38"),0)} -> 0
A61: Казань_Приволжская | B61: {=IFERROR(INDIRECT("'РВ " & A61 & "'!O38"),0)} -> 0
A62: Казань_Автосервисная | B62: {=IFERROR(INDIRECT("'РВ " & A62 & "'!O38"),0)} -> 0
A63: Зеленодольск | B63: {=IFERROR(INDIRECT("'РВ " & A63 & "'!O38"),0)} -> 0
A64: Нижнекамск | B64: {=IFERROR(INDIRECT("'РВ " & A64 & "'!O38"),0)} -> 0
A65: Нижнекамск завод | B65: {=IFERROR(INDIRECT("'РВ " & A65 & "'!O38"),0)} -> 0
A66: Березовая Пойма | B66: {=IFERROR(INDIRECT("'РВ " & A66 & "'!O38"),0)+IFERROR(INDIRECT("Резерв!i38"),0)} -> 5692817.6
A67: Новосибирск_Пасечная | B67: {=IFERROR(INDIRECT("'РВ " & A67 & "'!O38"),0)} -> 0

Sheet Другое

Sheet Нижнекамск завод
A9: № | B9: Наименование услуг (работ) | C9: Ед. изм. | D9: Количество | E9: Цена | F9: Сумма
A14: Итого: | F14: =SUM(F10:F13) -> 0
A15: Без налога (НДС) | F15: =SUM(F14) -> 0
A16: Всего (с учетом НДС) | F16: =SUM(F15)*1.2 -> 0
A17: Вышеперечисленные услуги (работы) выполнены полностью. | E17: ПРР | F17: 15902450
A18: ПОКЛАЖЕДАТЕЛЬ претензий по объему, качеству и срокам оказания услуг претензий не имеет. | E18: Стропальщики | F18: 744000
E19: Контейнеры | F19: 1831976
E20: МТО | F20: 12466430
A21: ООО "ДТМ" | D21: ПАО "Нижнекамскнефтехим"
A23: ____________________Молькова Т.Ю. | B23: Расстегаев Д.О. | D23: ____________________

Sheet Резерв
A3: ="Отчет по резерву хранению товара РВ " & TEXT(A6,"ММММ ") & YEAR(A6) & "" -> Отчет по резерву хранению товара РВ Январь 2026
A4: дата | C4: Хранение Баумана | D4: Хранение Новикова | E4: Хранение Березовая Пойма | F4: Общее хранение | G4: Резерв 8000 т | H4: стоимость резерва | I4: итого
A6: 46023 | C6: ='[1]РВ Баумана'!G6 -> 883.225 | D6: ='[1]РВ Новикова-Прибоя'!G6 -> 190.67 | E6: ='[1]РВ Березовая Пойма'!G6 -> 786.23 | F6: =SUM(C6:E6) -> 1860.125 | G6: =IF(8000-F6<0,0,8000-F6) -> 6139.875 | H6: =G6*15 -> 92098.125 | I6: =SUM(H6:H6) -> 92098.125 | J6: =IF(OR(WEEKDAY(A6)=1,WEEKDAY(A6)=7,NOT(ISERROR(MATCH(A6,[1]Праздники!A:A,0)))),"Выходной","Рабочий") -> Выходной
A7: 46024 | C7: ='[1]РВ Баумана'!G7 -> 883.225 | D7: ='[1]РВ Новикова-Прибоя'!G7 -> 190.67 | E7: ='[1]РВ Березовая Пойма'!G7 -> 786.23 | F7: =SUM(C7:E7) -> 1860.125 | G7: =IF(8000-F7<0,0,8000-F7) -> 6139.875 | H7: =G7*15 -> 92098.125 | I7: =SUM(H7:H7) -> 92098.125 | J7: =IF(OR(WEEKDAY(A7)=1,WEEKDAY(A7)=7,NOT(ISERROR(MATCH(A7,[1]Праздники!A:A,0)))),"Выходной","Рабочий") -> Выходной
A8: 46025 | C8: ='[1]РВ Баумана'!G8 -> 883.225 | D8: ='[1]РВ Новикова-Прибоя'!G8 -> 190.67 | E8: ='[1]РВ Березовая Пойма'!G8 -> 1516.35 | F8: =SUM(C8:E8) -> 2590.245 | G8: =IF(8000-F8<0,0,8000-F8) -> 5409.755 | H8: =G8*15 -> 81146.325 | I8: =SUM(H8:H8) -> 81146.325 | J8: =IF(OR(WEEKDAY(A8)=1,WEEKDAY(A8)=7,NOT(ISERROR(MATCH(A8,[1]Праздники!A:A,0)))),"Выходной","Рабочий") -> Выходной
A9: 46026 | C9: ='[1]РВ Баумана'!G9 -> 883.225 | D9: ='[1]РВ Новикова-Прибоя'!G9 -> 190.67 | E9: ='[1]РВ Березовая Пойма'!G9 -> 1869.04 | F9: =SUM(C9:E9) -> 2942.935 | G9: =IF(8000-F9<0,0,8000-F9) -> 5057.065 | H9: =G9*15 -> 75855.975 | I9: =SUM(H9:H9) -> 75855.975 | J9: =IF(OR(WEEKDAY(A9)=1,WEEKDAY(A9)=7,NOT(ISERROR(MATCH(A9,[1]Праздники!A:A,0)))),"Выходной","Рабочий") -> Выходной
A10: 46027 | C10: ='[1]РВ Баумана'!G10 -> 883.225 | D10: ='[1]РВ Новикова-Прибоя'!G10 -> 190.67 | E10: ='[1]РВ Березовая Пойма'!G10 -> 2376.19 | F10: =SUM(C10:E10) -> 3450.085 | G10: =IF(8000-F10<0,0,8000-F10) -> 4549.915 | H10: =G10*15 -> 68248.725 | I10: =SUM(H10:H10) -> 68248.725 | J10: =IF(OR(WEEKDAY(A10)=1,WEEKDAY(A10)=7,NOT(ISERROR(MATCH(A10,[1]Праздники!A:A,0)))),"Выходной","Рабочий") -> Выходной
A11: 46028 | C11: ='[1]РВ Баумана'!G11 -> 883.225 | D11: ='[1]РВ Новикова-Прибоя'!G11 -> 190.67 | E11: ='[1]РВ Березовая Пойма'!G11 -> 3235.57 | F11: =SUM(C11:E11) -> 4309.465 | G11: =IF(8000-F11<0,0,8000-F11) -> 3690.535 | H11: =G11*15 -> 55358.025 | I11: =SUM(H11:H11) -> 55358.025 | J11: =IF(OR(WEEKDAY(A11)=1,WEEKDAY(A11)=7,NOT(ISERROR(MATCH(A11,[1]Праздники!A:A,0)))),"Выходной","Рабочий") -> Выходной
A12: 46029 | C12: ='[1]РВ Баумана'!G12 -> 883.225 | D12: ='[1]РВ Новикова-Прибоя'!G12 -> 190.67 | E12: ='[1]РВ Березовая Пойма'!G12 -> 3985.18 | F12: =SUM(C12:E12) -> 5059.075 | G12: =IF(8000-F12<0,0,8000-F12) -> 2940.925 | H12: =G12*15 -> 44113.875 | I12: =SUM(H12:H12) -> 44113.875 | J12: =IF(OR(WEEKDAY(A12)=1,WEEKDAY(A12)=7,NOT(ISERROR(MATCH(A12,[1]Праздники!A:A,0)))),"Выходной","Рабочий") -> Выходной
A13: 46030 | C13: ='[1]РВ Баумана'!G13 -> 883.225 | D13: ='[1]РВ Новикова-Прибоя'!G13 -> 190.67 | E13: ='[1]РВ Березовая Пойма'!G13 -> 4560.4 | F13: =SUM(C13:E13) -> 5634.295 | G13: =IF(8000-F13<0,0,8000-F13) -> 2365.705 | H13: =G13*15 -> 35485.575 | I13: =SUM(H13:H13) -> 35485.575 | J13: =IF(OR(WEEKDAY(A13)=1,WEEKDAY(A13)=7,NOT(ISERROR(MATCH(A13,[1]Праздники!A:A,0)))),"Выходной","Рабочий") -> Выходной
A14: 46031 | C14: ='[1]РВ Баумана'!G14 -> 883.225 | D14: ='[1]РВ Новикова-Прибоя'!G14 -> 190.67 | E14: ='[1]РВ Березовая Пойма'!G14 -> 4974.05 | F14: =SUM(C14:E14) -> 6047.945 | G14: =IF(8000-F14<0,0,8000-F14) -> 1952.055 | H14: =G14*15 -> 29280.825 | I14: =SUM(H14:H14) -> 29280.825 | J14: =IF(OR(WEEKDAY(A14)=1,WEEKDAY(A14)=7,NOT(ISERROR(MATCH(A14,[1]Праздники!A:A,0)))),"Выходной","Рабочий") -> Выходной
A15: 46032 | C15: ='[1]РВ Баумана'!G15 -> 883.225 | D15: ='[1]РВ Новикова-Прибоя'!G15 -> 190.67 | E15: ='[1]РВ Березовая Пойма'!G15 -> 5238.74 | F15: =SUM(C15:E15) -> 6312.635 | G15: =IF(8000-F15<0,0,8000-F15) -> 1687.365 | H15: =G15*15 -> 25310.475 | I15: =SUM(H15:H15) -> 25310.475 | J15: =IF(OR(WEEKDAY(A15)=1,WEEKDAY(A15)=7,NOT(ISERROR(MATCH(A15,[1]Праздники!A:A,0)))),"Выходной","Рабочий") -> Выходной
A16: 46033 | C16: ='[1]РВ Баумана'!G16 -> 883.225 | D16: ='[1]РВ Новикова-Прибоя'!G16 -> 190.67 | E16: ='[1]РВ Березовая Пойма'!G16 -> 5439.16 | F16: =SUM(C16:E16) -> 6513.055 | G16: =IF(8000-F16<0,0,8000-F16) -> 1486.945 | H16: =G16*15 -> 22304.175 | I16: =SUM(H16:H16) -> 22304.175 | J16: =IF(OR(WEEKDAY(A16)=1,WEEKDAY(A16)=7,NOT(ISERROR(MATCH(A16,[1]Праздники!A:A,0)))),"Выходной","Рабочий") -> Выходной
A17: 46034 | C17: ='[1]РВ Баумана'!G17 -> 883.225 | D17: ='[1]РВ Новикова-Прибоя'!G17 -> 193.215 | E17: ='[1]РВ Березовая Пойма'!G17 -> 6429.67 | F17: =SUM(C17:E17) -> 7506.11 | G17: =IF(8000-F17<0,0,8000-F17) -> 493.89 | H17: =G17*15 -> 7408.35 | I17: =SUM(H17:H17) -> 7408.35 | J17: =IF(OR(WEEKDAY(A17)=1,WEEKDAY(A17)=7,NOT(ISERROR(MATCH(A17,[1]Праздники!A:A,0)))),"Выходной","Рабочий") -> Рабочий
... A36: 46053 | C36: ='[1]РВ Баумана'!G36 -> 812.35 | D36: ='[1]РВ Новикова-Прибоя'!G36 -> 1411.04 | E36: ='[1]РВ Березовая Пойма'!G36 -> 4829.68 | F36: =SUM(C36:E36) -> 7053.07 | G36: =IF(8000-F36<0,0,8000-F36) -> 946.93 | H36: =G36*15 -> 14203.95 | I36: =SUM(H36:H36) -> 14203.95 | J36: =IF(OR(WEEKDAY(A36)=1,WEEKDAY(A36)=7,NOT(ISERROR(MATCH(A36,[1]Праздники!A:A,0)))),"Выходной","Рабочий") -> Выходной
C37: =SUM(C6:C36) -> 26622.85 | D37: =SUM(D6:D36) -> 28317.59 | E37: =SUM(E6:E36) -> 143700.66 | G37: =SUM(G6:G36) -> 51605.745 | H37: =SUM(H6:H36) -> 774086.17 | I37: =SUM(I6:I36) -> 774086.17
I38: =I37*1.22 -> 944385.13

Sheet РВ Баумана
R1: Выходной | S1: Рабочий
Q2: Выгрузка | R2: =SUMIF($P$6:$P$36,R$1,$C6:$C36) -> 0 | S2: =SUMIF($P$6:$P$36,S$1,$C6:$C36) -> 0
A3: ="Отчет по хранению товара РВ " & TEXT(A6,"ММММ ") & YEAR(A6) & " Баумана" -> Отчет по хранению товара РВ Январь 2026 Баумана | Q3: Отгрузка | R3: =SUMIF($P$6:$P$36,R$1,$D6:$D36) -> 60.5 | S3: =SUMIF($P$6:$P$36,S$1,$D6:$D36) -> 21.375
A4: дата | C4: Выгрузка кол-во тонн | D4: Загрузка кол-во тонн | E4: Выгрузка после 20:00 | F4: Загрузка после 20:00 | G4: Хранение | H4: переконсолидация (тонн) | I4: стоимость выгрузки | J4: стоимость загрузки | K4: Стоимость выгрузки после 20:00 | L4: Стоимость загрузки после 20:00 | M4: стоимость хранения | N4: стоимость переконс. | O4: итого
G5: (кол-во тонн)
A6: 46023 | C6: 0 | D6: 0 | G6: 883.225 | I6: =IF(P6="Выходной",SUM(C6*150)*1.5,SUM(C6*150)) -> 0 | J6: =IF(P6="Выходной",SUM(D6*150)*1.5,SUM(D6*150)) -> 0 | K6: =IF(OR(WEEKDAY(A6)=1,WEEKDAY(A6)=7,NOT(ISERROR(MATCH(A6,[1]Праздники!A:A,0)))),SUM(E6*225)*1.5,SUM(E6*225)) -> 0 | L6: =IF(OR(WEEKDAY(A6)=1,WEEKDAY(A6)=7,NOT(ISERROR(MATCH(A6,[1]Праздники!A:A,0)))),SUM(F6*225)*1.5,SUM(F6*225)) -> 0 | M6: =SUM(G6*15) -> 13248.375 | N6: =SUM(H6)*750 -> 0 | O6: =SUM(I6:N6) -> 13248.375 | P6: =IF(OR(WEEKDAY(A6)=1,WEEKDAY(A6)=7,NOT(ISERROR(MATCH(A6,[1]Праздники!A:A,0)))),"Выходной","Рабочий") -> Выходной
A7: 46024 | C7: 0 | D7: 0 | G7: =IF(A7 ="",0,G6+C7+E7-D6-F6) -> 883.225 | I7: =IF(P7="Выходной",SUM(C7*150)*1.5,SUM(C7*150)) -> 0 | J7: =IF(P7="Выходной",SUM(D7*150)*1.5,SUM(D7*150)) -> 0 | K7: =IF(OR(WEEKDAY(A7)=1,WEEKDAY(A7)=7,NOT(ISERROR(MATCH(A7,[1]Праздники!A:A,0)))),SUM(E7*225)*1.5,SUM(E7*225)) -> 0 | L7: =IF(OR(WEEKDAY(A7)=1,WEEKDAY(A7)=7,NOT(ISERROR(MATCH(A7,[1]Праздники!A:A,0)))),SUM(F7*225)*1.5,SUM(F7*225)) -> 0 | M7: =SUM(G7*15) -> 13248.375 | N7: =SUM(H7)*750 -> 0 | O7: =SUM(I7:N7) -> 13248.375 | P7: =IF(OR(WEEKDAY(A7)=1,WEEKDAY(A7)=7,NOT(ISERROR(MATCH(A7,[1]Праздники!A:A,0)))),"Выходной","Рабочий") -> Выходной
A8: 46025 | C8: 0 | D8: 0 | G8: =IF(A8 ="",0,G7+C8+E8-D7-F7) -> 883.225 | I8: =IF(P8="Выходной",SUM(C8*150)*1.5,SUM(C8*150)) -> 0 | J8: =IF(P8="Выходной",SUM(D8*150)*1.5,SUM(D8*150)) -> 0 | K8: =IF(OR(WEEKDAY(A8)=1,WEEKDAY(A8)=7,NOT(ISERROR(MATCH(A8,[1]Праздники!A:A,0)))),SUM(E8*225)*1.5,SUM(E8*225)) -> 0 | L8: =IF(OR(WEEKDAY(A8)=1,WEEKDAY(A8)=7,NOT(ISERROR(MATCH(A8,[1]Праздники!A:A,0)))),SUM(F8*225)*1.5,SUM(F8*225)) -> 0 | M8: =SUM(G8*15) -> 13248.375 | N8: =SUM(H8)*750 -> 0 | O8: =SUM(I8:N8) -> 13248.375 | P8: =IF(OR(WEEKDAY(A8)=1,WEEKDAY(A8)=7,NOT(ISERROR(MATCH(A8,[1]Праздники!A:A,0)))),"Выходной","Рабочий") -> Выходной
A9: 46026 | C9: 0 | D9: 0 | G9: =IF(A9 ="",0,G8+C9+E9-D8-F8) -> 883.225 | I9: =IF(P9="Выходной",SUM(C9*150)*1.5,SUM(C9*150)) -> 0 | J9: =IF(P9="Выходной",SUM(D9*150)*1.5,SUM(D9*150)) -> 0 | K9: =IF(OR(WEEKDAY(A9)=1,WEEKDAY(A9)=7,NOT(ISERROR(MATCH(A9,[1]Праздники!A:A,0)))),SUM(E9*225)*1.5,SUM(E9*225)) -> 0 | L9: =IF(OR(WEEKDAY(A9)=1,WEEKDAY(A9)=7,NOT(ISERROR(MATCH(A9,[1]Праздники!A:A,0)))),SUM(F9*225)*1.5,SUM(F9*225)) -> 0 | M9: =SUM(G9*15) -> 13248.375 | N9: =SUM(H9)*750 -> 0 | O9: =SUM(I9:N9) -> 13248.375 | P9: =IF(OR(WEEKDAY(A9)=1,WEEKDAY(A9)=7,NOT(ISERROR(MATCH(A9,[1]Праздники!A:A,0)))),"Выходной","Рабочий") -> Выходной
A10: 46027 | C10: 0 | D10: 0 | G10: =IF(A10 ="",0,G9+C10+E10-D9-F9) -> 883.225 | I10: =IF(P10="Выходной",SUM(C10*150)*1.5,SUM(C10*150)) -> 0 | J10: =IF(P10="Выходной",SUM(D10*150)*1.5,SUM(D10*150)) -> 0 | K10: =IF(OR(WEEKDAY(A10)=1,WEEKDAY(A10)=7,NOT(ISERROR(MATCH(A10,[1]Праздники!A:A,0)))),SUM(E10*225)*1.5,SUM(E10*225)) -> 0 | L10: =IF(OR(WEEKDAY(A10)=1,WEEKDAY(A10)=7,NOT(ISERROR(MATCH(A10,[1]Праздники!A:A,0)))),SUM(F10*225)*1.5,SUM(F10*225)) -> 0 | M10: =SUM(G10*15) -> 13248.375 | N10: =SUM(H10)*750 -> 0 | O10: =SUM(I10:N10) -> 13248.375 | P10: =IF(OR(WEEKDAY(A10)=1,WEEKDAY(A10)=7,NOT(ISERROR(MATCH(A10,[1]Праздники!A:A,0)))),"Выходной","Рабочий") -> Выходной
A11: 46028 | C11: 0 | D11: 0 | G11: =IF(A11 ="",0,G10+C11+E11-D10-F10) -> 883.225 | I11: =IF(P11="Выходной",SUM(C11*150)*1.5,SUM(C11*150)) -> 0 | J11: =IF(P11="Выходной",SUM(D11*150)*1.5,SUM(D11*150)) -> 0 | K11: =IF(OR(WEEKDAY(A11)=1,WEEKDAY(A11)=7,NOT(ISERROR(MATCH(A11,[1]Праздники!A:A,0)))),SUM(E11*225)*1.5,SUM(E11*225)) -> 0 | L11: =IF(OR(WEEKDAY(A11)=1,WEEKDAY(A11)=7,NOT(ISERROR(MATCH(A11,[1]Праздники!A:A,0)))),SUM(F11*225)*1.5,SUM(F11*225)) -> 0 | M11: =SUM(G11*15) -> 13248.375 | N11: =SUM(H11)*750 -> 0 | O11: =SUM(I11:N11) -> 13248.375 | P11: =IF(OR(WEEKDAY(A11)=1,WEEKDAY(A11)=7,NOT(ISERROR(MATCH(A11,[1]Праздники!A:A,0)))),"Выходной","Рабочий") -> Выходной
A12: 46029 | C12: 0 | D12: 0 | G12: =IF(A12 ="",0,G11+C12+E12-D11-F11) -> 883.225 | I12: =IF(P12="Выходной",SUM(C12*150)*1.5,SUM(C12*150)) -> 0 | J12: =IF(P12="Выходной",SUM(D12*150)*1.5,SUM(D12*150)) -> 0 | K12: =IF(OR(WEEKDAY(A12)=1,WEEKDAY(A12)=7,NOT(ISERROR(MATCH(A12,[1]Праздники!A:A,0)))),SUM(E12*225)*1.5,SUM(E12*225)) -> 0 | L12: =IF(OR(WEEKDAY(A12)=1,WEEKDAY(A12)=7,NOT(ISERROR(MATCH(A12,[1]Праздники!A:A,0)))),SUM(F12*225)*1.5,SUM(F12*225)) -> 0 | M12: =SUM(G12*15) -> 13248.375 | N12: =SUM(H12)*750 -> 0 | O12: =SUM(I12:N12) -> 13248.375 | P12: =IF(OR(WEEKDAY(A12)=1,WEEKDAY(A12)=7,NOT(ISERROR(MATCH(A12,[1]Праздники!A:A,0)))),"Выходной","Рабочий") -> Выходной
A13: 46030 | C13: 0 | D13: 0 | G13: =IF(A13 ="",0,G12+C13+E13-D12-F12) -> 883.225 | I13: =IF(P13="Выходной",SUM(C13*150)*1.5,SUM(C13*150)) -> 0 | J13: =IF(P13="Выходной",SUM(D13*150)*1.5,SUM(D13*150)) -> 0 | K13: =IF(OR(WEEKDAY(A13)=1,WEEKDAY(A13)=7,NOT(ISERROR(MATCH(A13,[1]Праздники!A:A,0)))),SUM(E13*225)*1.5,SUM(E13*225)) -> 0 | L13: =IF(OR(WEEKDAY(A13)=1,WEEKDAY(A13)=7,NOT(ISERROR(MATCH(A13,[1]Праздники!A:A,0)))),SUM(F13*225)*1.5,SUM(F13*225)) -> 0 | M13: =SUM(G13*15) -> 13248.375 | N13: =SUM(H13)*750 -> 0 | O13: =SUM(I13:N13) -> 13248.375 | P13: =IF(OR(WEEKDAY(A13)=1,WEEKDAY(A13)=7,NOT(ISERROR(MATCH(A13,[1]Праздники!A:A,0)))),"Выходной","Рабочий") -> Выходной
A14: 46031 | C14: 0 | D14: 0 | G14: =IF(A14 ="",0,G13+C14+E14-D13-F13) -> 883.225 | I14: =IF(P14="Выходной",SUM(C14*150)*1.5,SUM(C14*150)) -> 0 | J14: =IF(P14="Выходной",SUM(D14*150)*1.5,SUM(D14*150)) -> 0 | K14: =IF(OR(WEEKDAY(A14)=1,WEEKDAY(A14)=7,NOT(ISERROR(MATCH(A14,[1]Праздники!A:A,0)))),SUM(E14*225)*1.5,SUM(E14*225)) -> 0 | L14: =IF(OR(WEEKDAY(A14)=1,WEEKDAY(A14)=7,NOT(ISERROR(MATCH(A14,[1]Праздники!A:A,0)))),SUM(F14*225)*1.5,SUM(F14*225)) -> 0 | M14: =SUM(G14*15) -> 13248.375 | N14: =SUM(H14)*750 -> 0 | O14: =SUM(I14:N14) -> 13248.375 | P14: =IF(OR(WEEKDAY(A14)=1,WEEKDAY(A14)=7,NOT(ISERROR(MATCH(A14,[1]Праздники!A:A,0)))),"Выходной","Рабочий") -> Выходной
A15: 46032 | C15: 0 | D15: 0 | G15: =IF(A15 ="",0,G14+C15+E15-D14-F14) -> 883.225 | I15: =IF(P15="Выходной",SUM(C15*150)*1.5,SUM(C15*150)) -> 0 | J15: =IF(P15="Выходной",SUM(D15*150)*1.5,SUM(D15*150)) -> 0 | K15: =IF(OR(WEEKDAY(A15)=1,WEEKDAY(A15)=7,NOT(ISERROR(MATCH(A15,[1]Праздники!A:A,0)))),SUM(E15*225)*1.5,SUM(E15*225)) -> 0 | L15: =IF(OR(WEEKDAY(A15)=1,WEEKDAY(A15)=7,NOT(ISERROR(MATCH(A15,[1]Праздники!A:A,0)))),SUM(F15*225)*1.5,SUM(F15*225)) -> 0 | M15: =SUM(G15*15) -> 13248.375 | N15: =SUM(H15)*750 -> 0 | O15: =SUM(I15:N15) -> 13248.375 | P15: =IF(OR(WEEKDAY(A15)=1,WEEKDAY(A15)=7,NOT(ISERROR(MATCH(A15,[1]Праздники!A:A,0)))),"Выходной","Рабочий") -> Выходной
A16: 46033 | C16: 0 | D16: 0 | G16: =IF(A16 ="",0,G15+C16+E16-D15-F15) -> 883.225 | I16: =IF(P16="Выходной",SUM(C16*150)*1.5,SUM(C16*150)) -> 0 | J16: =IF(P16="Выходной",SUM(D16*150)*1.5,SUM(D16*150)) -> 0 | K16: =IF(OR(WEEKDAY(A16)=1,WEEKDAY(A16)=7,NOT(ISERROR(MATCH(A16,[1]Праздники!A:A,0)))),SUM(E16*225)*1.5,SUM(E16*225)) -> 0 | L16: =IF(OR(WEEKDAY(A16)=1,WEEKDAY(A16)=7,NOT(ISERROR(MATCH(A16,[1]Праздники!A:A,0)))),SUM(F16*225)*1.5,SUM(F16*225)) -> 0 | M16: =SUM(G16*15) -> 13248.375 | N16: =SUM(H16)*750 -> 0 | O16: =SUM(I16:N16) -> 13248.375 | P16: =IF(OR(WEEKDAY(A16)=1,WEEKDAY(A16)=7,NOT(ISERROR(MATCH(A16,[1]Праздники!A:A,0)))),"Выходной","Рабочий") -> Выходной
A17: 46034 | C17: 0 | D17: 0 | G17: =IF(A17 ="",0,G16+C17+E17-D16-F16) -> 883.225 | I17: =IF(P17="Выходной",SUM(C17*150)*1.5,SUM(C17*150)) -> 0 | J17: =IF(P17="Выходной",SUM(D17*150)*1.5,SUM(D17*150)) -> 0 | K17: =IF(OR(WEEKDAY(A17)=1,WEEKDAY(A17)=7,NOT(ISERROR(MATCH(A17,[1]Праздники!A:A,0)))),SUM(E17*225)*1.5,SUM(E17*225)) -> 0 | L17: =IF(OR(WEEKDAY(A17)=1,WEEKDAY(A17)=7,NOT(ISERROR(MATCH(A17,[1]Праздники!A:A,0)))),SUM(F17*225)*1.5,SUM(F17*225)) -> 0 | M17: =SUM(G17*15) -> 13248.375 | N17: =SUM(H17)*750 -> 0 | O17: =SUM(I17:N17) -> 13248.375 | P17: =IF(OR(WEEKDAY(A17)=1,WEEKDAY(A17)=7,NOT(ISERROR(MATCH(A17,[1]Праздники!A:A,0)))),"Выходной","Рабочий") -> Рабочий
A18: 46035 | C18: 0 | D18: 0 | G18: =IF(A18 ="",0,G17+C18+E18-D17-F17) -> 883.225 | I18: =IF(P18="Выходной",SUM(C18*150)*1.5,SUM(C18*150)) -> 0 | J18: =IF(P18="Выходной",SUM(D18*150)*1.5,SUM(D18*150)) -> 0 | K18: =IF(OR(WEEKDAY(A18)=1,WEEKDAY(A18)=7,NOT(ISERROR(MATCH(A18,[1]Праздники!A:A,0)))),SUM(E18*225)*1.5,SUM(E18*225)) -> 0 | L18: =IF(OR(WEEKDAY(A18)=1,WEEKDAY(A18)=7,NOT(ISERROR(MATCH(A18,[1]Праздники!A:A,0)))),SUM(F18*225)*1.5,SUM(F18*225)) -> 0 | M18: =SUM(G18*15) -> 13248.375 | N18: =SUM(H18)*750 -> 0 | O18: =SUM(I18:N18) -> 13248.375 | P18: =IF(OR(WEEKDAY(A18)=1,WEEKDAY(A18)=7,NOT(ISERROR(MATCH(A18,[1]Праздники!A:A,0)))),"Выходной","Рабочий") -> Рабочий
... A36: 46053 | C36: 0 | D36: 11 | G36: =IF(A36 ="",0,G35+C36+E36-D35-F35) -> 812.35 | I36: =IF(P36="Выходной",SUM(C36*150)*1.5,SUM(C36*150)) -> 0 | J36: =IF(P36="Выходной",SUM(D36*150)*1.5,SUM(D36*150)) -> 2475 | K36: =IF(OR(WEEKDAY(A36)=1,WEEKDAY(A36)=7,NOT(ISERROR(MATCH(A36,[1]Праздники!A:A,0)))),SUM(E36*225)*1.5,SUM(E36*225)) -> 0 | L36: =IF(OR(WEEKDAY(A36)=1,WEEKDAY(A36)=7,NOT(ISERROR(MATCH(A36,[1]Праздники!A:A,0)))),SUM(F36*225)*1.5,SUM(F36*225)) -> 0 | M36: =SUM(G36*15) -> 12185.25 | N36: =SUM(H36)*750 -> 0 | O36: =SUM(I36:N36) -> 14660.25 | P36: =IF(OR(WEEKDAY(A36)=1,WEEKDAY(A36)=7,NOT(ISERROR(MATCH(A36,[1]Праздники!A:A,0)))),"Выходной","Рабочий") -> Выходной
C37: =SUM(C6:C36) -> 0 | D37: =SUM(D6:D36) -> 81.875 | E37: =SUM(E6:E36) -> 0 | F37: =SUM(F6:F36) -> 0 | G37: =SUM(G6:G36) -> 26622.85 | H37: =SUM(H6:H36) -> 0 | I37: =SUM(I6:I36) -> 0 | J37: =SUM(J6:J36) -> 16818.75 | ... O37: =SUM(O6:O36) -> 416161.5
N38: С НДС; | O38: =O37*1.22 -> 507717.03

Sheet РВ Березовая Пойма
R1: Выходной | S1: Рабочий
Q2: Выгрузка | R2: =SUMIF($P$6:$P$36,R$1,$C6:$C36) -> 4919.69 | S2: =SUMIF($P$6:$P$36,S$1,$C6:$C36) -> 1279.04
A3: ="Отчет по хранению товара РВ " & TEXT(A6,"ММММ ") & YEAR(A6) & " Березовая Пойма" -> Отчет по хранению товара РВ Январь 2026 Березовая Пойма | Q3: Отгрузка | R3: =SUMIF($P$6:$P$36,R$1,$D6:$D36) -> 1020.665 | S3: =SUMIF($P$6:$P$36,S$1,$D6:$D36) -> 1388.08
A4: дата | C4: Выгрузка кол-во тонн | D4: Загрузка кол-во тонн | E4: Выгрузка после 20:00 | F4: Загрузка после 20:00 | G4: Хранение | H4: переконсолидация (тонн) | I4: стоимость выгрузки | J4: стоимость загрузки | K4: Стоимость выгрузки после 20:00 | L4: Стоимость загрузки после 20:00 | M4: стоимость хранения | N4: стоимость переконс. | O4: итого
G5: (кол-во тонн)
A6: 46023 | C6: 0 | D6: 0 | G6: 786.23 | I6: =IF(P6="Выходной",SUM(C6*150)*1.5,SUM(C6*150)) -> 0 | J6: =IF(P6="Выходной",SUM(D6*150)*1.5,SUM(D6*150)) -> 0 | K6: =IF(OR(WEEKDAY(A6)=1,WEEKDAY(A6)=7,NOT(ISERROR(MATCH(A6,[1]Праздники!A:A,0)))),SUM(E6*225)*1.5,SUM(E6*225)) -> 0 | L6: =IF(OR(WEEKDAY(A6)=1,WEEKDAY(A6)=7,NOT(ISERROR(MATCH(A6,[1]Праздники!A:A,0)))),SUM(F6*225)*1.5,SUM(F6*225)) -> 0 | M6: =SUM(G6*15) -> 11793.45 | N6: =SUM(H6)*750 -> 0 | O6: =SUM(I6:N6) -> 11793.45 | P6: =IF(OR(WEEKDAY(A6)=1,WEEKDAY(A6)=7,NOT(ISERROR(MATCH(A6,[1]Праздники!A:A,0)))),"Выходной","Рабочий") -> Выходной
A7: 46024 | C7: 0 | D7: 0 | G7: =IF(A7 ="",0,G6+C7+E7-D6-F6) -> 786.23 | I7: =IF(P7="Выходной",SUM(C7*150)*1.5,SUM(C7*150)) -> 0 | J7: =IF(P7="Выходной",SUM(D7*150)*1.5,SUM(D7*150)) -> 0 | K7: =IF(OR(WEEKDAY(A7)=1,WEEKDAY(A7)=7,NOT(ISERROR(MATCH(A7,[1]Праздники!A:A,0)))),SUM(E7*225)*1.5,SUM(E7*225)) -> 0 | L7: =IF(OR(WEEKDAY(A7)=1,WEEKDAY(A7)=7,NOT(ISERROR(MATCH(A7,[1]Праздники!A:A,0)))),SUM(F7*225)*1.5,SUM(F7*225)) -> 0 | M7: =SUM(G7*15) -> 11793.45 | N7: =SUM(H7)*750 -> 0 | O7: =SUM(I7:N7) -> 11793.45 | P7: =IF(OR(WEEKDAY(A7)=1,WEEKDAY(A7)=7,NOT(ISERROR(MATCH(A7,[1]Праздники!A:A,0)))),"Выходной","Рабочий") -> Выходной
A8: 46025 | C8: 730.12 | D8: 0 | G8: =IF(A8 ="",0,G7+C8+E8-D7-F7) -> 1516.35 | I8: =IF(P8="Выходной",SUM(C8*150)*1.5,SUM(C8*150)) -> 164277 | J8: =IF(P8="Выходной",SUM(D8*150)*1.5,SUM(D8*150)) -> 0 | K8: =IF(OR(WEEKDAY(A8)=1,WEEKDAY(A8)=7,NOT(ISERROR(MATCH(A8,[1]Праздники!A:A,0)))),SUM(E8*225)*1.5,SUM(E8*225)) -> 0 | L8: =IF(OR(WEEKDAY(A8)=1,WEEKDAY(A8)=7,NOT(ISERROR(MATCH(A8,[1]Праздники!A:A,0)))),SUM(F8*225)*1.5,SUM(F8*225)) -> 0 | M8: =SUM(G8*15) -> 22745.25 | N8: =SUM(H8)*750 -> 0 | O8: =SUM(I8:N8) -> 187022.25 | P8: =IF(OR(WEEKDAY(A8)=1,WEEKDAY(A8)=7,NOT(ISERROR(MATCH(A8,[1]Праздники!A:A,0)))),"Выходной","Рабочий") -> Выходной
A9: 46026 | C9: 352.69 | D9: 0 | G9: =IF(A9 ="",0,G8+C9+E9-D8-F8) -> 1869.04 | I9: =IF(P9="Выходной",SUM(C9*150)*1.5,SUM(C9*150)) -> 79355.25 | J9: =IF(P9="Выходной",SUM(D9*150)*1.5,SUM(D9*150)) -> 0 | K9: =IF(OR(WEEKDAY(A9)=1,WEEKDAY(A9)=7,NOT(ISERROR(MATCH(A9,[1]Праздники!A:A,0)))),SUM(E9*225)*1.5,SUM(E9*225)) -> 0 | L9: =IF(OR(WEEKDAY(A9)=1,WEEKDAY(A9)=7,NOT(ISERROR(MATCH(A9,[1]Праздники!A:A,0)))),SUM(F9*225)*1.5,SUM(F9*225)) -> 0 | M9: =SUM(G9*15) -> 28035.6 | N9: =SUM(H9)*750 -> 0 | O9: =SUM(I9:N9) -> 107390.85 | P9: =IF(OR(WEEKDAY(A9)=1,WEEKDAY(A9)=7,NOT(ISERROR(MATCH(A9,[1]Праздники!A:A,0)))),"Выходной","Рабочий") -> Выходной
A10: 46027 | C10: 507.15 | D10: 0 | G10: =IF(A10 ="",0,G9+C10+E10-D9-F9) -> 2376.19 | I10: =IF(P10="Выходной",SUM(C10*150)*1.5,SUM(C10*150)) -> 114108.75 | J10: =IF(P10="Выходной",SUM(D10*150)*1.5,SUM(D10*150)) -> 0 | K10: =IF(OR(WEEKDAY(A10)=1,WEEKDAY(A10)=7,NOT(ISERROR(MATCH(A10,[1]Праздники!A:A,0)))),SUM(E10*225)*1.5,SUM(E10*225)) -> 0 | L10: =IF(OR(WEEKDAY(A10)=1,WEEKDAY(A10)=7,NOT(ISERROR(MATCH(A10,[1]Праздники!A:A,0)))),SUM(F10*225)*1.5,SUM(F10*225)) -> 0 | M10: =SUM(G10*15) -> 35642.85 | N10: =SUM(H10)*750 -> 0 | O10: =SUM(I10:N10) -> 149751.6 | P10: =IF(OR(WEEKDAY(A10)=1,WEEKDAY(A10)=7,NOT(ISERROR(MATCH(A10,[1]Праздники!A:A,0)))),"Выходной","Рабочий") -> Выходной
A11: 46028 | C11: 859.38 | D11: 0 | G11: =IF(A11 ="",0,G10+C11+E11-D10-F10) -> 3235.57 | I11: =IF(P11="Выходной",SUM(C11*150)*1.5,SUM(C11*150)) -> 193360.5 | J11: =IF(P11="Выходной",SUM(D11*150)*1.5,SUM(D11*150)) -> 0 | K11: =IF(OR(WEEKDAY(A11)=1,WEEKDAY(A11)=7,NOT(ISERROR(MATCH(A11,[1]Праздники!A:A,0)))),SUM(E11*225)*1.5,SUM(E11*225)) -> 0 | L11: =IF(OR(WEEKDAY(A11)=1,WEEKDAY(A11)=7,NOT(ISERROR(MATCH(A11,[1]Праздники!A:A,0)))),SUM(F11*225)*1.5,SUM(F11*225)) -> 0 | M11: =SUM(G11*15) -> 48533.55 | N11: =SUM(H11)*750 -> 0 | O11: =SUM(I11:N11) -> 241894.05 | P11: =IF(OR(WEEKDAY(A11)=1,WEEKDAY(A11)=7,NOT(ISERROR(MATCH(A11,[1]Праздники!A:A,0)))),"Выходной","Рабочий") -> Выходной
A12: 46029 | C12: 749.61 | D12: 0 | G12: =IF(A12 ="",0,G11+C12+E12-D11-F11) -> 3985.18 | I12: =IF(P12="Выходной",SUM(C12*150)*1.5,SUM(C12*150)) -> 168662.25 | J12: =IF(P12="Выходной",SUM(D12*150)*1.5,SUM(D12*150)) -> 0 | K12: =IF(OR(WEEKDAY(A12)=1,WEEKDAY(A12)=7,NOT(ISERROR(MATCH(A12,[1]Праздники!A:A,0)))),SUM(E12*225)*1.5,SUM(E12*225)) -> 0 | L12: =IF(OR(WEEKDAY(A12)=1,WEEKDAY(A12)=7,NOT(ISERROR(MATCH(A12,[1]Праздники!A:A,0)))),SUM(F12*225)*1.5,SUM(F12*225)) -> 0 | M12: =SUM(G12*15) -> 59777.7 | N12: =SUM(H12)*750 -> 0 | O12: =SUM(I12:N12) -> 228439.95 | P12: =IF(OR(WEEKDAY(A12)=1,WEEKDAY(A12)=7,NOT(ISERROR(MATCH(A12,[1]Праздники!A:A,0)))),"Выходной","Рабочий") -> Выходной
A13: 46030 | C13: 575.22 | D13: 0 | G13: =IF(A13 ="",0,G12+C13+E13-D12-F12) -> 4560.4 | I13: =IF(P13="Выходной",SUM(C13*150)*1.5,SUM(C13*150)) -> 129424.5 | J13: =IF(P13="Выходной",SUM(D13*150)*1.5,SUM(D13*150)) -> 0 | K13: =IF(OR(WEEKDAY(A13)=1,WEEKDAY(A13)=7,NOT(ISERROR(MATCH(A13,[1]Праздники!A:A,0)))),SUM(E13*225)*1.5,SUM(E13*225)) -> 0 | L13: =IF(OR(WEEKDAY(A13)=1,WEEKDAY(A13)=7,NOT(ISERROR(MATCH(A13,[1]Праздники!A:A,0)))),SUM(F13*225)*1.5,SUM(F13*225)) -> 0 | M13: =SUM(G13*15) -> 68406 | N13: =SUM(H13)*750 -> 0 | O13: =SUM(I13:N13) -> 197830.5 | P13: =IF(OR(WEEKDAY(A13)=1,WEEKDAY(A13)=7,NOT(ISERROR(MATCH(A13,[1]Праздники!A:A,0)))),"Выходной","Рабочий") -> Выходной
A14: 46031 | C14: 413.65 | D14: 0 | G14: =IF(A14 ="",0,G13+C14+E14-D13-F13) -> 4974.05 | I14: =IF(P14="Выходной",SUM(C14*150)*1.5,SUM(C14*150)) -> 93071.25 | J14: =IF(P14="Выходной",SUM(D14*150)*1.5,SUM(D14*150)) -> 0 | K14: =IF(OR(WEEKDAY(A14)=1,WEEKDAY(A14)=7,NOT(ISERROR(MATCH(A14,[1]Праздники!A:A,0)))),SUM(E14*225)*1.5,SUM(E14*225)) -> 0 | L14: =IF(OR(WEEKDAY(A14)=1,WEEKDAY(A14)=7,NOT(ISERROR(MATCH(A14,[1]Праздники!A:A,0)))),SUM(F14*225)*1.5,SUM(F14*225)) -> 0 | M14: =SUM(G14*15) -> 74610.75 | N14: =SUM(H14)*750 -> 0 | O14: =SUM(I14:N14) -> 167682 | P14: =IF(OR(WEEKDAY(A14)=1,WEEKDAY(A14)=7,NOT(ISERROR(MATCH(A14,[1]Праздники!A:A,0)))),"Выходной","Рабочий") -> Выходной
A15: 46032 | C15: 264.69 | D15: 0 | G15: =IF(A15 ="",0,G14+C15+E15-D14-F14) -> 5238.74 | I15: =IF(P15="Выходной",SUM(C15*150)*1.5,SUM(C15*150)) -> 59555.25 | J15: =IF(P15="Выходной",SUM(D15*150)*1.5,SUM(D15*150)) -> 0 | K15: =IF(OR(WEEKDAY(A15)=1,WEEKDAY(A15)=7,NOT(ISERROR(MATCH(A15,[1]Праздники!A:A,0)))),SUM(E15*225)*1.5,SUM(E15*225)) -> 0 | L15: =IF(OR(WEEKDAY(A15)=1,WEEKDAY(A15)=7,NOT(ISERROR(MATCH(A15,[1]Праздники!A:A,0)))),SUM(F15*225)*1.5,SUM(F15*225)) -> 0 | M15: =SUM(G15*15) -> 78581.1 | N15: =SUM(H15)*750 -> 0 | O15: =SUM(I15:N15) -> 138136.35 | P15: =IF(OR(WEEKDAY(A15)=1,WEEKDAY(A15)=7,NOT(ISERROR(MATCH(A15,[1]Праздники!A:A,0)))),"Выходной","Рабочий") -> Выходной
A16: 46033 | C16: 200.42 | D16: 0 | G16: =IF(A16 ="",0,G15+C16+E16-D15-F15) -> 5439.16 | I16: =IF(P16="Выходной",SUM(C16*150)*1.5,SUM(C16*150)) -> 45094.5 | J16: =IF(P16="Выходной",SUM(D16*150)*1.5,SUM(D16*150)) -> 0 | K16: =IF(OR(WEEKDAY(A16)=1,WEEKDAY(A16)=7,NOT(ISERROR(MATCH(A16,[1]Праздники!A:A,0)))),SUM(E16*225)*1.5,SUM(E16*225)) -> 0 | L16: =IF(OR(WEEKDAY(A16)=1,WEEKDAY(A16)=7,NOT(ISERROR(MATCH(A16,[1]Праздники!A:A,0)))),SUM(F16*225)*1.5,SUM(F16*225)) -> 0 | M16: =SUM(G16*15) -> 81587.4 | N16: =SUM(H16)*750 -> 0 | O16: =SUM(I16:N16) -> 126681.9 | P16: =IF(OR(WEEKDAY(A16)=1,WEEKDAY(A16)=7,NOT(ISERROR(MATCH(A16,[1]Праздники!A:A,0)))),"Выходной","Рабочий") -> Выходной
A17: 46034 | C17: 990.51 | D17: 0 | G17: =IF(A17 ="",0,G16+C17+E17-D16-F16) -> 6429.67 | I17: =IF(P17="Выходной",SUM(C17*150)*1.5,SUM(C17*150)) -> 148576.5 | J17: =IF(P17="Выходной",SUM(D17*150)*1.5,SUM(D17*150)) -> 0 | K17: =IF(OR(WEEKDAY(A17)=1,WEEKDAY(A17)=7,NOT(ISERROR(MATCH(A17,[1]Праздники!A:A,0)))),SUM(E17*225)*1.5,SUM(E17*225)) -> 0 | L17: =IF(OR(WEEKDAY(A17)=1,WEEKDAY(A17)=7,NOT(ISERROR(MATCH(A17,[1]Праздники!A:A,0)))),SUM(F17*225)*1.5,SUM(F17*225)) -> 0 | M17: =SUM(G17*15) -> 96445.05 | N17: =SUM(H17)*750 -> 0 | O17: =SUM(I17:N17) -> 245021.55 | P17: =IF(OR(WEEKDAY(A17)=1,WEEKDAY(A17)=7,NOT(ISERROR(MATCH(A17,[1]Праздники!A:A,0)))),"Выходной","Рабочий") -> Рабочий
A18: 46035 | C18: 110.69 | D18: 22 | G18: =IF(A18 ="",0,G17+C18+E18-D17-F17) -> 6540.36 | I18: =IF(P18="Выходной",SUM(C18*150)*1.5,SUM(C18*150)) -> 16603.5 | J18: =IF(P18="Выходной",SUM(D18*150)*1.5,SUM(D18*150)) -> 3300 | K18: =IF(OR(WEEKDAY(A18)=1,WEEKDAY(A18)=7,NOT(ISERROR(MATCH(A18,[1]Праздники!A:A,0)))),SUM(E18*225)*1.5,SUM(E18*225)) -> 0 | L18: =IF(OR(WEEKDAY(A18)=1,WEEKDAY(A18)=7,NOT(ISERROR(MATCH(A18,[1]Праздники!A:A,0)))),SUM(F18*225)*1.5,SUM(F18*225)) -> 0 | M18: =SUM(G18*15) -> 98105.4 | N18: =SUM(H18)*750 -> 0 | O18: =SUM(I18:N18) -> 118008.9 | P18: =IF(OR(WEEKDAY(A18)=1,WEEKDAY(A18)=7,NOT(ISERROR(MATCH(A18,[1]Праздники!A:A,0)))),"Выходной","Рабочий") -> Рабочий
... A36: 46053 | C36: 266.76 | D36: 253.465 | G36: =IF(A36 ="",0,G35+C36+E36-D35-F35) -> 4829.68 | I36: =IF(P36="Выходной",SUM(C36*150)*1.5,SUM(C36*150)) -> 60021 | J36: =IF(P36="Выходной",SUM(D36*150)*1.5,SUM(D36*150)) -> 57029.625 | K36: =IF(OR(WEEKDAY(A36)=1,WEEKDAY(A36)=7,NOT(ISERROR(MATCH(A36,[1]Праздники!A:A,0)))),SUM(E36*225)*1.5,SUM(E36*225)) -> 0 | L36: =IF(OR(WEEKDAY(A36)=1,WEEKDAY(A36)=7,NOT(ISERROR(MATCH(A36,[1]Праздники!A:A,0)))),SUM(F36*225)*1.5,SUM(F36*225)) -> 0 | M36: =SUM(G36*15) -> 72445.2 | N36: =SUM(H36)*750 -> 0 | O36: =SUM(I36:N36) -> 189495.83 | P36: =IF(OR(WEEKDAY(A36)=1,WEEKDAY(A36)=7,NOT(ISERROR(MATCH(A36,[1]Праздники!A:A,0)))),"Выходной","Рабочий") -> Выходной
C37: =SUM(C6:C36) -> 6198.73 | D37: =SUM(D6:D36) -> 2408.745 | E37: =SUM(E6:E36) -> 0 | F37: =SUM(F6:F36) -> 0 | G37: =SUM(G6:G36) -> 143700.66 | H37: =SUM(H6:H36) -> 0 | I37: =SUM(I6:I36) -> 1298786.2 | J37: =SUM(J6:J36) -> 437861.62 | ... O37: =SUM(O6:O36) -> 3892157.8
N38: С НДС; | O38: =O37*1.22 -> 4748432.5

Sheet РВ Новикова-Прибоя
R1: Выходной | S1: Рабочий
Q2: Выгрузка | R2: =SUMIF($P$6:$P$36,R$1,$C6:$C36) -> 110.23 | S2: =SUMIF($P$6:$P$36,S$1,$C6:$C36) -> 1212.07
A3: ="Отчет по хранению товара РВ " & TEXT(A6,"ММММ ") & YEAR(A6) & " Новикова" -> Отчет по хранению товара РВ Январь 2026 Новикова | Q3: Отгрузка | R3: =SUMIF($P$6:$P$36,R$1,$D6:$D36) -> 82.475 | S3: =SUMIF($P$6:$P$36,S$1,$D6:$D36) -> 88
A4: дата | C4: Выгрузка кол-во тонн | D4: Загрузка кол-во тонн | E4: Выгрузка после 20:00 | F4: Загрузка после 20:00 | G4: Хранение | H4: переконсолидация (тонн) | I4: стоимость выгрузки | J4: стоимость загрузки | K4: Стоимость выгрузки после 20:00 | L4: Стоимость загрузки после 20:00 | M4: стоимость хранения | N4: стоимость переконс. | O4: итого
G5: (кол-во тонн)
A6: 46023 | C6: 0 | D6: 0 | G6: 190.67 | I6: =IF(P6="Выходной",SUM(C6*150)*1.5,SUM(C6*150)) -> 0 | J6: =IF(P6="Выходной",SUM(D6*150)*1.5,SUM(D6*150)) -> 0 | K6: =IF(OR(WEEKDAY(A6)=1,WEEKDAY(A6)=7,NOT(ISERROR(MATCH(A6,[1]Праздники!A:A,0)))),SUM(E6*225)*1.5,SUM(E6*225)) -> 0 | L6: =IF(OR(WEEKDAY(A6)=1,WEEKDAY(A6)=7,NOT(ISERROR(MATCH(A6,[1]Праздники!A:A,0)))),SUM(F6*225)*1.5,SUM(F6*225)) -> 0 | M6: =SUM(G6*15) -> 2860.05 | N6: =SUM(H6)*750 -> 0 | O6: =SUM(I6:N6) -> 2860.05 | P6: =IF(OR(WEEKDAY(A6)=1,WEEKDAY(A6)=7,NOT(ISERROR(MATCH(A6,[1]Праздники!A:A,0)))),"Выходной","Рабочий") -> Выходной
A7: 46024 | C7: 0 | D7: 0 | G7: =IF(A7 ="",0,G6+C7+E7-D6-F6) -> 190.67 | I7: =IF(P7="Выходной",SUM(C7*150)*1.5,SUM(C7*150)) -> 0 | J7: =IF(P7="Выходной",SUM(D7*150)*1.5,SUM(D7*150)) -> 0 | K7: =IF(OR(WEEKDAY(A7)=1,WEEKDAY(A7)=7,NOT(ISERROR(MATCH(A7,[1]Праздники!A:A,0)))),SUM(E7*225)*1.5,SUM(E7*225)) -> 0 | L7: =IF(OR(WEEKDAY(A7)=1,WEEKDAY(A7)=7,NOT(ISERROR(MATCH(A7,[1]Праздники!A:A,0)))),SUM(F7*225)*1.5,SUM(F7*225)) -> 0 | M7: =SUM(G7*15) -> 2860.05 | N7: =SUM(H7)*750 -> 0 | O7: =SUM(I7:N7) -> 2860.05 | P7: =IF(OR(WEEKDAY(A7)=1,WEEKDAY(A7)=7,NOT(ISERROR(MATCH(A7,[1]Праздники!A:A,0)))),"Выходной","Рабочий") -> Выходной
A8: 46025 | C8: 0 | D8: 0 | G8: =IF(A8 ="",0,G7+C8+E8-D7-F7) -> 190.67 | I8: =IF(P8="Выходной",SUM(C8*150)*1.5,SUM(C8*150)) -> 0 | J8: =IF(P8="Выходной",SUM(D8*150)*1.5,SUM(D8*150)) -> 0 | K8: =IF(OR(WEEKDAY(A8)=1,WEEKDAY(A8)=7,NOT(ISERROR(MATCH(A8,[1]Праздники!A:A,0)))),SUM(E8*225)*1.5,SUM(E8*225)) -> 0 | L8: =IF(OR(WEEKDAY(A8)=1,WEEKDAY(A8)=7,NOT(ISERROR(MATCH(A8,[1]Праздники!A:A,0)))),SUM(F8*225)*1.5,SUM(F8*225)) -> 0 | M8: =SUM(G8*15) -> 2860.05 | N8: =SUM(H8)*750 -> 0 | O8: =SUM(I8:N8) -> 2860.05 | P8: =IF(OR(WEEKDAY(A8)=1,WEEKDAY(A8)=7,NOT(ISERROR(MATCH(A8,[1]Праздники!A:A,0)))),"Выходной","Рабочий") -> Выходной
A9: 46026 | C9: 0 | D9: 0 | G9: =IF(A9 ="",0,G8+C9+E9-D8-F8) -> 190.67 | I9: =IF(P9="Выходной",SUM(C9*150)*1.5,SUM(C9*150)) -> 0 | J9: =IF(P9="Выходной",SUM(D9*150)*1.5,SUM(D9*150)) -> 0 | K9: =IF(OR(WEEKDAY(A9)=1,WEEKDAY(A9)=7,NOT(ISERROR(MATCH(A9,[1]Праздники!A:A,0)))),SUM(E9*225)*1.5,SUM(E9*225)) -> 0 | L9: =IF(OR(WEEKDAY(A9)=1,WEEKDAY(A9)=7,NOT(ISERROR(MATCH(A9,[1]Праздники!A:A,0)))),SUM(F9*225)*1.5,SUM(F9*225)) -> 0 | M9: =SUM(G9*15) -> 2860.05 | N9: =SUM(H9)*750 -> 0 | O9: =SUM(I9:N9) -> 2860.05 | P9: =IF(OR(WEEKDAY(A9)=1,WEEKDAY(A9)=7,NOT(ISERROR(MATCH(A9,[1]Праздники!A:A,0)))),"Выходной","Рабочий") -> Выходной
A10: 46027 | C10: 0 | D10: 0 | G10: =IF(A10 ="",0,G9+C10+E10-D9-F9) -> 190.67 | I10: =IF(P10="Выходной",SUM(C10*150)*1.5,SUM(C10*150)) -> 0 | J10: =IF(P10="Выходной",SUM(D10*150)*1.5,SUM(D10*150)) -> 0 | K10: =IF(OR(WEEKDAY(A10)=1,WEEKDAY(A10)=7,NOT(ISERROR(MATCH(A10,[1]Праздники!A:A,0)))),SUM(E10*225)*1.5,SUM(E10*225)) -> 0 | L10: =IF(OR(WEEKDAY(A10)=1,WEEKDAY(A10)=7,NOT(ISERROR(MATCH(A10,[1]Праздники!A:A,0)))),SUM(F10*225)*1.5,SUM(F10*225)) -> 0 | M10: =SUM(G10*15) -> 2860.05 | N10: =SUM(H10)*750 -> 0 | O10: =SUM(I10:N10) -> 2860.05 | P10: =IF(OR(WEEKDAY(A10)=1,WEEKDAY(A10)=7,NOT(ISERROR(MATCH(A10,[1]Праздники!A:A,0)))),"Выходной","Рабочий") -> Выходной
A11: 46028 | C11: 0 | D11: 0 | G11: =IF(A11 ="",0,G10+C11+E11-D10-F10) -> 190.67 | I11: =IF(P11="Выходной",SUM(C11*150)*1.5,SUM(C11*150)) -> 0 | J11: =IF(P11="Выходной",SUM(D11*150)*1.5,SUM(D11*150)) -> 0 | K11: =IF(OR(WEEKDAY(A11)=1,WEEKDAY(A11)=7,NOT(ISERROR(MATCH(A11,[1]Праздники!A:A,0)))),SUM(E11*225)*1.5,SUM(E11*225)) -> 0 | L11: =IF(OR(WEEKDAY(A11)=1,WEEKDAY(A11)=7,NOT(ISERROR(MATCH(A11,[1]Праздники!A:A,0)))),SUM(F11*225)*1.5,SUM(F11*225)) -> 0 | M11: =SUM(G11*15) -> 2860.05 | N11: =SUM(H11)*750 -> 0 | O11: =SUM(I11:N11) -> 2860.05 | P11: =IF(OR(WEEKDAY(A11)=1,WEEKDAY(A11)=7,NOT(ISERROR(MATCH(A11,[1]Праздники!A:A,0)))),"Выходной","Рабочий") -> Выходной
A12: 46029 | C12: 0 | D12: 0 | G12: =IF(A12 ="",0,G11+C12+E12-D11-F11) -> 190.67 | I12: =IF(P12="Выходной",SUM(C12*150)*1.5,SUM(C12*150)) -> 0 | J12: =IF(P12="Выходной",SUM(D12*150)*1.5,SUM(D12*150)) -> 0 | K12: =IF(OR(WEEKDAY(A12)=1,WEEKDAY(A12)=7,NOT(ISERROR(MATCH(A12,[1]Праздники!A:A,0)))),SUM(E12*225)*1.5,SUM(E12*225)) -> 0 | L12: =IF(OR(WEEKDAY(A12)=1,WEEKDAY(A12)=7,NOT(ISERROR(MATCH(A12,[1]Праздники!A:A,0)))),SUM(F12*225)*1.5,SUM(F12*225)) -> 0 | M12: =SUM(G12*15) -> 2860.05 | N12: =SUM(H12)*750 -> 0 | O12: =SUM(I12:N12) -> 2860.05 | P12: =IF(OR(WEEKDAY(A12)=1,WEEKDAY(A12)=7,NOT(ISERROR(MATCH(A12,[1]Праздники!A:A,0)))),"Выходной","Рабочий") -> Выходной
A13: 46030 | C13: 0 | D13: 0 | G13: =IF(A13 ="",0,G12+C13+E13-D12-F12) -> 190.67 | I13: =IF(P13="Выходной",SUM(C13*150)*1.5,SUM(C13*150)) -> 0 | J13: =IF(P13="Выходной",SUM(D13*150)*1.5,SUM(D13*150)) -> 0 | K13: =IF(OR(WEEKDAY(A13)=1,WEEKDAY(A13)=7,NOT(ISERROR(MATCH(A13,[1]Праздники!A:A,0)))),SUM(E13*225)*1.5,SUM(E13*225)) -> 0 | L13: =IF(OR(WEEKDAY(A13)=1,WEEKDAY(A13)=7,NOT(ISERROR(MATCH(A13,[1]Праздники!A:A,0)))),SUM(F13*225)*1.5,SUM(F13*225)) -> 0 | M13: =SUM(G13*15) -> 2860.05 | N13: =SUM(H13)*750 -> 0 | O13: =SUM(I13:N13) -> 2860.05 | P13: =IF(OR(WEEKDAY(A13)=1,WEEKDAY(A13)=7,NOT(ISERROR(MATCH(A13,[1]Праздники!A:A,0)))),"Выходной","Рабочий") -> Выходной
A14: 46031 | C14: 0 | D14: 0 | G14: =IF(A14 ="",0,G13+C14+E14-D13-F13) -> 190.67 | I14: =IF(P14="Выходной",SUM(C14*150)*1.5,SUM(C14*150)) -> 0 | J14: =IF(P14="Выходной",SUM(D14*150)*1.5,SUM(D14*150)) -> 0 | K14: =IF(OR(WEEKDAY(A14)=1,WEEKDAY(A14)=7,NOT(ISERROR(MATCH(A14,[1]Праздники!A:A,0)))),SUM(E14*225)*1.5,SUM(E14*225)) -> 0 | L14: =IF(OR(WEEKDAY(A14)=1,WEEKDAY(A14)=7,NOT(ISERROR(MATCH(A14,[1]Праздники!A:A,0)))),SUM(F14*225)*1.5,SUM(F14*225)) -> 0 | M14: =SUM(G14*15) -> 2860.05 | N14: =SUM(H14)*750 -> 0 | O14: =SUM(I14:N14) -> 2860.05 | P14: =IF(OR(WEEKDAY(A14)=1,WEEKDAY(A14)=7,NOT(ISERROR(MATCH(A14,[1]Праздники!A:A,0)))),"Выходной","Рабочий") -> Выходной
A15: 46032 | C15: 0 | D15: 0 | G15: =IF(A15 ="",0,G14+C15+E15-D14-F14) -> 190.67 | I15: =IF(P15="Выходной",SUM(C15*150)*1.5,SUM(C15*150)) -> 0 | J15: =IF(P15="Выходной",SUM(D15*150)*1.5,SUM(D15*150)) -> 0 | K15: =IF(OR(WEEKDAY(A15)=1,WEEKDAY(A15)=7,NOT(ISERROR(MATCH(A15,[1]Праздники!A:A,0)))),SUM(E15*225)*1.5,SUM(E15*225)) -> 0 | L15: =IF(OR(WEEKDAY(A15)=1,WEEKDAY(A15)=7,NOT(ISERROR(MATCH(A15,[1]Праздники!A:A,0)))),SUM(F15*225)*1.5,SUM(F15*225)) -> 0 | M15: =SUM(G15*15) -> 2860.05 | N15: =SUM(H15)*750 -> 0 | O15: =SUM(I15:N15) -> 2860.05 | P15: =IF(OR(WEEKDAY(A15)=1,WEEKDAY(A15)=7,NOT(ISERROR(MATCH(A15,[1]Праздники!A:A,0)))),"Выходной","Рабочий") -> Выходной
A16: 46033 | C16: 0 | D16: 0 | G16: =IF(A16 ="",0,G15+C16+E16-D15-F15) -> 190.67 | I16: =IF(P16="Выходной",SUM(C16*150)*1.5,SUM(C16*150)) -> 0 | J16: =IF(P16="Выходной",SUM(D16*150)*1.5,SUM(D16*150)) -> 0 | K16: =IF(OR(WEEKDAY(A16)=1,WEEKDAY(A16)=7,NOT(ISERROR(MATCH(A16,[1]Праздники!A:A,0)))),SUM(E16*225)*1.5,SUM(E16*225)) -> 0 | L16: =IF(OR(WEEKDAY(A16)=1,WEEKDAY(A16)=7,NOT(ISERROR(MATCH(A16,[1]Праздники!A:A,0)))),SUM(F16*225)*1.5,SUM(F16*225)) -> 0 | M16: =SUM(G16*15) -> 2860.05 | N16: =SUM(H16)*750 -> 0 | O16: =SUM(I16:N16) -> 2860.05 | P16: =IF(OR(WEEKDAY(A16)=1,WEEKDAY(A16)=7,NOT(ISERROR(MATCH(A16,[1]Праздники!A:A,0)))),"Выходной","Рабочий") -> Выходной
A17: 46034 | C17: 0 | D17: 0 | G17: =IF(A17 ="",0,G16+C17+E17-D16-F16)+2.545 -> 193.215 | I17: =IF(P17="Выходной",SUM(C17*150)*1.5,SUM(C17*150)) -> 0 | J17: =IF(P17="Выходной",SUM(D17*150)*1.5,SUM(D17*150)) -> 0 | K17: =IF(OR(WEEKDAY(A17)=1,WEEKDAY(A17)=7,NOT(ISERROR(MATCH(A17,[1]Праздники!A:A,0)))),SUM(E17*225)*1.5,SUM(E17*225)) -> 0 | L17: =IF(OR(WEEKDAY(A17)=1,WEEKDAY(A17)=7,NOT(ISERROR(MATCH(A17,[1]Праздники!A:A,0)))),SUM(F17*225)*1.5,SUM(F17*225)) -> 0 | M17: =SUM(G17*15) -> 2898.225 | N17: =SUM(H17)*750 -> 0 | O17: =SUM(I17:N17) -> 2898.225 | P17: =IF(OR(WEEKDAY(A17)=1,WEEKDAY(A17)=7,NOT(ISERROR(MATCH(A17,[1]Праздники!A:A,0)))),"Выходной","Рабочий") -> Рабочий
A18: 46035 | C18: 264 | D18: 0 | G18: =IF(A18 ="",0,G17+C18+E18-D17-F17) -> 457.215 | I18: =IF(P18="Выходной",SUM(C18*150)*1.5,SUM(C18*150)) -> 39600 | J18: =IF(P18="Выходной",SUM(D18*150)*1.5,SUM(D18*150)) -> 0 | K18: =IF(OR(WEEKDAY(A18)=1,WEEKDAY(A18)=7,NOT(ISERROR(MATCH(A18,[1]Праздники!A:A,0)))),SUM(E18*225)*1.5,SUM(E18*225)) -> 0 | L18: =IF(OR(WEEKDAY(A18)=1,WEEKDAY(A18)=7,NOT(ISERROR(MATCH(A18,[1]Праздники!A:A,0)))),SUM(F18*225)*1.5,SUM(F18*225)) -> 0 | M18: =SUM(G18*15) -> 6858.225 | N18: =SUM(H18)*750 -> 0 | O18: =SUM(I18:N18) -> 46458.225 | P18: =IF(OR(WEEKDAY(A18)=1,WEEKDAY(A18)=7,NOT(ISERROR(MATCH(A18,[1]Праздники!A:A,0)))),"Выходной","Рабочий") -> Рабочий
A19: 46036 | C19: 330 | D19: 0 | G19: =IF(A19 ="",0,G18+C19+E19-D18-F18) -> 787.215 | I19: =IF(P19="Выходной",SUM(C19*150)*1.5,SUM(C19*150)) -> 49500 | J19: =IF(P19="Выходной",SUM(D19*150)*1.5,SUM(D19*150)) -> 0 | K19: =IF(OR(WEEKDAY(A19)=1,WEEKDAY(A19)=7,NOT(ISERROR(MATCH(A19,[1]Праздники!A:A,0)))),SUM(E19*225)*1.5,SUM(E19*225)) -> 0 | L19: =IF(OR(WEEKDAY(A19)=1,WEEKDAY(A19)=7,NOT(ISERROR(MATCH(A19,[1]Праздники!A:A,0)))),SUM(F19*225)*1.5,SUM(F19*225)) -> 0 | M19: =SUM(G19*15) -> 11808.225 | N19: =SUM(H19)*750 -> 0 | O19: =SUM(I19:N19) -> 61308.225 | P19: =IF(OR(WEEKDAY(A19)=1,WEEKDAY(A19)=7,NOT(ISERROR(MATCH(A19,[1]Праздники!A:A,0)))),"Выходной","Рабочий") -> Рабочий
A20: 46037 | C20: 242 | D20: 0 | G20: =IF(A20 ="",0,G19+C20+E20-D19-F19) -> 1029.215 | I20: =IF(P20="Выходной",SUM(C20*150)*1.5,SUM(C20*150)) -> 36300 | J20: =IF(P20="Выходной",SUM(D20*150)*1.5,SUM(D20*150)) -> 0 | K20: =IF(OR(WEEKDAY(A20)=1,WEEKDAY(A20)=7,NOT(ISERROR(MATCH(A20,[1]Праздники!A:A,0)))),SUM(E20*225)*1.5,SUM(E20*225)) -> 0 | L20: =IF(OR(WEEKDAY(A20)=1,WEEKDAY(A20)=7,NOT(ISERROR(MATCH(A20,[1]Праздники!A:A,0)))),SUM(F20*225)*1.5,SUM(F20*225)) -> 0 | M20: =SUM(G20*15) -> 15438.225 | N20: =SUM(H20)*750 -> 0 | O20: =SUM(I20:N20) -> 51738.225 | P20: =IF(OR(WEEKDAY(A20)=1,WEEKDAY(A20)=7,NOT(ISERROR(MATCH(A20,[1]Праздники!A:A,0)))),"Выходной","Рабочий") -> Рабочий
A21: 46038 | C21: 376.07 | D21: 0 | G21: =IF(A21 ="",0,G20+C21+E21-D20-F20) -> 1405.285 | I21: =IF(P21="Выходной",SUM(C21*150)*1.5,SUM(C21*150)) -> 56410.5 | J21: =IF(P21="Выходной",SUM(D21*150)*1.5,SUM(D21*150)) -> 0 | K21: =IF(OR(WEEKDAY(A21)=1,WEEKDAY(A21)=7,NOT(ISERROR(MATCH(A21,[1]Праздники!A:A,0)))),SUM(E21*225)*1.5,SUM(E21*225)) -> 0 | L21: =IF(OR(WEEKDAY(A21)=1,WEEKDAY(A21)=7,NOT(ISERROR(MATCH(A21,[1]Праздники!A:A,0)))),SUM(F21*225)*1.5,SUM(F21*225)) -> 0 | M21: =SUM(G21*15) -> 21079.275 | N21: =SUM(H21)*750 -> 0 | O21: =SUM(I21:N21) -> 77489.775 | P21: =IF(OR(WEEKDAY(A21)=1,WEEKDAY(A21)=7,NOT(ISERROR(MATCH(A21,[1]Праздники!A:A,0)))),"Выходной","Рабочий") -> Рабочий
A22: 46039 | C22: 110.23 | D22: 16.475 | G22: =IF(A22 ="",0,G21+C22+E22-D21-F21) -> 1515.515 | I22: =IF(P22="Выходной",SUM(C22*150)*1.5,SUM(C22*150)) -> 24801.75 | J22: =IF(P22="Выходной",SUM(D22*150)*1.5,SUM(D22*150)) -> 3706.875 | K22: =IF(OR(WEEKDAY(A22)=1,WEEKDAY(A22)=7,NOT(ISERROR(MATCH(A22,[1]Праздники!A:A,0)))),SUM(E22*225)*1.5,SUM(E22*225)) -> 0 | L22: =IF(OR(WEEKDAY(A22)=1,WEEKDAY(A22)=7,NOT(ISERROR(MATCH(A22,[1]Праздники!A:A,0)))),SUM(F22*225)*1.5,SUM(F22*225)) -> 0 | M22: =SUM(G22*15) -> 22732.725 | N22: =SUM(H22)*750 -> 0 | O22: =SUM(I22:N22) -> 51241.35 | P22: =IF(OR(WEEKDAY(A22)=1,WEEKDAY(A22)=7,NOT(ISERROR(MATCH(A22,[1]Праздники!A:A,0)))),"Выходной","Рабочий") -> Выходной
A23: 46040 | C23: 0 | D23: 0 | G23: =IF(A23 ="",0,G22+C23+E23-D22-F22) -> 1499.04 | I23: =IF(P23="Выходной",SUM(C23*150)*1.5,SUM(C23*150)) -> 0 | J23: =IF(P23="Выходной",SUM(D23*150)*1.5,SUM(D23*150)) -> 0 | K23: =IF(OR(WEEKDAY(A23)=1,WEEKDAY(A23)=7,NOT(ISERROR(MATCH(A23,[1]Праздники!A:A,0)))),SUM(E23*225)*1.5,SUM(E23*225)) -> 0 | L23: =IF(OR(WEEKDAY(A23)=1,WEEKDAY(A23)=7,NOT(ISERROR(MATCH(A23,[1]Праздники!A:A,0)))),SUM(F23*225)*1.5,SUM(F23*225)) -> 0 | M23: =SUM(G23*15) -> 22485.6 | N23: =SUM(H23)*750 -> 0 | O23: =SUM(I23:N23) -> 22485.6 | P23: =IF(OR(WEEKDAY(A23)=1,WEEKDAY(A23)=7,NOT(ISERROR(MATCH(A23,[1]Праздники!A:A,0)))),"Выходной","Рабочий") -> Выходной
A24: 46041 | C24: 0 | D24: 0 | G24: =IF(A24 ="",0,G23+C24+E24-D23-F23) -> 1499.04 | I24: =IF(P24="Выходной",SUM(C24*150)*1.5,SUM(C24*150)) -> 0 | J24: =IF(P24="Выходной",SUM(D24*150)*1.5,SUM(D24*150)) -> 0 | K24: =IF(OR(WEEKDAY(A24)=1,WEEKDAY(A24)=7,NOT(ISERROR(MATCH(A24,[1]Праздники!A:A,0)))),SUM(E24*225)*1.5,SUM(E24*225)) -> 0 | L24: =IF(OR(WEEKDAY(A24)=1,WEEKDAY(A24)=7,NOT(ISERROR(MATCH(A24,[1]Праздники!A:A,0)))),SUM(F24*225)*1.5,SUM(F24*225)) -> 0 | M24: =SUM(G24*15) -> 22485.6 | N24: =SUM(H24)*750 -> 0 | O24: =SUM(I24:N24) -> 22485.6 | P24: =IF(OR(WEEKDAY(A24)=1,WEEKDAY(A24)=7,NOT(ISERROR(MATCH(A24,[1]Праздники!A:A,0)))),"Выходной","Рабочий") -> Рабочий
A25: 46042 | C25: 0 | D25: 0 | G25: =IF(A25 ="",0,G24+C25+E25-D24-F24) -> 1499.04 | I25: =IF(P25="Выходной",SUM(C25*150)*1.5,SUM(C25*150)) -> 0 | J25: =IF(P25="Выходной",SUM(D25*150)*1.5,SUM(D25*150)) -> 0 | K25: =IF(OR(WEEKDAY(A25)=1,WEEKDAY(A25)=7,NOT(ISERROR(MATCH(A25,[1]Праздники!A:A,0)))),SUM(E25*225)*1.5,SUM(E25*225)) -> 0 | L25: =IF(OR(WEEKDAY(A25)=1,WEEKDAY(A25)=7,NOT(ISERROR(MATCH(A25,[1]Праздники!A:A,0)))),SUM(F25*225)*1.5,SUM(F25*225)) -> 0 | M25: =SUM(G25*15) -> 22485.6 | N25: =SUM(H25)*750 -> 0 | O25: =SUM(I25:N25) -> 22485.6 | P25: =IF(OR(WEEKDAY(A25)=1,WEEKDAY(A25)=7,NOT(ISERROR(MATCH(A25,[1]Праздники!A:A,0)))),"Выходной","Рабочий") -> Рабочий
A26: 46043 | C26: 0 | D26: 0 | G26: =IF(A26 ="",0,G25+C26+E26-D25-F25) -> 1499.04 | I26: =IF(P26="Выходной",SUM(C26*150)*1.5,SUM(C26*150)) -> 0 | J26: =IF(P26="Выходной",SUM(D26*150)*1.5,SUM(D26*150)) -> 0 | K26: =IF(OR(WEEKDAY(A26)=1,WEEKDAY(A26)=7,NOT(ISERROR(MATCH(A26,[1]Праздники!A:A,0)))),SUM(E26*225)*1.5,SUM(E26*225)) -> 0 | L26: =IF(OR(WEEKDAY(A26)=1,WEEKDAY(A26)=7,NOT(ISERROR(MATCH(A26,[1]Праздники!A:A,0)))),SUM(F26*225)*1.5,SUM(F26*225)) -> 0 | M26: =SUM(G26*15) -> 22485.6 | N26: =SUM(H26)*750 -> 0 | O26: =SUM(I26:N26) -> 22485.6 | P26: =IF(OR(WEEKDAY(A26)=1,WEEKDAY(A26)=7,NOT(ISERROR(MATCH(A26,[1]Праздники!A:A,0)))),"Выходной","Рабочий") -> Рабочий
A27: 46044 | C27: 0 | D27: 0 | G27: =IF(A27 ="",0,G26+C27+E27-D26-F26) -> 1499.04 | I27: =IF(P27="Выходной",SUM(C27*150)*1.5,SUM(C27*150)) -> 0 | J27: =IF(P27="Выходной",SUM(D27*150)*1.5,SUM(D27*150)) -> 0 | K27: =IF(OR(WEEKDAY(A27)=1,WEEKDAY(A27)=7,NOT(ISERROR(MATCH(A27,[1]Праздники!A:A,0)))),SUM(E27*225)*1.5,SUM(E27*225)) -> 0 | L27: =IF(OR(WEEKDAY(A27)=1,WEEKDAY(A27)=7,NOT(ISERROR(MATCH(A27,[1]Праздники!A:A,0)))),SUM(F27*225)*1.5,SUM(F27*225)) -> 0 | M27: =SUM(G27*15) -> 22485.6 | N27: =SUM(H27)*750 -> 0 | O27: =SUM(I27:N27) -> 22485.6 | P27: =IF(OR(WEEKDAY(A27)=1,WEEKDAY(A27)=7,NOT(ISERROR(MATCH(A27,[1]Праздники!A:A,0)))),"Выходной","Рабочий") -> Рабочий
A28: 46045 | C28: 0 | D28: 0 | G28: =IF(A28 ="",0,G27+C28+E28-D27-F27) -> 1499.04 | I28: =IF(P28="Выходной",SUM(C28*150)*1.5,SUM(C28*150)) -> 0 | J28: =IF(P28="Выходной",SUM(D28*150)*1.5,SUM(D28*150)) -> 0 | K28: =IF(OR(WEEKDAY(A28)=1,WEEKDAY(A28)=7,NOT(ISERROR(MATCH(A28,[1]Праздники!A:A,0)))),SUM(E28*225)*1.5,SUM(E28*225)) -> 0 | L28: =IF(OR(WEEKDAY(A28)=1,WEEKDAY(A28)=7,NOT(ISERROR(MATCH(A28,[1]Праздники!A:A,0)))),SUM(F28*225)*1.5,SUM(F28*225)) -> 0 | M28: =SUM(G28*15) -> 22485.6 | N28: =SUM(H28)*750 -> 0 | O28: =SUM(I28:N28) -> 22485.6 | P28: =IF(OR(WEEKDAY(A28)=1,WEEKDAY(A28)=7,NOT(ISERROR(MATCH(A28,[1]Праздники!A:A,0)))),"Выходной","Рабочий") -> Рабочий
A29: 46046 | C29: 0 | D29: 0 | G29: =IF(A29 ="",0,G28+C29+E29-D28-F28) -> 1499.04 | I29: =IF(P29="Выходной",SUM(C29*150)*1.5,SUM(C29*150)) -> 0 | J29: =IF(P29="Выходной",SUM(D29*150)*1.5,SUM(D29*150)) -> 0 | K29: =IF(OR(WEEKDAY(A29)=1,WEEKDAY(A29)=7,NOT(ISERROR(MATCH(A29,[1]Праздники!A:A,0)))),SUM(E29*225)*1.5,SUM(E29*225)) -> 0 | L29: =IF(OR(WEEKDAY(A29)=1,WEEKDAY(A29)=7,NOT(ISERROR(MATCH(A29,[1]Праздники!A:A,0)))),SUM(F29*225)*1.5,SUM(F29*225)) -> 0 | M29: =SUM(G29*15) -> 22485.6 | N29: =SUM(H29)*750 -> 0 | O29: =SUM(I29:N29) -> 22485.6 | P29: =IF(OR(WEEKDAY(A29)=1,WEEKDAY(A29)=7,NOT(ISERROR(MATCH(A29,[1]Праздники!A:A,0)))),"Выходной","Рабочий") -> Выходной
... A36: 46053 | C36: 0 | D36: 66 | G36: =IF(A36 ="",0,G35+C36+E36-D35-F35) -> 1411.04 | I36: =IF(P36="Выходной",SUM(C36*150)*1.5,SUM(C36*150)) -> 0 | J36: =IF(P36="Выходной",SUM(D36*150)*1.5,SUM(D36*150)) -> 14850 | K36: =IF(OR(WEEKDAY(A36)=1,WEEKDAY(A36)=7,NOT(ISERROR(MATCH(A36,[1]Праздники!A:A,0)))),SUM(E36*225)*1.5,SUM(E36*225)) -> 0 | L36: =IF(OR(WEEKDAY(A36)=1,WEEKDAY(A36)=7,NOT(ISERROR(MATCH(A36,[1]Праздники!A:A,0)))),SUM(F36*225)*1.5,SUM(F36*225)) -> 0 | M36: =SUM(G36*15) -> 21165.6 | N36: =SUM(H36)*750 -> 0 | O36: =SUM(I36:N36) -> 36015.6 | P36: =IF(OR(WEEKDAY(A36)=1,WEEKDAY(A36)=7,NOT(ISERROR(MATCH(A36,[1]Праздники!A:A,0)))),"Выходной","Рабочий") -> Выходной
C37: =SUM(C6:C36) -> 1322.3 | D37: =SUM(D6:D36) -> 170.475 | E37: =SUM(E6:E36) -> 0 | F37: =SUM(F6:F36) -> 0 | G37: =SUM(G6:G36) -> 28317.59 | H37: =SUM(H6:H36) -> 0 | I37: =SUM(I6:I36) -> 206612.25 | J37: =SUM(J6:J36) -> 31756.875 | ... O37: =SUM(O6:O36) -> 663132.97
N38: С НДС; | O38: =O37*1.22 -> 809022.23

Sheet Нижнекамск экспорт
A3: =IF(DAY(TODAY())>27,"Акт № от " & TEXT(TODAY(),"ДД ММММ ГГГГ"),"Акт № от " & TEXT(TODAY()-DAY(TODAY()),"ДД ММММ ГГГГ")) -> Акт № от 31 Март 2026
A4: =IF(DAY(TODAY()) > 27, "выполненных работ (оказанных услуг) за " & TEXT(TODAY(),"ММММ ГГГГ"),"выполненных работ (оказанных услуг) за " & TEXT(TODAY()-DAY(TODAY()),"ММММ ГГГГ")) -> выполненных работ (оказанных услуг) за Март 2026
A5: по Договору хранения № СХ.47103 от «10» апреля 2025 г.
A7: Во исполнение Договора в период с 01 Январь 2026 г. По 31 Январь 2026 г. ХРАНИТЕЛЬ оказал ПОКЛАЖЕДАТЕЛЮ следующие услуги (работы):
A9: № | B9: Наименование услуг (работ) | C9: Ед. изм. | D9: Количество | E9: Цена | F9: Сумма без НДС | G9: Сумма с НДС
A10: 1 | B10: оформление документов | C10: шт. | D10: 13 | E10: 2000 | F10: =SUM(D10*E10) -> 26000 | G10: =F10*1.22 -> 31720
A11: 2 | B11: Оформление сертификата | C11: шт. | F11: =SUM(D11*E11) -> 0 | G11: =F11*1.2 -> 0
F12: =SUM(F10:F11) -> 26000 | G12: =SUM(G10:G11) -> 31720
A13: Итого: | B13: двадцать шесть тысячь рублей ноль копеек
A14: Без налога (НДС): | B14: =B13 -> двадцать шесть тысячь рублей ноль копеек
A15: Всего (с учетом НДС) | B15: тридцать одна тысяча сесьсот двацать рублей ноль копеек
A16: Вышеперечисленные услуги (работы) выполнены полностью.
A17: ПОКЛАЖЕДАТЕЛЬ претензий по объему, качеству и срокам оказания услуг претензий не имеет.
A20: ООО "ДТМ" | D20: ПАО "СИБУР Холдинг"
A22: ____________________Расстегаев Д.О. | D22: ____________________

Sheet Баумана экспорт
A3: =IF(DAY(TODAY())>27,"Акт № от " & TEXT(TODAY(),"ДД ММММ ГГГГ"),"Акт № от " & TEXT(TODAY()-DAY(TODAY()),"ДД ММММ ГГГГ")) & " г. Нижний Новгород склад Баумана" -> Акт № от 31 Март 2026 г. Нижний Новгород склад Баумана
A4: =IF(DAY(TODAY()) > 27, "выполненных работ (оказанных услуг) за " & TEXT(TODAY(),"ММММ ГГГГ"),"выполненных работ (оказанных услуг) за " & TEXT(TODAY()-DAY(TODAY()),"ММММ ГГГГ")) -> выполненных работ (оказанных услуг) за Март 2026
A5: по Договору хранения № СХ.45411 от «01» января 2025 г.
A7: Во исполнение Договора в период с 01 Январь 2026 г. По 31 Январь 2026 г. ХРАНИТЕЛЬ оказал ПОКЛАЖЕДАТЕЛЮ следующие услуги (работы):
A9: № | B9: Наименование услуг (работ) | C9: Ед. изм. | D9: Количество | E9: Цена | F9: Сумма без НДС | G9: Сумма с НДС
A10: 1 | B10: оформление документов | C10: шт. | D10: 7 | E10: 1000 | F10: =SUM(D10*E10) -> 7000 | G10: =F10*1.22 -> 8540
A11: 2 | B11: Оформление сертификата | C11: шт. | F11: =SUM(D11*E11) -> 0 | G11: =F11*1.2 -> 0
F12: =SUM(F10:F11) -> 7000 | G12: =SUM(G10:G11) -> 8540
A13: Итого: | B13: семь тысяч рублей ноль копеек
A14: Без налога (НДС): | B14: =B13 -> семь тысяч рублей ноль копеек
A15: Всего (с учетом НДС) | B15: восемь тысяч пятьсот сорок рублей ноль копеек
A16: Вышеперечисленные услуги (работы) выполнены полностью.
A17: ПОКЛАЖЕДАТЕЛЬ претензий по объему, качеству и срокам оказания услуг претензий не имеет.
A20: ООО "ДТМ" | D20: ПАО "СИБУР Холдинг"
A22: ____________________Расстегаев Д.О. | D22: ____________________

Sheet Литейные решения
A1: =R36 -> 15573
B2: Отчет по хранению товара за Январь
A3: № | B3: дата | D3: Выгрузка кол-во паллет | E3: Загрузка кол-во паллет | F3: Ручная загрузка | G3: Ручная выгрузка | H3: Хранение | I3: предоставление паллеты | J3: Фильмаж (паллет) | K3: стоимость выгрузки | L3: стоимость загрузки | M3: Стоимость ручной загрузки | N3: Стоимость ручной выгрузки | O3: стоимость хранения | P3: Стоимость предоставления паллета | Q3: стоимость услуги фильмаж | R3: итого
H4: (кол-во паллет)
A5: 1 | B5: 46023 | H5: 24 | K5: =SUM(D5*171) -> 0 | L5: =SUM(E5*171) -> 0 | M5: =F5*1018 -> 0 | N5: =G5*1018 -> 0 | O5: =SUM(H5*22) -> 528 | P5: =I5*509 -> 0 | Q5: =SUM(J5)*610 -> 0 | R5: =SUM(K5:Q5) -> 528
A6: 2 | B6: 46024 | H6: =H5+D6-E5 -> 24 | K6: =SUM(D6*171) -> 0 | L6: =SUM(E6*171) -> 0 | M6: =F6*1018 -> 0 | N6: =G6*1018 -> 0 | O6: =SUM(H6*22) -> 528 | P6: =I6*509 -> 0 | Q6: =SUM(J6)*610 -> 0 | R6: =SUM(K6:Q6) -> 528
A7: 3 | B7: 46025 | H7: =H6+D7-E6 -> 24 | K7: =SUM(D7*171) -> 0 | L7: =SUM(E7*171) -> 0 | M7: =F7*1018 -> 0 | N7: =G7*1018 -> 0 | O7: =SUM(H7*22) -> 528 | P7: =I7*509 -> 0 | Q7: =SUM(J7)*610 -> 0 | R7: =SUM(K7:Q7) -> 528
A8: 4 | B8: 46026 | H8: =H7+D8-E7 -> 24 | K8: =SUM(D8*171) -> 0 | L8: =SUM(E8*171) -> 0 | M8: =F8*1018 -> 0 | N8: =G8*1018 -> 0 | O8: =SUM(H8*22) -> 528 | P8: =I8*509 -> 0 | Q8: =SUM(J8)*610 -> 0 | R8: =SUM(K8:Q8) -> 528
A9: 5 | B9: 46027 | H9: =H8+D9-E8 -> 24 | K9: =SUM(D9*171) -> 0 | L9: =SUM(E9*171) -> 0 | M9: =F9*1018 -> 0 | N9: =G9*1018 -> 0 | O9: =SUM(H9*22) -> 528 | P9: =I9*509 -> 0 | Q9: =SUM(J9)*610 -> 0 | R9: =SUM(K9:Q9) -> 528
A10: 6 | B10: 46028 | H10: =H9+D10-E9 -> 24 | K10: =SUM(D10*171) -> 0 | L10: =SUM(E10*171) -> 0 | M10: =F10*1018 -> 0 | N10: =G10*1018 -> 0 | O10: =SUM(H10*22) -> 528 | P10: =I10*509 -> 0 | Q10: =SUM(J10)*610 -> 0 | R10: =SUM(K10:Q10) -> 528
A11: 7 | B11: 46029 | H11: =H10+D11-E10 -> 24 | K11: =SUM(D11*171) -> 0 | L11: =SUM(E11*171) -> 0 | M11: =F11*1018 -> 0 | N11: =G11*1018 -> 0 | O11: =SUM(H11*22) -> 528 | P11: =I11*509 -> 0 | Q11: =SUM(J11)*610 -> 0 | R11: =SUM(K11:Q11) -> 528
A12: 8 | B12: 46030 | H12: =H11+D12-E11 -> 24 | K12: =SUM(D12*171) -> 0 | L12: =SUM(E12*171) -> 0 | M12: =F12*1018 -> 0 | N12: =G12*1018 -> 0 | O12: =SUM(H12*22) -> 528 | P12: =I12*509 -> 0 | Q12: =SUM(J12)*610 -> 0 | R12: =SUM(K12:Q12) -> 528
A13: 9 | B13: 46031 | H13: =H12+D13-E12 -> 24 | K13: =SUM(D13*171) -> 0 | L13: =SUM(E13*171) -> 0 | M13: =F13*1018 -> 0 | N13: =G13*1018 -> 0 | O13: =SUM(H13*22) -> 528 | P13: =I13*509 -> 0 | Q13: =SUM(J13)*610 -> 0 | R13: =SUM(K13:Q13) -> 528
A14: 10 | B14: 46032 | H14: =H13+D14-E13 -> 24 | K14: =SUM(D14*171) -> 0 | L14: =SUM(E14*171) -> 0 | M14: =F14*1018 -> 0 | N14: =G14*1018 -> 0 | O14: =SUM(H14*22) -> 528 | P14: =I14*509 -> 0 | Q14: =SUM(J14)*610 -> 0 | R14: =SUM(K14:Q14) -> 528
A15: 11 | B15: 46033 | H15: =H14+D15-E14 -> 24 | K15: =SUM(D15*171) -> 0 | L15: =SUM(E15*171) -> 0 | M15: =F15*1018 -> 0 | N15: =G15*1018 -> 0 | O15: =SUM(H15*22) -> 528 | P15: =I15*509 -> 0 | Q15: =SUM(J15)*610 -> 0 | R15: =SUM(K15:Q15) -> 528
A16: 12 | B16: 46034 | H16: =H15+D16-E15 -> 24 | K16: =SUM(D16*171) -> 0 | L16: =SUM(E16*171) -> 0 | M16: =F16*1018 -> 0 | N16: =G16*1018 -> 0 | O16: =SUM(H16*22) -> 528 | P16: =I16*509 -> 0 | Q16: =SUM(J16)*610 -> 0 | R16: =SUM(K16:Q16) -> 528
A17: 13 | B17: 46035 | H17: =H16+D17-E16 -> 24 | K17: =SUM(D17*171) -> 0 | L17: =SUM(E17*171) -> 0 | M17: =F17*1018 -> 0 | N17: =G17*1018 -> 0 | O17: =SUM(H17*22) -> 528 | P17: =I17*509 -> 0 | Q17: =SUM(J17)*610 -> 0 | R17: =SUM(K17:Q17) -> 528
... A19: 15 | B19: 46037 | H19: =H18+D19-E18 -> 24 | K19: =SUM(D19*171) -> 0 | L19: =SUM(E19*171) -> 0 | M19: =F19*1018 -> 0 | N19: =G19*1018 -> 0 | O19: =SUM(H19*22) -> 528 | P19: =I19*509 -> 0 | Q19: =SUM(J19)*610 -> 0 | R19: =SUM(K19:Q19) -> 528
A20: 16 | B20: 46038 | E20: 5 | H20: =H19+D20-E19 -> 24 | K20: =SUM(D20*171) -> 0 | L20: =SUM(E20*171) -> 855 | M20: =F20*1018 -> 0 | N20: =G20*1018 -> 0 | O20: =SUM(H20*22) -> 528 | P20: =I20*509 -> 0 | Q20: =SUM(J20)*610 -> 0 | R20: =SUM(K20:Q20) -> 1383
A21: 17 | B21: 46039 | H21: =H20+D21-E20 -> 19 | K21: =SUM(D21*171) -> 0 | L21: =SUM(E21*171) -> 0 | M21: =F21*1018 -> 0 | N21: =G21*1018 -> 0 | O21: =SUM(H21*22) -> 418 | P21: =I21*509 -> 0 | Q21: =SUM(J21)*610 -> 0 | R21: =SUM(K21:Q21) -> 418
A22: 18 | B22: 46040 | H22: =H21+D22-E21 -> 19 | K22: =SUM(D22*171) -> 0 | L22: =SUM(E22*171) -> 0 | M22: =F22*1018 -> 0 | N22: =G22*1018 -> 0 | O22: =SUM(H22*22) -> 418 | P22: =I22*509 -> 0 | Q22: =SUM(J22)*610 -> 0 | R22: =SUM(K22:Q22) -> 418
A23: 19 | B23: 46041 | H23: =H22+D23-E22 -> 19 | K23: =SUM(D23*171) -> 0 | L23: =SUM(E23*171) -> 0 | M23: =F23*1018 -> 0 | N23: =G23*1018 -> 0 | O23: =SUM(H23*22) -> 418 | P23: =I23*509 -> 0 | Q23: =SUM(J23)*610 -> 0 | R23: =SUM(K23:Q23) -> 418
A24: 20 | B24: 46042 | H24: =H23+D24-E23 -> 19 | K24: =SUM(D24*171) -> 0 | L24: =SUM(E24*171) -> 0 | M24: =F24*1018 -> 0 | N24: =G24*1018 -> 0 | O24: =SUM(H24*22) -> 418 | P24: =I24*509 -> 0 | Q24: =SUM(J24)*610 -> 0 | R24: =SUM(K24:Q24) -> 418
A25: 21 | B25: 46043 | H25: =H24+D25-E24 -> 19 | K25: =SUM(D25*171) -> 0 | L25: =SUM(E25*171) -> 0 | M25: =F25*1018 -> 0 | N25: =G25*1018 -> 0 | O25: =SUM(H25*22) -> 418 | P25: =I25*509 -> 0 | Q25: =SUM(J25)*610 -> 0 | R25: =SUM(K25:Q25) -> 418
A26: 22 | B26: 46044 | H26: =H25+D26-E25 -> 19 | K26: =SUM(D26*171) -> 0 | L26: =SUM(E26*171) -> 0 | M26: =F26*1018 -> 0 | N26: =G26*1018 -> 0 | O26: =SUM(H26*22) -> 418 | P26: =I26*509 -> 0 | Q26: =SUM(J26)*610 -> 0 | R26: =SUM(K26:Q26) -> 418
A27: 23 | B27: 46045 | H27: =H26+D27-E26 -> 19 | K27: =SUM(D27*171) -> 0 | L27: =SUM(E27*171) -> 0 | M27: =F27*1018 -> 0 | N27: =G27*1018 -> 0 | O27: =SUM(H27*22) -> 418 | P27: =I27*509 -> 0 | Q27: =SUM(J27)*610 -> 0 | R27: =SUM(K27:Q27) -> 418
A28: 24 | B28: 46046 | H28: =H27+D28-E27 -> 19 | K28: =SUM(D28*171) -> 0 | L28: =SUM(E28*171) -> 0 | M28: =F28*1018 -> 0 | N28: =G28*1018 -> 0 | O28: =SUM(H28*22) -> 418 | P28: =I28*509 -> 0 | Q28: =SUM(J28)*610 -> 0 | R28: =SUM(K28:Q28) -> 418
A29: 25 | B29: 46047 | H29: =H28+D29-E28 -> 19 | K29: =SUM(D29*171) -> 0 | L29: =SUM(E29*171) -> 0 | M29: =F29*1018 -> 0 | N29: =G29*1018 -> 0 | O29: =SUM(H29*22) -> 418 | P29: =I29*509 -> 0 | Q29: =SUM(J29)*610 -> 0 | R29: =SUM(K29:Q29) -> 418
A30: 26 | B30: 46048 | H30: =H29+D30-E29 -> 19 | K30: =SUM(D30*171) -> 0 | L30: =SUM(E30*171) -> 0 | M30: =F30*1018 -> 0 | N30: =G30*1018 -> 0 | O30: =SUM(H30*22) -> 418 | P30: =I30*509 -> 0 | Q30: =SUM(J30)*610 -> 0 | R30: =SUM(K30:Q30) -> 418
A31: 27 | B31: 46049 | H31: =H30+D31-E30 -> 19 | K31: =SUM(D31*171) -> 0 | L31: =SUM(E31*171) -> 0 | M31: =F31*1018 -> 0 | N31: =G31*1018 -> 0 | O31: =SUM(H31*22) -> 418 | P31: =I31*509 -> 0 | Q31: =SUM(J31)*610 -> 0 | R31: =SUM(K31:Q31) -> 418
A32: 28 | B32: 46050 | H32: =H31+D32-E31 -> 19 | K32: =SUM(D32*171) -> 0 | L32: =SUM(E32*171) -> 0 | M32: =F32*1018 -> 0 | N32: =G32*1018 -> 0 | O32: =SUM(H32*22) -> 418 | P32: =I32*509 -> 0 | Q32: =SUM(J32)*610 -> 0 | R32: =SUM(K32:Q32) -> 418
... A35: 31 | B35: 46053 | H35: =H34+D35-E34 -> 19 | K35: =SUM(D35*171) -> 0 | L35: =SUM(E35*171) -> 0 | M35: =F35*1018 -> 0 | N35: =G35*1018 -> 0 | O35: =SUM(H35*22) -> 418 | P35: =I35*509 -> 0 | Q35: =SUM(J35)*610 -> 0 | R35: =SUM(K35:Q35) -> 418
D36: =SUM(D5:D35) -> 0 | E36: =SUM(E5:E35) -> 5 | F36: =SUM(F5:F35) -> 0 | H36: =SUM(H5:H35) -> 669 | K36: =SUM(K5:K35) -> 0 | L36: =SUM(L5:L35) -> 855 | M36: =SUM(M5:M35) -> 0 | N36: =SUM(N5:N35) -> 0 | O36: =SUM(O5:O35) -> 14718 | P36: =SUM(P5:P35) -> 0 | Q36: =SUM(Q5:Q35) -> 0 | R36: =SUM(R5:R35) -> 15573

Sheet ЛС-Техномет
A1: =R36 -> 669.6
B2: Отчет по хранению товара за Январь
A3: № | B3: дата | D3: Выгрузка кол-во паллет | E3: Загрузка кол-во паллет | F3: Ручная загрузка | G3: Ручная выгрузка | H3: Хранение | I3: предоставление паллеты | J3: Фильмаж (паллет) | K3: стоимость выгрузки | L3: стоимость загрузки | M3: Стоимость ручной загрузки | N3: Стоимость ручной выгрузки | O3: стоимость хранения | P3: Стоимость предоставления паллета | Q3: стоимость услуги фильмаж | R3: итого
H4: (кол-во паллет)
A5: 1 | B5: 46023 | H5: 1 | K5: =SUM(D5*168) -> 0 | L5: =SUM(E5*168) -> 0 | M5: =F5*1000 -> 0 | N5: =G5*1000 -> 0 | O5: =SUM(H5*21.6) -> 21.6 | P5: =I5*500 -> 0 | Q5: =SUM(J5)*600 -> 0 | R5: =SUM(K5:Q5) -> 21.6
A6: 2 | B6: 46024 | H6: 1 | K6: =SUM(D6*168) -> 0 | L6: =SUM(E6*168) -> 0 | M6: =F6*1000 -> 0 | N6: =G6*1000 -> 0 | O6: =SUM(H6*21.6) -> 21.6 | P6: =I6*500 -> 0 | Q6: =SUM(J6)*600 -> 0 | R6: =SUM(K6:Q6) -> 21.6
A7: 3 | B7: 46025 | H7: 1 | K7: =SUM(D7*168) -> 0 | L7: =SUM(E7*168) -> 0 | M7: =F7*1000 -> 0 | N7: =G7*1000 -> 0 | O7: =SUM(H7*21.6) -> 21.6 | P7: =I7*500 -> 0 | Q7: =SUM(J7)*600 -> 0 | R7: =SUM(K7:Q7) -> 21.6
A8: 4 | B8: 46026 | H8: 1 | K8: =SUM(D8*168) -> 0 | L8: =SUM(E8*168) -> 0 | M8: =F8*1000 -> 0 | N8: =G8*1000 -> 0 | O8: =SUM(H8*21.6) -> 21.6 | P8: =I8*500 -> 0 | Q8: =SUM(J8)*600 -> 0 | R8: =SUM(K8:Q8) -> 21.6
A9: 5 | B9: 46027 | H9: 1 | K9: =SUM(D9*168) -> 0 | L9: =SUM(E9*168) -> 0 | M9: =F9*1000 -> 0 | N9: =G9*1000 -> 0 | O9: =SUM(H9*21.6) -> 21.6 | P9: =I9*500 -> 0 | Q9: =SUM(J9)*600 -> 0 | R9: =SUM(K9:Q9) -> 21.6
A10: 6 | B10: 46028 | H10: 1 | K10: =SUM(D10*168) -> 0 | L10: =SUM(E10*168) -> 0 | M10: =F10*1000 -> 0 | N10: =G10*1000 -> 0 | O10: =SUM(H10*21.6) -> 21.6 | P10: =I10*500 -> 0 | Q10: =SUM(J10)*600 -> 0 | R10: =SUM(K10:Q10) -> 21.6
A11: 7 | B11: 46029 | H11: 1 | K11: =SUM(D11*168) -> 0 | L11: =SUM(E11*168) -> 0 | M11: =F11*1000 -> 0 | N11: =G11*1000 -> 0 | O11: =SUM(H11*21.6) -> 21.6 | P11: =I11*500 -> 0 | Q11: =SUM(J11)*600 -> 0 | R11: =SUM(K11:Q11) -> 21.6
A12: 8 | B12: 46030 | H12: 1 | K12: =SUM(D12*168) -> 0 | L12: =SUM(E12*168) -> 0 | M12: =F12*1000 -> 0 | N12: =G12*1000 -> 0 | O12: =SUM(H12*21.6) -> 21.6 | P12: =I12*500 -> 0 | Q12: =SUM(J12)*600 -> 0 | R12: =SUM(K12:Q12) -> 21.6
A13: 9 | B13: 46031 | H13: 1 | K13: =SUM(D13*168) -> 0 | L13: =SUM(E13*168) -> 0 | M13: =F13*1000 -> 0 | N13: =G13*1000 -> 0 | O13: =SUM(H13*21.6) -> 21.6 | P13: =I13*500 -> 0 | Q13: =SUM(J13)*600 -> 0 | R13: =SUM(K13:Q13) -> 21.6
A14: 10 | B14: 46032 | H14: 1 | K14: =SUM(D14*168) -> 0 | L14: =SUM(E14*168) -> 0 | M14: =F14*1000 -> 0 | N14: =G14*1000 -> 0 | O14: =SUM(H14*21.6) -> 21.6 | P14: =I14*500 -> 0 | Q14: =SUM(J14)*600 -> 0 | R14: =SUM(K14:Q14) -> 21.6
A15: 11 | B15: 46033 | H15: 1 | K15: =SUM(D15*168) -> 0 | L15: =SUM(E15*168) -> 0 | M15: =F15*1000 -> 0 | N15: =G15*1000 -> 0 | O15: =SUM(H15*21.6) -> 21.6 | P15: =I15*500 -> 0 | Q15: =SUM(J15)*600 -> 0 | R15: =SUM(K15:Q15) -> 21.6
A16: 12 | B16: 46034 | H16: 1 | K16: =SUM(D16*168) -> 0 | L16: =SUM(E16*168) -> 0 | M16: =F16*1000 -> 0 | N16: =G16*1000 -> 0 | O16: =SUM(H16*21.6) -> 21.6 | P16: =I16*500 -> 0 | Q16: =SUM(J16)*600 -> 0 | R16: =SUM(K16:Q16) -> 21.6
... A34: 30 | B34: 46052 | H34: 1 | K34: =SUM(D34*168) -> 0 | L34: =SUM(E34*168) -> 0 | M34: =F34*1000 -> 0 | N34: =G34*1000 -> 0 | O34: =SUM(H34*21.6) -> 21.6 | P34: =I34*500 -> 0 | Q34: =SUM(J34)*600 -> 0 | R34: =SUM(K34:Q34) -> 21.6
B35: 46053 | H35: 1 | K35: =SUM(D35*168) -> 0 | L35: =SUM(E35*168) -> 0 | M35: =F35*1000 -> 0 | N35: =G35*1000 -> 0 | O35: =SUM(H35*21.6) -> 21.6 | P35: =I35*500 -> 0 | Q35: =SUM(J35)*600 -> 0 | R35: =SUM(K35:Q35) -> 21.6
D36: =SUM(D5:D35) -> 0 | E36: =SUM(E5:E35) -> 0 | F36: =SUM(F5:F35) -> 0 | H36: =SUM(H5:H35) -> 31 | K36: =SUM(K5:K35) -> 0 | L36: =SUM(L5:L35) -> 0 | M36: =SUM(M5:M35) -> 0 | N36: =SUM(N5:N35) -> 0 | O36: =SUM(O5:O35) -> 669.6 | P36: =SUM(P5:P35) -> 0 | Q36: =SUM(Q5:Q35) -> 0 | R36: =SUM(R5:R35) -> 669.6

Sheet Сандекс
A1: =S39 -> 2013.6
A4: Отчет "Сандекс" Январь 2025 | L4: Стоимость
A5: дата | C5: Выгрузка паллет | D5: Выгрузка короб | E5: Загрузка паллет | F5: Загрузка короб | G5: Наборка короб | J5: Палетирование | K5: Хранение | L5: Выгрузка палллет | M5: Выгрузка короб | N5: Загрузка паллет | O5: Загрузка короб | P5: Наборка | Q5: Паллетирование | R5: Хранение | S5: итого
K6: 31
A7: 46023 | J7: 0 | K7: 1 | L7: =C7*168 -> 0 | M7: =D7*4 -> 0 | N7: =E7*168 -> 0 | O7: =F7*4 -> 0 | P7: =G7*4 -> 0 | Q7: =J7*600 -> 0 | R7: =K7*21.6 -> 21.6 | S7: =SUM(L7:R7) -> 21.6
A8: 46024 | J8: 0 | K8: 1 | L8: =C8*168 -> 0 | M8: =D8*4 -> 0 | N8: =E8*168 -> 0 | O8: =F8*4 -> 0 | P8: =G8*4 -> 0 | Q8: =J8*600 -> 0 | R8: =K8*21.6 -> 21.6 | S8: =SUM(L8:R8) -> 21.6
A9: 46025 | J9: 0 | K9: 1 | L9: =C9*168 -> 0 | M9: =D9*4 -> 0 | N9: =E9*168 -> 0 | O9: =F9*4 -> 0 | P9: =G9*4 -> 0 | Q9: =J9*600 -> 0 | R9: =K9*21.6 -> 21.6 | S9: =SUM(L9:R9) -> 21.6
A10: 46026 | J10: 0 | K10: 1 | L10: =C10*168 -> 0 | M10: =D10*4 -> 0 | N10: =E10*168 -> 0 | O10: =F10*4 -> 0 | P10: =G10*4 -> 0 | Q10: =J10*600 -> 0 | R10: =K10*21.6 -> 21.6 | S10: =SUM(L10:R10) -> 21.6
A11: 46027 | J11: 0 | K11: 1 | L11: =C11*168 -> 0 | M11: =D11*4 -> 0 | N11: =E11*168 -> 0 | O11: =F11*4 -> 0 | P11: =G11*4 -> 0 | Q11: =J11*600 -> 0 | R11: =K11*21.6 -> 21.6 | S11: =SUM(L11:R11) -> 21.6
A12: 46028 | J12: 0 | K12: 1 | L12: =C12*168 -> 0 | M12: =D12*4 -> 0 | N12: =E12*168 -> 0 | O12: =F12*4 -> 0 | P12: =G12*4 -> 0 | Q12: =J12*600 -> 0 | R12: =K12*21.6 -> 21.6 | S12: =SUM(L12:R12) -> 21.6
A13: 46029 | J13: 0 | K13: 1 | L13: =C13*168 -> 0 | M13: =D13*4 -> 0 | N13: =E13*168 -> 0 | O13: =F13*4 -> 0 | P13: =G13*4 -> 0 | Q13: =J13*600 -> 0 | R13: =K13*21.6 -> 21.6 | S13: =SUM(L13:R13) -> 21.6
A14: 46030 | J14: 0 | K14: 1 | L14: =C14*168 -> 0 | M14: =D14*4 -> 0 | N14: =E14*168 -> 0 | O14: =F14*4 -> 0 | P14: =G14*4 -> 0 | Q14: =J14*600 -> 0 | R14: =K14*21.6 -> 21.6 | S14: =SUM(L14:R14) -> 21.6
A15: 46031 | J15: 0 | K15: 1 | L15: =C15*168 -> 0 | M15: =D15*4 -> 0 | N15: =E15*168 -> 0 | O15: =F15*4 -> 0 | P15: =G15*4 -> 0 | Q15: =J15*600 -> 0 | R15: =K15*21.6 -> 21.6 | S15: =SUM(L15:R15) -> 21.6
A16: 46032 | J16: 0 | K16: 1 | L16: =C16*168 -> 0 | M16: =D16*4 -> 0 | N16: =E16*168 -> 0 | O16: =F16*4 -> 0 | P16: =G16*4 -> 0 | Q16: =J16*600 -> 0 | R16: =K16*21.6 -> 21.6 | S16: =SUM(L16:R16) -> 21.6
A17: 46033 | J17: 0 | K17: 1 | L17: =C17*168 -> 0 | M17: =D17*4 -> 0 | N17: =E17*168 -> 0 | O17: =F17*4 -> 0 | P17: =G17*4 -> 0 | Q17: =J17*600 -> 0 | R17: =K17*21.6 -> 21.6 | S17: =SUM(L17:R17) -> 21.6
A18: 46034 | J18: 0 | K18: 1 | L18: =C18*168 -> 0 | M18: =D18*4 -> 0 | N18: =E18*168 -> 0 | O18: =F18*4 -> 0 | P18: =G18*4 -> 0 | Q18: =J18*600 -> 0 | R18: =K18*21.6 -> 21.6 | S18: =SUM(L18:R18) -> 21.6
A19: 46035 | C19: 4 | J19: 0 | K19: 1 | L19: =C19*168 -> 672 | M19: =D19*4 -> 0 | N19: =E19*168 -> 0 | O19: =F19*4 -> 0 | P19: =G19*4 -> 0 | Q19: =J19*600 -> 0 | R19: =K19*21.6 -> 21.6 | S19: =SUM(L19:R19) -> 693.6
A20: 46036 | E20: 4 | J20: 0 | K20: 1 | L20: =C20*168 -> 0 | M20: =D20*4 -> 0 | N20: =E20*168 -> 672 | O20: =F20*4 -> 0 | P20: =G20*4 -> 0 | Q20: =J20*600 -> 0 | R20: =K20*21.6 -> 21.6 | S20: =SUM(L20:R20) -> 693.6
A21: 46037 | J21: 0 | K21: 1 | L21: =C21*168 -> 0 | M21: =D21*4 -> 0 | N21: =E21*168 -> 0 | O21: =F21*4 -> 0 | P21: =G21*4 -> 0 | Q21: =J21*600 -> 0 | R21: =K21*21.6 -> 21.6 | S21: =SUM(L21:R21) -> 21.6
A22: 46038 | J22: 0 | K22: 1 | L22: =C22*168 -> 0 | M22: =D22*4 -> 0 | N22: =E22*168 -> 0 | O22: =F22*4 -> 0 | P22: =G22*4 -> 0 | Q22: =J22*600 -> 0 | R22: =K22*21.6 -> 21.6 | S22: =SUM(L22:R22) -> 21.6
A23: 46039 | J23: 0 | K23: 1 | L23: =C23*168 -> 0 | M23: =D23*4 -> 0 | N23: =E23*168 -> 0 | O23: =F23*4 -> 0 | P23: =G23*4 -> 0 | Q23: =J23*600 -> 0 | R23: =K23*21.6 -> 21.6 | S23: =SUM(L23:R23) -> 21.6
A24: 46040 | J24: 0 | K24: 1 | L24: =C24*168 -> 0 | M24: =D24*4 -> 0 | N24: =E24*168 -> 0 | O24: =F24*4 -> 0 | P24: =G24*4 -> 0 | Q24: =J24*600 -> 0 | R24: =K24*21.6 -> 21.6 | S24: =SUM(L24:R24) -> 21.6
A25: 46041 | J25: 0 | K25: 1 | L25: =C25*168 -> 0 | M25: =D25*4 -> 0 | N25: =E25*168 -> 0 | O25: =F25*4 -> 0 | P25: =G25*4 -> 0 | Q25: =J25*600 -> 0 | R25: =K25*21.6 -> 21.6 | S25: =SUM(L25:R25) -> 21.6
A26: 46042 | J26: 0 | K26: 1 | L26: =C26*168 -> 0 | M26: =D26*4 -> 0 | N26: =E26*168 -> 0 | O26: =F26*4 -> 0 | P26: =G26*4 -> 0 | Q26: =J26*600 -> 0 | R26: =K26*21.6 -> 21.6 | S26: =SUM(L26:R26) -> 21.6
A27: 46043 | J27: 0 | K27: 1 | L27: =C27*168 -> 0 | M27: =D27*4 -> 0 | N27: =E27*168 -> 0 | O27: =F27*4 -> 0 | P27: =G27*4 -> 0 | Q27: =J27*600 -> 0 | R27: =K27*21.6 -> 21.6 | S27: =SUM(L27:R27) -> 21.6
A28: 46044 | J28: 0 | K28: 1 | L28: =C28*168 -> 0 | M28: =D28*4 -> 0 | N28: =E28*168 -> 0 | O28: =F28*4 -> 0 | P28: =G28*4 -> 0 | Q28: =J28*600 -> 0 | R28: =K28*21.6 -> 21.6 | S28: =SUM(L28:R28) -> 21.6
A29: 46045 | J29: 0 | K29: 1 | L29: =C29*168 -> 0 | M29: =D29*4 -> 0 | N29: =E29*168 -> 0 | O29: =F29*4 -> 0 | P29: =G29*4 -> 0 | Q29: =J29*600 -> 0 | R29: =K29*21.6 -> 21.6 | S29: =SUM(L29:R29) -> 21.6
A30: 46046 | J30: 0 | K30: 1 | L30: =C30*168 -> 0 | M30: =D30*4 -> 0 | N30: =E30*168 -> 0 | O30: =F30*4 -> 0 | P30: =G30*4 -> 0 | Q30: =J30*600 -> 0 | R30: =K30*21.6 -> 21.6 | S30: =SUM(L30:R30) -> 21.6
A31: 46047 | J31: 0 | K31: 1 | L31: =C31*168 -> 0 | M31: =D31*4 -> 0 | N31: =E31*168 -> 0 | O31: =F31*4 -> 0 | P31: =G31*4 -> 0 | Q31: =J31*600 -> 0 | R31: =K31*21.6 -> 21.6 | S31: =SUM(L31:R31) -> 21.6
A32: 46048 | J32: 0 | K32: 1 | L32: =C32*168 -> 0 | M32: =D32*4 -> 0 | N32: =E32*168 -> 0 | O32: =F32*4 -> 0 | P32: =G32*4 -> 0 | Q32: =J32*600 -> 0 | R32: =K32*21.6 -> 21.6 | S32: =SUM(L32:R32) -> 21.6
... A37: 46053 | J37: 0 | K37: 1 | L37: =C37*168 -> 0 | M37: =D37*4 -> 0 | N37: =E37*168 -> 0 | O37: =F37*4 -> 0 | P37: =G37*4 -> 0 | Q37: =J37*600 -> 0 | R37: =K37*21.6 -> 21.6 | S37: =SUM(L37:R37) -> 21.6
A38: Итого | C38: =SUM(C7:C37) -> 4 | D38: =SUM(D7:D37) -> 0 | E38: =SUM(E7:E37) -> 4 | F38: =SUM(F7:F37) -> 0 | G38: =SUM(G7:G37) -> 0 | H38: =SUM(H7:H37) -> 0 | I38: =SUM(I7:I37) -> 0 | J38: =SUM(J7:J37) -> 0 | ... S38: =SUM(S7:S37) -> 2013.6
R39: Итого | S39: =S38 -> 2013.6

Sheet СтройТех
A1: =K36 -> 21000
A2: Отчет по хранению товара СтройТех за Январь
A3: № | B3: дата | D3: Выгрузка кол-во паллет | E3: ручная загрузка | G3: Хранение | H3: стоимость выгрузки | I3: стоимость загр.. Работ | J3: стоимость хранения | K3: итого
E4: мультипак | F4: шт,. | G4: (кол-во паллет)
A5: 1 | B5: 46023 | G5: 42 | H5: =SUM(D5*60) -> 0 | I5: =SUM(E5*25+F5*7) -> 0 | J5: =SUM(G5*15) -> 630 | K5: =SUM(H5:J5) -> 630
A6: 2 | B6: 46024 | G6: 42 | H6: =SUM(D6*60) -> 0 | I6: =SUM(E6*25+F6*7) -> 0 | J6: =SUM(G6*15) -> 630 | K6: =SUM(H6:J6) -> 630
A7: 3 | B7: 46025 | G7: 42 | H7: =SUM(D7*60) -> 0 | I7: =SUM(E7*25+F7*7) -> 0 | J7: =SUM(G7*15) -> 630 | K7: =SUM(H7:J7) -> 630
A8: 4 | B8: 46026 | G8: 42 | H8: =SUM(D8*60) -> 0 | I8: =SUM(E8*25+F8*7) -> 0 | J8: =SUM(G8*15) -> 630 | K8: =SUM(H8:J8) -> 630
A9: 5 | B9: 46027 | G9: 42 | H9: =SUM(D9*60) -> 0 | I9: =SUM(E9*25+F9*7) -> 0 | J9: =SUM(G9*15) -> 630 | K9: =SUM(H9:J9) -> 630
A10: 6 | B10: 46028 | G10: 42 | H10: =SUM(D10*60) -> 0 | I10: =SUM(E10*25+F10*7) -> 0 | J10: =SUM(G10*15) -> 630 | K10: =SUM(H10:J10) -> 630
A11: 7 | B11: 46029 | G11: 42 | H11: =SUM(D11*60) -> 0 | I11: =SUM(E11*25+F11*7) -> 0 | J11: =SUM(G11*15) -> 630 | K11: =SUM(H11:J11) -> 630
A12: 8 | B12: 46030 | G12: 42 | H12: =SUM(D12*60) -> 0 | I12: =SUM(E12*25+F12*7) -> 0 | J12: =SUM(G12*15) -> 630 | K12: =SUM(H12:J12) -> 630
A13: 9 | B13: 46031 | G13: 42 | H13: =SUM(D13*60) -> 0 | I13: =SUM(E13*25+F13*7) -> 0 | J13: =SUM(G13*15) -> 630 | K13: =SUM(H13:J13) -> 630
A14: 10 | B14: 46032 | G14: 42 | H14: =SUM(D14*60) -> 0 | I14: =SUM(E14*25+F14*7) -> 0 | J14: =SUM(G14*15) -> 630 | K14: =SUM(H14:J14) -> 630
A15: 11 | B15: 46033 | G15: 42 | H15: =SUM(D15*60) -> 0 | I15: =SUM(E15*25+F15*7) -> 0 | J15: =SUM(G15*15) -> 630 | K15: =SUM(H15:J15) -> 630
A16: 12 | B16: 46034 | G16: 42 | H16: =SUM(D16*60) -> 0 | I16: =SUM(E16*25+F16*7) -> 0 | J16: =SUM(G16*15) -> 630 | K16: =SUM(H16:J16) -> 630
... A30: 26 | B30: 46048 | G30: 42 | H30: =SUM(D30*60) -> 0 | I30: =SUM(E30*25+F30*7) -> 0 | J30: =SUM(G30*15) -> 630 | K30: =SUM(H30:J30) -> 630
A31: 27 | B31: 46049 | E31: 18 | G31: 42 | H31: =SUM(D31*60) -> 0 | I31: =SUM(E31*25+F31*7) -> 450 | J31: =SUM(G31*15) -> 630 | K31: =SUM(H31:J31) -> 1080
A32: 28 | B32: 46050 | D32: 10 | G32: 49 | H32: =SUM(D32*60) -> 600 | I32: =SUM(E32*25+F32*7) -> 0 | J32: =SUM(G32*15) -> 735 | K32: =SUM(H32:J32) -> 1335
A33: 29 | B33: 46051 | G33: 49 | H33: =SUM(D33*60) -> 0 | I33: =SUM(E33*25+F33*7) -> 0 | J33: =SUM(G33*15) -> 735 | K33: =SUM(H33:J33) -> 735
A34: 30 | B34: 46052 | G34: 49 | H34: =SUM(D34*60) -> 0 | I34: =SUM(E34*25+F34*7) -> 0 | J34: =SUM(G34*15) -> 735 | K34: =SUM(H34:J34) -> 735
B35: 46053 | G35: 49 | H35: =SUM(D35*60) -> 0 | I35: =SUM(E35*25+F35*7) -> 0 | J35: =SUM(G35*15) -> 735 | K35: =SUM(H35:J35) -> 735
G36: =SUM(G5:G35) -> 1330 | H36: =SUM(H5:H35) -> 600 | I36: =SUM(I5:I35) -> 450 | J36: =SUM(J5:J35) -> 19950 | K36: =SUM(K5:K35) -> 21000

Sheet Доктор Франк
A1: =AE41 -> 8184
A4: Отчет "Доктор Франк" Январь 2025 | Q4: Стоимость
A5: дата | C5: Выгрузка паллет | D5: Выгрузка короб | E5: Загрузка паллет | F5: Загрузка короб | G5: Наборка короб | H5: Предоставление паддона | I5: оформление и выдача ТТН | J5: Печать этикеток | K5: Маркировка | L5: Перекладка Товара | M5: Упаковка в стрейч | N5: Упаковка в пупырку | O5: Палетирование | P5: Хранение | Q5: Выгрузка палллет | R5: Выгрузка короб | S5: Загрузка паллет | T5: Загрузка короб | U5: Наборка | V5: Паллеты | W5: Документы | X5: Печать этикеток | Y5: Маркировка | Z5: Упаковка в стрейч | AA5: Перекладка товара | AB5: Упаковка в пупырку | AC5: Паллетирование | AD5: Хранение | AE5: итого
P6: 8
A7: 46023 | K7: =J7 -> 0 | O7: =E7 -> 0 | P7: =ROUND(P6+C7+H7-E7,0) -> 8 | Q7: =C7*225 -> 0 | R7: =D7*15.6 -> 0 | S7: =E7*225 -> 0 | T7: =F7*15.6 -> 0 | U7: =G7*19 -> 0 | V7: =H7*675 -> 0 | W7: =I7*430 -> 0 | X7: =J7*3.3 -> 0 | Y7: =K7*1.9 -> 0 | Z7: =M7*21.6 -> 0 | AA7: =L7*11.5 -> 0 | AB7: =N7*24 -> 0 | AC7: =O7*243 -> 0 | AD7: =P7*33 -> 264 | AE7: =SUM(Q7:AD7) -> 264
A8: 46024 | K8: =J8 -> 0 | O8: =E8 -> 0 | P8: =ROUND(P7+C8+H8-E8,0) -> 8 | Q8: =C8*225 -> 0 | R8: =D8*15.6 -> 0 | S8: =E8*225 -> 0 | T8: =F8*15.6 -> 0 | U8: =G8*19 -> 0 | V8: =H8*675 -> 0 | W8: =I8*430 -> 0 | X8: =J8*3.3 -> 0 | Y8: =K8*1.9 -> 0 | Z8: =M8*21.6 -> 0 | AA8: =L8*11.5 -> 0 | AB8: =N8*24 -> 0 | AC8: =O8*243 -> 0 | AD8: =P8*33 -> 264 | AE8: =SUM(Q8:AD8) -> 264
A9: 46025 | K9: =J9 -> 0 | O9: =E9 -> 0 | P9: =ROUND(P8+C9+H9-E9,0) -> 8 | Q9: =C9*225 -> 0 | R9: =D9*15.6 -> 0 | S9: =E9*225 -> 0 | T9: =F9*15.6 -> 0 | U9: =G9*19 -> 0 | V9: =H9*675 -> 0 | W9: =I9*430 -> 0 | X9: =J9*3.3 -> 0 | Y9: =K9*1.9 -> 0 | Z9: =M9*21.6 -> 0 | AA9: =L9*11.5 -> 0 | AB9: =N9*24 -> 0 | AC9: =O9*243 -> 0 | AD9: =P9*33 -> 264 | AE9: =SUM(Q9:AD9) -> 264
A10: 46026 | K10: =J10 -> 0 | O10: =E10 -> 0 | P10: =ROUND(P9+C10+H10-E10,0) -> 8 | Q10: =C10*225 -> 0 | R10: =D10*15.6 -> 0 | S10: =E10*225 -> 0 | T10: =F10*15.6 -> 0 | U10: =G10*19 -> 0 | V10: =H10*675 -> 0 | W10: =I10*430 -> 0 | X10: =J10*3.3 -> 0 | Y10: =K10*1.9 -> 0 | Z10: =M10*21.6 -> 0 | AA10: =L10*11.5 -> 0 | AB10: =N10*24 -> 0 | AC10: =O10*243 -> 0 | AD10: =P10*33 -> 264 | AE10: =SUM(Q10:AD10) -> 264
A11: 46027 | K11: =J11 -> 0 | O11: =E11 -> 0 | P11: =ROUND(P10+C11+H11-E11,0) -> 8 | Q11: =C11*225 -> 0 | R11: =D11*15.6 -> 0 | S11: =E11*225 -> 0 | T11: =F11*15.6 -> 0 | U11: =G11*19 -> 0 | V11: =H11*675 -> 0 | W11: =I11*430 -> 0 | X11: =J11*3.3 -> 0 | Y11: =K11*1.9 -> 0 | Z11: =M11*21.6 -> 0 | AA11: =L11*11.5 -> 0 | AB11: =N11*24 -> 0 | AC11: =O11*243 -> 0 | AD11: =P11*33 -> 264 | AE11: =SUM(Q11:AD11) -> 264
A12: 46028 | K12: =J12 -> 0 | O12: =E12 -> 0 | P12: =ROUND(P11+C12+H12-E12,0) -> 8 | Q12: =C12*225 -> 0 | R12: =D12*15.6 -> 0 | S12: =E12*225 -> 0 | T12: =F12*15.6 -> 0 | U12: =G12*19 -> 0 | V12: =H12*675 -> 0 | W12: =I12*430 -> 0 | X12: =J12*3.3 -> 0 | Y12: =K12*1.9 -> 0 | Z12: =M12*21.6 -> 0 | AA12: =L12*11.5 -> 0 | AB12: =N12*24 -> 0 | AC12: =O12*243 -> 0 | AD12: =P12*33 -> 264 | AE12: =SUM(Q12:AD12) -> 264
A13: 46029 | K13: =J13 -> 0 | O13: =E13 -> 0 | P13: =ROUND(P12+C13+H13-E13,0) -> 8 | Q13: =C13*225 -> 0 | R13: =D13*15.6 -> 0 | S13: =E13*225 -> 0 | T13: =F13*15.6 -> 0 | U13: =G13*19 -> 0 | V13: =H13*675 -> 0 | W13: =I13*430 -> 0 | X13: =J13*3.3 -> 0 | Y13: =K13*1.9 -> 0 | Z13: =M13*21.6 -> 0 | AA13: =L13*11.5 -> 0 | AB13: =N13*24 -> 0 | AC13: =O13*243 -> 0 | AD13: =P13*33 -> 264 | AE13: =SUM(Q13:AD13) -> 264
A14: 46030 | K14: =J14 -> 0 | O14: =E14 -> 0 | P14: =ROUND(P13+C14+H14-E14,0) -> 8 | Q14: =C14*225 -> 0 | R14: =D14*15.6 -> 0 | S14: =E14*225 -> 0 | T14: =F14*15.6 -> 0 | U14: =G14*19 -> 0 | V14: =H14*675 -> 0 | W14: =I14*430 -> 0 | X14: =J14*3.3 -> 0 | Y14: =K14*1.9 -> 0 | Z14: =M14*21.6 -> 0 | AA14: =L14*11.5 -> 0 | AB14: =N14*24 -> 0 | AC14: =O14*243 -> 0 | AD14: =P14*33 -> 264 | AE14: =SUM(Q14:AD14) -> 264
A15: 46031 | K15: =J15 -> 0 | O15: =E15 -> 0 | P15: =ROUND(P14+C15+H15-E15,0) -> 8 | Q15: =C15*225 -> 0 | R15: =D15*15.6 -> 0 | S15: =E15*225 -> 0 | T15: =F15*15.6 -> 0 | U15: =G15*19 -> 0 | V15: =H15*675 -> 0 | W15: =I15*430 -> 0 | X15: =J15*3.3 -> 0 | Y15: =K15*1.9 -> 0 | Z15: =M15*21.6 -> 0 | AA15: =L15*11.5 -> 0 | AB15: =N15*24 -> 0 | AC15: =O15*243 -> 0 | AD15: =P15*33 -> 264 | AE15: =SUM(Q15:AD15) -> 264
A16: 46032 | K16: =J16 -> 0 | O16: =E16 -> 0 | P16: =ROUND(P15+C16+H16-E16,0) -> 8 | Q16: =C16*225 -> 0 | R16: =D16*15.6 -> 0 | S16: =E16*225 -> 0 | T16: =F16*15.6 -> 0 | U16: =G16*19 -> 0 | V16: =H16*675 -> 0 | W16: =I16*430 -> 0 | X16: =J16*3.3 -> 0 | Y16: =K16*1.9 -> 0 | Z16: =M16*21.6 -> 0 | AA16: =L16*11.5 -> 0 | AB16: =N16*24 -> 0 | AC16: =O16*243 -> 0 | AD16: =P16*33 -> 264 | AE16: =SUM(Q16:AD16) -> 264
A17: 46033 | K17: =J17 -> 0 | O17: =E17 -> 0 | P17: =ROUND(P16+C17+H17-E17,0) -> 8 | Q17: =C17*225 -> 0 | R17: =D17*15.6 -> 0 | S17: =E17*225 -> 0 | T17: =F17*15.6 -> 0 | U17: =G17*19 -> 0 | V17: =H17*675 -> 0 | W17: =I17*430 -> 0 | X17: =J17*3.3 -> 0 | Y17: =K17*1.9 -> 0 | Z17: =M17*21.6 -> 0 | AA17: =L17*11.5 -> 0 | AB17: =N17*24 -> 0 | AC17: =O17*243 -> 0 | AD17: =P17*33 -> 264 | AE17: =SUM(Q17:AD17) -> 264
A18: 46034 | K18: =J18 -> 0 | O18: =E18 -> 0 | P18: =ROUND(P17+C18+H18-E18,0) -> 8 | Q18: =C18*225 -> 0 | R18: =D18*15.6 -> 0 | S18: =E18*225 -> 0 | T18: =F18*15.6 -> 0 | U18: =G18*19 -> 0 | V18: =H18*675 -> 0 | W18: =I18*430 -> 0 | X18: =J18*3.3 -> 0 | Y18: =K18*1.9 -> 0 | Z18: =M18*21.6 -> 0 | AA18: =L18*11.5 -> 0 | AB18: =N18*24 -> 0 | AC18: =O18*243 -> 0 | AD18: =P18*33 -> 264 | AE18: =SUM(Q18:AD18) -> 264
... A36: 46052 | K36: =J36 -> 0 | O36: =E36 -> 0 | P36: =ROUND(P35+C36+H36-E36,0) -> 8 | Q36: =C36*225 -> 0 | R36: =D36*15.6 -> 0 | S36: =E36*225 -> 0 | T36: =F36*15.6 -> 0 | U36: =G36*19 -> 0 | V36: =H36*675 -> 0 | W36: =I36*430 -> 0 | X36: =J36*3.3 -> 0 | Y36: =K36*1.9 -> 0 | Z36: =M36*21.6 -> 0 | AA36: =L36*11.5 -> 0 | AB36: =N36*24 -> 0 | AC36: =O36*243 -> 0 | AD36: =P36*33 -> 264 | AE36: =SUM(Q36:AD36) -> 264
A37: 46053 | O37: =E37 -> 0 | P37: =ROUND(P36+C37+H37-E37,0) -> 8 | Q37: =C37*225 -> 0 | R37: =D37*15.6 -> 0 | S37: =E37*225 -> 0 | T37: =F37*15.6 -> 0 | U37: =G37*19 -> 0 | V37: =H37*675 -> 0 | W37: =I37*430 -> 0 | X37: =J37*3.3 -> 0 | Y37: =K37*1.9 -> 0 | Z37: =M37*21.6 -> 0 | AA37: =L37*11.5 -> 0 | AB37: =N37*24 -> 0 | AC37: =O37*243 -> 0 | AD37: =P37*33 -> 264 | AE37: =SUM(Q37:AD37) -> 264
A38: Итого | C38: =SUM(C7:C37) -> 0 | D38: =SUM(D7:D37) -> 0 | E38: =SUM(E7:E37) -> 0 | F38: =SUM(F7:F37) -> 0 | G38: =SUM(G7:G37) -> 0 | H38: =SUM(H7:H37) -> 0 | I38: =SUM(I7:I37) -> 0 | J38: =SUM(J7:J37) -> 0 | ... AE38: =SUM(AE7:AE37) -> 8184
AE39: 0
AE40: =-(K3*14+K3*24+K3*2*2.7) -> 0
AE41: =AE38+AE39+AE40 -> 8184

Sheet Ергарда
A1: =J35 -> 8928 | B1: Отчет по хранению товара Ергарда за Январь
A2: № | B2: дата | D2: Выгрузка кол-во паллет | E2: Загрузка кол-во паллет | F2: Хранение | G2: стоимость выгрузки | H2: стоимость загрузки | I2: стоимость хранения | J2: итого
F3: (кол-во паллет)
A4: 1 | B4: 46023 | F4: 24 | G4: =SUM(D4*120) -> 0 | H4: =SUM(E4*120) -> 0 | I4: =SUM(F4*12) -> 288 | J4: =SUM(G4:I4) -> 288
A5: 2 | B5: 46024 | F5: 24 | G5: =SUM(D5*120) -> 0 | H5: =SUM(E5*120) -> 0 | I5: =SUM(F5*12) -> 288 | J5: =SUM(G5:I5) -> 288
A6: 3 | B6: 46025 | F6: 24 | G6: =SUM(D6*120) -> 0 | H6: =SUM(E6*120) -> 0 | I6: =SUM(F6*12) -> 288 | J6: =SUM(G6:I6) -> 288
A7: 4 | B7: 46026 | F7: 24 | G7: =SUM(D7*120) -> 0 | H7: =SUM(E7*120) -> 0 | I7: =SUM(F7*12) -> 288 | J7: =SUM(G7:I7) -> 288
A8: 5 | B8: 46027 | F8: 24 | G8: =SUM(D8*120) -> 0 | H8: =SUM(E8*120) -> 0 | I8: =SUM(F8*12) -> 288 | J8: =SUM(G8:I8) -> 288
A9: 6 | B9: 46028 | F9: 24 | G9: =SUM(D9*120) -> 0 | H9: =SUM(E9*120) -> 0 | I9: =SUM(F9*12) -> 288 | J9: =SUM(G9:I9) -> 288
A10: 7 | B10: 46029 | F10: 24 | G10: =SUM(D10*120) -> 0 | H10: =SUM(E10*120) -> 0 | I10: =SUM(F10*12) -> 288 | J10: =SUM(G10:I10) -> 288
A11: 8 | B11: 46030 | F11: 24 | G11: =SUM(D11*120) -> 0 | H11: =SUM(E11*120) -> 0 | I11: =SUM(F11*12) -> 288 | J11: =SUM(G11:I11) -> 288
A12: 9 | B12: 46031 | F12: 24 | G12: =SUM(D12*120) -> 0 | H12: =SUM(E12*120) -> 0 | I12: =SUM(F12*12) -> 288 | J12: =SUM(G12:I12) -> 288
A13: 10 | B13: 46032 | F13: 24 | G13: =SUM(D13*120) -> 0 | H13: =SUM(E13*120) -> 0 | I13: =SUM(F13*12) -> 288 | J13: =SUM(G13:I13) -> 288
A14: 11 | B14: 46033 | F14: 24 | G14: =SUM(D14*120) -> 0 | H14: =SUM(E14*120) -> 0 | I14: =SUM(F14*12) -> 288 | J14: =SUM(G14:I14) -> 288
A15: 12 | B15: 46034 | F15: 24 | G15: =SUM(D15*120) -> 0 | H15: =SUM(E15*120) -> 0 | I15: =SUM(F15*12) -> 288 | J15: =SUM(G15:I15) -> 288
... A34: 31 | B34: 46053 | F34: 24 | G34: =SUM(D34*120) -> 0 | H34: =SUM(E34*120) -> 0 | I34: =SUM(F34*12) -> 288 | J34: =SUM(G34:I34) -> 288
G35: =SUM(G4:G34) -> 0 | H35: =SUM(H4:H34) -> 0 | I35: =SUM(I4:I34) -> 8928 | J35: =SUM(J4:J34) -> 8928

Sheet Зеленодольск Доп услуги
A2: =IF(DAY(TODAY())>27,"Акт № от " & TEXT(TODAY(),"ДД ММММ ГГГГ"),"Акт № от " & TEXT(TODAY()-DAY(TODAY()),"ДД ММММ ГГГГ")) -> Акт № от 31 Март 2026
A3: =IF(DAY(TODAY()) > 27, "выполненных работ (оказанных услуг) за " & TEXT(TODAY(),"ММММ ГГГГ"),"выполненных работ (оказанных услуг) за " & TEXT(TODAY()-DAY(TODAY()),"ММММ ГГГГ")) -> выполненных работ (оказанных услуг) за Март 2026
A4: по Договору хранения № СХ.45411 от «01» января 2025 г.
A6: =IF(DAY(TODAY()) > 27," Во исполнение Договора в период с " & TEXT(TODAY()-DAY(TODAY()-DAY(TODAY())),"ДД ММММ ГГГГ") & " г. По " & TEXT(TODAY(),"ДД ММММ ГГГГ") & " г. ХРАНИТЕЛЬ оказал ПОКЛАЖЕДАТЕЛЮ следующие услуги (работы):"," Во исполнение Договора в период с " & TEXT(TODAY()-DAY(TODAY())-DAY(TODAY()-DAY(TODAY()))+1,"ДД ММММ ГГГГ") & " г. По " & TEXT(TODAY()-DAY(TODAY()),"ДД ММММ ГГГГ") & " г. ХРАНИТЕЛЬ оказал ПОКЛАЖЕДАТЕЛЮ следующие услуги (работы):") -> Во исполнение Договора в период с 01 Март 2026 г. По 31 Март 2026 г. ХРАНИТЕЛЬ оказал ПОКЛАЖЕДАТЕЛЮ следующие услуги (работы):
A8: № | B8: Наименование услуг (работ) | C8: Ед. изм. | D8: Количество | E8: Цена | F8: Сумма
A9: 1 | B9: Переконсолидация Товара | C9: тонна | D9: 130.125 | E9: 950 | F9: =D9*E9 -> 123618.75
A10: 2 | B10: Паллетирование | C10: тонна | D10: =D9 -> 130.125 | E10: 120 | F10: =D10*E10 -> 15615
A11: 3 | B11: Предоставление фито поддона | C11: штука | D11: 105 | E11: 830 | F11: =D11*E11 -> 87150
A12: Итого: | F12: =SUM(F9:F11) -> 226383.75
A13: Без налога (НДС) | F13: =F12 -> 226383.75
A14: Всего (с учетом НДС) | F14: =F13*1.2 -> 271660.5
A15: Вышеперечисленные услуги (работы) выполнены полностью.
A16: ПОКЛАЖЕДАТЕЛЬ претензий по объему, качеству и срокам оказания услуг претензий не имеет.
A19: ООО "ДТМ" | D19: ПАО "СИБУР Холдинг"
A21: ____________________Расстегаев Д.О. | D21: ____________________

Sheet Казань_Приволжская экспорт
A3: =IF(DAY(TODAY())>27,"Акт № от " & TEXT(TODAY(),"ДД ММММ ГГГГ"),"Акт № от " & TEXT(TODAY()-DAY(TODAY()),"ДД ММММ ГГГГ")) & "г. Казань_Приволжская" -> Акт № от 31 Март 2026г. Казань_Приволжская
A4: =IF(DAY(TODAY()) > 27, "выполненных работ (оказанных услуг) за " & TEXT(TODAY(),"ММММ ГГГГ"),"выполненных работ (оказанных услуг) за " & TEXT(TODAY()-DAY(TODAY()),"ММММ ГГГГ")) -> выполненных работ (оказанных услуг) за Март 2026
A5: по Договору хранения № СХ.47103 от «10» апреля 2025 г.
A7: Во исполнение Договора в период с 01 Январь 2026 г. По 31 Январь 2026 г. ХРАНИТЕЛЬ оказал ПОКЛАЖЕДАТЕЛЮ следующие услуги (работы):
A9: № | B9: Наименование услуг (работ) | C9: Ед. изм. | D9: Количество | E9: Цена | F9: Сумма без НДС | G9: Сумма с НДС
A10: 1 | B10: оформление документов | C10: шт. | D10: 1 | E10: 2000 | F10: =SUM(D10*E10) -> 2000 | G10: =F10*1.22 -> 2440
A11: 2 | B11: Оформление сертификата | C11: шт. | F11: =SUM(D11*E11) -> 0 | G11: =F11*1.2 -> 0
F12: =SUM(F10:F11) -> 2000 | G12: =SUM(G10:G11) -> 2440
A13: Итого: | B13: две тысячи рублей ноль копеек
A14: Без налога (НДС): | B14: =B13 -> две тысячи рублей ноль копеек
A15: Всего (с учетом НДС) | B15: две тысячи четыреста сорок рублей ноль копеек
A16: Вышеперечисленные услуги (работы) выполнены полностью.
A17: ПОКЛАЖЕДАТЕЛЬ претензий по объему, качеству и срокам оказания услуг претензий не имеет.
A20: ООО "ДТМ" | D20: ПАО "СИБУР Холдинг"
A22: ____________________Расстегаев Д.О. | D22: ____________________

Sheet Казань_Автосервисная экспорт
A3: =IF(DAY(TODAY())>27,"Акт № от " & TEXT(TODAY(),"ДД ММММ ГГГГ"),"Акт № от " & TEXT(TODAY()-DAY(TODAY()),"ДД ММММ ГГГГ")) & " г. Казань_Автосервисная" -> Акт № от 31 Март 2026 г. Казань_Автосервисная
A4: =IF(DAY(TODAY()) > 27, "выполненных работ (оказанных услуг) за " & TEXT(TODAY(),"ММММ ГГГГ"),"выполненных работ (оказанных услуг) за " & TEXT(TODAY()-DAY(TODAY()),"ММММ ГГГГ")) -> выполненных работ (оказанных услуг) за Март 2026
A5: по Договору хранения № СХ.47103 от «10» апреля 2025 г.
A7: Во исполнение Договора в период с 01 Январь 2026 г. По 31 Январь 2026 г. ХРАНИТЕЛЬ оказал ПОКЛАЖЕДАТЕЛЮ следующие услуги (работы):
A9: № | B9: Наименование услуг (работ) | C9: Ед. изм. | D9: Количество | E9: Цена | F9: Сумма без НДС | G9: Сумма с НДС
A10: 1 | B10: оформление документов | C10: шт. | D10: 6 | E10: 2000 | F10: =SUM(D10*E10) -> 12000 | G10: =F10*1.22 -> 14640
A11: 2 | B11: Оформление сертификата | C11: шт. | F11: =SUM(D11*E11) -> 0 | G11: =F11*1.2 -> 0
F12: =SUM(F10:F11) -> 12000 | G12: =SUM(G10:G11) -> 14640
A13: Итого: | B13: двенадцать тысяч рублей ноль копеек
A14: Без налога (НДС): | B14: =B13 -> двенадцать тысяч рублей ноль копеек
A15: Всего (с учетом НДС) | B15: четырнадцать тысяч шестьсот сорок рублей ноль копеек
A16: Вышеперечисленные услуги (работы) выполнены полностью.
A17: ПОКЛАЖЕДАТЕЛЬ претензий по объему, качеству и срокам оказания услуг претензий не имеет.
A20: ООО "ДТМ" | D20: ПАО "СИБУР Холдинг"
A22: ____________________Расстегаев Д.О. | D22: ____________________

Sheet Екатеринбург экспорт
A3: =IF(DAY(TODAY())>27,"Акт № от " & TEXT(TODAY(),"ДД ММММ ГГГГ"),"Акт № от " & TEXT(TODAY()-DAY(TODAY()),"ДД ММММ ГГГГ")) & " г. Екатеринбург" -> Акт № от 31 Март 2026 г. Екатеринбург
A4: =IF(DAY(TODAY()) > 27, "выполненных работ (оказанных услуг) за " & TEXT(TODAY(),"ММММ ГГГГ"),"выполненных работ (оказанных услуг) за " & TEXT(TODAY()-DAY(TODAY()),"ММММ ГГГГ")) -> выполненных работ (оказанных услуг) за Март 2026
A5: по Договору хранения № СХ.47103 от «10» апреля 2025 г.
A7: Во исполнение Договора в период с 01 Январь 2026 г. По 31 Январь 2026 г. ХРАНИТЕЛЬ оказал ПОКЛАЖЕДАТЕЛЮ следующие услуги (работы):
A9: № | B9: Наименование услуг (работ) | C9: Ед. изм. | D9: Количество | E9: Цена | F9: Сумма без НДС | G9: Сумма с НДС
A10: 1 | B10: оформление документов | C10: шт. | D10: 78 | E10: 2000 | F10: =SUM(D10*E10) -> 156000 | G10: =F10*1.22 -> 190320
A11: 2 | B11: Оформление сертификата | C11: шт. | F11: =SUM(D11*E11) -> 0 | G11: =F11*1.2 -> 0
F12: =SUM(F10:F11) -> 156000 | G12: =SUM(G10:G11) -> 190320
A13: Итого: | B13: сто пятьдесят шесть тысяч рублей ноль копеек
A14: Без налога (НДС): | B14: =B13 -> сто пятьдесят шесть тысяч рублей ноль копеек
A15: Всего (с учетом НДС) | B15: сто девяносто тысяч триста двадцать рублей ноль копеек
A16: Вышеперечисленные услуги (работы) выполнены полностью.
A17: ПОКЛАЖЕДАТЕЛЬ претензий по объему, качеству и срокам оказания услуг претензий не имеет.
A20: ООО "ДТМ" | D20: ПАО "СИБУР Холдинг"
A22: ____________________Расстегаев Д.О. | D22: ____________________

Sheet ИП Ксендз Нижнекамск
A1: =N37 -> 96099.595
A2: ="Отчет по хранению товара за " & TEXT(B5,"ММММ ГГГГ") -> Отчет по хранению товара за Январь 2026
A3: № | B3: дата | D3: Выгрузка кол-во | E3: Загрузка кол-во | F3: Хранение | G3: переконсолидация (тонн) | H3: Паллетирование | I3: стоимость выгрузки | J3: стоимость загрузки | K3: стоимость хранения | L3: стоимость переконс. | M3: Стоимость паллетирования | N3: итого
A5: 1 | B5: 46023 | F5: 152.88 | G5: 0 | H5: 0 | I5: =SUM(D5*130) -> 0 | J5: =SUM(E5*130) -> 0 | K5: =SUM(F5*22) -> 3363.36 | L5: =SUM(G5*950) -> 0 | M5: =SUM(H5*120) -> 0 | N5: =SUM(I5:M5) -> 3363.36
A6: 2 | B6: 46024 | F6: =F5+D6-E5 -> 152.88 | G6: 0 | H6: 0 | I6: =SUM(D6*130) -> 0 | J6: =SUM(E6*130) -> 0 | K6: =SUM(F6*22) -> 3363.36 | L6: =SUM(G6*950) -> 0 | M6: =SUM(H6*120) -> 0 | N6: =SUM(I6:M6) -> 3363.36
A7: 3 | B7: 46025 | F7: =F6+D7-E6 -> 152.88 | G7: 0 | H7: 0 | I7: =SUM(D7*130) -> 0 | J7: =SUM(E7*130) -> 0 | K7: =SUM(F7*22) -> 3363.36 | L7: =SUM(G7*950) -> 0 | M7: =SUM(H7*120) -> 0 | N7: =SUM(I7:M7) -> 3363.36
A8: 4 | B8: 46026 | F8: =F7+D8-E7 -> 152.88 | G8: 0 | H8: 0 | I8: =SUM(D8*130) -> 0 | J8: =SUM(E8*130) -> 0 | K8: =SUM(F8*22) -> 3363.36 | L8: =SUM(G8*950) -> 0 | M8: =SUM(H8*120) -> 0 | N8: =SUM(I8:M8) -> 3363.36
A9: 5 | B9: 46027 | F9: =F8+D9-E8 -> 152.88 | G9: 0 | H9: 0 | I9: =SUM(D9*130) -> 0 | J9: =SUM(E9*130) -> 0 | K9: =SUM(F9*22) -> 3363.36 | L9: =SUM(G9*950) -> 0 | M9: =SUM(H9*120) -> 0 | N9: =SUM(I9:M9) -> 3363.36
A10: 6 | B10: 46028 | F10: =F9+D10-E9 -> 152.88 | G10: 0 | H10: 0 | I10: =SUM(D10*130) -> 0 | J10: =SUM(E10*130) -> 0 | K10: =SUM(F10*22) -> 3363.36 | L10: =SUM(G10*950) -> 0 | M10: =SUM(H10*120) -> 0 | N10: =SUM(I10:M10) -> 3363.36
A11: 7 | B11: 46029 | F11: =F10+D11-E10 -> 152.88 | G11: 0 | H11: 0 | I11: =SUM(D11*130) -> 0 | J11: =SUM(E11*130) -> 0 | K11: =SUM(F11*22) -> 3363.36 | L11: =SUM(G11*950) -> 0 | M11: =SUM(H11*120) -> 0 | N11: =SUM(I11:M11) -> 3363.36
A12: 8 | B12: 46030 | F12: =F11+D12-E11 -> 152.88 | G12: 0 | H12: 0 | I12: =SUM(D12*130) -> 0 | J12: =SUM(E12*130) -> 0 | K12: =SUM(F12*22) -> 3363.36 | L12: =SUM(G12*950) -> 0 | M12: =SUM(H12*120) -> 0 | N12: =SUM(I12:M12) -> 3363.36
A13: 9 | B13: 46031 | F13: =F12+D13-E12 -> 152.88 | G13: 0 | H13: 0 | I13: =SUM(D13*130) -> 0 | J13: =SUM(E13*130) -> 0 | K13: =SUM(F13*22) -> 3363.36 | L13: =SUM(G13*950) -> 0 | M13: =SUM(H13*120) -> 0 | N13: =SUM(I13:M13) -> 3363.36
A14: 10 | B14: 46032 | F14: =F13+D14-E13 -> 152.88 | G14: 0 | H14: 0 | I14: =SUM(D14*130) -> 0 | J14: =SUM(E14*130) -> 0 | K14: =SUM(F14*22) -> 3363.36 | L14: =SUM(G14*950) -> 0 | M14: =SUM(H14*120) -> 0 | N14: =SUM(I14:M14) -> 3363.36
A15: 11 | B15: 46033 | F15: =F14+D15-E14 -> 152.88 | G15: 0 | H15: 0 | I15: =SUM(D15*130) -> 0 | J15: =SUM(E15*130) -> 0 | K15: =SUM(F15*22) -> 3363.36 | L15: =SUM(G15*950) -> 0 | M15: =SUM(H15*120) -> 0 | N15: =SUM(I15:M15) -> 3363.36
A16: 12 | B16: 46034 | F16: =F15+D16-E15 -> 152.88 | G16: 0 | H16: 0 | I16: =SUM(D16*130) -> 0 | J16: =SUM(E16*130) -> 0 | K16: =SUM(F16*22) -> 3363.36 | L16: =SUM(G16*950) -> 0 | M16: =SUM(H16*120) -> 0 | N16: =SUM(I16:M16) -> 3363.36
A17: 13 | B17: 46035 | F17: =F16+D17-E16 -> 152.88 | G17: 0 | H17: 0 | I17: =SUM(D17*130) -> 0 | J17: =SUM(E17*130) -> 0 | K17: =SUM(F17*22) -> 3363.36 | L17: =SUM(G17*950) -> 0 | M17: =SUM(H17*120) -> 0 | N17: =SUM(I17:M17) -> 3363.36
A18: 14 | B18: 46036 | E18: 38.85 | F18: =F17+D18-E17 -> 152.88 | G18: 0 | H18: 0 | I18: =SUM(D18*130) -> 0 | J18: =SUM(E18*130) -> 5050.5 | K18: =SUM(F18*22) -> 3363.36 | L18: =SUM(G18*950) -> 0 | M18: =SUM(H18*120) -> 0 | N18: =SUM(I18:M18) -> 8413.86
A19: 15 | B19: 46037 | E19: 37.8 | F19: =F18+D19-E18 -> 114.03 | G19: 0 | H19: 0 | I19: =SUM(D19*130) -> 0 | J19: =SUM(E19*130) -> 4914 | K19: =SUM(F19*22) -> 2508.66 | L19: =SUM(G19*950) -> 0 | M19: =SUM(H19*120) -> 0 | N19: =SUM(I19:M19) -> 7422.66
A20: 16 | B20: 46038 | E20: 18.9 | F20: =F19+D20-E19 -> 76.23 | G20: 0 | H20: 0 | I20: =SUM(D20*130) -> 0 | J20: =SUM(E20*130) -> 2457 | K20: =SUM(F20*22) -> 1677.06 | L20: =SUM(G20*950) -> 0 | M20: =SUM(H20*120) -> 0 | N20: =SUM(I20:M20) -> 4134.06
A21: 17 | B21: 46039 | F21: =F20+D21-E20 -> 57.33 | G21: 0 | H21: 0 | I21: =SUM(D21*130) -> 0 | J21: =SUM(E21*130) -> 0 | K21: =SUM(F21*22) -> 1261.26 | L21: =SUM(G21*950) -> 0 | M21: =SUM(H21*120) -> 0 | N21: =SUM(I21:M21) -> 1261.26
A22: 18 | B22: 46040 | F22: =F21+D22-E21 -> 57.33 | G22: 0 | H22: 0 | I22: =SUM(D22*130) -> 0 | J22: =SUM(E22*130) -> 0 | K22: =SUM(F22*22) -> 1261.26 | L22: =SUM(G22*950) -> 0 | M22: =SUM(H22*120) -> 0 | N22: =SUM(I22:M22) -> 1261.26
A23: 19 | B23: 46041 | E23: 18.9 | F23: =F22+D23-E22 -> 57.33 | G23: 0 | H23: 0 | I23: =SUM(D23*130) -> 0 | J23: =SUM(E23*130) -> 2457 | K23: =SUM(F23*22) -> 1261.26 | L23: =SUM(G23*950) -> 0 | M23: =SUM(H23*120) -> 0 | N23: =SUM(I23:M23) -> 3718.26
A24: 20 | B24: 46042 | F24: =F23+D24-E23 -> 38.43 | G24: 0 | H24: 0 | I24: =SUM(D24*130) -> 0 | J24: =SUM(E24*130) -> 0 | K24: =SUM(F24*22) -> 845.46 | L24: =SUM(G24*950) -> 0 | M24: =SUM(H24*120) -> 0 | N24: =SUM(I24:M24) -> 845.46
A25: 21 | B25: 46043 | E25: 18.9 | F25: =F24+D25-E24 -> 38.43 | G25: 0 | H25: 0 | I25: =SUM(D25*130) -> 0 | J25: =SUM(E25*130) -> 2457 | K25: =SUM(F25*22) -> 845.46 | L25: =SUM(G25*950) -> 0 | M25: =SUM(H25*120) -> 0 | N25: =SUM(I25:M25) -> 3302.46
A26: 22 | B26: 46044 | F26: =F25+D26-E25 -> 19.53 | G26: 0 | H26: 0 | I26: =SUM(D26*130) -> 0 | J26: =SUM(E26*130) -> 0 | K26: =SUM(F26*22) -> 429.66 | L26: =SUM(G26*950) -> 0 | M26: =SUM(H26*120) -> 0 | N26: =SUM(I26:M26) -> 429.66
A27: 23 | B27: 46045 | F27: =F26+D27-E26 -> 19.53 | G27: 0 | H27: 0 | I27: =SUM(D27*130) -> 0 | J27: =SUM(E27*130) -> 0 | K27: =SUM(F27*22) -> 429.66 | L27: =SUM(G27*950) -> 0 | M27: =SUM(H27*120) -> 0 | N27: =SUM(I27:M27) -> 429.66
A28: 24 | B28: 46046 | F28: =F27+D28-E27 -> 19.53 | G28: 0 | H28: 0 | I28: =SUM(D28*130) -> 0 | J28: =SUM(E28*130) -> 0 | K28: =SUM(F28*22) -> 429.66 | L28: =SUM(G28*950) -> 0 | M28: =SUM(H28*120) -> 0 | N28: =SUM(I28:M28) -> 429.66
A29: 25 | B29: 46047 | F29: =F28+D29-E28 -> 19.53 | G29: 0 | H29: 0 | I29: =SUM(D29*130) -> 0 | J29: =SUM(E29*130) -> 0 | K29: =SUM(F29*22) -> 429.66 | L29: =SUM(G29*950) -> 0 | M29: =SUM(H29*120) -> 0 | N29: =SUM(I29:M29) -> 429.66
A30: 26 | B30: 46048 | E30: 19.53 | F30: =F29+D30-E29 -> 19.53 | G30: 0 | H30: 0 | I30: =SUM(D30*130) -> 0 | J30: =SUM(E30*130) -> 2538.9 | K30: =SUM(F30*22) -> 429.66 | L30: =SUM(G30*950) -> 0 | M30: =SUM(H30*120) -> 0 | N30: =SUM(I30:M30) -> 2968.56
A31: 27 | B31: 46049 | F31: =F30+D31-E30 -> 0 | G31: 0 | H31: 0 | I31: =SUM(D31*130) -> 0 | J31: =SUM(E31*130) -> 0 | K31: =SUM(F31*22) -> 0 | L31: =SUM(G31*950) -> 0 | M31: =SUM(H31*120) -> 0 | N31: =SUM(I31:M31) -> 0
A32: 28 | B32: 46050 | F32: =F31+D32-E31 -> 0 | G32: 0 | H32: 0 | I32: =SUM(D32*130) -> 0 | J32: =SUM(E32*130) -> 0 | K32: =SUM(F32*22) -> 0 | L32: =SUM(G32*950) -> 0 | M32: =SUM(H32*120) -> 0 | N32: =SUM(I32:M32) -> 0
A33: 29 | B33: 46051 | F33: =F32+D33-E32 -> 0 | G33: 0 | H33: 0 | I33: =SUM(D33*130) -> 0 | J33: =SUM(E33*130) -> 0 | K33: =SUM(F33*22) -> 0 | L33: =SUM(G33*950) -> 0 | M33: =SUM(H33*120) -> 0 | N33: =SUM(I33:M33) -> 0
A34: 30 | B34: 46052 | F34: =F33+D34-E33 -> 0 | G34: 0 | H34: 0 | I34: =SUM(D34*130) -> 0 | J34: =SUM(E34*130) -> 0 | K34: =SUM(F34*22) -> 0 | L34: =SUM(G34*950) -> 0 | M34: =SUM(H34*120) -> 0 | N34: =SUM(I34:M34) -> 0
A35: 31 | B35: 46053 | F35: =F34+D35-E34 -> 0 | G35: 0 | H35: 0 | I35: =SUM(D35*130) -> 0 | J35: =SUM(E35*130) -> 0 | K35: =SUM(F35*22) -> 0 | L35: =SUM(G35*950) -> 0 | M35: =SUM(H35*120) -> 0 | N35: =SUM(I35:M35) -> 0
D36: =SUM(D5:D35) -> 0 | E36: =SUM(E5:E35) -> 152.88 | F36: =SUM(F5:F35) -> 2677.08 | G36: =SUM(G5:G35) -> 0 | H36: =SUM(H5:H35) -> 0 | I36: =SUM(I5:I35) -> 0 | J36: =SUM(J5:J35) -> 19874.4 | K36: =SUM(K5:K35) -> 58895.76 | ... N36: =SUM(N5:N35) -> 78770.16
N37: =N36*1.22 -> 96099.595

Sheet Баумана KPI
A2: Отчет по хранению товара за Январь 2026 Баумана KPI
A3: № | B3: дата | D3: Выгрузка кол-во паллет | E3: Загрузка кол-во паллет | F3: Хранение | G3: Резервирование 6920 ГЕ | H3: Мин. Суточный резерв 625 | I3: переконсолидация (тонн) | J3: Паллетирование | K3: Взвешивание | L3: Стоимость взвешивания | M3: стоимость выгрузки | N3: стоимость загрузки | O3: стоимость хранения | P3: Стоимость резервирования | Q3: Стоимость мин.суточной бработки | R3: стоимость переконс. | S3: Стоимость паллетирования | T3: итого
F4: (кол-во паллет)
A5: 1 | B5: 01.01.2026 | D5: 0 | E5: 0 | F5: 8 | G5: 0 | H5: 0 | I5: 0 | J5: 0 | K5: 0 | L5: 0 | M5: 0 | N5: 0 | O5: 159.52 | P5: 0 | Q5: 0 | R5: 0 | S5: 0 | T5: 159.52
A6: 2 | B6: 02.01.2026 | D6: 0 | E6: 0 | F6: 8 | G6: 0 | H6: 0 | I6: 0 | J6: 0 | K6: 0 | L6: 0 | M6: 0 | N6: 0 | O6: 159.52 | P6: 0 | Q6: 0 | R6: 0 | S6: 0 | T6: 159.52
A7: 3 | B7: 03.01.2026 | D7: 0 | E7: 0 | F7: 8 | G7: 0 | H7: 0 | I7: 0 | J7: 0 | K7: 0 | L7: 0 | M7: 0 | N7: 0 | O7: 159.52 | P7: 0 | Q7: 0 | R7: 0 | S7: 0 | T7: 159.52
A8: 4 | B8: 04.01.2026 | D8: 0 | E8: 0 | F8: 8 | G8: 0 | H8: 0 | I8: 0 | J8: 0 | K8: 0 | L8: 0 | M8: 0 | N8: 0 | O8: 159.52 | P8: 0 | Q8: 0 | R8: 0 | S8: 0 | T8: 159.52
A9: 5 | B9: 05.01.2026 | D9: 0 | E9: 0 | F9: 8 | G9: 0 | H9: 0 | I9: 0 | J9: 0 | K9: 0 | L9: 0 | M9: 0 | N9: 0 | O9: 159.52 | P9: 0 | Q9: 0 | R9: 0 | S9: 0 | T9: 159.52
A10: 6 | B10: 06.01.2026 | D10: 0 | E10: 0 | F10: 8 | G10: 0 | H10: 0 | I10: 0 | J10: 0 | K10: 0 | L10: 0 | M10: 0 | N10: 0 | O10: 159.52 | P10: 0 | Q10: 0 | R10: 0 | S10: 0 | T10: 159.52
A11: 7 | B11: 07.01.2026 | D11: 0 | E11: 0 | F11: 8 | G11: 0 | H11: 0 | I11: 0 | J11: 0 | K11: 0 | L11: 0 | M11: 0 | N11: 0 | O11: 159.52 | P11: 0 | Q11: 0 | R11: 0 | S11: 0 | T11: 159.52
A12: 8 | B12: 08.01.2026 | D12: 16 | E12: 0 | F12: 24 | G12: 0 | H12: 0 | I12: 0 | J12: 0 | K12: 0 | L12: 0 | M12: 2420 | N12: 0 | O12: 478.56 | P12: 0 | Q12: 0 | R12: 0 | S12: 0 | T12: 2898.56
A13: 9 | B13: 09.01.2026 | D13: 0 | E13: 0 | F13: 24 | G13: 0 | H13: 0 | I13: 0 | J13: 0 | K13: 0 | L13: 0 | M13: 0 | N13: 0 | O13: 478.56 | P13: 0 | Q13: 0 | R13: 0 | S13: 0 | T13: 478.56
A14: 10 | B14: 10.01.2026 | D14: 80 | E14: 0 | F14: 104 | G14: 0 | H14: 0 | I14: 0 | J14: 0 | K14: 0 | L14: 0 | M14: 12100 | N14: 0 | O14: 2073.76 | P14: 0 | Q14: 0 | R14: 0 | S14: 0 | T14: 14173.76
A15: 11 | B15: 11.01.2026 | D15: 0 | E15: 0 | F15: 104 | G15: 0 | H15: 0 | I15: 0 | J15: 0 | K15: 0 | L15: 0 | M15: 0 | N15: 0 | O15: 2073.76 | P15: 0 | Q15: 0 | R15: 0 | S15: 0 | T15: 2073.76
A16: 12 | B16: 12.01.2026 | D16: 0 | E16: 0 | F16: 104 | G16: 0 | H16: 0 | I16: 0 | J16: 0 | K16: 0 | L16: 0 | M16: 0 | N16: 0 | O16: 2073.76 | P16: 0 | Q16: 0 | R16: 0 | S16: 0 | T16: 2073.76
... A35: 31 | B35: 31.01.2026 | D35: 0 | E35: 0 | F35: 88 | G35: 0 | H35: 0 | I35: 0 | J35: 0 | K35: 0 | L35: 0 | M35: 0 | N35: 0 | O35: 1754.72 | P35: 0 | Q35: 0 | R35: 0 | S35: 0 | T35: 1754.72
D36: 96 | E36: 16 | F36: 2296 | G36: 0 | H36: 0 | I36: 0 | J36: 0 | K36: 0 | L36: 0 | M36: 14520 | N36: 2420 | O36: 45782.24 | P36: 0 | Q36: 0 | R36: 0 | S36: 0 | T36: 62722.24
T37: 76521.13

Sheet Баумана Полимеры
A2: Отчет по хранению товара за Январь 2026 Баумана Полимеры
A3: № | B3: дата | D3: Выгрузка кол-во паллет | E3: Загрузка кол-во паллет | F3: Хранение | G3: Резервирование 5032 ГЕ | H3: Мин. Суточный резерв 625 | I3: переконсолидация (тонн) | J3: Паллетирование | K3: Взвешивание | L3: Стоимость взвешивания | M3: стоимость выгрузки | N3: стоимость загрузки | O3: стоимость хранения | P3: Стоимость резервирования | Q3: Стоимость мин.суточной бработки | R3: стоимость переконс. | S3: Стоимость паллетирования | T3: итого
F4: (кол-во паллет)
A5: 1 | B5: 01.01.2026 | D5: 0 | E5: 0 | F5: 3159 | G5: =IF(5032-F5<0,0,5032-F5) -> 1873 | H5: 625 | I5: 0 | J5: 0 | K5: 0 | L5: 0 | M5: 0 | N5: 0 | O5: =F5*19.94 -> 62990.46 | P5: =G5*19.94 -> 37347.62 | Q5: 94531.25 | R5: 0 | S5: 0 | T5: =SUM(L5:S5) -> 194869.33
A6: 2 | B6: 02.01.2026 | D6: 31 | E6: 0 | F6: 3190 | G6: =IF(5032-F6<0,0,5032-F6) -> 1842 | H6: 594 | I6: 0 | J6: 0 | K6: 0 | L6: 0 | M6: 4688.75 | N6: 0 | O6: =F6*19.94 -> 63608.6 | P6: =G6*19.94 -> 36729.48 | Q6: 89842.5 | R6: 0 | S6: 0 | T6: =SUM(L6:S6) -> 194869.33
A7: 3 | B7: 03.01.2026 | D7: 218 | E7: 0 | F7: 3408 | G7: =IF(5032-F7<0,0,5032-F7) -> 1624 | H7: 407 | I7: 0 | J7: 0 | K7: 0 | L7: 0 | M7: 32972.5 | N7: 0 | O7: =F7*19.94 -> 67955.52 | P7: =G7*19.94 -> 32382.56 | Q7: 61558.75 | R7: 0 | S7: 0 | T7: =SUM(L7:S7) -> 194869.33
A8: 4 | B8: 04.01.2026 | D8: 131 | E8: 0 | F8: 3539 | G8: =IF(5032-F8<0,0,5032-F8) -> 1493 | H8: 494 | I8: 0 | J8: 0 | K8: 0 | L8: 0 | M8: 19813.75 | N8: 0 | O8: =F8*19.94 -> 70567.66 | P8: =G8*19.94 -> 29770.42 | Q8: 74717.5 | R8: 0 | S8: 0 | T8: =SUM(L8:S8) -> 194869.33
A9: 5 | B9: 05.01.2026 | D9: 180 | E9: 0 | F9: 3719 | G9: =IF(5032-F9<0,0,5032-F9) -> 1313 | H9: 445 | I9: 0 | J9: 0 | K9: 0 | L9: 0 | M9: 27225 | N9: 0 | O9: =F9*19.94 -> 74156.86 | P9: =G9*19.94 -> 26181.22 | Q9: 67306.25 | R9: 0 | S9: 0 | T9: =SUM(L9:S9) -> 194869.33
A10: 6 | B10: 06.01.2026 | D10: 193 | E10: 16 | F10: 3896 | G10: =IF(5032-F10<0,0,5032-F10) -> 1136 | H10: 416 | I10: 0 | J10: 0 | K10: 0 | L10: 0 | M10: 29191.25 | N10: 2420 | O10: =F10*19.94 -> 77686.24 | P10: =G10*19.94 -> 22651.84 | Q10: 62920 | R10: 0 | S10: 0 | T10: =SUM(L10:S10) -> 194869.33
A11: 7 | B11: 07.01.2026 | D11: 286 | E11: 48 | F11: 4134 | G11: =IF(5032-F11<0,0,5032-F11) -> 898 | H11: 291 | I11: 0 | J11: 0 | K11: 0 | L11: 0 | M11: 43257.5 | N11: 7260 | O11: =F11*19.94 -> 82431.96 | P11: =G11*19.94 -> 17906.12 | Q11: 44013.75 | R11: 0 | S11: 0 | T11: =SUM(L11:S11) -> 194869.33
A12: 8 | B12: 08.01.2026 | D12: 367 | E12: 0 | F12: 4501 | G12: =IF(5032-F12<0,0,5032-F12) -> 531 | H12: 258 | I12: 0 | J12: 0 | K12: 0 | L12: 0 | M12: 55508.75 | N12: 0 | O12: =F12*19.94 -> 89749.94 | P12: =G12*19.94 -> 10588.14 | Q12: 39022.5 | R12: 0 | S12: 0 | T12: =SUM(L12:S12) -> 194869.33
A13: 9 | B13: 09.01.2026 | D13: 244 | E13: 0 | F13: 4745 | G13: =IF(5032-F13<0,0,5032-F13) -> 287 | H13: 381 | I13: 0 | J13: 0 | K13: 0 | L13: 0 | M13: 36905 | N13: 0 | O13: =F13*19.94 -> 94615.3 | P13: =G13*19.94 -> 5722.78 | Q13: 57626.25 | R13: 0 | S13: 0 | T13: =SUM(L13:S13) -> 194869.33
A14: 10 | B14: 10.01.2026 | D14: 255 | E14: 0 | F14: 5000 | G14: =IF(5032-F14<0,0,5032-F14) -> 32 | H14: 370 | I14: 0 | J14: 0 | K14: 0 | L14: 0 | M14: 38568.75 | N14: 0 | O14: =F14*19.94 -> 99700 | P14: =G14*19.94 -> 638.08 | Q14: 55962.5 | R14: 0 | S14: 0 | T14: =SUM(L14:S14) -> 194869.33
A15: 11 | B15: 11.01.2026 | D15: 158 | E15: 32 | F15: 5126 | G15: =IF(5032-F15<0,0,5032-F15) -> 0 | H15: 435 | I15: 0 | J15: 0 | K15: 0 | L15: 0 | M15: 23897.5 | N15: 4840 | O15: =F15*19.94 -> 102212.44 | P15: =G15*19.94 -> 0 | Q15: 65793.75 | R15: 0 | S15: 0 | T15: =SUM(L15:S15) -> 196743.69
A16: 12 | B16: 12.01.2026 | D16: 109 | E16: 46 | F16: 5189 | G16: =IF(5032-F16<0,0,5032-F16) -> 0 | H16: 470 | I16: 0 | J16: 0 | K16: 0 | L16: 0 | M16: 16486.25 | N16: 6957.5 | O16: =F16*19.94 -> 103468.66 | P16: =G16*19.94 -> 0 | Q16: 71087.5 | R16: 0 | S16: 0 | T16: =SUM(L16:S16) -> 197999.91
... A35: 31 | B35: 31.01.2026 | D35: 15 | E35: 70 | F35: 4544 | G35: =IF(5032-F35<0,0,5032-F35) -> 488 | H35: 540 | I35: 0 | J35: 0 | K35: 0 | L35: 0 | M35: 2268.75 | N35: 10587.5 | O35: =F35*19.94 -> 90607.36 | P35: =G35*19.94 -> 9730.72 | Q35: 81675 | R35: 0 | S35: 0 | T35: =SUM(L35:S35) -> 194869.33
D36: 3646 | E36: 2261 | F36: =SUM(F5:F35) -> 150124 | G36: =SUM(G5:G35) -> 12503 | H36: =SUM(H5:H35) -> 13468 | I36: =SUM(I5:I35) -> 0 | J36: =SUM(J5:J35) -> 0 | K36: =SUM(K5:K35) -> 0 | L36: =SUM(L5:L35) -> 0 | M36: =SUM(M5:M35) -> 551457.5 | ... R36: =SUM(R5:R35) -> 0 | S36: 0 | T36: =SUM(T5:T35) -> 6173251.1
T37: =T36*1.22 -> 7531366.4

Sheet Баумана Полиом
A2: Отчет по хранению товара за Январь 2026 Баумана Полиом
A3: № | B3: дата | D3: Выгрузка кол-во паллет | E3: Загрузка кол-во паллет | F3: Хранение | G3: Резервирование 6920 ГЕ | H3: Мин. Суточный резерв 625 | I3: переконсолидация (тонн) | J3: Паллетирование | K3: Взвешивание | L3: Стоимость взвешивания | M3: стоимость выгрузки | N3: стоимость загрузки | O3: стоимость хранения | P3: Стоимость резервирования | Q3: Стоимость мин.суточной бработки | R3: стоимость переконс. | S3: Стоимость паллетирования | T3: итого
F4: (кол-во паллет)
A5: 1 | B5: 01.01.2026 | D5: 0 | E5: 0 | F5: 113 | G5: 0 | H5: 0 | I5: 0 | J5: 0 | K5: 0 | L5: 0 | M5: 0 | N5: 0 | O5: 2253.22 | P5: 0 | Q5: 0 | R5: 0 | S5: 0 | T5: 2253.22
A6: 2 | B6: 02.01.2026 | D6: 0 | E6: 0 | F6: 113 | G6: 0 | H6: 0 | I6: 0 | J6: 0 | K6: 0 | L6: 0 | M6: 0 | N6: 0 | O6: 2253.22 | P6: 0 | Q6: 0 | R6: 0 | S6: 0 | T6: 2253.22
A7: 3 | B7: 03.01.2026 | D7: 0 | E7: 0 | F7: 113 | G7: 0 | H7: 0 | I7: 0 | J7: 0 | K7: 0 | L7: 0 | M7: 0 | N7: 0 | O7: 2253.22 | P7: 0 | Q7: 0 | R7: 0 | S7: 0 | T7: 2253.22
A8: 4 | B8: 04.01.2026 | D8: 0 | E8: 0 | F8: 113 | G8: 0 | H8: 0 | I8: 0 | J8: 0 | K8: 0 | L8: 0 | M8: 0 | N8: 0 | O8: 2253.22 | P8: 0 | Q8: 0 | R8: 0 | S8: 0 | T8: 2253.22
A9: 5 | B9: 05.01.2026 | D9: 32 | E9: 0 | F9: 145 | G9: 0 | H9: 0 | I9: 0 | J9: 0 | K9: 0 | L9: 0 | M9: 4840 | N9: 0 | O9: 2891.3 | P9: 0 | Q9: 0 | R9: 0 | S9: 0 | T9: 7731.3
A10: 6 | B10: 06.01.2026 | D10: 128 | E10: 0 | F10: 273 | G10: 0 | H10: 0 | I10: 0 | J10: 0 | K10: 0 | L10: 0 | M10: 19360 | N10: 0 | O10: 5443.62 | P10: 0 | Q10: 0 | R10: 0 | S10: 0 | T10: 24803.62
A11: 7 | B11: 07.01.2026 | D11: 16 | E11: 0 | F11: 289 | G11: 0 | H11: 0 | I11: 0 | J11: 0 | K11: 0 | L11: 0 | M11: 2420 | N11: 0 | O11: 5762.66 | P11: 0 | Q11: 0 | R11: 0 | S11: 0 | T11: 8182.66
A12: 8 | B12: 08.01.2026 | D12: 0 | E12: 0 | F12: 289 | G12: 0 | H12: 0 | I12: 0 | J12: 0 | K12: 0 | L12: 0 | M12: 0 | N12: 0 | O12: 5762.66 | P12: 0 | Q12: 0 | R12: 0 | S12: 0 | T12: 5762.66
A13: 9 | B13: 09.01.2026 | D13: 0 | E13: 0 | F13: 289 | G13: 0 | H13: 0 | I13: 0 | J13: 0 | K13: 0 | L13: 0 | M13: 0 | N13: 0 | O13: 5762.66 | P13: 0 | Q13: 0 | R13: 0 | S13: 0 | T13: 5762.66
A14: 10 | B14: 10.01.2026 | D14: 0 | E14: 16 | F14: 273 | G14: 0 | H14: 0 | I14: 0 | J14: 0 | K14: 0 | L14: 0 | M14: 0 | N14: 2420 | O14: 5443.62 | P14: 0 | Q14: 0 | R14: 0 | S14: 0 | T14: 7863.62
A15: 11 | B15: 11.01.2026 | D15: 0 | E15: 0 | F15: 273 | G15: 0 | H15: 0 | I15: 0 | J15: 0 | K15: 0 | L15: 0 | M15: 0 | N15: 0 | O15: 5443.62 | P15: 0 | Q15: 0 | R15: 0 | S15: 0 | T15: 5443.62
A16: 12 | B16: 12.01.2026 | D16: 0 | E16: 0 | F16: 273 | G16: 0 | H16: 0 | I16: 0 | J16: 0 | K16: 0 | L16: 0 | M16: 0 | N16: 0 | O16: 5443.62 | P16: 0 | Q16: 0 | R16: 0 | S16: 0 | T16: 5443.62
... A35: 31 | B35: 31.01.2026 | D35: 0 | E35: 32 | F35: 177 | G35: 0 | H35: 0 | I35: 0 | J35: 0 | K35: 0 | L35: 0 | M35: 0 | N35: 4840 | O35: 3529.38 | P35: 0 | Q35: 0 | R35: 0 | S35: 0 | T35: 8369.38
D36: 384 | E36: 320 | F36: 5951 | G36: 0 | H36: 0 | I36: 0 | J36: 0 | K36: 0 | L36: 0 | M36: 58080 | N36: 48400 | O36: 118662.94 | P36: 0 | Q36: 0 | R36: 0 | S36: 0 | T36: 225142.94
T37: 274674.39

Sheet Лист1 (2)
A2: Отчет по хранению товара за Январь 2025 Баумана KPI
A3: № | B3: дата | D3: Выгрузка кол-во паллет | E3: Загрузка кол-во паллет | F3: Хранение | G3: Резервирование 6920 ГЕ | H3: Мин. Суточный резерв 600 | I3: переконсолидация (тонн) | J3: Паллетирование | K3: Ночная загруска выгрузка | L3: стоимость ночной загруски | M3: стоимость выгрузки | N3: стоимость загрузки | O3: стоимость хранения | P3: Стоимость резервирования | Q3: Стоимость мин.суточной бработки | R3: стоимость переконс. | S3: Стоимость паллетирования | T3: итого
F4: (кол-во паллет)
A5: 1 | B5: 01.01.2025 | D5: 0 | E5: 0 | F5: 14 | G5: 0 | H5: 0 | I5: 0 | J5: 0 | L5: 0 | M5: 0 | N5: 0 | O5: 279.16 | P5: 0 | Q5: 0 | R5: 0 | S5: 0 | T5: 279.16
A6: 2 | B6: 02.01.2025 | D6: 0 | E6: 0 | F6: 14 | G6: 0 | H6: 0 | I6: 0 | J6: 0 | L6: 0 | M6: 0 | N6: 0 | O6: 279.16 | P6: 0 | Q6: 0 | R6: 0 | S6: 0 | T6: 279.16
A7: 3 | B7: 03.01.2025 | D7: 0 | E7: 0 | F7: 14 | G7: 0 | H7: 0 | I7: 0 | J7: 0 | L7: 0 | M7: 0 | N7: 0 | O7: 279.16 | P7: 0 | Q7: 0 | R7: 0 | S7: 0 | T7: 279.16
A8: 4 | B8: 04.01.2025 | D8: 0 | E8: 0 | F8: 14 | G8: 0 | H8: 0 | I8: 0 | J8: 0 | L8: 0 | M8: 0 | N8: 0 | O8: 279.16 | P8: 0 | Q8: 0 | R8: 0 | S8: 0 | T8: 279.16
A9: 5 | B9: 05.01.2025 | D9: 0 | E9: 0 | F9: 14 | G9: 0 | H9: 0 | I9: 0 | J9: 0 | L9: 0 | M9: 0 | N9: 0 | O9: 279.16 | P9: 0 | Q9: 0 | R9: 0 | S9: 0 | T9: 279.16
A10: 6 | B10: 06.01.2025 | D10: 0 | E10: 0 | F10: 14 | G10: 0 | H10: 0 | I10: 0 | J10: 0 | L10: 0 | M10: 0 | N10: 0 | O10: 279.16 | P10: 0 | Q10: 0 | R10: 0 | S10: 0 | T10: 279.16
A11: 7 | B11: 07.01.2025 | D11: 0 | E11: 0 | F11: 14 | G11: 0 | H11: 0 | I11: 0 | J11: 0 | L11: 0 | M11: 0 | N11: 0 | O11: 279.16 | P11: 0 | Q11: 0 | R11: 0 | S11: 0 | T11: 279.16
A12: 8 | B12: 08.01.2025 | D12: 0 | E12: 0 | F12: 14 | G12: 0 | H12: 0 | I12: 0 | J12: 0 | L12: 0 | M12: 0 | N12: 0 | O12: 279.16 | P12: 0 | Q12: 0 | R12: 0 | S12: 0 | T12: 279.16
A13: 9 | B13: 09.01.2025 | D13: 0 | E13: 0 | F13: 14 | G13: 0 | H13: 0 | I13: 0 | J13: 0 | L13: 0 | M13: 0 | N13: 0 | O13: 279.16 | P13: 0 | Q13: 0 | R13: 0 | S13: 0 | T13: 279.16
A14: 10 | B14: 10.01.2025 | D14: 0 | E14: 0 | F14: 14 | G14: 0 | H14: 0 | I14: 0 | J14: 0 | L14: 0 | M14: 0 | N14: 0 | O14: 279.16 | P14: 0 | Q14: 0 | R14: 0 | S14: 0 | T14: 279.16
A15: 11 | B15: 11.01.2025 | D15: 0 | E15: 0 | F15: 14 | G15: 0 | H15: 0 | I15: 0 | J15: 0 | L15: 0 | M15: 0 | N15: 0 | O15: 279.16 | P15: 0 | Q15: 0 | R15: 0 | S15: 0 | T15: 279.16
A16: 12 | B16: 12.01.2025 | D16: 0 | E16: 0 | F16: 14 | G16: 0 | H16: 0 | I16: 0 | J16: 0 | L16: 0 | M16: 0 | N16: 0 | O16: 279.16 | P16: 0 | Q16: 0 | R16: 0 | S16: 0 | T16: 279.16
... A35: 31 | B35: 31.01.2025 | D35: 0 | E35: 0 | F35: 14 | G35: 0 | H35: 0 | I35: 0 | J35: 0 | L35: 0 | M35: 0 | N35: 0 | O35: 279.16 | P35: 0 | Q35: 0 | R35: 0 | S35: 0 | T35: 279.16
D36: 0 | E36: 0 | F36: 434 | G36: 0 | H36: 0 | I36: 0 | J36: 0 | K36: 0 | L36: 0 | M36: 0 | N36: 0 | O36: 8653.96 | P36: 0 | Q36: 0 | R36: 0 | S36: 0 | T36: 8653.96
T37: 10384.75

Sheet Лист1 (3)
A2: Отчет по хранению товара за Январь 2025 Баумана Полимеры
A3: № | B3: дата | D3: Выгрузка кол-во паллет | E3: Загрузка кол-во паллет | F3: Хранение | G3: Резервирование 6920 ГЕ | H3: Мин. Суточный резерв 600 | I3: переконсолидация (тонн) | J3: Паллетирование | K3: Ночная загруска выгрузка | L3: стоимость ночной загруски | M3: стоимость выгрузки | N3: стоимость загрузки | O3: стоимость хранения | P3: Стоимость резервирования | Q3: Стоимость мин.суточной бработки | R3: стоимость переконс. | S3: Стоимость паллетирования | T3: итого
F4: (кол-во паллет)
A5: 1 | B5: 01.01.2025 | D5: 0 | E5: 0 | F5: 1989 | G5: 4931 | H5: 600 | I5: 0 | J5: 0 | L5: 0 | M5: 0 | N5: 0 | O5: 39660.66 | P5: 98324.14 | Q5: 90750 | R5: 0 | S5: 0 | T5: 228734.8
A6: 2 | B6: 02.01.2025 | D6: 135 | E6: 0 | F6: 2124 | G6: 4796 | H6: 465 | I6: 0 | J6: 0 | L6: 0 | M6: 20418.75 | N6: 0 | O6: 42352.56 | P6: 95632.24 | Q6: 70331.25 | R6: 0 | S6: 0 | T6: 228734.8
A7: 3 | B7: 03.01.2025 | D7: 75 | E7: 0 | F7: 2199 | G7: 4721 | H7: 525 | I7: 0 | J7: 0 | L7: 0 | M7: 11343.75 | N7: 0 | O7: 43848.06 | P7: 94136.74 | Q7: 79406.25 | R7: 0 | S7: 0 | T7: 228734.8
A8: 4 | B8: 04.01.2025 | D8: 150 | E8: 30 | F8: 2319 | G8: 4601 | H8: 420 | I8: 0 | J8: 0 | L8: 0 | M8: 22687.5 | N8: 4537.5 | O8: 46240.86 | P8: 91743.94 | Q8: 63525 | R8: 0 | S8: 0 | T8: 228734.8
A9: 5 | B9: 05.01.2025 | D9: 215 | E9: 0 | F9: 2534 | G9: 4386 | H9: 385 | I9: 0 | J9: 0 | L9: 0 | M9: 32518.75 | N9: 0 | O9: 50527.96 | P9: 87456.84 | Q9: 58231.25 | R9: 0 | S9: 0 | T9: 228734.8
A10: 6 | B10: 06.01.2025 | D10: 225 | E10: 0 | F10: 2759 | G10: 4161 | H10: 375 | I10: 0 | J10: 0 | L10: 0 | M10: 34031.25 | N10: 0 | O10: 55014.46 | P10: 82970.34 | Q10: 56718.75 | R10: 0 | S10: 0 | T10: 228734.8
A11: 7 | B11: 07.01.2025 | D11: 345 | E11: 0 | F11: 3104 | G11: 3816 | H11: 255 | I11: 0 | J11: 0 | L11: 0 | M11: 52181.25 | N11: 0 | O11: 61893.76 | P11: 76091.04 | Q11: 38568.75 | R11: 0 | S11: 0 | T11: 228734.8
A12: 8 | B12: 08.01.2025 | D12: 270 | E12: 0 | F12: 3374 | G12: 3546 | H12: 330 | I12: 4.125 | J12: 4.125 | L12: 0 | M12: 40837.5 | N12: 0 | O12: 67277.56 | P12: 70707.24 | Q12: 49912.5 | R12: 3403.13 | S12: 495 | T12: 232632.93
A13: 9 | B13: 09.01.2025 | D13: 210 | E13: 0 | F13: 3584 | G13: 3336 | H13: 390 | I13: 0 | J13: 0 | L13: 0 | M13: 31762.5 | N13: 0 | O13: 71464.96 | P13: 66519.84 | Q13: 58987.5 | R13: 0 | S13: 0 | T13: 228734.8
A14: 10 | B14: 10.01.2025 | D14: 150 | E14: 16 | F14: 3718 | G14: 3202 | H14: 434 | I14: 0 | J14: 0 | L14: 0 | M14: 22687.5 | N14: 2420 | O14: 74136.92 | P14: 63847.88 | Q14: 65642.5 | R14: 0 | S14: 0 | T14: 228734.8
A15: 11 | B15: 11.01.2025 | D15: 120 | E15: 0 | F15: 3838 | G15: 3082 | H15: 480 | I15: 0 | J15: 0 | L15: 0 | M15: 18150 | N15: 0 | O15: 76529.72 | P15: 61455.08 | Q15: 72600 | R15: 0 | S15: 0 | T15: 228734.8
A16: 12 | B16: 12.01.2025 | D16: 119 | E16: 0 | F16: 3957 | G16: 2963 | H16: 481 | I16: 1.35 | J16: 1.35 | L16: 0 | M16: 17998.75 | N16: 0 | O16: 78902.58 | P16: 59082.22 | Q16: 72751.25 | R16: 1113.75 | S16: 162 | T16: 230010.55
... A35: 31 | B35: 31.01.2025 | D35: 0 | E35: 169 | F35: 1843 | G35: 5077 | H35: 431 | I35: 0 | J35: 0 | L35: 0 | M35: 0 | N35: 25561.25 | O35: 36749.42 | P35: 101235.38 | Q35: 65188.75 | R35: 0 | S35: 0 | T35: 228734.8
D36: 2329 | E36: 2475 | F36: 91083 | G36: 123437 | H36: 13796 | I36: 5.475 | J36: 5.475 | K36: 0 | L36: 0 | M36: 352261.25 | N36: 374343.75 | O36: 1816195 | P36: 2461333.8 | Q36: 2086645 | R36: 4516.88 | S36: 657 | T36: 7095952.7
T37: 8515143.2

Sheet Лист1 (4)
A2: Отчет по хранению товара за Январь 2025 Баумана Полиом
A3: № | B3: дата | D3: Выгрузка кол-во паллет | E3: Загрузка кол-во паллет | F3: Хранение | G3: Резервирование 6920 ГЕ | H3: Мин. Суточный резерв 600 | I3: переконсолидация (тонн) | J3: Паллетирование | K3: Ночная загруска выгрузка | L3: стоимость ночной загруски | M3: стоимость выгрузки | N3: стоимость загрузки | O3: стоимость хранения | P3: Стоимость резервирования | Q3: Стоимость мин.суточной бработки | R3: стоимость переконс. | S3: Стоимость паллетирования | T3: итого
F4: (кол-во паллет)
A5: 1 | B5: 01.01.2025 | D5: 0 | E5: 0 | F5: 16 | G5: 0 | H5: 0 | I5: 0 | J5: 0 | L5: 0 | M5: 0 | N5: 0 | O5: 319.04 | P5: 0 | Q5: 0 | R5: 0 | S5: 0 | T5: 319.04
A6: 2 | B6: 02.01.2025 | D6: 15 | E6: 0 | F6: 31 | G6: 0 | H6: 0 | I6: 0 | J6: 0 | L6: 0 | M6: 2268.75 | N6: 0 | O6: 618.14 | P6: 0 | Q6: 0 | R6: 0 | S6: 0 | T6: 2886.89
A7: 3 | B7: 03.01.2025 | D7: 0 | E7: 0 | F7: 31 | G7: 0 | H7: 0 | I7: 0 | J7: 0 | L7: 0 | M7: 0 | N7: 0 | O7: 618.14 | P7: 0 | Q7: 0 | R7: 0 | S7: 0 | T7: 618.14
A8: 4 | B8: 04.01.2025 | D8: 0 | E8: 0 | F8: 31 | G8: 0 | H8: 0 | I8: 0 | J8: 0 | L8: 0 | M8: 0 | N8: 0 | O8: 618.14 | P8: 0 | Q8: 0 | R8: 0 | S8: 0 | T8: 618.14
A9: 5 | B9: 05.01.2025 | D9: 30 | E9: 0 | F9: 61 | G9: 0 | H9: 0 | I9: 0 | J9: 0 | L9: 0 | M9: 4537.5 | N9: 0 | O9: 1216.34 | P9: 0 | Q9: 0 | R9: 0 | S9: 0 | T9: 5753.84
A10: 6 | B10: 06.01.2025 | D10: 60 | E10: 0 | F10: 121 | G10: 0 | H10: 0 | I10: 0 | J10: 0 | L10: 0 | M10: 9075 | N10: 0 | O10: 2412.74 | P10: 0 | Q10: 0 | R10: 0 | S10: 0 | T10: 11487.74
A11: 7 | B11: 07.01.2025 | D11: 45 | E11: 0 | F11: 166 | G11: 0 | H11: 0 | I11: 0 | J11: 0 | L11: 0 | M11: 6806.25 | N11: 0 | O11: 3310.04 | P11: 0 | Q11: 0 | R11: 0 | S11: 0 | T11: 10116.29
A12: 8 | B12: 08.01.2025 | D12: 45 | E12: 15 | F12: 196 | G12: 0 | H12: 0 | I12: 0 | J12: 0 | L12: 0 | M12: 6806.25 | N12: 2268.75 | O12: 3908.24 | P12: 0 | Q12: 0 | R12: 0 | S12: 0 | T12: 12983.24
A13: 9 | B13: 09.01.2025 | D13: 0 | E13: 0 | F13: 196 | G13: 0 | H13: 0 | I13: 0 | J13: 0 | L13: 0 | M13: 0 | N13: 0 | O13: 3908.24 | P13: 0 | Q13: 0 | R13: 0 | S13: 0 | T13: 3908.24
A14: 10 | B14: 10.01.2025 | D14: 0 | E14: 0 | F14: 196 | G14: 0 | H14: 0 | I14: 0 | J14: 0 | L14: 0 | M14: 0 | N14: 0 | O14: 3908.24 | P14: 0 | Q14: 0 | R14: 0 | S14: 0 | T14: 3908.24
A15: 11 | B15: 11.01.2025 | D15: 0 | E15: 0 | F15: 196 | G15: 0 | H15: 0 | I15: 0 | J15: 0 | L15: 0 | M15: 0 | N15: 0 | O15: 3908.24 | P15: 0 | Q15: 0 | R15: 0 | S15: 0 | T15: 3908.24
A16: 12 | B16: 12.01.2025 | D16: 0 | E16: 0 | F16: 196 | G16: 0 | H16: 0 | I16: 0 | J16: 0 | L16: 0 | M16: 0 | N16: 0 | O16: 3908.24 | P16: 0 | Q16: 0 | R16: 0 | S16: 0 | T16: 3908.24
... A35: 31 | B35: 31.01.2025 | D35: 0 | E35: 0 | F35: 76 | G35: 0 | H35: 0 | I35: 0 | J35: 0 | L35: 0 | M35: 0 | N35: 0 | O35: 1515.44 | P35: 0 | Q35: 0 | R35: 0 | S35: 0 | T35: 1515.44
D36: 195 | E36: 135 | F36: 3226 | G36: 0 | H36: 0 | I36: 0 | J36: 0 | K36: 0 | L36: 0 | M36: 29493.75 | N36: 20418.75 | O36: 64326.44 | P36: 0 | Q36: 0 | R36: 0 | S36: 0 | T36: 114238.94
T37: 137086.73

Sheet Екатеринбург KPI
A2: Отчет по хранению товара за Январь 2026 Екатеринбург KPI
A3: № | B3: дата | D3: Выгрузка кол-во | E3: Загрузка кол-во | F3: Хранение | G3: Резервирование 10500 ГЕ | H3: Мин. Суточный резерв 1000 | I3: переконсолидация (тонн) | J3: Паллетирование | K3: Взвешивание | L3: стоимость взвешивания | M3: стоимость выгрузки | N3: стоимость загрузки | O3: стоимость хранения | P3: Стоимость резервирования | Q3: Стоимость мин.суточной бработки | R3: стоимость переконс. | S3: Стоимость паллетирования | T3: итого
A5: 1 | B5: 01.01.2026 | D5: 0 | E5: 0 | F5: 3.85 | G5: 0 | H5: 0 | I5: 0 | J5: 0 | K5: 0 | L5: 0 | M5: 0 | N5: 0 | O5: 61.87 | P5: 0 | Q5: 0 | R5: 0 | S5: 0 | T5: 61.87
A6: 2 | B6: 02.01.2026 | D6: 0 | E6: 0 | F6: 3.85 | G6: 0 | H6: 0 | I6: 0 | J6: 0 | K6: 0 | L6: 0 | M6: 0 | N6: 0 | O6: 61.87 | P6: 0 | Q6: 0 | R6: 0 | S6: 0 | T6: 61.87
A7: 3 | B7: 03.01.2026 | D7: 0 | E7: 0 | F7: 3.85 | G7: 0 | H7: 0 | I7: 0 | J7: 0 | K7: 0 | L7: 0 | M7: 0 | N7: 0 | O7: 61.87 | P7: 0 | Q7: 0 | R7: 0 | S7: 0 | T7: 61.87
A8: 4 | B8: 04.01.2026 | D8: 0 | E8: 0 | F8: 3.85 | G8: 0 | H8: 0 | I8: 0 | J8: 0 | K8: 0 | L8: 0 | M8: 0 | N8: 0 | O8: 61.87 | P8: 0 | Q8: 0 | R8: 0 | S8: 0 | T8: 61.87
A9: 5 | B9: 05.01.2026 | D9: 0 | E9: 0 | F9: 3.85 | G9: 0 | H9: 0 | I9: 0 | J9: 0 | K9: 0 | L9: 0 | M9: 0 | N9: 0 | O9: 61.87 | P9: 0 | Q9: 0 | R9: 0 | S9: 0 | T9: 61.87
A10: 6 | B10: 06.01.2026 | D10: 0 | E10: 0 | F10: 3.85 | G10: 0 | H10: 0 | I10: 0 | J10: 0 | K10: 0 | L10: 0 | M10: 0 | N10: 0 | O10: 61.87 | P10: 0 | Q10: 0 | R10: 0 | S10: 0 | T10: 61.87
A11: 7 | B11: 07.01.2026 | D11: 0 | E11: 0 | F11: 3.85 | G11: 0 | H11: 0 | I11: 0 | J11: 0 | K11: 0 | L11: 0 | M11: 0 | N11: 0 | O11: 61.87 | P11: 0 | Q11: 0 | R11: 0 | S11: 0 | T11: 61.87
A12: 8 | B12: 08.01.2026 | D12: 0 | E12: 0 | F12: 3.85 | G12: 0 | H12: 0 | I12: 0 | J12: 0 | K12: 0 | L12: 0 | M12: 0 | N12: 0 | O12: 61.87 | P12: 0 | Q12: 0 | R12: 0 | S12: 0 | T12: 61.87
A13: 9 | B13: 09.01.2026 | D13: 0 | E13: 0 | F13: 3.85 | G13: 0 | H13: 0 | I13: 0 | J13: 0 | K13: 0 | L13: 0 | M13: 0 | N13: 0 | O13: 61.87 | P13: 0 | Q13: 0 | R13: 0 | S13: 0 | T13: 61.87
A14: 10 | B14: 10.01.2026 | D14: 0 | E14: 0 | F14: 3.85 | G14: 0 | H14: 0 | I14: 0 | J14: 0 | K14: 0 | L14: 0 | M14: 0 | N14: 0 | O14: 61.87 | P14: 0 | Q14: 0 | R14: 0 | S14: 0 | T14: 61.87
A15: 11 | B15: 11.01.2026 | D15: 0 | E15: 0 | F15: 3.85 | G15: 0 | H15: 0 | I15: 0 | J15: 0 | K15: 0 | L15: 0 | M15: 0 | N15: 0 | O15: 61.87 | P15: 0 | Q15: 0 | R15: 0 | S15: 0 | T15: 61.87
A16: 12 | B16: 12.01.2026 | D16: 0 | E16: 0 | F16: 3.85 | G16: 0 | H16: 0 | I16: 0 | J16: 0 | K16: 0 | L16: 0 | M16: 0 | N16: 0 | O16: 61.87 | P16: 0 | Q16: 0 | R16: 0 | S16: 0 | T16: 61.87
... A35: 31 | B35: 31.01.2026 | D35: 0 | E35: 0 | F35: 3.85 | G35: 0 | H35: 0 | I35: 0 | J35: 0 | K35: 0 | L35: 0 | M35: 0 | N35: 0 | O35: 61.87 | P35: 0 | Q35: 0 | R35: 0 | S35: 0 | T35: 61.87
D36: 0 | E36: 0 | F36: 119.35 | G36: 0 | H36: 0 | I36: 0 | J36: 0 | K36: 0 | L36: 0 | M36: 0 | N36: 0 | O36: 1917.95 | P36: 0 | Q36: 0 | R36: 0 | S36: 0 | T36: 1917.95
T37: 2339.9

Sheet Екатеринбург Полимеры
A2: Отчет по хранению товара за Январь 2026 Екатеринбург Полимеры
A3: № | B3: дата | D3: Выгрузка кол-во | E3: Загрузка кол-во | F3: Хранение | G3: Резервирование 10500 ГЕ | H3: Мин. Суточный резерв 1000 | I3: переконсолидация (тонн) | J3: Паллетирование | K3: Взвешивание | L3: стоимость взвешивания | M3: стоимость выгрузки | N3: стоимость загрузки | O3: стоимость хранения | P3: Стоимость резервирования | Q3: Стоимость мин.суточной бработки | R3: стоимость переконс. | S3: Стоимость паллетирования | T3: итого
A5: 1 | B5: 01.01.2026 | D5: 0 | E5: 0 | F5: 6250.177 | G5: 4249.823 | H5: 1000 | I5: 0 | J5: 0 | K5: 0 | L5: 0 | M5: 0 | N5: 0 | O5: 100440.34 | P5: 68294.66 | Q5: 95000 | R5: 0 | S5: 0 | T5: 263735
A6: 2 | B6: 02.01.2026 | D6: 0 | E6: 0 | F6: 6250.177 | G6: 4249.823 | H6: 1000 | I6: 0 | J6: 0 | K6: 0 | L6: 0 | M6: 0 | N6: 0 | O6: 100440.34 | P6: 68294.66 | Q6: 95000 | R6: 0 | S6: 0 | T6: 263735
A7: 3 | B7: 03.01.2026 | D7: 22.5 | E7: 22 | F7: 6250.677 | G7: 4249.323 | H7: 955.5 | I7: 0 | J7: 0 | K7: 0 | L7: 0 | M7: 2137.5 | N7: 2090 | O7: 100448.38 | P7: 68286.62 | Q7: 90772.5 | R7: 0 | S7: 0 | T7: 263735
A8: 4 | B8: 04.01.2026 | D8: 221.497 | E8: 0 | F8: 6472.174 | G8: 4027.826 | H8: 778.503 | I8: 1.475 | J8: 1.475 | K8: 0.025 | L8: 3.75 | M8: 21042.22 | N8: 0 | O8: 104007.84 | P8: 64727.16 | Q8: 73957.79 | R8: 1475 | S8: 295 | T8: 265508.75
A9: 5 | B9: 05.01.2026 | D9: 224.5 | E9: 0 | F9: 6696.674 | G9: 3803.326 | H9: 775.5 | I9: 1.475 | J9: 1.475 | K9: 0 | L9: 0 | M9: 21327.5 | N9: 0 | O9: 107615.55 | P9: 61119.45 | Q9: 73672.5 | R9: 1475 | S9: 295 | T9: 265505
A10: 6 | B10: 06.01.2026 | D10: 562.5 | E10: 22.5 | F10: 7236.674 | G10: 3263.326 | H10: 415 | I10: 4.5 | J10: 4.5 | K10: 0 | L10: 0 | M10: 53437.5 | N10: 2137.5 | O10: 116293.35 | P10: 52441.65 | Q10: 39425 | R10: 4500 | S10: 900 | T10: 269135
A11: 7 | B11: 07.01.2026 | D11: 719.997 | E11: 45 | F11: 7911.671 | G11: 2588.329 | H11: 235.003 | I11: 1.475 | J11: 1.5 | K11: 0.022 | L11: 3.3 | M11: 68399.72 | N11: 4275 | O11: 127140.55 | P11: 41594.45 | Q11: 22325.29 | R11: 1475 | S11: 300 | T11: 265513.3
A12: 8 | B12: 08.01.2026 | D12: 717.119 | E12: 22.5 | F12: 8606.29 | G12: 1893.71 | H12: 260.381 | I12: 2.775 | J12: 2.775 | K12: 0.094 | L12: 14.1 | M12: 68126.31 | N12: 2137.5 | O12: 138303.08 | P12: 30431.92 | Q12: 24736.2 | R12: 2775 | S12: 555 | T12: 267079.1
A13: 9 | B13: 09.01.2026 | D13: 696 | E13: 22.5 | F13: 9279.79 | G13: 1220.21 | H13: 281.5 | I13: 0 | J13: 0 | K13: 0 | L13: 0 | M13: 66120 | N13: 2137.5 | O13: 149126.23 | P13: 19608.77 | Q13: 26742.5 | R13: 0 | S13: 0 | T13: 263735
A14: 10 | B14: 10.01.2026 | D14: 830 | E14: 21 | F14: 10088.79 | G14: 411.21 | H14: 149 | I14: 0 | J14: 0 | K14: 0 | L14: 0 | M14: 78850 | N14: 1995 | O14: 162126.86 | P14: 6608.14 | Q14: 14155 | R14: 0 | S14: 0 | T14: 263735
A15: 11 | B15: 11.01.2026 | D15: 585 | E15: 45 | F15: 10628.79 | G15: 0 | H15: 370 | I15: 0 | J15: 0 | K15: 0 | L15: 0 | M15: 55575 | N15: 4275 | O15: 170804.66 | P15: 0 | Q15: 35150 | R15: 0 | S15: 0 | T15: 265804.66
A16: 12 | B16: 12.01.2026 | D16: 1123.5 | E16: 67.5 | F16: 11684.79 | G16: 0 | H16: 0 | I16: 0 | J16: 0 | K16: 0 | L16: 0 | M16: 106732.5 | N16: 6412.5 | O16: 187774.58 | P16: 0 | Q16: 0 | R16: 0 | S16: 0 | T16: 300919.58
... A35: 31 | B35: 31.01.2026 | D35: 67.5 | E35: 651.5 | F35: 8389.661 | G35: 2110.339 | H35: 281 | I35: 0 | J35: 0 | K35: 0 | L35: 0 | M35: 6412.5 | N35: 61892.5 | O35: 134821.85 | P35: 33913.15 | Q35: 26695 | R35: 0 | S35: 0 | T35: 263735
D36: 9768.609 | E36: 7629.125 | F36: 330652.06 | G36: 34709.137 | H36: 13793.266 | I36: 15.975 | J36: 16 | K36: 0.189 | L36: 28.35 | M36: 928017.86 | N36: 724766.88 | O36: 5313578.7 | P36: 557775.83 | Q36: 1310360.3 | R36: 15975 | S36: 3200 | T36: 8853702.8
T37: 10801517

Sheet Екатеринбург Полиом
A2: Отчет по хранению товара за Январь 2026 Екатеринбург Полиом
A3: № | B3: дата | D3: Выгрузка кол-во | E3: Загрузка кол-во | F3: Хранение | G3: Резервирование 10500 ГЕ | H3: Мин. Суточный резерв 1000 | I3: переконсолидация (тонн) | J3: Паллетирование | K3: Взвешивание | L3: стоимость взвешивания | M3: стоимость выгрузки | N3: стоимость загрузки | O3: стоимость хранения | P3: Стоимость резервирования | Q3: Стоимость мин.суточной бработки | R3: стоимость переконс. | S3: Стоимость паллетирования | T3: итого
A5: 1 | B5: 01.01.2026 | D5: 0 | E5: 0 | F5: 256.7 | G5: 0 | H5: 0 | I5: 0 | J5: 0 | K5: 0 | L5: 0 | M5: 0 | N5: 0 | O5: 4125.17 | P5: 0 | Q5: 0 | R5: 0 | S5: 0 | T5: 4125.17
A6: 2 | B6: 02.01.2026 | D6: 0 | E6: 0 | F6: 256.7 | G6: 0 | H6: 0 | I6: 0 | J6: 0 | K6: 0 | L6: 0 | M6: 0 | N6: 0 | O6: 4125.17 | P6: 0 | Q6: 0 | R6: 0 | S6: 0 | T6: 4125.17
A7: 3 | B7: 03.01.2026 | D7: 0 | E7: 0 | F7: 256.7 | G7: 0 | H7: 0 | I7: 0 | J7: 0 | K7: 0 | L7: 0 | M7: 0 | N7: 0 | O7: 4125.17 | P7: 0 | Q7: 0 | R7: 0 | S7: 0 | T7: 4125.17
A8: 4 | B8: 04.01.2026 | D8: 0 | E8: 0 | F8: 256.7 | G8: 0 | H8: 0 | I8: 0 | J8: 0 | K8: 0 | L8: 0 | M8: 0 | N8: 0 | O8: 4125.17 | P8: 0 | Q8: 0 | R8: 0 | S8: 0 | T8: 4125.17
A9: 5 | B9: 05.01.2026 | D9: 0 | E9: 0 | F9: 256.7 | G9: 0 | H9: 0 | I9: 0 | J9: 0 | K9: 0 | L9: 0 | M9: 0 | N9: 0 | O9: 4125.17 | P9: 0 | Q9: 0 | R9: 0 | S9: 0 | T9: 4125.17
A10: 6 | B10: 06.01.2026 | D10: 0 | E10: 0 | F10: 256.7 | G10: 0 | H10: 0 | I10: 0 | J10: 0 | K10: 0 | L10: 0 | M10: 0 | N10: 0 | O10: 4125.17 | P10: 0 | Q10: 0 | R10: 0 | S10: 0 | T10: 4125.17
A11: 7 | B11: 07.01.2026 | D11: 0 | E11: 0 | F11: 256.7 | G11: 0 | H11: 0 | I11: 0 | J11: 0 | K11: 0 | L11: 0 | M11: 0 | N11: 0 | O11: 4125.17 | P11: 0 | Q11: 0 | R11: 0 | S11: 0 | T11: 4125.17
A12: 8 | B12: 08.01.2026 | D12: 0 | E12: 0 | F12: 256.7 | G12: 0 | H12: 0 | I12: 0 | J12: 0 | K12: 0 | L12: 0 | M12: 0 | N12: 0 | O12: 4125.17 | P12: 0 | Q12: 0 | R12: 0 | S12: 0 | T12: 4125.17
A13: 9 | B13: 09.01.2026 | D13: 0 | E13: 66 | F13: 190.7 | G13: 0 | H13: 0 | I13: 0 | J13: 0 | K13: 0 | L13: 0 | M13: 0 | N13: 6270 | O13: 3064.55 | P13: 0 | Q13: 0 | R13: 0 | S13: 0 | T13: 9334.55
A14: 10 | B14: 10.01.2026 | D14: 0 | E14: 0 | F14: 190.7 | G14: 0 | H14: 0 | I14: 0 | J14: 0 | K14: 0 | L14: 0 | M14: 0 | N14: 0 | O14: 3064.55 | P14: 0 | Q14: 0 | R14: 0 | S14: 0 | T14: 3064.55
A15: 11 | B15: 11.01.2026 | D15: 0 | E15: 0 | F15: 190.7 | G15: 0 | H15: 0 | I15: 0 | J15: 0 | K15: 0 | L15: 0 | M15: 0 | N15: 0 | O15: 3064.55 | P15: 0 | Q15: 0 | R15: 0 | S15: 0 | T15: 3064.55
A16: 12 | B16: 12.01.2026 | D16: 0 | E16: 22 | F16: 168.7 | G16: 0 | H16: 0 | I16: 0 | J16: 0 | K16: 0 | L16: 0 | M16: 0 | N16: 2090 | O16: 2711.01 | P16: 0 | Q16: 0 | R16: 0 | S16: 0 | T16: 4801.01
... A35: 31 | B35: 31.01.2026 | D35: 44 | E35: 20.625 | F35: 167.325 | G35: 0 | H35: 0 | I35: 0 | J35: 0 | K35: 0 | L35: 0 | M35: 4180 | N35: 1959.38 | O35: 2688.91 | P35: 0 | Q35: 0 | R35: 0 | S35: 0 | T35: 8828.29
D36: 132 | E36: 221.375 | F36: 5115.575 | G36: 0 | H36: 0 | I36: 0 | J36: 0 | K36: 0 | L36: 0 | M36: 12540 | N36: 21030.63 | O36: 82207.29 | P36: 0 | Q36: 0 | R36: 0 | S36: 0 | T36: 115777.92
T37: 141249.06

Sheet Екатеринбург НПЭГ
A2: Отчет по хранению товара за Январь 2026 Екатеринбург НПЭГ НПЭГ
A3: № | B3: дата | D3: Выгрузка кол-во | E3: Загрузка кол-во | F3: Хранение | G3: Резервирование 10500 ГЕ | H3: Мин. Суточный резерв 1000 | I3: переконсолидация (тонн) | J3: Паллетирование | K3: Взвешивание | L3: стоимость взвешивания | M3: стоимость выгрузки | N3: стоимость загрузки | O3: стоимость хранения | P3: Стоимость резервирования | Q3: Стоимость мин.суточной бработки | R3: стоимость переконс. | S3: Стоимость паллетирования | T3: итого
A5: 1 | B5: 01.01.2026 | D5: 0 | E5: 0 | F5: 177.394 | L5: 0 | M5: 0 | N5: 0 | O5: 2850.72 | P5: 0 | Q5: 0 | R5: 0 | S5: 0 | T5: 2850.72
A6: 2 | B6: 02.01.2026 | D6: 0 | E6: 0 | F6: 177.394 | L6: 0 | M6: 0 | N6: 0 | O6: 2850.72 | P6: 0 | Q6: 0 | R6: 0 | S6: 0 | T6: 2850.72
A7: 3 | B7: 03.01.2026 | D7: 0 | E7: 0 | F7: 177.394 | L7: 0 | M7: 0 | N7: 0 | O7: 2850.72 | P7: 0 | Q7: 0 | R7: 0 | S7: 0 | T7: 2850.72
A8: 4 | B8: 04.01.2026 | D8: 0 | E8: 0 | F8: 177.394 | L8: 0 | M8: 0 | N8: 0 | O8: 2850.72 | P8: 0 | Q8: 0 | R8: 0 | S8: 0 | T8: 2850.72
A9: 5 | B9: 05.01.2026 | D9: 0 | E9: 0 | F9: 177.394 | L9: 0 | M9: 0 | N9: 0 | O9: 2850.72 | P9: 0 | Q9: 0 | R9: 0 | S9: 0 | T9: 2850.72
A10: 6 | B10: 06.01.2026 | D10: 0 | E10: 0 | F10: 177.394 | L10: 0 | M10: 0 | N10: 0 | O10: 2850.72 | P10: 0 | Q10: 0 | R10: 0 | S10: 0 | T10: 2850.72
A11: 7 | B11: 07.01.2026 | D11: 0 | E11: 0 | F11: 177.394 | L11: 0 | M11: 0 | N11: 0 | O11: 2850.72 | P11: 0 | Q11: 0 | R11: 0 | S11: 0 | T11: 2850.72
A12: 8 | B12: 08.01.2026 | D12: 0 | E12: 0 | F12: 177.394 | L12: 0 | M12: 0 | N12: 0 | O12: 2850.72 | P12: 0 | Q12: 0 | R12: 0 | S12: 0 | T12: 2850.72
A13: 9 | B13: 09.01.2026 | D13: 0 | E13: 0 | F13: 177.394 | L13: 0 | M13: 0 | N13: 0 | O13: 2850.72 | P13: 0 | Q13: 0 | R13: 0 | S13: 0 | T13: 2850.72
A14: 10 | B14: 10.01.2026 | D14: 0 | E14: 0 | F14: 177.394 | L14: 0 | M14: 0 | N14: 0 | O14: 2850.72 | P14: 0 | Q14: 0 | R14: 0 | S14: 0 | T14: 2850.72
A15: 11 | B15: 11.01.2026 | D15: 0 | E15: 0 | F15: 177.394 | L15: 0 | M15: 0 | N15: 0 | O15: 2850.72 | P15: 0 | Q15: 0 | R15: 0 | S15: 0 | T15: 2850.72
A16: 12 | B16: 12.01.2026 | D16: 0 | E16: 0 | F16: 177.394 | L16: 0 | M16: 0 | N16: 0 | O16: 2850.72 | P16: 0 | Q16: 0 | R16: 0 | S16: 0 | T16: 2850.72
... A35: 31 | B35: 31.01.2026 | D35: 0 | E35: 0 | F35: 177.394 | L35: 0 | M35: 0 | N35: 0 | O35: 2850.72 | P35: 0 | Q35: 0 | R35: 0 | S35: 0 | T35: 2850.72
D36: 0 | E36: 0 | F36: 5499.214 | G36: 0 | H36: 0 | I36: 0 | J36: 0 | K36: 0 | L36: 0 | M36: 0 | N36: 0 | O36: 88372.37 | P36: 0 | Q36: 0 | R36: 0 | S36: 0 | T36: 88372.37
T37: 107814.29

Sheet Зеленодольск Полимеры
A2: Отчет по хранению товара за Январь 2026 Зеленодольск Полимеры
A3: № | B3: дата | D3: Выгрузка кол-во | E3: Загрузка кол-во | F3: Хранение | G3: Резервирование 9500 ГЕ | H3: Мин. Суточный резерв 700 | I3: переконсолидация (тонн) | J3: Паллетирование | K3: Ночная загруска выгрузка | L3: стоимость ночной загруски | M3: стоимость выгрузки | N3: стоимость загрузки | O3: стоимость хранения | P3: Стоимость резервирования | Q3: Стоимость мин.суточной бработки | R3: стоимость переконс. | S3: Стоимость паллетирования | T3: итого
A5: 1 | B5: 01.01.2026 | D5: 0 | E5: 0 | F5: 11502.608 | G5: 0 | H5: 700 | I5: 0 | J5: 0 | L5: 0 | M5: 0 | N5: 0 | O5: 131359.78 | P5: 0 | Q5: 76006 | R5: 0 | S5: 0 | T5: 207365.78
A6: 2 | B6: 02.01.2026 | D6: 352.875 | E6: 0 | F6: 11855.483 | G6: 0 | H6: 347.125 | I6: 0 | J6: 0 | L6: 0 | M6: 38315.17 | N6: 0 | O6: 135389.62 | P6: 0 | Q6: 37690.83 | R6: 0 | S6: 0 | T6: 211395.62
A7: 3 | B7: 03.01.2026 | D7: 593.625 | E7: 0 | F7: 12449.108 | G7: 0 | H7: 106.375 | I7: 0 | J7: 0 | L7: 0 | M7: 64455.8 | N7: 0 | O7: 142168.81 | P7: 0 | Q7: 11550.2 | R7: 0 | S7: 0 | T7: 218174.81
A8: 4 | B8: 04.01.2026 | D8: 418.25 | E8: 0 | F8: 12867.358 | G8: 0 | H8: 281.75 | I8: 0 | J8: 0 | L8: 0 | M8: 45413.59 | N8: 0 | O8: 146945.23 | P8: 0 | Q8: 30592.42 | R8: 0 | S8: 0 | T8: 222951.23
A9: 5 | B9: 05.01.2026 | D9: 394.125 | E9: 22 | F9: 13239.483 | G9: 0 | H9: 283.875 | I9: 0 | J9: 0 | L9: 0 | M9: 42794.09 | N9: 2388.76 | O9: 151194.9 | P9: 0 | Q9: 30823.15 | R9: 0 | S9: 0 | T9: 227200.9
A10: 6 | B10: 06.01.2026 | D10: 263.25 | E10: 64.75 | F10: 13437.983 | G10: 0 | H10: 372 | I10: 0 | J10: 0 | L10: 0 | M10: 28583.69 | N10: 7030.56 | O10: 153461.77 | P10: 0 | Q10: 40391.76 | R10: 0 | S10: 0 | T10: 229467.77
A11: 7 | B11: 07.01.2026 | D11: 21.375 | E11: 21.375 | F11: 13437.983 | G11: 0 | H11: 657.25 | I11: 0 | J11: 0 | L11: 0 | M11: 2320.9 | N11: 2320.9 | O11: 153461.77 | P11: 0 | Q11: 71364.21 | R11: 0 | S11: 0 | T11: 229467.77
A12: 8 | B12: 08.01.2026 | D12: 110 | E12: 21.375 | F12: 13526.608 | G12: 0 | H12: 568.625 | I12: 0 | J12: 0 | L12: 0 | M12: 11943.8 | N12: 2320.9 | O12: 154473.86 | P12: 0 | Q12: 61741.3 | R12: 0 | S12: 0 | T12: 230479.86
A13: 9 | B13: 09.01.2026 | D13: 44 | E13: 44 | F13: 13526.608 | G13: 0 | H13: 612 | I13: 0 | J13: 0 | L13: 0 | M13: 4777.52 | N13: 4777.52 | O13: 154473.86 | P13: 0 | Q13: 66450.96 | R13: 0 | S13: 0 | T13: 230479.86
A14: 10 | B14: 10.01.2026 | D14: 44 | E14: 65.375 | F14: 13505.233 | G14: 0 | H14: 590.625 | I14: 0 | J14: 0 | L14: 0 | M14: 4777.52 | N14: 7098.42 | O14: 154229.76 | P14: 0 | Q14: 64130.06 | R14: 0 | S14: 0 | T14: 230235.76
A15: 11 | B15: 11.01.2026 | D15: 112.5 | E15: 39.875 | F15: 13577.858 | G15: 0 | H15: 547.625 | I15: 0 | J15: 0 | L15: 0 | M15: 12215.25 | N15: 4329.63 | O15: 155059.14 | P15: 0 | Q15: 59461.12 | R15: 0 | S15: 0 | T15: 231065.14
A16: 12 | B16: 12.01.2026 | D16: 0 | E16: 0 | F16: 13577.858 | G16: 0 | H16: 700 | I16: 0 | J16: 0 | L16: 0 | M16: 0 | N16: 0 | O16: 155059.14 | P16: 0 | Q16: 76006 | R16: 0 | S16: 0 | T16: 231065.14
... A35: 31 | B35: 31.01.2026 | D35: 330 | E35: 175.375 | F35: 11658.183 | G35: 0 | H35: 194.625 | I35: 0 | J35: 0 | L35: 0 | M35: 35831.4 | N35: 19042.22 | O35: 133136.45 | P35: 0 | Q35: 21132.38 | R35: 0 | S35: 0 | T35: 209142.45
D36: 4133.425 | E36: 3977.85 | F36: 385828.62 | G36: 0 | H36: 13588.725 | I36: 21.925 | J36: 21.925 | K36: 0 | L36: 0 | M36: 448807.29 | N36: 431914.95 | O36: 4406162.9 | P36: 0 | Q36: 1475463.8 | R36: 20828.75 | S36: 2631 | T36: 6785808.6
T37: 8278686.5

Sheet Данафлекс Зеленодольск
A2: Отчет по хранению товара за Январь 2026 Зеленодольск Данафлекс Данафлекс
A3: № | B3: дата | D3: Выгрузка кол-во | E3: Загрузка кол-во | F3: Хранение | G3: Резервирование 9500 ГЕ | H3: Мин. Суточный резерв 800 | I3: переконсолидация (тонн) | J3: Паллетирование | K3: Ночная загруска выгрузка | L3: стоимость ночной загруски | M3: стоимость выгрузки | N3: стоимость загрузки | O3: стоимость хранения | P3: Стоимость резервирования | Q3: Стоимость мин.суточной бработки | R3: стоимость переконс. | S3: Стоимость паллетирования | T3: итого
A5: 1 | B5: 01.01.2026 | D5: 0 | E5: 0 | F5: 1023.375 | G5: 0 | H5: 0 | I5: 0 | J5: 0 | L5: 0 | M5: 0 | N5: 0 | O5: 11686.94 | P5: 0 | Q5: 0 | R5: 0 | S5: 0 | T5: 11686.94
A6: 2 | B6: 02.01.2026 | D6: 0 | E6: 0 | F6: 1023.375 | G6: 0 | H6: 0 | I6: 0 | J6: 0 | L6: 0 | M6: 0 | N6: 0 | O6: 11686.94 | P6: 0 | Q6: 0 | R6: 0 | S6: 0 | T6: 11686.94
A7: 3 | B7: 03.01.2026 | D7: 44 | E7: 0 | F7: 1067.375 | G7: 0 | H7: 0 | I7: 0 | J7: 0 | L7: 0 | M7: 4777.52 | N7: 0 | O7: 12189.42 | P7: 0 | Q7: 0 | R7: 0 | S7: 0 | T7: 16966.94
A8: 4 | B8: 04.01.2026 | D8: 44 | E8: 0 | F8: 1111.375 | G8: 0 | H8: 0 | I8: 0 | J8: 0 | L8: 0 | M8: 4777.52 | N8: 0 | O8: 12691.9 | P8: 0 | Q8: 0 | R8: 0 | S8: 0 | T8: 17469.42
A9: 5 | B9: 05.01.2026 | D9: 88 | E9: 22 | F9: 1177.375 | G9: 0 | H9: 0 | I9: 0 | J9: 0 | L9: 0 | M9: 9555.04 | N9: 2388.76 | O9: 13445.62 | P9: 0 | Q9: 0 | R9: 0 | S9: 0 | T9: 25389.42
A10: 6 | B10: 06.01.2026 | D10: 110 | E10: 22 | F10: 1265.375 | G10: 0 | H10: 0 | I10: 0 | J10: 0 | L10: 0 | M10: 11943.8 | N10: 2388.76 | O10: 14450.58 | P10: 0 | Q10: 0 | R10: 0 | S10: 0 | T10: 28783.14
A11: 7 | B11: 07.01.2026 | D11: 66 | E11: 44 | F11: 1287.375 | G11: 0 | H11: 0 | I11: 0 | J11: 0 | L11: 0 | M11: 7166.28 | N11: 4777.52 | O11: 14701.82 | P11: 0 | Q11: 0 | R11: 0 | S11: 0 | T11: 26645.62
A12: 8 | B12: 08.01.2026 | D12: 22 | E12: 22 | F12: 1287.375 | G12: 0 | H12: 0 | I12: 0 | J12: 0 | L12: 0 | M12: 2388.76 | N12: 2388.76 | O12: 14701.82 | P12: 0 | Q12: 0 | R12: 0 | S12: 0 | T12: 19479.34
A13: 9 | B13: 09.01.2026 | D13: 0 | E13: 22 | F13: 1265.375 | G13: 0 | H13: 0 | I13: 0 | J13: 0 | L13: 0 | M13: 0 | N13: 2388.76 | O13: 14450.58 | P13: 0 | Q13: 0 | R13: 0 | S13: 0 | T13: 16839.34
A14: 10 | B14: 10.01.2026 | D14: 0 | E14: 44 | F14: 1221.375 | G14: 0 | H14: 0 | I14: 0 | J14: 0 | L14: 0 | M14: 0 | N14: 4777.52 | O14: 13948.1 | P14: 0 | Q14: 0 | R14: 0 | S14: 0 | T14: 18725.62
A15: 11 | B15: 11.01.2026 | D15: 22 | E15: 44 | F15: 1199.375 | G15: 0 | H15: 0 | I15: 0 | J15: 0 | L15: 0 | M15: 2388.76 | N15: 4777.52 | O15: 13696.86 | P15: 0 | Q15: 0 | R15: 0 | S15: 0 | T15: 20863.14
A16: 12 | B16: 12.01.2026 | D16: 22 | E16: 44 | F16: 1177.375 | G16: 0 | H16: 0 | I16: 0 | J16: 0 | L16: 0 | M16: 2388.76 | N16: 4777.52 | O16: 13445.62 | P16: 0 | Q16: 0 | R16: 0 | S16: 0 | T16: 20611.9
... A35: 31 | B35: 31.01.2026 | D35: 44 | E35: 64.75 | F35: 630.625 | G35: 0 | H35: 0 | I35: 0 | J35: 0 | L35: 0 | M35: 4777.52 | N35: 7030.56 | O35: 7201.74 | P35: 0 | Q35: 0 | R35: 0 | S35: 0 | T35: 19009.81
D36: 592.5 | E36: 985.25 | F36: 29178.375 | G36: 0 | H36: 0 | I36: 0 | J36: 0 | K36: 0 | L36: 0 | M36: 64333.65 | N36: 106978.45 | O36: 333217.04 | P36: 0 | Q36: 0 | R36: 0 | S36: 0 | T36: 504529.14
T37: 615525.55

Sheet Казань_Автосервисная Полимеры
A2: Отчет по хранению товара за Январь 2026 Казань_Автосервисная Полимеры
A3: № | B3: дата | D3: Выгрузка кол-во | E3: Загрузка кол-во | F3: Хранение | G3: Резервирование 0 т | H3: Мин. Суточный резерв 0 т | I3: переконсолидация (тонн) | J3: Паллетирование | K3: Ночная загруска выгрузка | L3: стоимость ночной загруски | M3: стоимость выгрузки за 1 месяц | N3: стоимость загрузки за 1 месяц | O3: стоимость хранения за 1 месяц | P3: Стоимость резервирования | Q3: Стоимость мин.суточной бработки | R3: стоимость переконс. | S3: Стоимость паллетирования | T3: итого
A5: 1 | B5: 01.01.2026 | D5: 0 | E5: 0 | F5: 9466.562 | G5: 0 | H5: 0 | I5: 0 | J5: 0 | L5: 0 | M5: 0 | N5: 0 | O5: 0 | P5: 0 | Q5: 0 | R5: 0 | S5: 0 | T5: 0
A6: 2 | B6: 02.01.2026 | D6: 396 | E6: 22 | F6: 9840.562 | G6: 0 | H6: 0 | I6: 0 | J6: 0 | L6: 0 | M6: 0 | N6: 0 | O6: 0 | P6: 0 | Q6: 0 | R6: 0 | S6: 0 | T6: 0
A7: 3 | B7: 03.01.2026 | D7: 415.5 | E7: 22 | F7: 10234.062 | G7: 0 | H7: 0 | I7: 0 | J7: 0 | L7: 0 | M7: 0 | N7: 0 | O7: 0 | P7: 0 | Q7: 0 | R7: 0 | S7: 0 | T7: 0
A8: 4 | B8: 04.01.2026 | D8: 413 | E8: 0 | F8: 10647.062 | G8: 0 | H8: 0 | I8: 0 | J8: 0 | L8: 0 | M8: 0 | N8: 0 | O8: 0 | P8: 0 | Q8: 0 | R8: 0 | S8: 0 | T8: 0
A9: 5 | B9: 05.01.2026 | D9: 501.625 | E9: 44 | F9: 11104.687 | G9: 0 | H9: 0 | I9: 0 | J9: 0 | L9: 0 | M9: 0 | N9: 0 | O9: 0 | P9: 0 | Q9: 0 | R9: 0 | S9: 0 | T9: 0
A10: 6 | B10: 06.01.2026 | D10: 848.625 | E10: 44 | F10: 11909.312 | G10: 0 | H10: 0 | I10: 0 | J10: 0 | L10: 0 | M10: 0 | N10: 0 | O10: 0 | P10: 0 | Q10: 0 | R10: 0 | S10: 0 | T10: 0
A11: 7 | B11: 07.01.2026 | D11: 637.375 | E11: 22 | F11: 12524.687 | G11: 0 | H11: 0 | I11: 0 | J11: 0 | L11: 0 | M11: 0 | N11: 0 | O11: 0 | P11: 0 | Q11: 0 | R11: 0 | S11: 0 | T11: 0
A12: 8 | B12: 08.01.2026 | D12: 374 | E12: 66 | F12: 12832.687 | G12: 0 | H12: 0 | I12: 0 | J12: 0 | L12: 0 | M12: 0 | N12: 0 | O12: 0 | P12: 0 | Q12: 0 | R12: 0 | S12: 0 | T12: 0
A13: 9 | B13: 09.01.2026 | D13: 484 | E13: 0 | F13: 13316.687 | G13: 0 | H13: 0 | I13: 0 | J13: 0 | L13: 0 | M13: 0 | N13: 0 | O13: 0 | P13: 0 | Q13: 0 | R13: 0 | S13: 0 | T13: 0
A14: 10 | B14: 10.01.2026 | D14: 88 | E14: 110 | F14: 13294.687 | G14: 0 | H14: 0 | I14: 0 | J14: 0 | L14: 0 | M14: 0 | N14: 0 | O14: 0 | P14: 0 | Q14: 0 | R14: 0 | S14: 0 | T14: 0
A15: 11 | B15: 11.01.2026 | D15: 44 | E15: 88 | F15: 13250.687 | G15: 0 | H15: 0 | I15: 0 | J15: 0 | L15: 0 | M15: 0 | N15: 0 | O15: 0 | P15: 0 | Q15: 0 | R15: 0 | S15: 0 | T15: 0
A16: 12 | B16: 12.01.2026 | D16: 264 | E16: 176 | F16: 13338.687 | G16: 0 | H16: 0 | I16: 0 | J16: 0 | L16: 0 | M16: 0 | N16: 0 | O16: 0 | P16: 0 | Q16: 0 | R16: 0 | S16: 0 | T16: 0
... A35: 31 | B35: 31.01.2026 | D35: 242 | E35: 255.75 | F35: 11387.662 | G35: 0 | H35: 0 | I35: 0 | J35: 0 | L35: 0 | M35: 0 | N35: 0 | O35: 0 | P35: 0 | Q35: 0 | R35: 0 | S35: 0 | T35: 0
D36: 8081.95 | E36: 6160.85 | F36: 373741.07 | G36: 0 | H36: 0 | I36: 0 | J36: 0 | K36: 0 | L36: 0 | M36: 1172376 | N36: 1172376 | O36: 12770558 | P36: 0 | Q36: 0 | R36: 0 | S36: 0 | T36: 15115310
T37: 18440678

Sheet Казань_Автосервисная Полиом
A2: Отчет по хранению товара за Январь 2026 Казань_Автосервисная Полиом
A3: № | B3: дата | D3: Выгрузка кол-во | E3: Загрузка кол-во | F3: Хранение | G3: Резервирование 0 т | H3: Мин. Суточный резерв 0 т | I3: переконсолидация (тонн) | J3: Паллетирование | K3: Ночная загруска выгрузка | L3: стоимость ночной загруски | M3: стоимость выгрузки за 1 месяц | N3: стоимость загрузки за 1 месяц | O3: стоимость хранения за 1 месяц | P3: Стоимость резервирования | Q3: Стоимость мин.суточной бработки | R3: стоимость переконс. | S3: Стоимость паллетирования | T3: итого
A5: 1 | B5: 01.01.2026 | D5: 0 | E5: 0 | F5: 10.5 | G5: 0 | H5: 0 | I5: 0 | J5: 0 | L5: 0 | M5: 0 | N5: 0 | O5: 0 | P5: 0 | Q5: 0 | R5: 0 | S5: 0 | T5: 0
A6: 2 | B6: 02.01.2026 | D6: 0 | E6: 0 | F6: 10.5 | G6: 0 | H6: 0 | I6: 0 | J6: 0 | L6: 0 | M6: 0 | N6: 0 | O6: 0 | P6: 0 | Q6: 0 | R6: 0 | S6: 0 | T6: 0
A7: 3 | B7: 03.01.2026 | D7: 0 | E7: 0 | F7: 10.5 | G7: 0 | H7: 0 | I7: 0 | J7: 0 | L7: 0 | M7: 0 | N7: 0 | O7: 0 | P7: 0 | Q7: 0 | R7: 0 | S7: 0 | T7: 0
A8: 4 | B8: 04.01.2026 | D8: 0 | E8: 0 | F8: 10.5 | G8: 0 | H8: 0 | I8: 0 | J8: 0 | L8: 0 | M8: 0 | N8: 0 | O8: 0 | P8: 0 | Q8: 0 | R8: 0 | S8: 0 | T8: 0
A9: 5 | B9: 05.01.2026 | D9: 0 | E9: 0 | F9: 10.5 | G9: 0 | H9: 0 | I9: 0 | J9: 0 | L9: 0 | M9: 0 | N9: 0 | O9: 0 | P9: 0 | Q9: 0 | R9: 0 | S9: 0 | T9: 0
A10: 6 | B10: 06.01.2026 | D10: 0 | E10: 0 | F10: 10.5 | G10: 0 | H10: 0 | I10: 0 | J10: 0 | L10: 0 | M10: 0 | N10: 0 | O10: 0 | P10: 0 | Q10: 0 | R10: 0 | S10: 0 | T10: 0
A11: 7 | B11: 07.01.2026 | D11: 0 | E11: 0 | F11: 10.5 | G11: 0 | H11: 0 | I11: 0 | J11: 0 | L11: 0 | M11: 0 | N11: 0 | O11: 0 | P11: 0 | Q11: 0 | R11: 0 | S11: 0 | T11: 0
A12: 8 | B12: 08.01.2026 | D12: 0 | E12: 0 | F12: 10.5 | G12: 0 | H12: 0 | I12: 0 | J12: 0 | L12: 0 | M12: 0 | N12: 0 | O12: 0 | P12: 0 | Q12: 0 | R12: 0 | S12: 0 | T12: 0
A13: 9 | B13: 09.01.2026 | D13: 0 | E13: 0 | F13: 10.5 | G13: 0 | H13: 0 | I13: 0 | J13: 0 | L13: 0 | M13: 0 | N13: 0 | O13: 0 | P13: 0 | Q13: 0 | R13: 0 | S13: 0 | T13: 0
A14: 10 | B14: 10.01.2026 | D14: 0 | E14: 0 | F14: 10.5 | G14: 0 | H14: 0 | I14: 0 | J14: 0 | L14: 0 | M14: 0 | N14: 0 | O14: 0 | P14: 0 | Q14: 0 | R14: 0 | S14: 0 | T14: 0
A15: 11 | B15: 11.01.2026 | D15: 0 | E15: 0 | F15: 10.5 | G15: 0 | H15: 0 | I15: 0 | J15: 0 | L15: 0 | M15: 0 | N15: 0 | O15: 0 | P15: 0 | Q15: 0 | R15: 0 | S15: 0 | T15: 0
A16: 12 | B16: 12.01.2026 | D16: 0 | E16: 0 | F16: 10.5 | G16: 0 | H16: 0 | I16: 0 | J16: 0 | L16: 0 | M16: 0 | N16: 0 | O16: 0 | P16: 0 | Q16: 0 | R16: 0 | S16: 0 | T16: 0
... A35: 31 | B35: 31.01.2026 | D35: 0 | E35: 0 | F35: 10.5 | G35: 0 | H35: 0 | I35: 0 | J35: 0 | L35: 0 | M35: 0 | N35: 0 | O35: 0 | P35: 0 | Q35: 0 | R35: 0 | S35: 0 | T35: 0
D36: 0 | E36: 0 | F36: 325.5 | G36: 0 | H36: 0 | I36: 0 | J36: 0 | K36: 0 | L36: 0 | M36: 0 | N36: 0 | O36: 11122.18 | P36: 0 | Q36: 0 | R36: 0 | S36: 0 | T36: 11122.18
T37: 13569.06

Sheet Казань_Приволжская Полимеры
A2: Отчет по хранению товара за Январь 2026 Казань_Приволжская Полимеры
A3: № | B3: дата | D3: Выгрузка кол-во | E3: Загрузка кол-во | F3: Хранение | G3: Резервирование 6000 т | H3: Мин. Суточный резерв 500 т | I3: переконсолидация (тонн) | J3: Паллетирование | K3: Взвешивание | L3: стоимость взвешивания | M3: стоимость выгрузки | N3: стоимость загрузки | O3: стоимость хранения | P3: Стоимость резервирования | Q3: Стоимость мин.суточной бработки | R3: стоимость переконс. | S3: Стоимость паллетирования | T3: итого
A5: 1 | B5: 01.01.2026 | D5: 0 | E5: 0 | F5: 5633.75 | G5: 366.25 | H5: 500 | I5: 0 | J5: 0 | K5: 0 | L5: 0 | M5: 0 | N5: 0 | O5: 157745 | P5: 10255 | Q5: 58500 | R5: 0 | S5: 0 | T5: 226500
A6: 2 | B6: 02.01.2026 | D6: 219.375 | E6: 22 | F6: 5831.125 | G6: 168.875 | H6: 258.625 | I6: 0 | J6: 0 | K6: 0 | L6: 0 | M6: 25666.88 | N6: 2574 | O6: 163271.5 | P6: 4728.5 | Q6: 30259.13 | R6: 0 | S6: 0 | T6: 226500
A7: 3 | B7: 03.01.2026 | D7: 22 | E7: 66 | F7: 5787.125 | G7: 212.875 | H7: 412 | I7: 0 | J7: 0 | K7: 0 | L7: 0 | M7: 2574 | N7: 7722 | O7: 162039.5 | P7: 5960.5 | Q7: 48204 | R7: 0 | S7: 0 | T7: 226500
A8: 4 | B8: 04.01.2026 | D8: 66 | E8: 0 | F8: 5853.125 | G8: 146.875 | H8: 434 | I8: 0 | J8: 0 | K8: 0 | L8: 0 | M8: 7722 | N8: 0 | O8: 163887.5 | P8: 4112.5 | Q8: 50778 | R8: 0 | S8: 0 | T8: 226500
A9: 5 | B9: 05.01.2026 | D9: 110 | E9: 0 | F9: 5963.125 | G9: 36.875 | H9: 390 | I9: 0 | J9: 0 | K9: 0 | L9: 0 | M9: 12870 | N9: 0 | O9: 166967.5 | P9: 1032.5 | Q9: 45630 | R9: 0 | S9: 0 | T9: 226500
A10: 6 | B10: 06.01.2026 | D10: 241.375 | E10: 86.125 | F10: 6118.375 | G10: 0 | H10: 172.5 | I10: 0 | J10: 0 | K10: 0 | L10: 0 | M10: 28240.88 | N10: 10076.63 | O10: 171314.5 | P10: 0 | Q10: 20182.5 | R10: 0 | S10: 0 | T10: 229814.5
A11: 7 | B11: 07.01.2026 | D11: 589.625 | E11: 22 | F11: 6686 | G11: 0 | H11: 0 | I11: 0 | J11: 0 | K11: 0 | L11: 0 | M11: 68986.13 | N11: 2574 | O11: 187208 | P11: 0 | Q11: 0 | R11: 0 | S11: 0 | T11: 258768.13
A12: 8 | B12: 08.01.2026 | D12: 304.225 | E12: 0 | F12: 6990.225 | G12: 0 | H12: 195.775 | I12: 0 | J12: 0 | K12: 0 | L12: 0 | M12: 35594.33 | N12: 0 | O12: 195726.3 | P12: 0 | Q12: 22905.68 | R12: 0 | S12: 0 | T12: 254226.3
A13: 9 | B13: 09.01.2026 | D13: 418 | E13: 0 | F13: 7408.225 | G13: 0 | H13: 82 | I13: 0 | J13: 0 | K13: 0 | L13: 0 | M13: 48906 | N13: 0 | O13: 207430.3 | P13: 0 | Q13: 9594 | R13: 0 | S13: 0 | T13: 265930.3
A14: 10 | B14: 10.01.2026 | D14: 242 | E14: 0 | F14: 7650.225 | G14: 0 | H14: 258 | I14: 0 | J14: 0 | K14: 0 | L14: 0 | M14: 28314 | N14: 0 | O14: 214206.3 | P14: 0 | Q14: 30186 | R14: 0 | S14: 0 | T14: 272706.3
A15: 11 | B15: 11.01.2026 | D15: 220 | E15: 4.125 | F15: 7866.1 | G15: 0 | H15: 275.875 | I15: 0 | J15: 0 | K15: 0 | L15: 0 | M15: 25740 | N15: 482.63 | O15: 220250.8 | P15: 0 | Q15: 32277.38 | R15: 0 | S15: 0 | T15: 278750.8
A16: 12 | B16: 12.01.2026 | D16: 198 | E16: 22 | F16: 8042.1 | G16: 0 | H16: 280 | I16: 0 | J16: 0 | K16: 0 | L16: 0 | M16: 23166 | N16: 2574 | O16: 225178.8 | P16: 0 | Q16: 32760 | R16: 0 | S16: 0 | T16: 283678.8
... A35: 31 | B35: 31.01.2026 | D35: 44 | E35: 80.5 | F35: 6463.925 | G35: 0 | H35: 375.5 | I35: 0 | J35: 0 | K35: 0 | L35: 0 | M35: 5148 | N35: 9418.5 | O35: 180989.9 | P35: 0 | Q35: 43933.5 | R35: 0 | S35: 0 | T35: 239489.9
D36: 2872.6 | E36: 2042.425 | F36: 216665.5 | G36: 931.75 | H36: 10696.6 | I36: 0 | J36: 0 | K36: 0 | L36: 0 | M36: 336094.2 | N36: 238963.73 | O36: 6066634 | P36: 26089 | Q36: 1251502.2 | R36: 0 | S36: 0 | T36: 7919283.1
T37: 9661525.4

Sheet Нижнекамск Каучук
A2: Отчет по хранению товара за Январь 2026 Нижнекамск Каучук Каучук
A3: № | B3: дата | D3: Выгрузка кол-во | E3: Загрузка кол-во | F3: Хранение | G3: Резервирование 0 ГЕ | H3: Мин. Суточный резерв 200 | I3: переконсолидация (тонн) | J3: Паллетирование | K3: Ночная загруска выгрузка | L3: стоимость ночной загруски | M3: стоимость выгрузки | N3: стоимость загрузки | O3: стоимость хранения | P3: Стоимость резервирования | Q3: Стоимость мин.суточной бработки | R3: стоимость переконс. | S3: Стоимость паллетирования | T3: итого
A5: 1 | B5: 01.01.2026 | D5: 0 | E5: 0 | F5: 3726.014 | G5: 0 | L5: 0 | M5: 0 | N5: 0 | O5: 67068.25 | P5: 0 | Q5: 0 | R5: 0 | S5: 0 | T5: 67068.25
A6: 2 | B6: 02.01.2026 | D6: 0 | E6: 0 | F6: 3726.014 | G6: 0 | L6: 0 | M6: 0 | N6: 0 | O6: 67068.25 | P6: 0 | Q6: 0 | R6: 0 | S6: 0 | T6: 67068.25
A7: 3 | B7: 03.01.2026 | D7: 0 | E7: 0 | F7: 3726.014 | G7: 0 | L7: 0 | M7: 0 | N7: 0 | O7: 67068.25 | P7: 0 | Q7: 0 | R7: 0 | S7: 0 | T7: 67068.25
A8: 4 | B8: 04.01.2026 | D8: 0 | E8: 0 | F8: 3726.014 | G8: 0 | L8: 0 | M8: 0 | N8: 0 | O8: 67068.25 | P8: 0 | Q8: 0 | R8: 0 | S8: 0 | T8: 67068.25
A9: 5 | B9: 05.01.2026 | D9: 0 | E9: 0 | F9: 3726.014 | G9: 0 | L9: 0 | M9: 0 | N9: 0 | O9: 67068.25 | P9: 0 | Q9: 0 | R9: 0 | S9: 0 | T9: 67068.25
A10: 6 | B10: 06.01.2026 | D10: 0 | E10: 0 | F10: 3726.014 | G10: 0 | L10: 0 | M10: 0 | N10: 0 | O10: 67068.25 | P10: 0 | Q10: 0 | R10: 0 | S10: 0 | T10: 67068.25
A11: 7 | B11: 07.01.2026 | D11: 0 | E11: 0 | F11: 3726.014 | G11: 0 | L11: 0 | M11: 0 | N11: 0 | O11: 67068.25 | P11: 0 | Q11: 0 | R11: 0 | S11: 0 | T11: 67068.25
A12: 8 | B12: 08.01.2026 | D12: 0 | E12: 0 | F12: 3726.014 | G12: 0 | L12: 0 | M12: 0 | N12: 0 | O12: 67068.25 | P12: 0 | Q12: 0 | R12: 0 | S12: 0 | T12: 67068.25
A13: 9 | B13: 09.01.2026 | D13: 0 | E13: 0 | F13: 3726.014 | G13: 0 | L13: 0 | M13: 0 | N13: 0 | O13: 67068.25 | P13: 0 | Q13: 0 | R13: 0 | S13: 0 | T13: 67068.25
A14: 10 | B14: 10.01.2026 | D14: 0 | E14: 0 | F14: 3726.014 | G14: 0 | L14: 0 | M14: 0 | N14: 0 | O14: 67068.25 | P14: 0 | Q14: 0 | R14: 0 | S14: 0 | T14: 67068.25
A15: 11 | B15: 11.01.2026 | D15: 0 | E15: 0 | F15: 3726.014 | G15: 0 | L15: 0 | M15: 0 | N15: 0 | O15: 67068.25 | P15: 0 | Q15: 0 | R15: 0 | S15: 0 | T15: 67068.25
A16: 12 | B16: 12.01.2026 | D16: 0 | E16: 0 | F16: 3726.014 | G16: 0 | L16: 0 | M16: 0 | N16: 0 | O16: 67068.25 | P16: 0 | Q16: 0 | R16: 0 | S16: 0 | T16: 67068.25
... A35: 31 | B35: 31.01.2026 | D35: 0 | E35: 29.732 | F35: 0 | G35: 0 | L35: 0 | M35: 0 | N35: 3419.18 | O35: 0 | P35: 0 | Q35: 0 | R35: 0 | S35: 0 | T35: 3419.18
D36: 0 | E36: 3726.014 | F36: 78456.132 | G36: 0 | H36: 0 | I36: 0 | J36: 0 | K36: 0 | L36: 0 | M36: 0 | N36: 428491.61 | O36: 1412210.4 | P36: 0 | Q36: 0 | R36: 0 | S36: 0 | T36: 1840702
T37: 2245656.4

Sheet Нижнекамск НПЭГ
A2: Отчет по хранению товара за Январь 2026 Нижнекамск НПЭГ НПЭГ
A3: № | B3: дата | D3: Выгрузка кол-во | E3: Загрузка кол-во | F3: Хранение | G3: Резервирование 1000 ГЕ | H3: Мин. Суточный резерв 100 | I3: переконсолидация (тонн) | J3: Паллетирование | K3: Ночная загруска выгрузка | L3: стоимость ночной загруски | M3: стоимость выгрузки | N3: стоимость загрузки | O3: стоимость хранения | P3: Стоимость резервирования | Q3: Стоимость мин.суточной бработки | R3: стоимость переконс. | S3: Стоимость паллетирования | T3: итого
A5: 1 | B5: 01.01.2026 | D5: 0 | E5: 0 | F5: 1.575 | I5: 0 | J5: 0 | L5: 0 | M5: 0 | N5: 0 | O5: 22.84 | P5: 0 | Q5: 0 | R5: 0 | S5: 0 | T5: 22.84
A6: 2 | B6: 02.01.2026 | D6: 0 | E6: 0 | F6: 1.575 | I6: 0 | J6: 0 | L6: 0 | M6: 0 | N6: 0 | O6: 22.84 | P6: 0 | Q6: 0 | R6: 0 | S6: 0 | T6: 22.84
A7: 3 | B7: 03.01.2026 | D7: 0 | E7: 0 | F7: 1.575 | I7: 0 | J7: 0 | L7: 0 | M7: 0 | N7: 0 | O7: 22.84 | P7: 0 | Q7: 0 | R7: 0 | S7: 0 | T7: 22.84
A8: 4 | B8: 04.01.2026 | D8: 0 | E8: 0 | F8: 1.575 | I8: 0 | J8: 0 | L8: 0 | M8: 0 | N8: 0 | O8: 22.84 | P8: 0 | Q8: 0 | R8: 0 | S8: 0 | T8: 22.84
A9: 5 | B9: 05.01.2026 | D9: 0 | E9: 0 | F9: 1.575 | I9: 0 | J9: 0 | L9: 0 | M9: 0 | N9: 0 | O9: 22.84 | P9: 0 | Q9: 0 | R9: 0 | S9: 0 | T9: 22.84
A10: 6 | B10: 06.01.2026 | D10: 0 | E10: 0 | F10: 1.575 | I10: 0 | J10: 0 | L10: 0 | M10: 0 | N10: 0 | O10: 22.84 | P10: 0 | Q10: 0 | R10: 0 | S10: 0 | T10: 22.84
A11: 7 | B11: 07.01.2026 | D11: 0 | E11: 0 | F11: 1.575 | I11: 0 | J11: 0 | L11: 0 | M11: 0 | N11: 0 | O11: 22.84 | P11: 0 | Q11: 0 | R11: 0 | S11: 0 | T11: 22.84
A12: 8 | B12: 08.01.2026 | D12: 0 | E12: 0 | F12: 1.575 | I12: 0 | J12: 0 | L12: 0 | M12: 0 | N12: 0 | O12: 22.84 | P12: 0 | Q12: 0 | R12: 0 | S12: 0 | T12: 22.84
A13: 9 | B13: 09.01.2026 | D13: 0 | E13: 0 | F13: 1.575 | I13: 0 | J13: 0 | L13: 0 | M13: 0 | N13: 0 | O13: 22.84 | P13: 0 | Q13: 0 | R13: 0 | S13: 0 | T13: 22.84
A14: 10 | B14: 10.01.2026 | D14: 0 | E14: 0 | F14: 1.575 | I14: 0 | J14: 0 | L14: 0 | M14: 0 | N14: 0 | O14: 22.84 | P14: 0 | Q14: 0 | R14: 0 | S14: 0 | T14: 22.84
A15: 11 | B15: 11.01.2026 | D15: 0 | E15: 0 | F15: 1.575 | I15: 0 | J15: 0 | L15: 0 | M15: 0 | N15: 0 | O15: 22.84 | P15: 0 | Q15: 0 | R15: 0 | S15: 0 | T15: 22.84
A16: 12 | B16: 12.01.2026 | D16: 0 | E16: 0 | F16: 1.575 | I16: 0 | J16: 0 | L16: 0 | M16: 0 | N16: 0 | O16: 22.84 | P16: 0 | Q16: 0 | R16: 0 | S16: 0 | T16: 22.84
... A35: 31 | B35: 31.01.2026 | D35: 0 | E35: 0 | F35: 1.575 | I35: 0 | J35: 0 | L35: 0 | M35: 0 | N35: 0 | O35: 22.84 | P35: 0 | Q35: 0 | R35: 0 | S35: 0 | T35: 22.84
D36: 0 | E36: 0 | F36: 48.825 | G36: 0 | H36: 0 | I36: 0 | J36: 0 | K36: 0 | L36: 0 | M36: 0 | N36: 0 | O36: 707.96 | P36: 0 | Q36: 0 | R36: 0 | S36: 0 | T36: 707.96
T37: 863.71

Sheet Нижнекамск ПСОН
A2: Отчет по хранению товара за Январь 2026 Нижнекамск ПСОН ПСОН
A3: № | B3: дата | D3: Выгрузка кол-во | E3: Загрузка кол-во | F3: Хранение | G3: Резервирование 3850 ГЕ | H3: Мин. Суточный резерв 0 | I3: переконсолидация (тонн) | J3: Паллетирование | K3: Взвешивание | L3: стоимость взвешивания | M3: стоимость выгрузки | N3: стоимость загрузки | O3: стоимость хранения | P3: Стоимость резервирования | Q3: Стоимость мин.суточной бработки | R3: стоимость переконс. | S3: Стоимость паллетирования | T3: итого
A5: 1 | B5: 01.01.2026 | D5: 0 | E5: 0 | F5: 1240.785 | G5: 2609.215 | I5: 0 | J5: 0 | K5: 0 | L5: 0 | M5: 0 | N5: 0 | O5: 17743.23 | P5: 37311.77 | Q5: 0 | R5: 0 | S5: 0 | T5: 55055
A6: 2 | B6: 02.01.2026 | D6: 0 | E6: 0 | F6: 1240.785 | G6: 2609.215 | I6: 0 | J6: 0 | K6: 0 | L6: 0 | M6: 0 | N6: 0 | O6: 17743.23 | P6: 37311.77 | Q6: 0 | R6: 0 | S6: 0 | T6: 55055
A7: 3 | B7: 03.01.2026 | D7: 0 | E7: 0 | F7: 1240.785 | G7: 2609.215 | I7: 0 | J7: 0 | K7: 0 | L7: 0 | M7: 0 | N7: 0 | O7: 17743.23 | P7: 37311.77 | Q7: 0 | R7: 0 | S7: 0 | T7: 55055
A8: 4 | B8: 04.01.2026 | D8: 0 | E8: 0 | F8: 1240.785 | G8: 2609.215 | I8: 0 | J8: 0 | K8: 0 | L8: 0 | M8: 0 | N8: 0 | O8: 17743.23 | P8: 37311.77 | Q8: 0 | R8: 0 | S8: 0 | T8: 55055
A9: 5 | B9: 05.01.2026 | D9: 0 | E9: 0 | F9: 1240.785 | G9: 2609.215 | I9: 0 | J9: 0 | K9: 0 | L9: 0 | M9: 0 | N9: 0 | O9: 17743.23 | P9: 37311.77 | Q9: 0 | R9: 0 | S9: 0 | T9: 55055
A10: 6 | B10: 06.01.2026 | D10: 0 | E10: 0 | F10: 1240.785 | G10: 2609.215 | I10: 0 | J10: 0 | K10: 0 | L10: 0 | M10: 0 | N10: 0 | O10: 17743.23 | P10: 37311.77 | Q10: 0 | R10: 0 | S10: 0 | T10: 55055
A11: 7 | B11: 07.01.2026 | D11: 0 | E11: 0 | F11: 1240.785 | G11: 2609.215 | I11: 0 | J11: 0 | K11: 0 | L11: 0 | M11: 0 | N11: 0 | O11: 17743.23 | P11: 37311.77 | Q11: 0 | R11: 0 | S11: 0 | T11: 55055
A12: 8 | B12: 08.01.2026 | D12: 0 | E12: 22 | F12: 1218.785 | G12: 2631.215 | I12: 0 | J12: 0 | K12: 0 | L12: 0 | M12: 0 | N12: 2530 | O12: 17428.63 | P12: 37626.37 | Q12: 0 | R12: 0 | S12: 0 | T12: 57585
A13: 9 | B13: 09.01.2026 | D13: 0.125 | E13: 0 | F13: 1218.91 | G13: 2631.09 | I13: 0 | J13: 0 | K13: 0 | L13: 0 | M13: 14.38 | N13: 0 | O13: 17430.41 | P13: 37624.59 | Q13: 0 | R13: 0 | S13: 0 | T13: 55069.38
A14: 10 | B14: 10.01.2026 | D14: 0 | E14: 0 | F14: 1218.91 | G14: 2631.09 | I14: 0 | J14: 0 | K14: 0 | L14: 0 | M14: 0 | N14: 0 | O14: 17430.41 | P14: 37624.59 | Q14: 0 | R14: 0 | S14: 0 | T14: 55055
A15: 11 | B15: 11.01.2026 | D15: 0 | E15: 0 | F15: 1218.91 | G15: 2631.09 | I15: 0 | J15: 0 | K15: 0 | L15: 0 | M15: 0 | N15: 0 | O15: 17430.41 | P15: 37624.59 | Q15: 0 | R15: 0 | S15: 0 | T15: 55055
A16: 12 | B16: 12.01.2026 | D16: 0.125 | E16: 3.125 | F16: 1215.91 | G16: 2634.09 | I16: 0 | J16: 0 | K16: 0 | L16: 0 | M16: 14.38 | N16: 359.38 | O16: 17387.51 | P16: 37667.49 | Q16: 0 | R16: 0 | S16: 0 | T16: 55428.75
... A35: 31 | B35: 31.01.2026 | D35: 328 | E35: 110 | F35: 2706.93 | G35: 1143.07 | I35: 2.75 | J35: 2.75 | K35: 0 | L35: 0 | M35: 37720 | N35: 12650 | O35: 38709.1 | P35: 16345.9 | Q35: 0 | R35: 2612.5 | S35: 330 | T35: 108367.5
D36: 2257.245 | E36: 791.1 | F36: 50612.36 | G36: 68737.64 | H36: 0 | I36: 6.875 | J36: 75.525 | K36: 0 | L36: 0 | M36: 259583.18 | N36: 90976.5 | O36: 723756.75 | P36: 982948.25 | Q36: 0 | R36: 6531.25 | S36: 9063 | T36: 2072858.9
T37: 2528887.9

Sheet Нижнекамск СБС
A2: Отчет по хранению товара за Январь 2026 Нижнекамск СБС СБС
A3: № | B3: дата | D3: Выгрузка кол-во | E3: Загрузка кол-во | F3: Хранение | G3: Резервирование 1000 ГЕ | H3: Мин. Суточный резерв 100 | I3: переконсолидация (тонн) | J3: Паллетирование | K3: Ночная загруска выгрузка | L3: стоимость ночной загруски | M3: стоимость выгрузки | N3: стоимость загрузки | O3: стоимость хранения | P3: Стоимость резервирования | Q3: Стоимость мин.суточной бработки | R3: стоимость переконс. | S3: Стоимость паллетирования | T3: итого
A5: 1 | B5: 01.01.2026 | D5: 0 | E5: 0 | F5: 0.075 | I5: 0 | J5: 0 | L5: 0 | M5: 0 | N5: 0 | O5: 1.4 | P5: 0 | Q5: 0 | R5: 0 | S5: 0 | T5: 1.4
A6: 2 | B6: 02.01.2026 | D6: 0 | E6: 0 | F6: 0.075 | I6: 0 | J6: 0 | L6: 0 | M6: 0 | N6: 0 | O6: 1.4 | P6: 0 | Q6: 0 | R6: 0 | S6: 0 | T6: 1.4
A7: 3 | B7: 03.01.2026 | D7: 0 | E7: 0 | F7: 0.075 | I7: 0 | J7: 0 | L7: 0 | M7: 0 | N7: 0 | O7: 1.4 | P7: 0 | Q7: 0 | R7: 0 | S7: 0 | T7: 1.4
A8: 4 | B8: 04.01.2026 | D8: 0 | E8: 0 | F8: 0.075 | I8: 0 | J8: 0 | L8: 0 | M8: 0 | N8: 0 | O8: 1.4 | P8: 0 | Q8: 0 | R8: 0 | S8: 0 | T8: 1.4
A9: 5 | B9: 05.01.2026 | D9: 0 | E9: 0 | F9: 0.075 | I9: 0 | J9: 0 | L9: 0 | M9: 0 | N9: 0 | O9: 1.4 | P9: 0 | Q9: 0 | R9: 0 | S9: 0 | T9: 1.4
A10: 6 | B10: 06.01.2026 | D10: 0 | E10: 0 | F10: 0.075 | I10: 0 | J10: 0 | L10: 0 | M10: 0 | N10: 0 | O10: 1.4 | P10: 0 | Q10: 0 | R10: 0 | S10: 0 | T10: 1.4
A11: 7 | B11: 07.01.2026 | D11: 0 | E11: 0 | F11: 0.075 | I11: 0 | J11: 0 | L11: 0 | M11: 0 | N11: 0 | O11: 1.4 | P11: 0 | Q11: 0 | R11: 0 | S11: 0 | T11: 1.4
A12: 8 | B12: 08.01.2026 | D12: 0 | E12: 0 | F12: 0.075 | I12: 0 | J12: 0 | L12: 0 | M12: 0 | N12: 0 | O12: 1.4 | P12: 0 | Q12: 0 | R12: 0 | S12: 0 | T12: 1.4
A13: 9 | B13: 09.01.2026 | D13: 0 | E13: 0 | F13: 0.075 | I13: 0 | J13: 0 | L13: 0 | M13: 0 | N13: 0 | O13: 1.4 | P13: 0 | Q13: 0 | R13: 0 | S13: 0 | T13: 1.4
A14: 10 | B14: 10.01.2026 | D14: 0 | E14: 0 | F14: 0.075 | I14: 0 | J14: 0 | L14: 0 | M14: 0 | N14: 0 | O14: 1.4 | P14: 0 | Q14: 0 | R14: 0 | S14: 0 | T14: 1.4
A15: 11 | B15: 11.01.2026 | D15: 0 | E15: 0 | F15: 0.075 | I15: 0 | J15: 0 | L15: 0 | M15: 0 | N15: 0 | O15: 1.4 | P15: 0 | Q15: 0 | R15: 0 | S15: 0 | T15: 1.4
A16: 12 | B16: 12.01.2026 | D16: 0 | E16: 0 | F16: 0.075 | I16: 0 | J16: 0 | L16: 0 | M16: 0 | N16: 0 | O16: 1.4 | P16: 0 | Q16: 0 | R16: 0 | S16: 0 | T16: 1.4
... A35: 31 | B35: 31.01.2026 | D35: 0 | E35: 0 | F35: 0.075 | I35: 0 | J35: 0 | L35: 0 | M35: 0 | N35: 0 | O35: 1.4 | P35: 0 | Q35: 0 | R35: 0 | S35: 0 | T35: 1.4
D36: 0 | E36: 0 | F36: 2.325 | G36: 0 | H36: 0 | I36: 0 | J36: 0 | K36: 0 | L36: 0 | M36: 0 | N36: 0 | O36: 43.48 | P36: 0 | Q36: 0 | R36: 0 | S36: 0 | T36: 43.48
T37: 53.04

Sheet Новикова-Прибоя KPI
A2: Отчет по хранению товара за Январь 2026 Новикова-Прибоя KPI
A3: № | B3: дата | D3: Выгрузка кол-во | E3: Загрузка кол-во | F3: Хранение | G3: Резервирование 0 | H3: Мин. Суточный резерв 400 | I3: переконсолидация (тонн) | J3: Паллетирование | K3: Взвешивание | L3: стоимость взвешивания | M3: стоимость выгрузки | N3: стоимость загрузки | O3: стоимость хранения в месяц | P3: Стоимость резервирования | Q3: Стоимость мин.суточной бработки | R3: стоимость переконс. | S3: Стоимость паллетирования | T3: итого
A5: 1 | B5: 01.01.2026 | D5: 0 | E5: 0 | F5: 32.86 | G5: 0 | H5: 0 | I5: 0 | J5: 0 | K5: 0 | L5: 0 | M5: 0 | N5: 0 | O5: 0 | P5: 0 | Q5: 0 | R5: 0 | S5: 0 | T5: 0
A6: 2 | B6: 02.01.2026 | D6: 0 | E6: 0 | F6: 32.86 | G6: 0 | H6: 0 | I6: 0 | J6: 0 | K6: 0 | L6: 0 | M6: 0 | N6: 0 | O6: 0 | P6: 0 | Q6: 0 | R6: 0 | S6: 0 | T6: 0
A7: 3 | B7: 03.01.2026 | D7: 0 | E7: 0 | F7: 32.86 | G7: 0 | H7: 0 | I7: 0 | J7: 0 | K7: 0 | L7: 0 | M7: 0 | N7: 0 | O7: 0 | P7: 0 | Q7: 0 | R7: 0 | S7: 0 | T7: 0
A8: 4 | B8: 04.01.2026 | D8: 0 | E8: 0 | F8: 32.86 | G8: 0 | H8: 0 | I8: 0 | J8: 0 | K8: 0 | L8: 0 | M8: 0 | N8: 0 | O8: 0 | P8: 0 | Q8: 0 | R8: 0 | S8: 0 | T8: 0
A9: 5 | B9: 05.01.2026 | D9: 0 | E9: 0 | F9: 32.86 | G9: 0 | H9: 0 | I9: 0 | J9: 0 | K9: 0 | L9: 0 | M9: 0 | N9: 0 | O9: 0 | P9: 0 | Q9: 0 | R9: 0 | S9: 0 | T9: 0
A10: 6 | B10: 06.01.2026 | D10: 0 | E10: 0 | F10: 32.86 | G10: 0 | H10: 0 | I10: 0 | J10: 0 | K10: 0 | L10: 0 | M10: 0 | N10: 0 | O10: 0 | P10: 0 | Q10: 0 | R10: 0 | S10: 0 | T10: 0
A11: 7 | B11: 07.01.2026 | D11: 0 | E11: 0 | F11: 32.86 | G11: 0 | H11: 0 | I11: 0 | J11: 0 | K11: 0 | L11: 0 | M11: 0 | N11: 0 | O11: 0 | P11: 0 | Q11: 0 | R11: 0 | S11: 0 | T11: 0
A12: 8 | B12: 08.01.2026 | D12: 0 | E12: 0 | F12: 32.86 | G12: 0 | H12: 0 | I12: 0 | J12: 0 | K12: 0 | L12: 0 | M12: 0 | N12: 0 | O12: 0 | P12: 0 | Q12: 0 | R12: 0 | S12: 0 | T12: 0
A13: 9 | B13: 09.01.2026 | D13: 0 | E13: 0 | F13: 32.86 | G13: 0 | H13: 0 | I13: 0 | J13: 0 | K13: 0 | L13: 0 | M13: 0 | N13: 0 | O13: 0 | P13: 0 | Q13: 0 | R13: 0 | S13: 0 | T13: 0
A14: 10 | B14: 10.01.2026 | D14: 0 | E14: 0 | F14: 32.86 | G14: 0 | H14: 0 | I14: 0 | J14: 0 | K14: 0 | L14: 0 | M14: 0 | N14: 0 | O14: 0 | P14: 0 | Q14: 0 | R14: 0 | S14: 0 | T14: 0
A15: 11 | B15: 11.01.2026 | D15: 0 | E15: 0 | F15: 32.86 | G15: 0 | H15: 0 | I15: 0 | J15: 0 | K15: 0 | L15: 0 | M15: 0 | N15: 0 | O15: 0 | P15: 0 | Q15: 0 | R15: 0 | S15: 0 | T15: 0
A16: 12 | B16: 12.01.2026 | D16: 0 | E16: 0 | F16: 32.86 | G16: 0 | H16: 0 | I16: 0 | J16: 0 | K16: 0 | L16: 0 | M16: 0 | N16: 0 | O16: 0 | P16: 0 | Q16: 0 | R16: 0 | S16: 0 | T16: 0
... A35: 31 | B35: 31.01.2026 | D35: 0 | E35: 0 | F35: 32.86 | G35: 0 | H35: 0 | I35: 0 | J35: 0 | K35: 0 | L35: 0 | M35: 0 | N35: 0 | O35: 0 | P35: 0 | Q35: 0 | R35: 0 | S35: 0 | T35: 0
D36: 0 | E36: 0 | F36: 1018.66 | G36: 0 | H36: 0 | I36: 0 | J36: 0 | K36: 0 | L36: 0 | M36: 0 | N36: 0 | O36: 44611.41 | P36: 0 | Q36: 0 | R36: 0 | S36: 0 | T36: 44611.41
T37: 54425.92

Sheet Новикова-Прибоя Полимеры
A2: Отчет по хранению товара за Январь 2026 Новикова-Прибоя Полимеры
A3: № | B3: дата | D3: Выгрузка кол-во | E3: Загрузка кол-во | F3: Хранение | G3: Резервирование 0 | H3: Мин. Суточный резерв 400 | I3: переконсолидация (тонн) | J3: Паллетирование | K3: Взвешивание | L3: стоимость взвешивания | M3: стоимость выгрузки | N3: стоимость загрузки | O3: стоимость хранения в месяц | P3: Стоимость резервирования | Q3: Стоимость мин.суточной бработки | R3: стоимость переконс. | S3: Стоимость паллетирования | T3: итого
A5: 1 | B5: 01.01.2026 | D5: 0 | E5: 0 | F5: 2570.514 | G5: 0 | H5: 400 | I5: 0 | J5: 0 | K5: 0 | L5: 0 | M5: 0 | N5: 0 | O5: 0 | P5: 0 | Q5: 60000 | R5: 0 | S5: 0 | T5: 60000
A6: 2 | B6: 02.01.2026 | D6: 199 | E6: 0 | F6: 2769.514 | G6: 0 | H6: 201 | I6: 0 | J6: 0 | K6: 0 | L6: 0 | M6: 29850 | N6: 0 | O6: 0 | P6: 0 | Q6: 30150 | R6: 0 | S6: 0 | T6: 60000
A7: 3 | B7: 03.01.2026 | D7: 67 | E7: 4.125 | F7: 2832.389 | G7: 0 | H7: 328.875 | I7: 0 | J7: 0 | K7: 0 | L7: 0 | M7: 10050 | N7: 618.75 | O7: 0 | P7: 0 | Q7: 49331.25 | R7: 0 | S7: 0 | T7: 60000
A8: 4 | B8: 04.01.2026 | D8: 66.5 | E8: 0 | F8: 2898.889 | G8: 0 | H8: 333.5 | I8: 0 | J8: 0 | K8: 0 | L8: 0 | M8: 9975 | N8: 0 | O8: 0 | P8: 0 | Q8: 50025 | R8: 0 | S8: 0 | T8: 60000
A9: 5 | B9: 05.01.2026 | D9: 90 | E9: 0 | F9: 2988.889 | G9: 0 | H9: 310 | I9: 0 | J9: 0 | K9: 0 | L9: 0 | M9: 13500 | N9: 0 | O9: 0 | P9: 0 | Q9: 46500 | R9: 0 | S9: 0 | T9: 60000
A10: 6 | B10: 06.01.2026 | D10: 155.5 | E10: 0 | F10: 3144.389 | G10: 0 | H10: 244.5 | I10: 0 | J10: 0 | K10: 0 | L10: 0 | M10: 23325 | N10: 0 | O10: 0 | P10: 0 | Q10: 36675 | R10: 0 | S10: 0 | T10: 60000
A11: 7 | B11: 07.01.2026 | D11: 111 | E11: 0 | F11: 3255.389 | G11: 0 | H11: 289 | I11: 0 | J11: 0 | K11: 0 | L11: 0 | M11: 16650 | N11: 0 | O11: 0 | P11: 0 | Q11: 43350 | R11: 0 | S11: 0 | T11: 60000
A12: 8 | B12: 08.01.2026 | D12: 132 | E12: 0 | F12: 3387.389 | G12: 0 | H12: 268 | I12: 0 | J12: 0 | K12: 0 | L12: 0 | M12: 19800 | N12: 0 | O12: 0 | P12: 0 | Q12: 40200 | R12: 0 | S12: 0 | T12: 60000
A13: 9 | B13: 09.01.2026 | D13: 727 | E13: 0 | F13: 4114.389 | G13: 0 | H13: 0 | I13: 0 | J13: 0 | K13: 0 | L13: 0 | M13: 109050 | N13: 0 | O13: 0 | P13: 0 | Q13: 0 | R13: 0 | S13: 0 | T13: 109050
A14: 10 | B14: 10.01.2026 | D14: 618 | E14: 22 | F14: 4710.389 | G14: 0 | H14: 0 | I14: 0 | J14: 0 | K14: 0 | L14: 0 | M14: 92700 | N14: 3300 | O14: 0 | P14: 0 | Q14: 0 | R14: 0 | S14: 0 | T14: 96000
A15: 11 | B15: 11.01.2026 | D15: 286.5 | E15: 0 | F15: 4996.889 | G15: 0 | H15: 113.5 | I15: 0 | J15: 0 | K15: 0 | L15: 0 | M15: 42975 | N15: 0 | O15: 0 | P15: 0 | Q15: 17025 | R15: 0 | S15: 0 | T15: 60000
A16: 12 | B16: 12.01.2026 | D16: 155 | E16: 0 | F16: 5151.889 | G16: 0 | H16: 245 | I16: 0 | J16: 0 | K16: 0 | L16: 0 | M16: 23250 | N16: 0 | O16: 0 | P16: 0 | Q16: 36750 | R16: 0 | S16: 0 | T16: 60000
... A35: 31 | B35: 31.01.2026 | D35: 67.5 | E35: 154.5 | F35: 5709.489 | G35: 0 | H35: 178 | I35: 0 | J35: 0 | K35: 0 | L35: 0 | M35: 10125 | N35: 23175 | O35: 0 | P35: 0 | Q35: 26700 | R35: 0 | S35: 0 | T35: 60000
D36: 5119.525 | E36: 1980.55 | F36: 154669.93 | G36: 0 | H36: 6046.3 | I36: 0 | J36: 0 | K36: 0 | L36: 0 | M36: 767928.75 | N36: 297082.5 | O36: 6773647 | P36: 0 | Q36: 906945 | R36: 0 | S36: 0 | T36: 8745603.2
T37: 10669636

Sheet Новикова-Прибоя Полиом
A2: Отчет по хранению товара за Январь 2026 Новикова-Прибоя Полиом
A3: № | B3: дата | D3: Выгрузка кол-во | E3: Загрузка кол-во | F3: Хранение | G3: Резервирование 0 | H3: Мин. Суточный резерв 400 | I3: переконсолидация (тонн) | J3: Паллетирование | K3: Взвешивание | L3: стоимость взвешивания | M3: стоимость выгрузки | N3: стоимость загрузки | O3: стоимость хранения в месяц | P3: Стоимость резервирования | Q3: Стоимость мин.суточной бработки | R3: стоимость переконс. | S3: Стоимость паллетирования | T3: итого
A5: 1 | B5: 01.01.2026 | D5: 0 | E5: 0 | F5: 16.45 | G5: 0 | H5: 0 | I5: 0 | J5: 0 | K5: 0 | L5: 0 | M5: 0 | N5: 0 | O5: 0 | P5: 0 | Q5: 0 | R5: 0 | S5: 0 | T5: 0
A6: 2 | B6: 02.01.2026 | D6: 0 | E6: 0 | F6: 16.45 | G6: 0 | H6: 0 | I6: 0 | J6: 0 | K6: 0 | L6: 0 | M6: 0 | N6: 0 | O6: 0 | P6: 0 | Q6: 0 | R6: 0 | S6: 0 | T6: 0
A7: 3 | B7: 03.01.2026 | D7: 0 | E7: 0 | F7: 16.45 | G7: 0 | H7: 0 | I7: 0 | J7: 0 | K7: 0 | L7: 0 | M7: 0 | N7: 0 | O7: 0 | P7: 0 | Q7: 0 | R7: 0 | S7: 0 | T7: 0
A8: 4 | B8: 04.01.2026 | D8: 0 | E8: 0 | F8: 16.45 | G8: 0 | H8: 0 | I8: 0 | J8: 0 | K8: 0 | L8: 0 | M8: 0 | N8: 0 | O8: 0 | P8: 0 | Q8: 0 | R8: 0 | S8: 0 | T8: 0
A9: 5 | B9: 05.01.2026 | D9: 0 | E9: 0 | F9: 16.45 | G9: 0 | H9: 0 | I9: 0 | J9: 0 | K9: 0 | L9: 0 | M9: 0 | N9: 0 | O9: 0 | P9: 0 | Q9: 0 | R9: 0 | S9: 0 | T9: 0
A10: 6 | B10: 06.01.2026 | D10: 0 | E10: 0 | F10: 16.45 | G10: 0 | H10: 0 | I10: 0 | J10: 0 | K10: 0 | L10: 0 | M10: 0 | N10: 0 | O10: 0 | P10: 0 | Q10: 0 | R10: 0 | S10: 0 | T10: 0
A11: 7 | B11: 07.01.2026 | D11: 0 | E11: 0 | F11: 16.45 | G11: 0 | H11: 0 | I11: 0 | J11: 0 | K11: 0 | L11: 0 | M11: 0 | N11: 0 | O11: 0 | P11: 0 | Q11: 0 | R11: 0 | S11: 0 | T11: 0
A12: 8 | B12: 08.01.2026 | D12: 0 | E12: 0 | F12: 16.45 | G12: 0 | H12: 0 | I12: 0 | J12: 0 | K12: 0 | L12: 0 | M12: 0 | N12: 0 | O12: 0 | P12: 0 | Q12: 0 | R12: 0 | S12: 0 | T12: 0
A13: 9 | B13: 09.01.2026 | D13: 0 | E13: 0 | F13: 16.45 | G13: 0 | H13: 0 | I13: 0 | J13: 0 | K13: 0 | L13: 0 | M13: 0 | N13: 0 | O13: 0 | P13: 0 | Q13: 0 | R13: 0 | S13: 0 | T13: 0
A14: 10 | B14: 10.01.2026 | D14: 0 | E14: 0 | F14: 16.45 | G14: 0 | H14: 0 | I14: 0 | J14: 0 | K14: 0 | L14: 0 | M14: 0 | N14: 0 | O14: 0 | P14: 0 | Q14: 0 | R14: 0 | S14: 0 | T14: 0
A15: 11 | B15: 11.01.2026 | D15: 0 | E15: 0 | F15: 16.45 | G15: 0 | H15: 0 | I15: 0 | J15: 0 | K15: 0 | L15: 0 | M15: 0 | N15: 0 | O15: 0 | P15: 0 | Q15: 0 | R15: 0 | S15: 0 | T15: 0
A16: 12 | B16: 12.01.2026 | D16: 0 | E16: 0 | F16: 16.45 | G16: 0 | H16: 0 | I16: 0 | J16: 0 | K16: 0 | L16: 0 | M16: 0 | N16: 0 | O16: 0 | P16: 0 | Q16: 0 | R16: 0 | S16: 0 | T16: 0
... A35: 31 | B35: 31.01.2026 | D35: 0 | E35: 0 | F35: 15.1 | G35: 0 | H35: 0 | I35: 0 | J35: 0 | K35: 0 | L35: 0 | M35: 0 | N35: 0 | O35: 0 | P35: 0 | Q35: 0 | R35: 0 | S35: 0 | T35: 0
D36: 0 | E36: 1.35 | F36: 496.45 | G36: 0 | H36: 0 | I36: 0 | J36: 0 | K36: 0 | L36: 0 | M36: 0 | N36: 202.5 | O36: 21741.63 | P36: 0 | Q36: 0 | R36: 0 | S36: 0 | T36: 21944.13
T37: 26771.84

Sheet Новосибирск KPI
A2: Отчет по хранению товара за Январь 2026 Новосибирск KPI
A3: № | B3: дата | D3: Выгрузка кол-во | E3: Загрузка кол-во | F3: Хранение | G3: Резервирование 4000 ГЕ | H3: Мин. Суточный резерв 600 | I3: переконсолидация (тонн) | J3: Паллетирование | K3: Взвешивание | L3: стоимость взвешивания | M3: стоимость выгрузки | N3: стоимость загрузки | O3: стоимость хранения | P3: Стоимость резервирования | Q3: Стоимость мин.суточной бработки | R3: стоимость переконс. | S3: Стоимость паллетирования | T3: итого
A5: 1 | B5: 01.01.2026 | D5: 0 | E5: 0 | F5: 21.91 | G5: 0 | H5: 0 | I5: 0 | J5: 0 | K5: 0 | L5: 0 | M5: 0 | N5: 0 | O5: 468.87 | P5: 0 | Q5: 0 | R5: 0 | S5: 0 | T5: 468.87
A6: 2 | B6: 02.01.2026 | D6: 0 | E6: 0 | F6: 21.91 | G6: 0 | H6: 0 | I6: 0 | J6: 0 | K6: 0 | L6: 0 | M6: 0 | N6: 0 | O6: 468.87 | P6: 0 | Q6: 0 | R6: 0 | S6: 0 | T6: 468.87
A7: 3 | B7: 03.01.2026 | D7: 0 | E7: 0 | F7: 21.91 | G7: 0 | H7: 0 | I7: 0 | J7: 0 | K7: 0 | L7: 0 | M7: 0 | N7: 0 | O7: 468.87 | P7: 0 | Q7: 0 | R7: 0 | S7: 0 | T7: 468.87
A8: 4 | B8: 04.01.2026 | D8: 0 | E8: 0 | F8: 21.91 | G8: 0 | H8: 0 | I8: 0 | J8: 0 | K8: 0 | L8: 0 | M8: 0 | N8: 0 | O8: 468.87 | P8: 0 | Q8: 0 | R8: 0 | S8: 0 | T8: 468.87
A9: 5 | B9: 05.01.2026 | D9: 0 | E9: 0 | F9: 21.91 | G9: 0 | H9: 0 | I9: 0 | J9: 0 | K9: 0 | L9: 0 | M9: 0 | N9: 0 | O9: 468.87 | P9: 0 | Q9: 0 | R9: 0 | S9: 0 | T9: 468.87
A10: 6 | B10: 06.01.2026 | D10: 0 | E10: 0 | F10: 21.91 | G10: 0 | H10: 0 | I10: 0 | J10: 0 | K10: 0 | L10: 0 | M10: 0 | N10: 0 | O10: 468.87 | P10: 0 | Q10: 0 | R10: 0 | S10: 0 | T10: 468.87
A11: 7 | B11: 07.01.2026 | D11: 0 | E11: 0 | F11: 21.91 | G11: 0 | H11: 0 | I11: 0 | J11: 0 | K11: 0 | L11: 0 | M11: 0 | N11: 0 | O11: 468.87 | P11: 0 | Q11: 0 | R11: 0 | S11: 0 | T11: 468.87
A12: 8 | B12: 08.01.2026 | D12: 0 | E12: 0 | F12: 21.91 | G12: 0 | H12: 0 | I12: 0 | J12: 0 | K12: 0 | L12: 0 | M12: 0 | N12: 0 | O12: 468.87 | P12: 0 | Q12: 0 | R12: 0 | S12: 0 | T12: 468.87
A13: 9 | B13: 09.01.2026 | D13: 0 | E13: 0 | F13: 21.91 | G13: 0 | H13: 0 | I13: 0 | J13: 0 | K13: 0 | L13: 0 | M13: 0 | N13: 0 | O13: 468.87 | P13: 0 | Q13: 0 | R13: 0 | S13: 0 | T13: 468.87
A14: 10 | B14: 10.01.2026 | D14: 0 | E14: 0 | F14: 21.91 | G14: 0 | H14: 0 | I14: 0 | J14: 0 | K14: 0 | L14: 0 | M14: 0 | N14: 0 | O14: 468.87 | P14: 0 | Q14: 0 | R14: 0 | S14: 0 | T14: 468.87
A15: 11 | B15: 11.01.2026 | D15: 0 | E15: 0 | F15: 21.91 | G15: 0 | H15: 0 | I15: 0 | J15: 0 | K15: 0 | L15: 0 | M15: 0 | N15: 0 | O15: 468.87 | P15: 0 | Q15: 0 | R15: 0 | S15: 0 | T15: 468.87
A16: 12 | B16: 12.01.2026 | D16: 0 | E16: 0 | F16: 21.91 | G16: 0 | H16: 0 | I16: 0 | J16: 0 | K16: 0 | L16: 0 | M16: 0 | N16: 0 | O16: 468.87 | P16: 0 | Q16: 0 | R16: 0 | S16: 0 | T16: 468.87
... A35: 31 | B35: 31.01.2026 | D35: 0 | E35: 0 | F35: 21.91 | G35: 0 | H35: 0 | I35: 0 | J35: 0 | K35: 0 | L35: 0 | M35: 0 | N35: 0 | O35: 468.87 | P35: 0 | Q35: 0 | R35: 0 | S35: 0 | T35: 468.87
D36: 0 | E36: 0 | F36: 679.21 | G36: 0 | H36: 0 | I36: 0 | J36: 0 | K36: 0 | L36: 0 | M36: 0 | N36: 0 | O36: 14535.09 | P36: 0 | Q36: 0 | R36: 0 | S36: 0 | T36: 14535.09
T37: 17732.81

Sheet Новосибирск Полимеры
A2: Отчет по хранению товара за Январь 2026 Новосибирск Полимеры
A3: № | B3: дата | D3: Выгрузка кол-во | E3: Загрузка кол-во | F3: Хранение | G3: Резервирование 4000 ГЕ | H3: Мин. Суточный резерв 600 | I3: переконсолидация (тонн) | J3: Паллетирование | K3: Взвешивание | L3: стоимость взвешивания | M3: стоимость выгрузки | N3: стоимость загрузки | O3: стоимость хранения | P3: Стоимость резервирования | Q3: Стоимость мин.суточной бработки | R3: стоимость переконс. | S3: Стоимость паллетирования | T3: итого
A5: 1 | B5: 01.01.2026 | D5: 0 | E5: 0 | F5: 1460.114 | G5: 2539.886 | H5: 600 | I5: 0 | J5: 0 | K5: 0 | L5: 0 | M5: 0 | N5: 0 | O5: 31246.44 | P5: 54353.56 | Q5: 68220 | R5: 0 | S5: 0 | T5: 153820
A6: 2 | B6: 02.01.2026 | D6: 0 | E6: 0 | F6: 1460.114 | G6: 2539.886 | H6: 600 | I6: 0 | J6: 0 | K6: 0 | L6: 0 | M6: 0 | N6: 0 | O6: 31246.44 | P6: 54353.56 | Q6: 68220 | R6: 0 | S6: 0 | T6: 153820
A7: 3 | B7: 03.01.2026 | D7: 0 | E7: 0 | F7: 1460.114 | G7: 2539.886 | H7: 600 | I7: 0 | J7: 0 | K7: 0 | L7: 0 | M7: 0 | N7: 0 | O7: 31246.44 | P7: 54353.56 | Q7: 68220 | R7: 0 | S7: 0 | T7: 153820
A8: 4 | B8: 04.01.2026 | D8: 0 | E8: 0 | F8: 1460.114 | G8: 2539.886 | H8: 600 | I8: 0 | J8: 0 | K8: 0 | L8: 0 | M8: 0 | N8: 0 | O8: 31246.44 | P8: 54353.56 | Q8: 68220 | R8: 0 | S8: 0 | T8: 153820
A9: 5 | B9: 05.01.2026 | D9: 0 | E9: 0 | F9: 1460.114 | G9: 2539.886 | H9: 600 | I9: 0 | J9: 0 | K9: 0 | L9: 0 | M9: 0 | N9: 0 | O9: 31246.44 | P9: 54353.56 | Q9: 68220 | R9: 0 | S9: 0 | T9: 153820
A10: 6 | B10: 06.01.2026 | D10: 0 | E10: 0 | F10: 1460.114 | G10: 2539.886 | H10: 600 | I10: 0 | J10: 0 | K10: 0 | L10: 0 | M10: 0 | N10: 0 | O10: 31246.44 | P10: 54353.56 | Q10: 68220 | R10: 0 | S10: 0 | T10: 153820
A11: 7 | B11: 07.01.2026 | D11: 0 | E11: 0 | F11: 1460.114 | G11: 2539.886 | H11: 600 | I11: 0 | J11: 0 | K11: 0 | L11: 0 | M11: 0 | N11: 0 | O11: 31246.44 | P11: 54353.56 | Q11: 68220 | R11: 0 | S11: 0 | T11: 153820
A12: 8 | B12: 08.01.2026 | D12: 0 | E12: 0 | F12: 1460.114 | G12: 2539.886 | H12: 600 | I12: 0 | J12: 0 | K12: 0 | L12: 0 | M12: 0 | N12: 0 | O12: 31246.44 | P12: 54353.56 | Q12: 68220 | R12: 0 | S12: 0 | T12: 153820
A13: 9 | B13: 09.01.2026 | D13: 0 | E13: 0 | F13: 1460.114 | G13: 2539.886 | H13: 600 | I13: 0 | J13: 0 | K13: 0 | L13: 0 | M13: 0 | N13: 0 | O13: 31246.44 | P13: 54353.56 | Q13: 68220 | R13: 0 | S13: 0 | T13: 153820
A14: 10 | B14: 10.01.2026 | D14: 0 | E14: 44 | F14: 1416.114 | G14: 2583.886 | H14: 556 | I14: 0 | J14: 0 | K14: 0 | L14: 0 | M14: 0 | N14: 5002.8 | O14: 30304.84 | P14: 55295.16 | Q14: 63217.2 | R14: 0 | S14: 0 | T14: 153820
