Workbook

Sheet Лист1

Sheet Биаксплен Новосибирск
A1: =T37 -> 138348
A2: ="Отчет по хранению товара за " & TEXT(B5,"ММММ ГГГГ") -> Отчет по хранению товара за Июнь 2026
A3: № | B3: дата | D3: Выгрузка кол-во | E3: Загрузка кол-во | F3: Хранение | G3: Резервирование 70 т | H3: Мин. Суточный резерв 0 т | I3: переконсолидация (тонн) | J3: Паллетирование | K3: Ночная загруска выгрузка | L3: стоимость ночной загруски | M3: стоимость выгрузки | N3: стоимость загрузки | O3: стоимость хранения | P3: Стоимость резервирования | Q3: Стоимость мин.суточной бработки | R3: стоимость переконс. | S3: Стоимость паллетирования | T3: итого
A5: 1 | B5: 46174 | F5: 0 | G5: =IF(OR(B5="",NOT(ISERROR(SEARCH("KPI",$A$2))),NOT(ISERROR(SEARCH("Полиом",$A$2)))),0,IF(70-F5<=0,0,70-F5)) -> 70 | L5: =SUM(K5*240) -> 0 | M5: =SUM(D5*120) -> 0 | N5: =SUM(E5*120) -> 0 | O5: =SUM(F5*54) -> 0 | P5: =SUM(G5*54) -> 3780 | Q5: =SUM(H5*120) -> 0 | R5: =SUM(I5*1000) -> 0 | S5: =SUM(J5*140) -> 0 | T5: =SUM(L5:S5) -> 3780
A6: 2 | B6: 46175 | F6: =F5-E6+D6 -> 0 | G6: =IF(OR(B6="",NOT(ISERROR(SEARCH("KPI",$A$2))),NOT(ISERROR(SEARCH("Полиом",$A$2)))),0,IF(70-F6<=0,0,70-F6)) -> 70 | L6: =SUM(K6*240) -> 0 | M6: =SUM(D6*120) -> 0 | N6: =SUM(E6*120) -> 0 | O6: =SUM(F6*54) -> 0 | P6: =SUM(G6*54) -> 3780 | Q6: =SUM(H6*120) -> 0 | R6: =SUM(I6*1000) -> 0 | S6: =SUM(J6*140) -> 0 | T6: =SUM(L6:S6) -> 3780
A7: 3 | B7: 46176 | F7: =F6-E7+D7 -> 0 | G7: =IF(OR(B7="",NOT(ISERROR(SEARCH("KPI",$A$2))),NOT(ISERROR(SEARCH("Полиом",$A$2)))),0,IF(70-F7<=0,0,70-F7)) -> 70 | L7: =SUM(K7*240) -> 0 | M7: =SUM(D7*120) -> 0 | N7: =SUM(E7*120) -> 0 | O7: =SUM(F7*54) -> 0 | P7: =SUM(G7*54) -> 3780 | Q7: =SUM(H7*120) -> 0 | R7: =SUM(I7*1000) -> 0 | S7: =SUM(J7*140) -> 0 | T7: =SUM(L7:S7) -> 3780
A8: 4 | B8: 46177 | F8: =F7-E8+D8 -> 0 | G8: =IF(OR(B8="",NOT(ISERROR(SEARCH("KPI",$A$2))),NOT(ISERROR(SEARCH("Полиом",$A$2)))),0,IF(70-F8<=0,0,70-F8)) -> 70 | L8: =SUM(K8*240) -> 0 | M8: =SUM(D8*120) -> 0 | N8: =SUM(E8*120) -> 0 | O8: =SUM(F8*54) -> 0 | P8: =SUM(G8*54) -> 3780 | Q8: =SUM(H8*120) -> 0 | R8: =SUM(I8*1000) -> 0 | S8: =SUM(J8*140) -> 0 | T8: =SUM(L8:S8) -> 3780
A9: 5 | B9: 46178 | F9: =F8-E9+D9 -> 0 | G9: =IF(OR(B9="",NOT(ISERROR(SEARCH("KPI",$A$2))),NOT(ISERROR(SEARCH("Полиом",$A$2)))),0,IF(70-F9<=0,0,70-F9)) -> 70 | L9: =SUM(K9*240) -> 0 | M9: =SUM(D9*120) -> 0 | N9: =SUM(E9*120) -> 0 | O9: =SUM(F9*54) -> 0 | P9: =SUM(G9*54) -> 3780 | Q9: =SUM(H9*120) -> 0 | R9: =SUM(I9*1000) -> 0 | S9: =SUM(J9*140) -> 0 | T9: =SUM(L9:S9) -> 3780
A10: 6 | B10: 46179 | F10: =F9-E10+D10 -> 0 | G10: =IF(OR(B10="",NOT(ISERROR(SEARCH("KPI",$A$2))),NOT(ISERROR(SEARCH("Полиом",$A$2)))),0,IF(70-F10<=0,0,70-F10)) -> 70 | L10: =SUM(K10*240) -> 0 | M10: =SUM(D10*120) -> 0 | N10: =SUM(E10*120) -> 0 | O10: =SUM(F10*54) -> 0 | P10: =SUM(G10*54) -> 3780 | Q10: =SUM(H10*120) -> 0 | R10: =SUM(I10*1000) -> 0 | S10: =SUM(J10*140) -> 0 | T10: =SUM(L10:S10) -> 3780
A11: 7 | B11: 46180 | F11: =F10-E11+D11 -> 0 | G11: =IF(OR(B11="",NOT(ISERROR(SEARCH("KPI",$A$2))),NOT(ISERROR(SEARCH("Полиом",$A$2)))),0,IF(70-F11<=0,0,70-F11)) -> 70 | L11: =SUM(K11*240) -> 0 | M11: =SUM(D11*120) -> 0 | N11: =SUM(E11*120) -> 0 | O11: =SUM(F11*54) -> 0 | P11: =SUM(G11*54) -> 3780 | Q11: =SUM(H11*120) -> 0 | R11: =SUM(I11*1000) -> 0 | S11: =SUM(J11*140) -> 0 | T11: =SUM(L11:S11) -> 3780
A12: 8 | B12: 46181 | F12: =F11-E12+D12 -> 0 | G12: =IF(OR(B12="",NOT(ISERROR(SEARCH("KPI",$A$2))),NOT(ISERROR(SEARCH("Полиом",$A$2)))),0,IF(70-F12<=0,0,70-F12)) -> 70 | L12: =SUM(K12*240) -> 0 | M12: =SUM(D12*120) -> 0 | N12: =SUM(E12*120) -> 0 | O12: =SUM(F12*54) -> 0 | P12: =SUM(G12*54) -> 3780 | Q12: =SUM(H12*120) -> 0 | R12: =SUM(I12*1000) -> 0 | S12: =SUM(J12*140) -> 0 | T12: =SUM(L12:S12) -> 3780
A13: 9 | B13: 46182 | F13: =F12-E13+D13 -> 0 | G13: =IF(OR(B13="",NOT(ISERROR(SEARCH("KPI",$A$2))),NOT(ISERROR(SEARCH("Полиом",$A$2)))),0,IF(70-F13<=0,0,70-F13)) -> 70 | L13: =SUM(K13*240) -> 0 | M13: =SUM(D13*120) -> 0 | N13: =SUM(E13*120) -> 0 | O13: =SUM(F13*54) -> 0 | P13: =SUM(G13*54) -> 3780 | Q13: =SUM(H13*120) -> 0 | R13: =SUM(I13*1000) -> 0 | S13: =SUM(J13*140) -> 0 | T13: =SUM(L13:S13) -> 3780
A14: 10 | B14: 46183 | F14: =F13-E14+D14 -> 0 | G14: =IF(OR(B14="",NOT(ISERROR(SEARCH("KPI",$A$2))),NOT(ISERROR(SEARCH("Полиом",$A$2)))),0,IF(70-F14<=0,0,70-F14)) -> 70 | L14: =SUM(K14*240) -> 0 | M14: =SUM(D14*120) -> 0 | N14: =SUM(E14*120) -> 0 | O14: =SUM(F14*54) -> 0 | P14: =SUM(G14*54) -> 3780 | Q14: =SUM(H14*120) -> 0 | R14: =SUM(I14*1000) -> 0 | S14: =SUM(J14*140) -> 0 | T14: =SUM(L14:S14) -> 3780
A15: 11 | B15: 46184 | F15: =F14-E15+D15 -> 0 | G15: =IF(OR(B15="",NOT(ISERROR(SEARCH("KPI",$A$2))),NOT(ISERROR(SEARCH("Полиом",$A$2)))),0,IF(70-F15<=0,0,70-F15)) -> 70 | L15: =SUM(K15*240) -> 0 | M15: =SUM(D15*120) -> 0 | N15: =SUM(E15*120) -> 0 | O15: =SUM(F15*54) -> 0 | P15: =SUM(G15*54) -> 3780 | Q15: =SUM(H15*120) -> 0 | R15: =SUM(I15*1000) -> 0 | S15: =SUM(J15*140) -> 0 | T15: =SUM(L15:S15) -> 3780
A16: 12 | B16: 46185 | F16: =F15-E16+D16 -> 0 | G16: =IF(OR(B16="",NOT(ISERROR(SEARCH("KPI",$A$2))),NOT(ISERROR(SEARCH("Полиом",$A$2)))),0,IF(70-F16<=0,0,70-F16)) -> 70 | L16: =SUM(K16*240) -> 0 | M16: =SUM(D16*120) -> 0 | N16: =SUM(E16*120) -> 0 | O16: =SUM(F16*54) -> 0 | P16: =SUM(G16*54) -> 3780 | Q16: =SUM(H16*120) -> 0 | R16: =SUM(I16*1000) -> 0 | S16: =SUM(J16*140) -> 0 | T16: =SUM(L16:S16) -> 3780
A17: 13 | B17: 46186 | F17: =F16-E17+D17 -> 0 | G17: =IF(OR(B17="",NOT(ISERROR(SEARCH("KPI",$A$2))),NOT(ISERROR(SEARCH("Полиом",$A$2)))),0,IF(70-F17<=0,0,70-F17)) -> 70 | L17: =SUM(K17*240) -> 0 | M17: =SUM(D17*120) -> 0 | N17: =SUM(E17*120) -> 0 | O17: =SUM(F17*54) -> 0 | P17: =SUM(G17*54) -> 3780 | Q17: =SUM(H17*120) -> 0 | R17: =SUM(I17*1000) -> 0 | S17: =SUM(J17*140) -> 0 | T17: =SUM(L17:S17) -> 3780
... A34: 30 | B34: 46203 | F34: =F33-E34+D34 -> 0 | G34: =IF(OR(B34="",NOT(ISERROR(SEARCH("KPI",$A$2))),NOT(ISERROR(SEARCH("Полиом",$A$2)))),0,IF(70-F34<=0,0,70-F34)) -> 70 | L34: =SUM(K34*240) -> 0 | M34: =SUM(D34*120) -> 0 | N34: =SUM(E34*120) -> 0 | O34: =SUM(F34*54) -> 0 | P34: =SUM(G34*54) -> 3780 | Q34: =SUM(H34*120) -> 0 | R34: =SUM(I34*1000) -> 0 | S34: =SUM(J34*140) -> 0 | T34: =SUM(L34:S34) -> 3780
L35: =SUM(K35*240) -> 0 | M35: =SUM(D35*120) -> 0 | N35: =SUM(E35*120) -> 0 | O35: =SUM(F35*54) -> 0 | P35: =SUM(G35*54) -> 0 | Q35: =SUM(H35*120) -> 0 | R35: =SUM(I35*1000) -> 0 | S35: =SUM(J35*140) -> 0 | T35: =SUM(L35:S35) -> 0
F36: =SUM(F5:F35) -> 0 | G36: =SUM(G5:G35) -> 2100 | H36: =SUM(H5:H35) -> 0 | I36: =SUM(I5:I35) -> 0 | J36: =SUM(J5:J35) -> 0 | K36: =SUM(K5:K35) -> 0 | L36: =SUM(L5:L35) -> 0 | M36: =SUM(M5:M35) -> 0 | ... T36: =SUM(T5:T35) -> 113400
T37: =T36*1.22 -> 138348

Sheet ИТОГО
A1: =G16 -> 1.4416318e+08
I2: ТОП
A3: Склад | B3: Сибур | C3: Завод | D3: Русвинил | E3: Клиенты сибура | F3: Остальные | G3: Итого | I3: Казань_Автосервисная | J3: 23143268
A4: Баумана | B4: =INDEX($M$45:$M$54,MATCH(A4,$A$45:$A$54,0),1) -> 9308583.3 | C4: 0 | D4: =INDEX($B$57:$B$73,MATCH(A4,$A$57:$A$73,0),1) -> 0 | E4: =SUMIF($F$19:$F$42,A4,$G$19:$G$42) -> 42887.88 | F4: =SUMIF($B$19:$B$27,A4,$C$19:$C$27) -> 159387 | G4: =SUM(B4:F4) -> 9510858.2 | I4: Нижнекамск завод | J4: 19482962
A5: Новикова-Прибоя | B5: =INDEX($M$45:$M$54,MATCH(A5,$A$45:$A$54,0),1) -> 10585418 | C5: 0 | D5: =INDEX($B$57:$B$73,MATCH(A5,$A$57:$A$73,0),1) -> 0 | E5: =SUMIF($F$19:$F$42,A5,$G$19:$G$42) -> 6423.3 | F5: =SUMIF($B$19:$B$27,A5,$C$19:$C$27) -> 0 | G5: =SUM(B5:F5) -> 10591842 | I5: Новикова-Прибоя | J5: 14483152
A6: Екатеринбург | B6: =INDEX($M$45:$M$54,MATCH(A6,$A$45:$A$54,0),1) -> 12664184 | C6: 0 | D6: =INDEX($B$57:$B$73,MATCH(A6,$A$57:$A$73,0),1) -> 0 | E6: =SUMIF($F$19:$F$42,A6,$G$19:$G$42) -> 0 | F6: =SUMIF($B$19:$B$27,A6,$C$19:$C$27) -> 0 | G6: =SUM(B6:F6) -> 12664184 | I6: Екатеринбург | J6: 11908609
A7: Новосибирск | B7: =INDEX($M$45:$M$54,MATCH(A7,$A$45:$A$54,0),1) -> 6041240.2 | C7: 0 | D7: =INDEX($B$57:$B$73,MATCH(A7,$A$57:$A$73,0),1) -> 0 | E7: =SUMIF($F$19:$F$42,A7,$G$19:$G$42) -> 138348 | F7: =SUMIF($B$19:$B$27,A7,$C$19:$C$27) -> 0 | G7: =SUM(B7:F7) -> 6179588.2 | I7: Баумана | J7: 11544503
A8: Новосибирск_Пасечная | B8: =INDEX($M$45:$M$54,MATCH(A8,$A$45:$A$54,0),1) -> 5883745 | C8: 0 | D8: =INDEX($B$57:$B$73,MATCH(A8,$A$57:$A$73,0),1) -> 0 | E8: =SUMIF($F$19:$F$42,A8,$G$19:$G$42) -> 0 | F8: =SUMIF($B$19:$B$27,A8,$C$19:$C$27) -> 0 | G8: =SUM(B8:F8) -> 5883745
A9: Казань_Автосервисная | B9: =INDEX($M$45:$M$54,MATCH(A9,$A$45:$A$54,0),1) -> 18643995 | C9: 0 | D9: =INDEX($B$57:$B$73,MATCH(A9,$A$57:$A$73,0),1) -> 0 | E9: =SUMIF($F$19:$F$42,A9,$G$19:$G$42) -> 0 | F9: =SUMIF($B$19:$B$27,A9,$C$19:$C$27) -> 0 | G9: =SUM(B9:F9) -> 18643995 | I9: Казань_Приволжская | J9: 9900926.9
A10: Казань_Приволжская | B10: =INDEX($M$45:$M$54,MATCH(A10,$A$45:$A$54,0),1) -> 9551913.8 | C10: 0 | D10: =INDEX($B$57:$B$73,MATCH(A10,$A$57:$A$73,0),1) -> 0 | E10: =SUMIF($F$19:$F$42,A10,$G$19:$G$42) -> 0 | F10: =SUMIF($B$19:$B$27,A10,$C$19:$C$27) -> 0 | G10: =SUM(B10:F10) -> 9551913.8 | I10: Зеленодольск | J10: 9082789.1
A11: Зеленодольск | B11: =INDEX($M$45:$M$54,MATCH(A11,$A$45:$A$54,0),1) -> 8737018.6 | C11: 0 | D11: =INDEX($B$57:$B$73,MATCH(A11,$A$57:$A$73,0),1) -> 0 | E11: =SUMIF($F$19:$F$42,A11,$G$19:$G$42) -> 3294 | F11: =SUMIF($B$19:$B$27,A11,$C$19:$C$27) -> 0 | G11: =SUM(B11:F11) -> 8740312.6 | I11: Новосибирск | J11: 7932975.6
A12: Нижнекамск | B12: =INDEX($M$45:$M$54,MATCH(A12,$A$45:$A$54,0),1) -> 0 | C12: 0 | D12: =INDEX($B$57:$B$73,MATCH(A12,$A$57:$A$73,0),1) -> 0 | E12: =SUMIF($F$19:$F$42,A12,$G$19:$G$42) -> 0 | F12: =SUMIF($B$19:$B$27,A12,$C$19:$C$27) -> 0 | G12: =SUM(B12:F12) -> 0 | I12: Нижнекамск | J12: 7580244.6
A13: Нижнекамск завод | B13: 0 | C13: =C29+C37 -> 55347989 | D13: =INDEX($B$57:$B$73,MATCH(A13,$A$57:$A$73,0),1) -> 0 | E13: =SUMIF($F$19:$F$42,A13,$G$19:$G$42) -> 0 | F13: =SUMIF($B$19:$B$27,A13,$C$19:$C$27) -> 0 | G13: =SUM(B13:F13) -> 55347989 | I13: ГАЗ | J13: 6720000
A14: ЕкатеринбургЧкаловский | B14: =INDEX($M$45:$M$54,MATCH(A14,$A$45:$A$54,0),1) -> 7048755.2 | C14: 0 | D14: =INDEX($B$57:$B$73,MATCH(A14,$A$57:$A$73,0),1) -> 0 | E14: =SUMIF($F$19:$F$42,A14,$G$19:$G$42) -> 0 | F14: =SUMIF($B$19:$B$27,A14,$C$19:$C$27) -> 0 | G14: =SUM(B14:F14) -> 7048755.2 | I14: Монастырка | J14: 2464921.6
A15: Березовая Пойма | B15: 0 | C15: 0 | D15: =INDEX($B$57:$B$73,MATCH(A15,$A$57:$A$73,0),1) -> 0 | E15: =SUMIF($F$19:$F$42,A15,$G$19:$G$42) -> 0 | F15: =SUMIF($B$19:$B$27,A15,$C$19:$C$27) -> 0 | G15: =SUM(B15:F15) -> 0
B16: =SUM(B4:B15) -> 88464854 | C16: =SUM(C4:C15) -> 55347989 | D16: =SUM(D4:D15) -> 0 | E16: =SUM(E4:E15) -> 190953.18 | F16: =SUM(F4:F15) -> 159387 | G16: =SUM(G4:G15) -> 1.4416318e+08
A18: Остальные клиенты | C18: =SUM(C19:C27) -> 159387 | E18: Клиенты сибура | G18: =SUM(G19:G41) -> 190953.18
A19: Стройтех | B19: Баумана | C19: {=IFERROR(INDIRECT("'" & A19 & "'!A1"),)} -> 42893 | E19: Приоритет | F19: Баумана | G19: {=IFERROR(INDIRECT("'" & E19 & " " & F19 & "'!A1"),0)} -> 4446.9
A20: Ергарда | B20: Баумана | C20: {=IFERROR(INDIRECT("'" & A20 & "'!A1"),)} -> 8640 | E20: Фармпласт | F20: Баумана | G20: {=IFERROR(INDIRECT("'" & E20 & " " & F20 & "'!A1"),0)} -> 15712.38
A21: Литейные решения | B21: Баумана | C21: {=IFERROR(INDIRECT("'" & A21 & "'!A1"),)} -> 85642 | E21: Юг Полимер | F21: Баумана | G21: {=IFERROR(INDIRECT("'" & E21 & " " & F21 & "'!A1"),0)} -> 12846.6
A22: Сандекс | B22: Баумана | C22: {=IFERROR(INDIRECT("'" & A22 & "'!A1"),)} -> 18700.8 | E22: Центрополимер | F22: Екатеринбург | G22: {=IFERROR(INDIRECT("'" & E22 & " " & F22 & "'!A1"),0)} -> 0
A23: ЛС-Техномет | B23: Баумана | C23: {=IFERROR(INDIRECT("'" & A23 & "'!A1"),)} -> 3511.2 | E23: Приоритет | F23: Екатеринбург | G23: {=IFERROR(INDIRECT("'" & E23 & " " & F23 & "'!A1"),0)} -> 0
A24: РусДжам | B24: ГАЗ | C24: {=IFERROR(INDIRECT("'" & A24 & "'!A1"),)} -> 0 | E24: Фармпласт | F24: Екатеринбург | G24: {=IFERROR(INDIRECT("'" & E24 & " " & F24 & "'!A1"),0)} -> 0
A25: Виго | B25: Новикова-Прибоя | C25: {=IFERROR(INDIRECT("'" & A25 & "'!A1"),)} -> 0 | E25: Приоритет | F25: Зеленодольск | G25: {=IFERROR(INDIRECT("'" & E25 & " " & F25 & "'!A1"),0)} -> 0
A26: Доктор Франк | B26: Новикова-Прибоя | C26: {=IFERROR(INDIRECT("'" & A26 & "'!A1"),)} -> 0 | E26: Данафлекс | F26: Зеленодольск | G26: {=IFERROR(INDIRECT("'" & E26 & " " & F26 & "'!t37"),0)} -> 0
A27: Нефтезол | B27: Новикова-Прибоя | C27: {=IFERROR(INDIRECT("'" & A27 & "'!A1"),)} -> 0 | E27: ИП Ксендз | F27: Нижнекамск | G27: {=IFERROR(INDIRECT("'" & E27 & " " & F27 & "'!A1"),0)} -> 0
E28: Фармпласт | F28: Новикова-Прибоя | G28: {=IFERROR(INDIRECT("'" & E28 & " " & F28 & "'!A1"),0)} -> 3952.8
A29: Нижнекамск завод | C29: =SUM(C30:C35) -> 44749043 | E29: Центрополимер | F29: Новикова-Прибоя | G29: {=IFERROR(INDIRECT("'" & E29 & " " & F29 & "'!A1"),0)} -> 0
A30: ПРР | C30: {=INDIRECT("'" & A29 & "'!F17")} -> 16167490 | E30: Юг Полимер | F30: Новикова-Прибоя | G30: {=IFERROR(INDIRECT("'" & E30 & " " & F30 & "'!A1"),0)} -> 0
A31: Кладовки | C31: {=INDIRECT("'" & A29 & "'!F16")} -> 0 | E31: Приоритет | F31: Новикова-Прибоя | G31: {=IFERROR(INDIRECT("'" & E31 & " " & F31 & "'!A1"),0)} -> 2470.5
A32: Стропальщики | C32: {=INDIRECT("'" & A29 & "'!F18")} -> 872300 | E32: Биаксплен | F32: Новосибирск | G32: {=IFERROR(INDIRECT("'" & E32 & " " & F32 & "'!A1"),0)} -> 138348
A33: Мойка контейнеров | C33: {=INDIRECT("'" & A29 & "'!F19")} -> 2242921 | E33: Центрополимер | F33: Новосибирск | G33: {=IFERROR(INDIRECT("'" & E33 & " " & F33 & "'!A1"),0)} -> 0
A34: МТО | C34: {=INDIRECT("'" & A29 & "'!F20")} -> 20121277 | E34: Фармпласт | F34: Новосибирск | G34: {=IFERROR(INDIRECT("'" & E34 & " " & F34 & "'!A1"),0)} -> 0
A35: МТО 2520 | C35: {=INDIRECT("'" & A29 & "'!F21")} -> 5345055 | E35: Центрополимер | F35: Зеленодольск | G35: {=IFERROR(INDIRECT("'" & E35 & " " & F35 & "'!A1"),0)} -> 3294
E36: Юг Полимер | F36: Зеленодольск | G36: {=IFERROR(INDIRECT("'" & E36 & " " & F36 & "'!A1"),0)} -> 0
A37: Контейнерные площадки | C37: =SUM(C38:C42) -> 10598946 | E37: Фармпласт | F37: Казань_Автосервисная | G37: {=IFERROR(INDIRECT("'" & E37 & " " & F37 & "'!A1"),0)} -> 0
A38: КОС | C38: 3534726 | E38: Приоритет | F38: Казань_Приволжская | G38: {=IFERROR(INDIRECT("'" & E38 & " " & F38 & "'!A1"),0)} -> 0
A39: Нижнекамск | C39: 7064220 | E39: Центрополимер | F39: Баумана | G39: {=IFERROR(INDIRECT("'" & E39 & " " & F39 & "'!A1"),0)} -> 9882
E40: Приоритет | F40: Казань_Автосервисная | G40: {=IFERROR(INDIRECT("'" & E40 & " " & F40 & "'!A1"),0)} -> 0
E41: Оникс | F41: Нижнекамск | G41: {=IFERROR(INDIRECT("'" & E41 & " " & F41 & "'!A1"),0)} -> 0
A43: СИБУР | K43: =SUM(M45:M54) -> 88464854
B44: KPI | C44: Полиом | D44: Полимеры | E44: Каучук | F44: ПСОН | G44: Данафлекс | H44: СБС | I44: Порошок | J44: НПЭГ | K44: Экспорт | L44: Доп услуги | M44: ИТОГО
A45: Баумана | B45: {=IFERROR(INDIRECT("'" & $A45 & " " & B$44 & "'!T37"),)} -> 1178.04 | C45: {=IFERROR(INDIRECT("'" & $A45 & " " & C$44 & "'!T37"),)} -> 198644.54 | D45: {=IFERROR(INDIRECT("'" & $A45 & " " & D$44 & "'!T37"),)} -> 9108760.8 | E45: {=IFERROR(INDIRECT("'" & $A45 & " " & E$44 & "'!T37"),)} -> 0 | F45: {=IFERROR(INDIRECT("'" & $A45 & " " & F$44 & "'!T37"),)} -> 0 | G45: {=IFERROR(INDIRECT("'" & $A45 & " " & G$44 & "'!T37"),)} -> 0 | H45: {=IFERROR(INDIRECT("'" & $A45 & " " & H$44 & "'!T37"),)} -> 0 | I45: {=IFERROR(INDIRECT("'" & $A45 & " " & I$44 & "'!T37"),)} -> 0 | J45: {=IFERROR(INDIRECT("'" & $A45 & " " & J$44 & "'!T37"),)} -> 0 | K45: {=IFERROR(INDIRECT("'" & $A45 & " " & K$44 & "'!G12"),)} -> 0 | L45: {=IFERROR(INDIRECT("'" & $A45 & " " & L$44 & "'!F14"),)} -> 0 | M45: =SUM(B45:L45) -> 9308583.3
A46: Новикова-Прибоя | B46: {=IFERROR(INDIRECT("'" & $A46 & " " & B$44 & "'!T37"),)} -> 15008.31 | C46: {=IFERROR(INDIRECT("'" & $A46 & " " & C$44 & "'!T37"),)} -> 98573.16 | D46: {=IFERROR(INDIRECT("'" & $A46 & " " & D$44 & "'!T37"),)} -> 10471837 | E46: {=IFERROR(INDIRECT("'" & $A46 & " " & E$44 & "'!T37"),)} -> 0 | F46: {=IFERROR(INDIRECT("'" & $A46 & " " & F$44 & "'!T37"),)} -> 0 | G46: {=IFERROR(INDIRECT("'" & $A46 & " " & G$44 & "'!T37"),)} -> 0 | H46: {=IFERROR(INDIRECT("'" & $A46 & " " & H$44 & "'!T37"),)} -> 0 | I46: {=IFERROR(INDIRECT("'" & $A46 & " " & I$44 & "'!T37"),)} -> 0 | J46: {=IFERROR(INDIRECT("'" & $A46 & " " & J$44 & "'!T37"),)} -> 0 | K46: {=IFERROR(INDIRECT("'" & $A46 & " " & K$44 & "'!G12"),)} -> 0 | L46: {=IFERROR(INDIRECT("'" & $A46 & " " & L$44 & "'!F14"),)} -> 0 | M46: =SUM(B46:L46) -> 10585418
A47: Екатеринбург | B47: {=IFERROR(INDIRECT("'" & $A47 & " " & B$44 & "'!T37"),)} -> 208081.92 | C47: {=IFERROR(INDIRECT("'" & $A47 & " " & C$44 & "'!T37"),)} -> 754600.22 | D47: {=IFERROR(INDIRECT("'" & $A47 & " " & D$44 & "'!T37"),)} -> 11593188 | E47: {=IFERROR(INDIRECT("'" & $A47 & " " & E$44 & "'!T37"),)} -> 0 | F47: {=IFERROR(INDIRECT("'" & $A47 & " " & F$44 & "'!T37"),)} -> 0 | G47: {=IFERROR(INDIRECT("'" & $A47 & " " & G$44 & "'!T37"),)} -> 0 | H47: {=IFERROR(INDIRECT("'" & $A47 & " " & H$44 & "'!T37"),)} -> 0 | I47: {=IFERROR(INDIRECT("'" & $A47 & " " & I$44 & "'!T37"),)} -> 0 | J47: {=IFERROR(INDIRECT("'" & $A47 & " " & J$44 & "'!T37"),)} -> 64394.33 | K47: {=IFERROR(INDIRECT("'" & $A47 & " " & K$44 & "'!G12"),)} -> 43920 | L47: {=IFERROR(INDIRECT("'" & $A47 & " " & L$44 & "'!F14"),)} -> 0 | M47: =SUM(B47:L47) -> 12664184
A48: Новосибирск | B48: {=IFERROR(INDIRECT("'" & $A48 & " " & B$44 & "'!T37"),)} -> 996.83 | C48: {=IFERROR(INDIRECT("'" & $A48 & " " & C$44 & "'!T37"),)} -> 215969.65 | D48: {=IFERROR(INDIRECT("'" & $A48 & " " & D$44 & "'!T37"),)} -> 4146339.3 | E48: {=IFERROR(INDIRECT("'" & $A48 & " " & E$44 & "'!T37"),)} -> 0 | F48: {=IFERROR(INDIRECT("'" & $A48 & " " & F$44 & "'!T37"),)} -> 0 | G48: {=IFERROR(INDIRECT("'" & $A48 & " " & G$44 & "'!T37"),)} -> 0 | H48: {=IFERROR(INDIRECT("'" & $A48 & " " & H$44 & "'!T37"),)} -> 0 | I48: {=IFERROR(INDIRECT("'" & $A48 & " " & I$44 & "'!T37"),)} -> 1677934.4 | J48: {=IFERROR(INDIRECT("'" & $A48 & " " & J$44 & "'!T37"),)} -> 0 | K48: {=IFERROR(INDIRECT("'" & $A48 & " " & K$44 & "'!G12"),)} -> 0 | L48: {=IFERROR(INDIRECT("'" & $A48 & " " & L$44 & "'!F14"),)} -> 0 | M48: =SUM(B48:L48) -> 6041240.2
A49: Новосибирск_Пасечная | B49: {=IFERROR(INDIRECT("'" & $A49 & " " & B$44 & "'!T37"),)} -> 0 | C49: {=IFERROR(INDIRECT("'" & $A49 & " " & C$44 & "'!T37"),)} -> 0 | D49: {=IFERROR(INDIRECT("'" & $A49 & " " & D$44 & "'!T37"),)} -> 0 | E49: {=IFERROR(INDIRECT("'" & $A49 & " " & E$44 & "'!T37"),)} -> 0 | F49: {=IFERROR(INDIRECT("'" & $A49 & " " & F$44 & "'!T37"),)} -> 0 | G49: {=IFERROR(INDIRECT("'" & $A49 & " " & G$44 & "'!T37"),)} -> 0 | H49: {=IFERROR(INDIRECT("'" & $A49 & " " & H$44 & "'!T37"),)} -> 0 | I49: {=IFERROR(INDIRECT("'" & $A49 & " " & I$44 & "'!T37"),)} -> 5883745 | J49: {=IFERROR(INDIRECT("'" & $A49 & " " & J$44 & "'!T37"),)} -> 0 | K49: {=IFERROR(INDIRECT("'" & $A49 & " " & K$44 & "'!G12"),)} -> 0 | L49: {=IFERROR(INDIRECT("'" & $A49 & " " & L$44 & "'!F14"),)} -> 0 | M49: =SUM(B49:L49) -> 5883745
A50: Казань_Автосервисная | B50: {=IFERROR(INDIRECT("'" & $A50 & " " & B$44 & "'!T37"),)} -> 0 | C50: {=IFERROR(INDIRECT("'" & $A50 & " " & C$44 & "'!T37"),)} -> 26880.44 | D50: {=IFERROR(INDIRECT("'" & $A50 & " " & D$44 & "'!T37"),)} -> 18482720 | E50: {=IFERROR(INDIRECT("'" & $A50 & " " & E$44 & "'!T37"),)} -> 0 | F50: {=IFERROR(INDIRECT("'" & $A50 & " " & F$44 & "'!T37"),)} -> 0 | G50: {=IFERROR(INDIRECT("'" & $A50 & " " & G$44 & "'!T37"),)} -> 0 | H50: {=IFERROR(INDIRECT("'" & $A50 & " " & H$44 & "'!T37"),)} -> 0 | I50: {=IFERROR(INDIRECT("'" & $A50 & " " & I$44 & "'!T37"),)} -> 0 | J50: {=IFERROR(INDIRECT("'" & $A50 & " " & J$44 & "'!T37"),)} -> 0 | K50: {=IFERROR(INDIRECT("'" & $A50 & " " & K$44 & "'!G12"),)} -> 82960 | L50: {=IFERROR(INDIRECT("'" & $A50 & " " & L$44 & "'!F14"),)} -> 51435.2 | M50: =SUM(B50:L50) -> 18643995
A51: Казань_Приволжская | B51: {=IFERROR(INDIRECT("'" & $A51 & " " & B$44 & "'!T37"),)} -> 0 | C51: {=IFERROR(INDIRECT("'" & $A51 & " " & C$44 & "'!T37"),)} -> 0 | D51: {=IFERROR(INDIRECT("'" & $A51 & " " & D$44 & "'!T37"),)} -> 9490913.8 | E51: {=IFERROR(INDIRECT("'" & $A51 & " " & E$44 & "'!T37"),)} -> 0 | F51: {=IFERROR(INDIRECT("'" & $A51 & " " & F$44 & "'!T37"),)} -> 0 | G51: {=IFERROR(INDIRECT("'" & $A51 & " " & G$44 & "'!T37"),)} -> 0 | H51: {=IFERROR(INDIRECT("'" & $A51 & " " & H$44 & "'!T37"),)} -> 0 | I51: {=IFERROR(INDIRECT("'" & $A51 & " " & I$44 & "'!T37"),)} -> 0 | J51: {=IFERROR(INDIRECT("'" & $A51 & " " & J$44 & "'!T37"),)} -> 0 | K51: {=IFERROR(INDIRECT("'" & $A51 & " " & K$44 & "'!G12"),)} -> 61000 | L51: {=IFERROR(INDIRECT("'" & $A51 & " " & L$44 & "'!F14"),)} -> 0 | M51: =SUM(B51:L51) -> 9551913.8
A52: Зеленодольск | B52: {=IFERROR(INDIRECT("'" & $A52 & " " & B$44 & "'!T37"),)} -> 0 | C52: {=IFERROR(INDIRECT("'" & $A52 & " " & C$44 & "'!T37"),)} -> 7710.02 | D52: {=IFERROR(INDIRECT("'" & $A52 & " " & D$44 & "'!T37"),)} -> 8172482.8 | E52: {=IFERROR(INDIRECT("'" & $A52 & " " & E$44 & "'!T37"),)} -> 0 | F52: {=IFERROR(INDIRECT("'" & $A52 & " " & F$44 & "'!T37"),)} -> 0 | G52: {=IFERROR(INDIRECT("'" & $A52 & " " & G$44 & "'!T37"),)} -> 556825.79 | H52: {=IFERROR(INDIRECT("'" & $A52 & " " & H$44 & "'!T37"),)} -> 0 | I52: {=IFERROR(INDIRECT("'" & $A52 & " " & I$44 & "'!T37"),)} -> 0 | J52: {=IFERROR(INDIRECT("'" & $A52 & " " & J$44 & "'!T37"),)} -> 0 | K52: {=IFERROR(INDIRECT("'" & $A52 & " " & K$44 & "'!G12"),)} -> 0 | L52: {=IFERROR(INDIRECT("'" & $A52 & " " & L$44 & "'!F14"),)} -> 0 | M52: =SUM(B52:L52) -> 8737018.6
A53: Нижнекамск | B53: {=IFERROR(INDIRECT("'" & $A53 & " " & B$44 & "'!T37"),)} -> 0 | C53: {=IFERROR(INDIRECT("'" & $A53 & " " & C$44 & "'!T37"),)} -> 0 | D53: {=IFERROR(INDIRECT("'" & $A53 & " " & D$44 & "'!T37"),)} -> 0 | E53: {=IFERROR(INDIRECT("'" & $A53 & " " & E$44 & "'!T37"),)} -> 0 | F53: {=IFERROR(INDIRECT("'" & $A53 & " " & F$44 & "'!T37"),)} -> 0 | G53: {=IFERROR(INDIRECT("'" & $A53 & " " & G$44 & "'!T37"),)} -> 0 | H53: {=IFERROR(INDIRECT("'" & $A53 & " " & H$44 & "'!T37"),)} -> 0 | I53: {=IFERROR(INDIRECT("'" & $A53 & " " & I$44 & "'!T37"),)} -> 0 | J53: {=IFERROR(INDIRECT("'" & $A53 & " " & J$44 & "'!T37"),)} -> 0 | K53: {=IFERROR(INDIRECT("'" & $A53 & " " & K$44 & "'!G12"),)} -> 0 | L53: {=IFERROR(INDIRECT("'" & $A53 & " " & L$44 & "'!F14"),)} -> 0 | M53: =SUM(B53:L53) -> 0
A54: ЕкатеринбургЧкаловский | B54: {=IFERROR(INDIRECT("'" & $A54 & " " & B$44 & "'!T37"),)} -> 115538.64 | C54: {=IFERROR(INDIRECT("'" & $A54 & " " & C$44 & "'!T37"),)} -> 121789.87 | D54: {=IFERROR(INDIRECT("'" & $A54 & " " & D$44 & "'!T37"),)} -> 6811426.7 | E54: {=IFERROR(INDIRECT("'" & $A54 & " " & E$44 & "'!T37"),)} -> 0 | F54: {=IFERROR(INDIRECT("'" & $A54 & " " & F$44 & "'!T37"),)} -> 0 | G54: {=IFERROR(INDIRECT("'" & $A54 & " " & G$44 & "'!T37"),)} -> 0 | H54: {=IFERROR(INDIRECT("'" & $A54 & " " & H$44 & "'!T37"),)} -> 0 | I54: {=IFERROR(INDIRECT("'" & $A54 & " " & I$44 & "'!T37"),)} -> 0 | J54: {=IFERROR(INDIRECT("'" & $A54 & " " & J$44 & "'!T37"),)} -> 0 | K54: {=IFERROR(INDIRECT("'" & $A54 & " " & K$44 & "'!G12"),)} -> 0 | L54: {=IFERROR(INDIRECT("'" & $A54 & " " & L$44 & "'!F14"),)} -> 0 | M54: =SUM(B54:L54) -> 7048755.2
A56: Русвинил | B56: =SUM(B57:B67) -> 0
A57: Баумана | B57: {=IFERROR(INDIRECT("'РВ " & A57 & "'!O38"),0)} -> 0
A58: Новикова-Прибоя | B58: {=IFERROR(INDIRECT("'РВ " & A58 & "'!O38"),0)} -> 0
A59: ЕкатеринбургЧкаловский | B59: {=IFERROR(INDIRECT("'РВ " & A59 & "'!O38"),0)} -> 0
A60: Екатеринбург | B60: {=IFERROR(INDIRECT("'РВ " & A60 & "'!O38"),0)} -> 0
A61: Новосибирск | B61: {=IFERROR(INDIRECT("'РВ " & A61 & "'!O38"),0)} -> 0
A62: Казань_Приволжская | B62: {=IFERROR(INDIRECT("'РВ " & A62 & "'!O38"),0)} -> 0
A63: Казань_Автосервисная | B63: {=IFERROR(INDIRECT("'РВ " & A63 & "'!O38"),0)} -> 0
A64: Зеленодольск | B64: {=IFERROR(INDIRECT("'РВ " & A64 & "'!O38"),0)} -> 0
A65: Нижнекамск | B65: {=IFERROR(INDIRECT("'РВ " & A65 & "'!O38"),0)} -> 0
A66: Нижнекамск завод | B66: {=IFERROR(INDIRECT("'РВ " & A66 & "'!O38"),0)} -> 0
A67: Березовая Пойма | B67: {=IFERROR(INDIRECT("'РВ " & A67 & "'!O38"),0)+IFERROR(INDIRECT("Резерв!i38"),0)} -> 0
A68: Новосибирск_Пасечная | B68: {=IFERROR(INDIRECT("'РВ " & A68 & "'!O38"),0)} -> 0

Sheet Другое

Sheet Нижнекамск завод
A9: № | B9: Наименование услуг (работ) | C9: Ед. изм. | D9: Количество | E9: Цена | F9: Сумма
A14: Итого: | F14: =SUM(F10:F13) -> 0
A15: Без налога (НДС) | F15: =SUM(F14) -> 0
A16: Всего (с учетом НДС) | F16: =SUM(F15)*1.2 -> 0
A17: Вышеперечисленные услуги (работы) выполнены полностью. | E17: ПРР | F17: 16167490
A18: ПОКЛАЖЕДАТЕЛЬ претензий по объему, качеству и срокам оказания услуг претензий не имеет. | E18: Стропальщики | F18: 872300
E19: Контейнеры | F19: 2242921
E20: МТО | F20: =19736977+315000*1.22 -> 20121277
E21: МТО 2520 | F21: 5345055
A22: ООО "ДТМ" | D22: ПАО "Нижнекамскнефтехим"
A24: ____________________Молькова Т.Ю. | B24: Расстегаев Д.О. | D24: ____________________

Sheet Сводка
A1: KPI | B1: Баумана | C1: =INDEX(INDIRECT("ИТОГО!$B$45:$L$54"),MATCH(Сводка!B1,INDIRECT("ИТОГО!$A$45:$A$54"),0),MATCH(Сводка!A1,INDIRECT("ИТОГО!$B$44:$L$44"),0)) -> 1178.04
A2: Полиом | B2: Баумана | C2: =INDEX(INDIRECT("ИТОГО!$B$45:$L$54"),MATCH(Сводка!B2,INDIRECT("ИТОГО!$A$45:$A$54"),0),MATCH(Сводка!A2,INDIRECT("ИТОГО!$B$44:$L$44"),0)) -> 198644.54
A3: Полимеры | B3: Баумана | C3: =INDEX(INDIRECT("ИТОГО!$B$45:$L$54"),MATCH(Сводка!B3,INDIRECT("ИТОГО!$A$45:$A$54"),0),MATCH(Сводка!A3,INDIRECT("ИТОГО!$B$44:$L$44"),0)) -> 9108760.8
A4: Каучук | B4: Баумана | C4: =INDEX(INDIRECT("ИТОГО!$B$45:$L$54"),MATCH(Сводка!B4,INDIRECT("ИТОГО!$A$45:$A$54"),0),MATCH(Сводка!A4,INDIRECT("ИТОГО!$B$44:$L$44"),0)) -> 0
A5: ПСОН | B5: Баумана | C5: =INDEX(INDIRECT("ИТОГО!$B$45:$L$54"),MATCH(Сводка!B5,INDIRECT("ИТОГО!$A$45:$A$54"),0),MATCH(Сводка!A5,INDIRECT("ИТОГО!$B$44:$L$44"),0)) -> 0
A6: Данафлекс | B6: Баумана | C6: =INDEX(INDIRECT("ИТОГО!$B$45:$L$54"),MATCH(Сводка!B6,INDIRECT("ИТОГО!$A$45:$A$54"),0),MATCH(Сводка!A6,INDIRECT("ИТОГО!$B$44:$L$44"),0)) -> 0
A7: СБС | B7: Баумана | C7: =INDEX(INDIRECT("ИТОГО!$B$45:$L$54"),MATCH(Сводка!B7,INDIRECT("ИТОГО!$A$45:$A$54"),0),MATCH(Сводка!A7,INDIRECT("ИТОГО!$B$44:$L$44"),0)) -> 0
A8: Порошок | B8: Баумана | C8: =INDEX(INDIRECT("ИТОГО!$B$45:$L$54"),MATCH(Сводка!B8,INDIRECT("ИТОГО!$A$45:$A$54"),0),MATCH(Сводка!A8,INDIRECT("ИТОГО!$B$44:$L$44"),0)) -> 0
A9: НПЭГ | B9: Баумана | C9: =INDEX(INDIRECT("ИТОГО!$B$45:$L$54"),MATCH(Сводка!B9,INDIRECT("ИТОГО!$A$45:$A$54"),0),MATCH(Сводка!A9,INDIRECT("ИТОГО!$B$44:$L$44"),0)) -> 0
A10: Экспорт | B10: Баумана | C10: =INDEX(INDIRECT("ИТОГО!$B$45:$L$54"),MATCH(Сводка!B10,INDIRECT("ИТОГО!$A$45:$A$54"),0),MATCH(Сводка!A10,INDIRECT("ИТОГО!$B$44:$L$44"),0)) -> 0
A11: Доп услуги | B11: Баумана | C11: =INDEX(INDIRECT("ИТОГО!$B$45:$L$54"),MATCH(Сводка!B11,INDIRECT("ИТОГО!$A$45:$A$54"),0),MATCH(Сводка!A11,INDIRECT("ИТОГО!$B$44:$L$44"),0)) -> 0
A12: KPI | B12: Новикова-Прибоя | C12: =INDEX(INDIRECT("ИТОГО!$B$45:$L$54"),MATCH(Сводка!B12,INDIRECT("ИТОГО!$A$45:$A$54"),0),MATCH(Сводка!A12,INDIRECT("ИТОГО!$B$44:$L$44"),0)) -> 15008.31
... A99: Доп услуги | B99: Казань_Приволжская | C99: =INDEX(INDIRECT("ИТОГО!$B$45:$L$54"),MATCH(Сводка!B99,INDIRECT("ИТОГО!$A$45:$A$54"),0),MATCH(Сводка!A99,INDIRECT("ИТОГО!$B$44:$L$44"),0)) -> 0
A100: Русвинил | B100: Баумана | C100: {=INDIRECT("ИТОГО!B57")} -> 0
A101: Русвинил | B101: Новикова-Прибоя | C101: {=INDIRECT("ИТОГО!B58")} -> 0
A102: Русвинил | B102: Березовая Пойма | C102: {=INDIRECT("ИТОГО!B67")} -> 0
A103: ПРР | B103: Нижнекамск завод | C103: {=INDIRECT("ИТОГО!C30")} -> 16167490
A104: Кладовки | B104: Нижнекамск завод | C104: {=INDIRECT("ИТОГО!C31")} -> 0
A105: Стропальщики | B105: Нижнекамск завод | C105: {=INDIRECT("ИТОГО!C32")} -> 872300
A106: Мойка контейнеров | B106: Нижнекамск завод | C106: {=INDIRECT("ИТОГО!C33")} -> 2242921
A107: МТО | B107: Нижнекамск завод | C107: {=INDIRECT("ИТОГО!C34")} -> 20121277
A108: МТО 2520 | B108: Нижнекамск завод | C108: {=INDIRECT("ИТОГО!C35")} -> 5345055
A109: КП КОС | B109: Нижнекамск завод | C109: {=INDIRECT("ИТОГО!C38")} -> 3534726
A110: КП Нижнекамск | B110: Нижнекамск завод | C110: {=INDIRECT("ИТОГО!C39")} -> 7064220
A111: Стройтех | B111: Баумана | C111: {=INDIRECT("ИТОГО!C19")} -> 42893
A112: Ергарда | B112: Баумана | C112: {=INDIRECT("ИТОГО!C20")} -> 8640
A113: Литейные решения | B113: Баумана | C113: {=INDIRECT("ИТОГО!C21")} -> 85642
A114: Сандекс | B114: Баумана | C114: {=INDIRECT("ИТОГО!C22")} -> 18700.8
A115: ЛС-Техномет | B115: Баумана | C115: {=INDIRECT("ИТОГО!C23")} -> 3511.2
A116: Приоритет | B116: Баумана | C116: {=INDIRECT("ИТОГО!G19")} -> 4446.9
A117: Фармпласт | B117: Баумана | C117: {=INDIRECT("ИТОГО!G20")} -> 15712.38
A118: Юг Полимер | B118: Баумана | C118: {=INDIRECT("ИТОГО!G21")} -> 12846.6
A119: Центрополимер | B119: Екатеринбург | C119: {=INDIRECT("ИТОГО!G22")} -> 0
A120: Приоритет | B120: Екатеринбург | C120: {=INDIRECT("ИТОГО!G23")} -> 0
A121: Фармпласт | B121: Екатеринбург | C121: {=INDIRECT("ИТОГО!G24")} -> 0
A122: Приоритет | B122: Зеленодольск | C122: {=INDIRECT("ИТОГО!G25")} -> 0
A123: Данафлекс | B123: Зеленодольск | C123: {=INDIRECT("ИТОГО!G26")} -> 0
A124: ИП Ксендз | B124: Нижнекамск | C124: {=INDIRECT("ИТОГО!G27")} -> 0
A125: Фармпласт | B125: Новикова-Прибоя | C125: {=INDIRECT("ИТОГО!G28")} -> 3952.8
A126: Центрополимер | B126: Новикова-Прибоя | C126: {=INDIRECT("ИТОГО!G29")} -> 0
A127: Юг Полимер | B127: Новикова-Прибоя | C127: {=INDIRECT("ИТОГО!G30")} -> 0
A128: Приоритет | B128: Новикова-Прибоя | C128: {=INDIRECT("ИТОГО!G31")} -> 2470.5
A129: Биаксплен | B129: Новосибирск | C129: {=INDIRECT("ИТОГО!G32")} -> 138348
A130: Центрополимер | B130: Новосибирск | C130: {=INDIRECT("ИТОГО!G33")} -> 0
A131: Фармпласт | B131: Новосибирск | C131: {=INDIRECT("ИТОГО!G34")} -> 0
A132: Юг Полимер | B132: Зеленодольск | C132: {=INDIRECT("ИТОГО!G36")} -> 0
A133: Фармпласт | B133: Казань_Автосервисная | C133: {=INDIRECT("ИТОГО!G37")} -> 0
A134: Приоритет | B134: Казань_Приволжская | C134: {=INDIRECT("ИТОГО!G38")} -> 0
A135: Центрополимер | B135: Баумана | C135: {=INDIRECT("ИТОГО!G39")} -> 9882
A136: Приоритет | B136: Казань_Автосервисная | C136: {=INDIRECT("ИТОГО!G40")} -> 0
A137: Оникс | B137: Нижнекамск | C137: {=INDIRECT("ИТОГО!G41")} -> 0
A138: Центрополимер | B138: Зеленодольск | C138: =[1]ИТОГО!G35 -> 0
A139: KPI | B139: ЕкатеринбургЧкаловский | C139: =INDEX(INDIRECT("ИТОГО!$B$45:$L$54"),MATCH(Сводка!B139,INDIRECT("ИТОГО!$A$45:$A$54"),0),MATCH(Сводка!A139,INDIRECT("ИТОГО!$B$44:$L$44"),0)) -> 115538.64
A140: Полиом | B140: ЕкатеринбургЧкаловский | C140: =INDEX(INDIRECT("ИТОГО!$B$45:$L$54"),MATCH(Сводка!B140,INDIRECT("ИТОГО!$A$45:$A$54"),0),MATCH(Сводка!A140,INDIRECT("ИТОГО!$B$44:$L$44"),0)) -> 121789.87
A141: Полимеры | B141: ЕкатеринбургЧкаловский | C141: =INDEX(INDIRECT("ИТОГО!$B$45:$L$54"),MATCH(Сводка!B141,INDIRECT("ИТОГО!$A$45:$A$54"),0),MATCH(Сводка!A141,INDIRECT("ИТОГО!$B$44:$L$44"),0)) -> 6811426.7
A142: Каучук | B142: ЕкатеринбургЧкаловский | C142: =INDEX(INDIRECT("ИТОГО!$B$45:$L$54"),MATCH(Сводка!B142,INDIRECT("ИТОГО!$A$45:$A$54"),0),MATCH(Сводка!A142,INDIRECT("ИТОГО!$B$44:$L$44"),0)) -> 0
A143: ПСОН | B143: ЕкатеринбургЧкаловский | C143: =INDEX(INDIRECT("ИТОГО!$B$45:$L$54"),MATCH(Сводка!B143,INDIRECT("ИТОГО!$A$45:$A$54"),0),MATCH(Сводка!A143,INDIRECT("ИТОГО!$B$44:$L$44"),0)) -> 0
A144: Данафлекс | B144: ЕкатеринбургЧкаловский | C144: =INDEX(INDIRECT("ИТОГО!$B$45:$L$54"),MATCH(Сводка!B144,INDIRECT("ИТОГО!$A$45:$A$54"),0),MATCH(Сводка!A144,INDIRECT("ИТОГО!$B$44:$L$44"),0)) -> 0
A145: СБС | B145: ЕкатеринбургЧкаловский | C145: =INDEX(INDIRECT("ИТОГО!$B$45:$L$54"),MATCH(Сводка!B145,INDIRECT("ИТОГО!$A$45:$A$54"),0),MATCH(Сводка!A145,INDIRECT("ИТОГО!$B$44:$L$44"),0)) -> 0
A146: Порошок | B146: ЕкатеринбургЧкаловский | C146: =INDEX(INDIRECT("ИТОГО!$B$45:$L$54"),MATCH(Сводка!B146,INDIRECT("ИТОГО!$A$45:$A$54"),0),MATCH(Сводка!A146,INDIRECT("ИТОГО!$B$44:$L$44"),0)) -> 0
A147: НПЭГ | B147: ЕкатеринбургЧкаловский | C147: =INDEX(INDIRECT("ИТОГО!$B$45:$L$54"),MATCH(Сводка!B147,INDIRECT("ИТОГО!$A$45:$A$54"),0),MATCH(Сводка!A147,INDIRECT("ИТОГО!$B$44:$L$44"),0)) -> 0
A148: Экспорт | B148: ЕкатеринбургЧкаловский | C148: =INDEX(INDIRECT("ИТОГО!$B$45:$L$54"),MATCH(Сводка!B148,INDIRECT("ИТОГО!$A$45:$A$54"),0),MATCH(Сводка!A148,INDIRECT("ИТОГО!$B$44:$L$44"),0)) -> 0
A149: Доп услуги | B149: ЕкатеринбургЧкаловский | C149: =INDEX(INDIRECT("ИТОГО!$B$45:$L$54"),MATCH(Сводка!B149,INDIRECT("ИТОГО!$A$45:$A$54"),0),MATCH(Сводка!A149,INDIRECT("ИТОГО!$B$44:$L$44"),0)) -> 0

Sheet Центрополимер Зеленодольск
A1: =N37 -> 3294
A2: ="Отчет по хранению товара за " & TEXT(B5,"ММММ ГГГГ") -> Отчет по хранению товара за Июнь 2026
A3: № | B3: дата | D3: Выгрузка кол-во | E3: Загрузка кол-во | F3: Хранение | G3: переконсолидация (тонн) | H3: Паллетирование | I3: стоимость выгрузки | J3: стоимость загрузки | K3: стоимость хранения | L3: стоимость переконс. | M3: Стоимость паллетирования | N3: итого | Q3: Цены
Q4: Выгрузка | R4: 180
A5: 1 | B5: 46174 | F5: 0 | G5: 0 | H5: 0 | I5: =SUM(D5*$R$4) -> 0 | J5: =SUM(E5*$R$5) -> 0 | K5: =F5*$R$6 -> 0 | L5: =SUM(G5*$R$7) -> 0 | M5: =SUM(H5*$R$8) -> 0 | N5: =SUM(I5:M5) -> 0 | Q5: Загрузка | R5: 180
A6: 2 | B6: 46175 | F6: =F5-E5+D6 -> 0 | G6: 0 | H6: 0 | I6: =SUM(D6*$R$4) -> 0 | J6: =SUM(E6*$R$5) -> 0 | K6: =F6*$R$6 -> 0 | L6: =SUM(G6*$R$7) -> 0 | M6: =SUM(H6*$R$8) -> 0 | N6: =SUM(I6:M6) -> 0 | Q6: Хранение | R6: 24
A7: 3 | B7: 46176 | F7: =F6-E6+D7 -> 0 | G7: 0 | H7: 0 | I7: =SUM(D7*$R$4) -> 0 | J7: =SUM(E7*$R$5) -> 0 | K7: =F7*$R$6 -> 0 | L7: =SUM(G7*$R$7) -> 0 | M7: =SUM(H7*$R$8) -> 0 | N7: =SUM(I7:M7) -> 0 | Q7: Переконсолидация | R7: 1200
A8: 4 | B8: 46177 | F8: =F7-E7+D8 -> 0 | G8: 0 | H8: 0 | I8: =SUM(D8*$R$4) -> 0 | J8: =SUM(E8*$R$5) -> 0 | K8: =F8*$R$6 -> 0 | L8: =SUM(G8*$R$7) -> 0 | M8: =SUM(H8*$R$8) -> 0 | N8: =SUM(I8:M8) -> 0 | Q8: Паллетирование | R8: 240
A9: 5 | B9: 46178 | F9: =F8-E8+D9 -> 0 | G9: 0 | H9: 0 | I9: =SUM(D9*$R$4) -> 0 | J9: =SUM(E9*$R$5) -> 0 | K9: =F9*$R$6 -> 0 | L9: =SUM(G9*$R$7) -> 0 | M9: =SUM(H9*$R$8) -> 0 | N9: =SUM(I9:M9) -> 0
A10: 6 | B10: 46179 | F10: =F9-E9+D10 -> 0 | G10: 0 | H10: 0 | I10: =SUM(D10*$R$4) -> 0 | J10: =SUM(E10*$R$5) -> 0 | K10: =F10*$R$6 -> 0 | L10: =SUM(G10*$R$7) -> 0 | M10: =SUM(H10*$R$8) -> 0 | N10: =SUM(I10:M10) -> 0
A11: 7 | B11: 46180 | F11: =F10-E10+D11 -> 0 | G11: 0 | H11: 0 | I11: =SUM(D11*$R$4) -> 0 | J11: =SUM(E11*$R$5) -> 0 | K11: =F11*$R$6 -> 0 | L11: =SUM(G11*$R$7) -> 0 | M11: =SUM(H11*$R$8) -> 0 | N11: =SUM(I11:M11) -> 0
A12: 8 | B12: 46181 | F12: =F11-E11+D12 -> 0 | G12: 0 | H12: 0 | I12: =SUM(D12*$R$4) -> 0 | J12: =SUM(E12*$R$5) -> 0 | K12: =F12*$R$6 -> 0 | L12: =SUM(G12*$R$7) -> 0 | M12: =SUM(H12*$R$8) -> 0 | N12: =SUM(I12:M12) -> 0
A13: 9 | B13: 46182 | F13: =F12-E12+D13 -> 0 | G13: 0 | H13: 0 | I13: =SUM(D13*$R$4) -> 0 | J13: =SUM(E13*$R$5) -> 0 | K13: =F13*$R$6 -> 0 | L13: =SUM(G13*$R$7) -> 0 | M13: =SUM(H13*$R$8) -> 0 | N13: =SUM(I13:M13) -> 0
A14: 10 | B14: 46183 | F14: =F13-E13+D14 -> 0 | G14: 0 | H14: 0 | I14: =SUM(D14*$R$4) -> 0 | J14: =SUM(E14*$R$5) -> 0 | K14: =F14*$R$6 -> 0 | L14: =SUM(G14*$R$7) -> 0 | M14: =SUM(H14*$R$8) -> 0 | N14: =SUM(I14:M14) -> 0
A15: 11 | B15: 46184 | F15: =F14-E14+D15 -> 0 | G15: 0 | H15: 0 | I15: =SUM(D15*$R$4) -> 0 | J15: =SUM(E15*$R$5) -> 0 | K15: =F15*$R$6 -> 0 | L15: =SUM(G15*$R$7) -> 0 | M15: =SUM(H15*$R$8) -> 0 | N15: =SUM(I15:M15) -> 0
A16: 12 | B16: 46185 | F16: =F15-E15+D16 -> 0 | G16: 0 | H16: 0 | I16: =SUM(D16*$R$4) -> 0 | J16: =SUM(E16*$R$5) -> 0 | K16: =F16*$R$6 -> 0 | L16: =SUM(G16*$R$7) -> 0 | M16: =SUM(H16*$R$8) -> 0 | N16: =SUM(I16:M16) -> 0
A17: 13 | B17: 46186 | F17: =F16-E16+D17 -> 0 | G17: 0 | H17: 0 | I17: =SUM(D17*$R$4) -> 0 | J17: =SUM(E17*$R$5) -> 0 | K17: =F17*$R$6 -> 0 | L17: =SUM(G17*$R$7) -> 0 | M17: =SUM(H17*$R$8) -> 0 | N17: =SUM(I17:M17) -> 0
A18: 14 | B18: 46187 | F18: =F17-E17+D18 -> 0 | G18: 0 | H18: 0 | I18: =SUM(D18*$R$4) -> 0 | J18: =SUM(E18*$R$5) -> 0 | K18: =F18*$R$6 -> 0 | L18: =SUM(G18*$R$7) -> 0 | M18: =SUM(H18*$R$8) -> 0 | N18: =SUM(I18:M18) -> 0
A19: 15 | B19: 46188 | F19: =F18-E18+D19 -> 0 | G19: 0 | H19: 0 | I19: =SUM(D19*$R$4) -> 0 | J19: =SUM(E19*$R$5) -> 0 | K19: =F19*$R$6 -> 0 | L19: =SUM(G19*$R$7) -> 0 | M19: =SUM(H19*$R$8) -> 0 | N19: =SUM(I19:M19) -> 0
A20: 16 | B20: 46189 | F20: =F19-E19+D20 -> 0 | G20: 0 | H20: 0 | I20: =SUM(D20*$R$4) -> 0 | J20: =SUM(E20*$R$5) -> 0 | K20: =F20*$R$6 -> 0 | L20: =SUM(G20*$R$7) -> 0 | M20: =SUM(H20*$R$8) -> 0 | N20: =SUM(I20:M20) -> 0
... A33: 29 | B33: 46202 | F33: =F32-E32+D33 -> 0 | G33: 0 | H33: 0 | I33: =SUM(D33*$R$4) -> 0 | J33: =SUM(E33*$R$5) -> 0 | K33: =F33*$R$6 -> 0 | L33: =SUM(G33*$R$7) -> 0 | M33: =SUM(H33*$R$8) -> 0 | N33: =SUM(I33:M33) -> 0
A34: 30 | B34: 46203 | F34: 112.5 | G34: 0 | H34: 0 | I34: =SUM(D34*$R$4) -> 0 | J34: =SUM(E34*$R$5) -> 0 | K34: =F34*$R$6 -> 2700 | L34: =SUM(G34*$R$7) -> 0 | M34: =SUM(H34*$R$8) -> 0 | N34: =SUM(I34:M34) -> 2700
I35: =SUM(D35*$R$4) -> 0 | J35: =SUM(E35*$R$5) -> 0 | K35: =F35*$R$6 -> 0 | L35: =SUM(G35*$R$7) -> 0 | M35: =SUM(H35*$R$8) -> 0 | N35: =SUM(I35:M35) -> 0
D36: =SUM(D5:D35) -> 0 | E36: =SUM(E5:E35) -> 0 | F36: =SUM(F5:F35) -> 112.5 | G36: =SUM(G5:G35) -> 0 | H36: =SUM(H5:H35) -> 0 | I36: =SUM(I5:I35) -> 0 | J36: =SUM(J5:J35) -> 0 | K36: =SUM(K5:K35) -> 2700 | ... N36: =SUM(N5:N35) -> 2700
N37: =N36*1.22 -> 3294

Sheet Центрополимер Баумана
A1: =N37 -> 9882
A2: ="Отчет по хранению товара за " & TEXT(B5,"ММММ ГГГГ") -> Отчет по хранению товара за Июнь 2026
A3: № | B3: дата | D3: Выгрузка кол-во | E3: Загрузка кол-во | F3: Хранение | G3: переконсолидация (тонн) | H3: Паллетирование | I3: стоимость выгрузки | J3: стоимость загрузки | K3: стоимость хранения | L3: стоимость переконс. | M3: Стоимость паллетирования | N3: итого | Q3: Цены
Q4: Выгрузка | R4: 180
A5: 1 | B5: 46174 | F5: 0 | G5: 0 | H5: 0 | I5: =SUM(D5*$R$4) -> 0 | J5: =SUM(E5*$R$5) -> 0 | K5: =F5*$R$6 -> 0 | L5: =SUM(G5*$R$7) -> 0 | M5: =SUM(H5*$R$8) -> 0 | N5: =SUM(I5:M5) -> 0 | Q5: Загрузка | R5: 180
A6: 2 | B6: 46175 | F6: =F5-E5+D6 -> 0 | G6: 0 | H6: 0 | I6: =SUM(D6*$R$4) -> 0 | J6: =SUM(E6*$R$5) -> 0 | K6: =F6*$R$6 -> 0 | L6: =SUM(G6*$R$7) -> 0 | M6: =SUM(H6*$R$8) -> 0 | N6: =SUM(I6:M6) -> 0 | Q6: Хранение | R6: 24
A7: 3 | B7: 46176 | F7: =F6-E6+D7 -> 0 | G7: 0 | H7: 0 | I7: =SUM(D7*$R$4) -> 0 | J7: =SUM(E7*$R$5) -> 0 | K7: =F7*$R$6 -> 0 | L7: =SUM(G7*$R$7) -> 0 | M7: =SUM(H7*$R$8) -> 0 | N7: =SUM(I7:M7) -> 0 | Q7: Переконсолидация | R7: 1200
A8: 4 | B8: 46177 | F8: =F7-E7+D8 -> 0 | G8: 0 | H8: 0 | I8: =SUM(D8*$R$4) -> 0 | J8: =SUM(E8*$R$5) -> 0 | K8: =F8*$R$6 -> 0 | L8: =SUM(G8*$R$7) -> 0 | M8: =SUM(H8*$R$8) -> 0 | N8: =SUM(I8:M8) -> 0 | Q8: Паллетирование | R8: 240
A9: 5 | B9: 46178 | F9: =F8-E8+D9 -> 0 | G9: 0 | H9: 0 | I9: =SUM(D9*$R$4) -> 0 | J9: =SUM(E9*$R$5) -> 0 | K9: =F9*$R$6 -> 0 | L9: =SUM(G9*$R$7) -> 0 | M9: =SUM(H9*$R$8) -> 0 | N9: =SUM(I9:M9) -> 0
A10: 6 | B10: 46179 | F10: =F9-E9+D10 -> 0 | G10: 0 | H10: 0 | I10: =SUM(D10*$R$4) -> 0 | J10: =SUM(E10*$R$5) -> 0 | K10: =F10*$R$6 -> 0 | L10: =SUM(G10*$R$7) -> 0 | M10: =SUM(H10*$R$8) -> 0 | N10: =SUM(I10:M10) -> 0
A11: 7 | B11: 46180 | F11: =F10-E10+D11 -> 0 | G11: 0 | H11: 0 | I11: =SUM(D11*$R$4) -> 0 | J11: =SUM(E11*$R$5) -> 0 | K11: =F11*$R$6 -> 0 | L11: =SUM(G11*$R$7) -> 0 | M11: =SUM(H11*$R$8) -> 0 | N11: =SUM(I11:M11) -> 0
A12: 8 | B12: 46181 | F12: =F11-E11+D12 -> 0 | G12: 0 | H12: 0 | I12: =SUM(D12*$R$4) -> 0 | J12: =SUM(E12*$R$5) -> 0 | K12: =F12*$R$6 -> 0 | L12: =SUM(G12*$R$7) -> 0 | M12: =SUM(H12*$R$8) -> 0 | N12: =SUM(I12:M12) -> 0
A13: 9 | B13: 46182 | F13: =F12-E12+D13 -> 0 | G13: 0 | H13: 0 | I13: =SUM(D13*$R$4) -> 0 | J13: =SUM(E13*$R$5) -> 0 | K13: =F13*$R$6 -> 0 | L13: =SUM(G13*$R$7) -> 0 | M13: =SUM(H13*$R$8) -> 0 | N13: =SUM(I13:M13) -> 0
A14: 10 | B14: 46183 | F14: =F13-E13+D14 -> 0 | G14: 0 | H14: 0 | I14: =SUM(D14*$R$4) -> 0 | J14: =SUM(E14*$R$5) -> 0 | K14: =F14*$R$6 -> 0 | L14: =SUM(G14*$R$7) -> 0 | M14: =SUM(H14*$R$8) -> 0 | N14: =SUM(I14:M14) -> 0
A15: 11 | B15: 46184 | F15: =F14-E14+D15 -> 0 | G15: 0 | H15: 0 | I15: =SUM(D15*$R$4) -> 0 | J15: =SUM(E15*$R$5) -> 0 | K15: =F15*$R$6 -> 0 | L15: =SUM(G15*$R$7) -> 0 | M15: =SUM(H15*$R$8) -> 0 | N15: =SUM(I15:M15) -> 0
A16: 12 | B16: 46185 | F16: =F15-E15+D16 -> 0 | G16: 0 | H16: 0 | I16: =SUM(D16*$R$4) -> 0 | J16: =SUM(E16*$R$5) -> 0 | K16: =F16*$R$6 -> 0 | L16: =SUM(G16*$R$7) -> 0 | M16: =SUM(H16*$R$8) -> 0 | N16: =SUM(I16:M16) -> 0
A17: 13 | B17: 46186 | F17: =F16-E16+D17 -> 0 | G17: 0 | H17: 0 | I17: =SUM(D17*$R$4) -> 0 | J17: =SUM(E17*$R$5) -> 0 | K17: =F17*$R$6 -> 0 | L17: =SUM(G17*$R$7) -> 0 | M17: =SUM(H17*$R$8) -> 0 | N17: =SUM(I17:M17) -> 0
A18: 14 | B18: 46187 | F18: =F17-E17+D18 -> 0 | G18: 0 | H18: 0 | I18: =SUM(D18*$R$4) -> 0 | J18: =SUM(E18*$R$5) -> 0 | K18: =F18*$R$6 -> 0 | L18: =SUM(G18*$R$7) -> 0 | M18: =SUM(H18*$R$8) -> 0 | N18: =SUM(I18:M18) -> 0
A19: 15 | B19: 46188 | F19: =F18-E18+D19 -> 0 | G19: 0 | H19: 0 | I19: =SUM(D19*$R$4) -> 0 | J19: =SUM(E19*$R$5) -> 0 | K19: =F19*$R$6 -> 0 | L19: =SUM(G19*$R$7) -> 0 | M19: =SUM(H19*$R$8) -> 0 | N19: =SUM(I19:M19) -> 0
A20: 16 | B20: 46189 | F20: =F19-E19+D20 -> 0 | G20: 0 | H20: 0 | I20: =SUM(D20*$R$4) -> 0 | J20: =SUM(E20*$R$5) -> 0 | K20: =F20*$R$6 -> 0 | L20: =SUM(G20*$R$7) -> 0 | M20: =SUM(H20*$R$8) -> 0 | N20: =SUM(I20:M20) -> 0
... A33: 29 | B33: 46202 | F33: =F32-E32+D33 -> 0 | G33: 0 | H33: 0 | I33: =SUM(D33*$R$4) -> 0 | J33: =SUM(E33*$R$5) -> 0 | K33: =F33*$R$6 -> 0 | L33: =SUM(G33*$R$7) -> 0 | M33: =SUM(H33*$R$8) -> 0 | N33: =SUM(I33:M33) -> 0
A34: 30 | B34: 46203 | F34: 337.5 | G34: 0 | H34: 0 | I34: =SUM(D34*$R$4) -> 0 | J34: =SUM(E34*$R$5) -> 0 | K34: =F34*$R$6 -> 8100 | L34: =SUM(G34*$R$7) -> 0 | M34: =SUM(H34*$R$8) -> 0 | N34: =SUM(I34:M34) -> 8100
I35: =SUM(D35*$R$4) -> 0 | J35: =SUM(E35*$R$5) -> 0 | K35: =F35*$R$6 -> 0 | L35: =SUM(G35*$R$7) -> 0 | M35: =SUM(H35*$R$8) -> 0 | N35: =SUM(I35:M35) -> 0
D36: =SUM(D5:D35) -> 0 | E36: =SUM(E5:E35) -> 0 | F36: =SUM(F5:F35) -> 337.5 | G36: =SUM(G5:G35) -> 0 | H36: =SUM(H5:H35) -> 0 | I36: =SUM(I5:I35) -> 0 | J36: =SUM(J5:J35) -> 0 | K36: =SUM(K5:K35) -> 8100 | ... N36: =SUM(N5:N35) -> 8100
N37: =N36*1.22 -> 9882

Sheet Центрополимер Новикова-Прибоя
A1: =N37 -> 0
A2: ="Отчет по хранению товара за " & TEXT(B5,"ММММ ГГГГ") -> Отчет по хранению товара за Июнь 2026
A3: № | B3: дата | D3: Выгрузка кол-во | E3: Загрузка кол-во | F3: Хранение | G3: переконсолидация (тонн) | H3: Паллетирование | I3: стоимость выгрузки | J3: стоимость загрузки | K3: стоимость хранения | L3: стоимость переконс. | M3: Стоимость паллетирования | N3: итого | Q3: Цены
Q4: Выгрузка | R4: 120
A5: 1 | B5: 46174 | F5: 0 | G5: 0 | H5: 0 | I5: =SUM(D5*R4) -> 0 | J5: =SUM(E5*$R$5) -> 0 | K5: =SUM(F5*$R$6) -> 0 | L5: =SUM(G5*$R$7) -> 0 | M5: =SUM(H5*$R$8) -> 0 | N5: =SUM(I5:M5) -> 0 | Q5: Загрузка | R5: 120
A6: 2 | B6: 46175 | F6: =F5-E5+D6 -> 0 | G6: 0 | H6: 0 | I6: =SUM(D6*R5) -> 0 | J6: =SUM(E6*$R$5) -> 0 | K6: =SUM(F6*$R$6) -> 0 | L6: =SUM(G6*$R$7) -> 0 | M6: =SUM(H6*$R$8) -> 0 | N6: =SUM(I6:M6) -> 0 | Q6: Хранение | R6: 18
A7: 3 | B7: 46176 | F7: =F6-E6+D7 -> 0 | G7: 0 | H7: 0 | I7: =SUM(D7*R6) -> 0 | J7: =SUM(E7*$R$5) -> 0 | K7: =SUM(F7*$R$6) -> 0 | L7: =SUM(G7*$R$7) -> 0 | M7: =SUM(H7*$R$8) -> 0 | N7: =SUM(I7:M7) -> 0 | Q7: Переконсолидация | R7: 950
A8: 4 | B8: 46177 | F8: =F7-E7+D8 -> 0 | G8: 0 | H8: 0 | I8: =SUM(D8*R7) -> 0 | J8: =SUM(E8*$R$5) -> 0 | K8: =SUM(F8*$R$6) -> 0 | L8: =SUM(G8*$R$7) -> 0 | M8: =SUM(H8*$R$8) -> 0 | N8: =SUM(I8:M8) -> 0 | Q8: Паллетирование | R8: 120
A9: 5 | B9: 46178 | F9: =F8-E8+D9 -> 0 | G9: 0 | H9: 0 | I9: =SUM(D9*R8) -> 0 | J9: =SUM(E9*$R$5) -> 0 | K9: =SUM(F9*$R$6) -> 0 | L9: =SUM(G9*$R$7) -> 0 | M9: =SUM(H9*$R$8) -> 0 | N9: =SUM(I9:M9) -> 0
A10: 6 | B10: 46179 | F10: =F9-E9+D10 -> 0 | G10: 0 | H10: 0 | I10: =SUM(D10*R9) -> 0 | J10: =SUM(E10*$R$5) -> 0 | K10: =SUM(F10*$R$6) -> 0 | L10: =SUM(G10*$R$7) -> 0 | M10: =SUM(H10*$R$8) -> 0 | N10: =SUM(I10:M10) -> 0
A11: 7 | B11: 46180 | F11: =F10-E10+D11 -> 0 | G11: 0 | H11: 0 | I11: =SUM(D11*R10) -> 0 | J11: =SUM(E11*$R$5) -> 0 | K11: =SUM(F11*$R$6) -> 0 | L11: =SUM(G11*$R$7) -> 0 | M11: =SUM(H11*$R$8) -> 0 | N11: =SUM(I11:M11) -> 0
A12: 8 | B12: 46181 | F12: =F11-E11+D12 -> 0 | G12: 0 | H12: 0 | I12: =SUM(D12*R11) -> 0 | J12: =SUM(E12*$R$5) -> 0 | K12: =SUM(F12*$R$6) -> 0 | L12: =SUM(G12*$R$7) -> 0 | M12: =SUM(H12*$R$8) -> 0 | N12: =SUM(I12:M12) -> 0
A13: 9 | B13: 46182 | F13: =F12-E12+D13 -> 0 | G13: 0 | H13: 0 | I13: =SUM(D13*R12) -> 0 | J13: =SUM(E13*$R$5) -> 0 | K13: =SUM(F13*$R$6) -> 0 | L13: =SUM(G13*$R$7) -> 0 | M13: =SUM(H13*$R$8) -> 0 | N13: =SUM(I13:M13) -> 0
A14: 10 | B14: 46183 | F14: =F13-E13+D14 -> 0 | G14: 0 | H14: 0 | I14: =SUM(D14*R13) -> 0 | J14: =SUM(E14*$R$5) -> 0 | K14: =SUM(F14*$R$6) -> 0 | L14: =SUM(G14*$R$7) -> 0 | M14: =SUM(H14*$R$8) -> 0 | N14: =SUM(I14:M14) -> 0
A15: 11 | B15: 46184 | F15: =F14-E14+D15 -> 0 | G15: 0 | H15: 0 | I15: =SUM(D15*R14) -> 0 | J15: =SUM(E15*$R$5) -> 0 | K15: =SUM(F15*$R$6) -> 0 | L15: =SUM(G15*$R$7) -> 0 | M15: =SUM(H15*$R$8) -> 0 | N15: =SUM(I15:M15) -> 0
A16: 12 | B16: 46185 | F16: =F15-E15+D16 -> 0 | G16: 0 | H16: 0 | I16: =SUM(D16*R15) -> 0 | J16: =SUM(E16*$R$5) -> 0 | K16: =SUM(F16*$R$6) -> 0 | L16: =SUM(G16*$R$7) -> 0 | M16: =SUM(H16*$R$8) -> 0 | N16: =SUM(I16:M16) -> 0
A17: 13 | B17: 46186 | F17: =F16-E16+D17 -> 0 | G17: 0 | H17: 0 | I17: =SUM(D17*R16) -> 0 | J17: =SUM(E17*$R$5) -> 0 | K17: =SUM(F17*$R$6) -> 0 | L17: =SUM(G17*$R$7) -> 0 | M17: =SUM(H17*$R$8) -> 0 | N17: =SUM(I17:M17) -> 0
A18: 14 | B18: 46187 | F18: =F17-E17+D18 -> 0 | G18: 0 | H18: 0 | I18: =SUM(D18*R17) -> 0 | J18: =SUM(E18*$R$5) -> 0 | K18: =SUM(F18*$R$6) -> 0 | L18: =SUM(G18*$R$7) -> 0 | M18: =SUM(H18*$R$8) -> 0 | N18: =SUM(I18:M18) -> 0
A19: 15 | B19: 46188 | F19: =F18-E18+D19 -> 0 | G19: 0 | H19: 0 | I19: =SUM(D19*R18) -> 0 | J19: =SUM(E19*$R$5) -> 0 | K19: =SUM(F19*$R$6) -> 0 | L19: =SUM(G19*$R$7) -> 0 | M19: =SUM(H19*$R$8) -> 0 | N19: =SUM(I19:M19) -> 0
A20: 16 | B20: 46189 | F20: =F19-E19+D20 -> 0 | G20: 0 | H20: 0 | I20: =SUM(D20*R19) -> 0 | J20: =SUM(E20*$R$5) -> 0 | K20: =SUM(F20*$R$6) -> 0 | L20: =SUM(G20*$R$7) -> 0 | M20: =SUM(H20*$R$8) -> 0 | N20: =SUM(I20:M20) -> 0
... A34: 30 | B34: 46203 | F34: =F33-E33+D34 -> 0 | G34: 0 | H34: 0 | I34: =SUM(D34*R33) -> 0 | J34: =SUM(E34*$R$5) -> 0 | K34: =SUM(F34*$R$6) -> 0 | L34: =SUM(G34*$R$7) -> 0 | M34: =SUM(H34*$R$8) -> 0 | N34: =SUM(I34:M34) -> 0
F35: =F34-E34+D35 -> 0 | G35: 0 | H35: 0 | I35: =SUM(D35*R34) -> 0 | J35: =SUM(E35*$R$5) -> 0 | K35: =SUM(F35*$R$6) -> 0 | L35: =SUM(G35*$R$7) -> 0 | M35: =SUM(H35*$R$8) -> 0 | N35: =SUM(I35:M35) -> 0
D36: =SUM(D5:D35) -> 0 | E36: =SUM(E5:E35) -> 0 | F36: =SUM(F5:F35) -> 0 | G36: =SUM(G5:G35) -> 0 | H36: =SUM(H5:H35) -> 0 | I36: =SUM(I5:I35) -> 0 | J36: =SUM(J5:J35) -> 0 | K36: =SUM(K5:K35) -> 0 | ... N36: =SUM(N5:N35) -> 0
N37: =N36*1.22 -> 0

Sheet Центрополимер Екатеринбург
A1: =N37 -> 0
A2: ="Отчет по хранению товара за " & TEXT(B5,"ММММ ГГГГ") -> Отчет по хранению товара за Июнь 2026
A3: № | B3: дата | D3: Выгрузка кол-во | E3: Загрузка кол-во | F3: Хранение | G3: переконсолидация (тонн) | H3: Паллетирование | I3: стоимость выгрузки | J3: стоимость загрузки | K3: стоимость хранения | L3: стоимость переконс. | M3: Стоимость паллетирования | N3: итого | Q3: Цены
Q4: Выгрузка | R4: 140
A5: 1 | B5: 46174 | F5: 0 | G5: 0 | H5: 0 | I5: =SUM(D5*$R$4) -> 0 | J5: =SUM(E5*$R$5) -> 0 | K5: =SUM(F5*$R$6) -> 0 | L5: =SUM(G5*$R$7) -> 0 | M5: =SUM(H5*$R$8) -> 0 | N5: =SUM(I5:M5) -> 0 | Q5: Загрузка | R5: 140
A6: 2 | B6: 46175 | F6: =F5-E5+D6 -> 0 | G6: 0 | H6: 0 | I6: =SUM(D6*$R$4) -> 0 | J6: =SUM(E6*$R$5) -> 0 | K6: =SUM(F6*$R$6) -> 0 | L6: =SUM(G6*$R$7) -> 0 | M6: =SUM(H6*$R$8) -> 0 | N6: =SUM(I6:M6) -> 0 | Q6: Хранение | R6: 20
A7: 3 | B7: 46176 | F7: =F6-E6+D7 -> 0 | G7: 0 | H7: 0 | I7: =SUM(D7*$R$4) -> 0 | J7: =SUM(E7*$R$5) -> 0 | K7: =SUM(F7*$R$6) -> 0 | L7: =SUM(G7*$R$7) -> 0 | M7: =SUM(H7*$R$8) -> 0 | N7: =SUM(I7:M7) -> 0 | Q7: Переконсолидация | R7: 950
A8: 4 | B8: 46177 | F8: =F7-E7+D8 -> 0 | G8: 0 | H8: 0 | I8: =SUM(D8*$R$4) -> 0 | J8: =SUM(E8*$R$5) -> 0 | K8: =SUM(F8*$R$6) -> 0 | L8: =SUM(G8*$R$7) -> 0 | M8: =SUM(H8*$R$8) -> 0 | N8: =SUM(I8:M8) -> 0 | Q8: Паллетирование | R8: 120
A9: 5 | B9: 46178 | F9: =F8-E8+D9 -> 0 | G9: 0 | H9: 0 | I9: =SUM(D9*$R$4) -> 0 | J9: =SUM(E9*$R$5) -> 0 | K9: =SUM(F9*$R$6) -> 0 | L9: =SUM(G9*$R$7) -> 0 | M9: =SUM(H9*$R$8) -> 0 | N9: =SUM(I9:M9) -> 0
A10: 6 | B10: 46179 | F10: =F9-E9+D10 -> 0 | G10: 0 | H10: 0 | I10: =SUM(D10*$R$4) -> 0 | J10: =SUM(E10*$R$5) -> 0 | K10: =SUM(F10*$R$6) -> 0 | L10: =SUM(G10*$R$7) -> 0 | M10: =SUM(H10*$R$8) -> 0 | N10: =SUM(I10:M10) -> 0
A11: 7 | B11: 46180 | F11: =F10-E10+D11 -> 0 | G11: 0 | H11: 0 | I11: =SUM(D11*$R$4) -> 0 | J11: =SUM(E11*$R$5) -> 0 | K11: =SUM(F11*$R$6) -> 0 | L11: =SUM(G11*$R$7) -> 0 | M11: =SUM(H11*$R$8) -> 0 | N11: =SUM(I11:M11) -> 0
A12: 8 | B12: 46181 | F12: =F11-E11+D12 -> 0 | G12: 0 | H12: 0 | I12: =SUM(D12*$R$4) -> 0 | J12: =SUM(E12*$R$5) -> 0 | K12: =SUM(F12*$R$6) -> 0 | L12: =SUM(G12*$R$7) -> 0 | M12: =SUM(H12*$R$8) -> 0 | N12: =SUM(I12:M12) -> 0
A13: 9 | B13: 46182 | F13: =F12-E12+D13 -> 0 | G13: 0 | H13: 0 | I13: =SUM(D13*$R$4) -> 0 | J13: =SUM(E13*$R$5) -> 0 | K13: =SUM(F13*$R$6) -> 0 | L13: =SUM(G13*$R$7) -> 0 | M13: =SUM(H13*$R$8) -> 0 | N13: =SUM(I13:M13) -> 0
A14: 10 | B14: 46183 | F14: =F13-E13+D14 -> 0 | G14: 0 | H14: 0 | I14: =SUM(D14*$R$4) -> 0 | J14: =SUM(E14*$R$5) -> 0 | K14: =SUM(F14*$R$6) -> 0 | L14: =SUM(G14*$R$7) -> 0 | M14: =SUM(H14*$R$8) -> 0 | N14: =SUM(I14:M14) -> 0
A15: 11 | B15: 46184 | F15: =F14-E14+D15 -> 0 | G15: 0 | H15: 0 | I15: =SUM(D15*$R$4) -> 0 | J15: =SUM(E15*$R$5) -> 0 | K15: =SUM(F15*$R$6) -> 0 | L15: =SUM(G15*$R$7) -> 0 | M15: =SUM(H15*$R$8) -> 0 | N15: =SUM(I15:M15) -> 0
A16: 12 | B16: 46185 | F16: =F15-E15+D16 -> 0 | G16: 0 | H16: 0 | I16: =SUM(D16*$R$4) -> 0 | J16: =SUM(E16*$R$5) -> 0 | K16: =SUM(F16*$R$6) -> 0 | L16: =SUM(G16*$R$7) -> 0 | M16: =SUM(H16*$R$8) -> 0 | N16: =SUM(I16:M16) -> 0
A17: 13 | B17: 46186 | F17: =F16-E16+D17 -> 0 | G17: 0 | H17: 0 | I17: =SUM(D17*$R$4) -> 0 | J17: =SUM(E17*$R$5) -> 0 | K17: =SUM(F17*$R$6) -> 0 | L17: =SUM(G17*$R$7) -> 0 | M17: =SUM(H17*$R$8) -> 0 | N17: =SUM(I17:M17) -> 0
A18: 14 | B18: 46187 | F18: =F17-E17+D18 -> 0 | G18: 0 | H18: 0 | I18: =SUM(D18*$R$4) -> 0 | J18: =SUM(E18*$R$5) -> 0 | K18: =SUM(F18*$R$6) -> 0 | L18: =SUM(G18*$R$7) -> 0 | M18: =SUM(H18*$R$8) -> 0 | N18: =SUM(I18:M18) -> 0
A19: 15 | B19: 46188 | F19: =F18-E18+D19 -> 0 | G19: 0 | H19: 0 | I19: =SUM(D19*$R$4) -> 0 | J19: =SUM(E19*$R$5) -> 0 | K19: =SUM(F19*$R$6) -> 0 | L19: =SUM(G19*$R$7) -> 0 | M19: =SUM(H19*$R$8) -> 0 | N19: =SUM(I19:M19) -> 0
A20: 16 | B20: 46189 | F20: =F19-E19+D20 -> 0 | G20: 0 | H20: 0 | I20: =SUM(D20*$R$4) -> 0 | J20: =SUM(E20*$R$5) -> 0 | K20: =SUM(F20*$R$6) -> 0 | L20: =SUM(G20*$R$7) -> 0 | M20: =SUM(H20*$R$8) -> 0 | N20: =SUM(I20:M20) -> 0
... A34: 30 | B34: 46203 | F34: =F33-E33+D34 -> 0 | G34: 0 | H34: 0 | I34: =SUM(D34*$R$4) -> 0 | J34: =SUM(E34*$R$5) -> 0 | K34: =SUM(F34*$R$6) -> 0 | L34: =SUM(G34*$R$7) -> 0 | M34: =SUM(H34*$R$8) -> 0 | N34: =SUM(I34:M34) -> 0
G35: 0 | H35: 0 | I35: =SUM(D35*$R$4) -> 0 | J35: =SUM(E35*$R$5) -> 0 | K35: =SUM(F35*$R$6) -> 0 | L35: =SUM(G35*$R$7) -> 0 | M35: =SUM(H35*$R$8) -> 0 | N35: =SUM(I35:M35) -> 0
D36: =SUM(D5:D35) -> 0 | E36: =SUM(E5:E35) -> 0 | F36: =SUM(F5:F35) -> 0 | G36: =SUM(G5:G35) -> 0 | H36: =SUM(H5:H35) -> 0 | I36: =SUM(I5:I35) -> 0 | J36: =SUM(J5:J35) -> 0 | K36: =SUM(K5:K35) -> 0 | ... N36: =SUM(N5:N35) -> 0
N37: =N36*1.22 -> 0

Sheet Центрополимер Новосибирск
A1: =N37 -> 0
A2: ="Отчет по хранению товара за " & TEXT(B5,"ММММ ГГГГ") -> Отчет по хранению товара за Июнь 2026
A3: № | B3: дата | D3: Выгрузка кол-во | E3: Загрузка кол-во | F3: Хранение | G3: переконсолидация (тонн) | H3: Паллетирование | I3: стоимость выгрузки | J3: стоимость загрузки | K3: стоимость хранения | L3: стоимость переконс. | M3: Стоимость паллетирования | N3: итого | Q3: Цены
Q4: Выгрузка | R4: 140
A5: 1 | B5: 46174 | D5: 0 | E5: 0 | F5: 0 | G5: 0 | H5: 0 | I5: =SUM(D5*$R$4) -> 0 | J5: =SUM(E5*$R$5) -> 0 | K5: =SUM(F5*$R$6) -> 0 | L5: =SUM(G5*$R$7) -> 0 | M5: =SUM(H5*$R$8) -> 0 | N5: =SUM(I5:M5) -> 0 | Q5: Загрузка | R5: 140
A6: 2 | B6: 46175 | D6: 0 | E6: 0 | F6: =F5-E5+D6 -> 0 | G6: 0 | H6: 0 | I6: =SUM(D6*$R$4) -> 0 | J6: =SUM(E6*$R$5) -> 0 | K6: =SUM(F6*$R$6) -> 0 | L6: =SUM(G6*$R$7) -> 0 | M6: =SUM(H6*$R$8) -> 0 | N6: =SUM(I6:M6) -> 0 | Q6: Хранение | R6: 26
A7: 3 | B7: 46176 | D7: 0 | E7: 0 | F7: =F6-E6+D7 -> 0 | G7: 0 | H7: 0 | I7: =SUM(D7*$R$4) -> 0 | J7: =SUM(E7*$R$5) -> 0 | K7: =SUM(F7*$R$6) -> 0 | L7: =SUM(G7*$R$7) -> 0 | M7: =SUM(H7*$R$8) -> 0 | N7: =SUM(I7:M7) -> 0 | Q7: Переконсолидация | R7: 950
A8: 4 | B8: 46177 | D8: 0 | E8: 0 | F8: =F7-E7+D8 -> 0 | G8: 0 | H8: 0 | I8: =SUM(D8*$R$4) -> 0 | J8: =SUM(E8*$R$5) -> 0 | K8: =SUM(F8*$R$6) -> 0 | L8: =SUM(G8*$R$7) -> 0 | M8: =SUM(H8*$R$8) -> 0 | N8: =SUM(I8:M8) -> 0 | Q8: Паллетирование | R8: 120
A9: 5 | B9: 46178 | D9: 0 | E9: 0 | F9: =F8-E8+D9 -> 0 | G9: 0 | H9: 0 | I9: =SUM(D9*$R$4) -> 0 | J9: =SUM(E9*$R$5) -> 0 | K9: =SUM(F9*$R$6) -> 0 | L9: =SUM(G9*$R$7) -> 0 | M9: =SUM(H9*$R$8) -> 0 | N9: =SUM(I9:M9) -> 0
A10: 6 | B10: 46179 | D10: 0 | E10: 0 | F10: =F9-E9+D10 -> 0 | G10: 0 | H10: 0 | I10: =SUM(D10*$R$4) -> 0 | J10: =SUM(E10*$R$5) -> 0 | K10: =SUM(F10*$R$6) -> 0 | L10: =SUM(G10*$R$7) -> 0 | M10: =SUM(H10*$R$8) -> 0 | N10: =SUM(I10:M10) -> 0
A11: 7 | B11: 46180 | D11: 0 | E11: 0 | F11: =F10-E10+D11 -> 0 | G11: 0 | H11: 0 | I11: =SUM(D11*$R$4) -> 0 | J11: =SUM(E11*$R$5) -> 0 | K11: =SUM(F11*$R$6) -> 0 | L11: =SUM(G11*$R$7) -> 0 | M11: =SUM(H11*$R$8) -> 0 | N11: =SUM(I11:M11) -> 0
A12: 8 | B12: 46181 | D12: 0 | E12: 0 | F12: =F11-E11+D12 -> 0 | G12: 0 | H12: 0 | I12: =SUM(D12*$R$4) -> 0 | J12: =SUM(E12*$R$5) -> 0 | K12: =SUM(F12*$R$6) -> 0 | L12: =SUM(G12*$R$7) -> 0 | M12: =SUM(H12*$R$8) -> 0 | N12: =SUM(I12:M12) -> 0
A13: 9 | B13: 46182 | D13: 0 | E13: 0 | F13: =F12-E12+D13 -> 0 | G13: 0 | H13: 0 | I13: =SUM(D13*$R$4) -> 0 | J13: =SUM(E13*$R$5) -> 0 | K13: =SUM(F13*$R$6) -> 0 | L13: =SUM(G13*$R$7) -> 0 | M13: =SUM(H13*$R$8) -> 0 | N13: =SUM(I13:M13) -> 0
A14: 10 | B14: 46183 | D14: 0 | E14: 0 | F14: =F13-E13+D14 -> 0 | G14: 0 | H14: 0 | I14: =SUM(D14*$R$4) -> 0 | J14: =SUM(E14*$R$5) -> 0 | K14: =SUM(F14*$R$6) -> 0 | L14: =SUM(G14*$R$7) -> 0 | M14: =SUM(H14*$R$8) -> 0 | N14: =SUM(I14:M14) -> 0
A15: 11 | B15: 46184 | D15: 0 | E15: 0 | F15: =F14-E14+D15 -> 0 | G15: 0 | H15: 0 | I15: =SUM(D15*$R$4) -> 0 | J15: =SUM(E15*$R$5) -> 0 | K15: =SUM(F15*$R$6) -> 0 | L15: =SUM(G15*$R$7) -> 0 | M15: =SUM(H15*$R$8) -> 0 | N15: =SUM(I15:M15) -> 0
A16: 12 | B16: 46185 | D16: 0 | E16: 0 | F16: =F15-E15+D16 -> 0 | G16: 0 | H16: 0 | I16: =SUM(D16*$R$4) -> 0 | J16: =SUM(E16*$R$5) -> 0 | K16: =SUM(F16*$R$6) -> 0 | L16: =SUM(G16*$R$7) -> 0 | M16: =SUM(H16*$R$8) -> 0 | N16: =SUM(I16:M16) -> 0
A17: 13 | B17: 46186 | D17: 0 | E17: 0 | F17: =F16-E16+D17 -> 0 | G17: 0 | H17: 0 | I17: =SUM(D17*$R$4) -> 0 | J17: =SUM(E17*$R$5) -> 0 | K17: =SUM(F17*$R$6) -> 0 | L17: =SUM(G17*$R$7) -> 0 | M17: =SUM(H17*$R$8) -> 0 | N17: =SUM(I17:M17) -> 0
A18: 14 | B18: 46187 | D18: 0 | E18: 0 | F18: =F17-E17+D18 -> 0 | G18: 0 | H18: 0 | I18: =SUM(D18*$R$4) -> 0 | J18: =SUM(E18*$R$5) -> 0 | K18: =SUM(F18*$R$6) -> 0 | L18: =SUM(G18*$R$7) -> 0 | M18: =SUM(H18*$R$8) -> 0 | N18: =SUM(I18:M18) -> 0
A19: 15 | B19: 46188 | D19: 0 | E19: 0 | F19: =F18-E18+D19 -> 0 | G19: 0 | H19: 0 | I19: =SUM(D19*$R$4) -> 0 | J19: =SUM(E19*$R$5) -> 0 | K19: =SUM(F19*$R$6) -> 0 | L19: =SUM(G19*$R$7) -> 0 | M19: =SUM(H19*$R$8) -> 0 | N19: =SUM(I19:M19) -> 0
A20: 16 | B20: 46189 | D20: 0 | E20: 0 | F20: =F19-E19+D20 -> 0 | G20: 0 | H20: 0 | I20: =SUM(D20*$R$4) -> 0 | J20: =SUM(E20*$R$5) -> 0 | K20: =SUM(F20*$R$6) -> 0 | L20: =SUM(G20*$R$7) -> 0 | M20: =SUM(H20*$R$8) -> 0 | N20: =SUM(I20:M20) -> 0
... A34: 30 | B34: 46203 | D34: 0 | E34: 0 | F34: =F33-E33+D34 -> 0 | G34: 0 | H34: 0 | I34: =SUM(D34*$R$4) -> 0 | J34: =SUM(E34*$R$5) -> 0 | K34: =SUM(F34*$R$6) -> 0 | L34: =SUM(G34*$R$7) -> 0 | M34: =SUM(H34*$R$8) -> 0 | N34: =SUM(I34:M34) -> 0
B35: 31.06.2026 | D35: 0 | E35: 0 | F35: =F34-E34+D35 -> 0 | G35: 0 | H35: 0 | I35: =SUM(D35*$R$4) -> 0 | J35: =SUM(E35*$R$5) -> 0 | K35: =SUM(F35*$R$6) -> 0 | L35: =SUM(G35*$R$7) -> 0 | M35: =SUM(H35*$R$8) -> 0 | N35: =SUM(I35:M35) -> 0
D36: =SUM(D5:D35) -> 0 | E36: =SUM(E5:E35) -> 0 | F36: =SUM(F5:F35) -> 0 | G36: =SUM(G5:G35) -> 0 | H36: =SUM(H5:H35) -> 0 | I36: =SUM(I5:I35) -> 0 | J36: =SUM(J5:J35) -> 0 | K36: =SUM(K5:K35) -> 0 | ... N36: =SUM(N5:N35) -> 0
N37: =N36*1.22 -> 0

Sheet Юг Полимер Зеленодольск
A1: =N37 -> 0
A2: ="Отчет по хранению товара за " & TEXT(B5,"ММММ ГГГГ") -> Отчет по хранению товара за Июнь 2026 | I2: Зеленодольск
A3: № | B3: дата | D3: Выгрузка кол-во | E3: Загрузка кол-во | F3: Хранение | G3: переконсолидация (тонн) | H3: Паллетирование | I3: стоимость выгрузки | J3: стоимость загрузки | K3: стоимость хранения | L3: стоимость переконс. | M3: Стоимость паллетирования | N3: итого | Q3: Цены
Q4: Выгрузка | R4: 140
A5: 1 | B5: 46174 | F5: 0 | G5: 0 | H5: 0 | I5: =SUM(D5*$R$4) -> 0 | J5: =SUM(E5*$R$5) -> 0 | K5: =SUM(F5*$R$6) -> 0 | L5: =SUM(G5*$R$7) -> 0 | M5: =SUM(H5*$R$8) -> 0 | N5: =SUM(I5:M5) -> 0 | Q5: Загрузка | R5: 140
A6: 2 | B6: 46175 | F6: =F5-E5+D6 -> 0 | G6: 0 | H6: 0 | I6: =SUM(D6*$R$4) -> 0 | J6: =SUM(E6*$R$5) -> 0 | K6: =SUM(F6*$R$6) -> 0 | L6: =SUM(G6*$R$7) -> 0 | M6: =SUM(H6*$R$8) -> 0 | N6: =SUM(I6:M6) -> 0 | Q6: Хранение | R6: 15
A7: 3 | B7: 46176 | F7: =F6-E6+D7 -> 0 | G7: 0 | H7: 0 | I7: =SUM(D7*$R$4) -> 0 | J7: =SUM(E7*$R$5) -> 0 | K7: =SUM(F7*$R$6) -> 0 | L7: =SUM(G7*$R$7) -> 0 | M7: =SUM(H7*$R$8) -> 0 | N7: =SUM(I7:M7) -> 0 | Q7: Переконсолидация | R7: 120
A8: 4 | B8: 46177 | F8: =F7-E7+D8 -> 0 | G8: 0 | H8: 0 | I8: =SUM(D8*$R$4) -> 0 | J8: =SUM(E8*$R$5) -> 0 | K8: =SUM(F8*$R$6) -> 0 | L8: =SUM(G8*$R$7) -> 0 | M8: =SUM(H8*$R$8) -> 0 | N8: =SUM(I8:M8) -> 0 | Q8: Паллетирование | R8: 150
A9: 5 | B9: 46178 | F9: =F8-E8+D9 -> 0 | G9: 0 | H9: 0 | I9: =SUM(D9*$R$4) -> 0 | J9: =SUM(E9*$R$5) -> 0 | K9: =SUM(F9*$R$6) -> 0 | L9: =SUM(G9*$R$7) -> 0 | M9: =SUM(H9*$R$8) -> 0 | N9: =SUM(I9:M9) -> 0
A10: 6 | B10: 46179 | F10: =F9-E9+D10 -> 0 | G10: 0 | H10: 0 | I10: =SUM(D10*$R$4) -> 0 | J10: =SUM(E10*$R$5) -> 0 | K10: =SUM(F10*$R$6) -> 0 | L10: =SUM(G10*$R$7) -> 0 | M10: =SUM(H10*$R$8) -> 0 | N10: =SUM(I10:M10) -> 0
A11: 7 | B11: 46180 | F11: =F10-E10+D11 -> 0 | G11: 0 | H11: 0 | I11: =SUM(D11*$R$4) -> 0 | J11: =SUM(E11*$R$5) -> 0 | K11: =SUM(F11*$R$6) -> 0 | L11: =SUM(G11*$R$7) -> 0 | M11: =SUM(H11*$R$8) -> 0 | N11: =SUM(I11:M11) -> 0
A12: 8 | B12: 46181 | F12: =F11-E11+D12 -> 0 | G12: 0 | H12: 0 | I12: =SUM(D12*$R$4) -> 0 | J12: =SUM(E12*$R$5) -> 0 | K12: =SUM(F12*$R$6) -> 0 | L12: =SUM(G12*$R$7) -> 0 | M12: =SUM(H12*$R$8) -> 0 | N12: =SUM(I12:M12) -> 0
A13: 9 | B13: 46182 | F13: =F12-E12+D13 -> 0 | G13: 0 | H13: 0 | I13: =SUM(D13*$R$4) -> 0 | J13: =SUM(E13*$R$5) -> 0 | K13: =SUM(F13*$R$6) -> 0 | L13: =SUM(G13*$R$7) -> 0 | M13: =SUM(H13*$R$8) -> 0 | N13: =SUM(I13:M13) -> 0
A14: 10 | B14: 46183 | F14: =F13-E13+D14 -> 0 | G14: 0 | H14: 0 | I14: =SUM(D14*$R$4) -> 0 | J14: =SUM(E14*$R$5) -> 0 | K14: =SUM(F14*$R$6) -> 0 | L14: =SUM(G14*$R$7) -> 0 | M14: =SUM(H14*$R$8) -> 0 | N14: =SUM(I14:M14) -> 0
A15: 11 | B15: 46184 | F15: =F14-E14+D15 -> 0 | G15: 0 | H15: 0 | I15: =SUM(D15*$R$4) -> 0 | J15: =SUM(E15*$R$5) -> 0 | K15: =SUM(F15*$R$6) -> 0 | L15: =SUM(G15*$R$7) -> 0 | M15: =SUM(H15*$R$8) -> 0 | N15: =SUM(I15:M15) -> 0
A16: 12 | B16: 46185 | F16: =F15-E15+D16 -> 0 | G16: 0 | H16: 0 | I16: =SUM(D16*$R$4) -> 0 | J16: =SUM(E16*$R$5) -> 0 | K16: =SUM(F16*$R$6) -> 0 | L16: =SUM(G16*$R$7) -> 0 | M16: =SUM(H16*$R$8) -> 0 | N16: =SUM(I16:M16) -> 0
A17: 13 | B17: 46186 | F17: =F16-E16+D17 -> 0 | G17: 0 | H17: 0 | I17: =SUM(D17*$R$4) -> 0 | J17: =SUM(E17*$R$5) -> 0 | K17: =SUM(F17*$R$6) -> 0 | L17: =SUM(G17*$R$7) -> 0 | M17: =SUM(H17*$R$8) -> 0 | N17: =SUM(I17:M17) -> 0
A18: 14 | B18: 46187 | F18: =F17-E17+D18 -> 0 | G18: 0 | H18: 0 | I18: =SUM(D18*$R$4) -> 0 | J18: =SUM(E18*$R$5) -> 0 | K18: =SUM(F18*$R$6) -> 0 | L18: =SUM(G18*$R$7) -> 0 | M18: =SUM(H18*$R$8) -> 0 | N18: =SUM(I18:M18) -> 0
A19: 15 | B19: 46188 | F19: =F18-E18+D19 -> 0 | G19: 0 | H19: 0 | I19: =SUM(D19*$R$4) -> 0 | J19: =SUM(E19*$R$5) -> 0 | K19: =SUM(F19*$R$6) -> 0 | L19: =SUM(G19*$R$7) -> 0 | M19: =SUM(H19*$R$8) -> 0 | N19: =SUM(I19:M19) -> 0
A20: 16 | B20: 46189 | F20: =F19-E19+D20 -> 0 | G20: 0 | H20: 0 | I20: =SUM(D20*$R$4) -> 0 | J20: =SUM(E20*$R$5) -> 0 | K20: =SUM(F20*$R$6) -> 0 | L20: =SUM(G20*$R$7) -> 0 | M20: =SUM(H20*$R$8) -> 0 | N20: =SUM(I20:M20) -> 0
... A34: 30 | B34: 46203 | F34: =F33-E33+D34 -> 0 | G34: 0 | H34: 0 | I34: =SUM(D34*$R$4) -> 0 | J34: =SUM(E34*$R$5) -> 0 | K34: =SUM(F34*$R$6) -> 0 | L34: =SUM(G34*$R$7) -> 0 | M34: =SUM(H34*$R$8) -> 0 | N34: =SUM(I34:M34) -> 0
G35: 0 | H35: 0 | I35: =SUM(D35*$R$4) -> 0 | J35: =SUM(E35*$R$5) -> 0 | K35: =SUM(F35*$R$6) -> 0 | L35: =SUM(G35*$R$7) -> 0 | M35: =SUM(H35*$R$8) -> 0 | N35: =SUM(I35:M35) -> 0
D36: =SUM(D5:D35) -> 0 | E36: =SUM(E5:E35) -> 0 | F36: =SUM(F5:F35) -> 0 | G36: =SUM(G5:G35) -> 0 | H36: =SUM(H5:H35) -> 0 | I36: =SUM(I5:I35) -> 0 | J36: =SUM(J5:J35) -> 0 | K36: =SUM(K5:K35) -> 0 | ... N36: =SUM(N5:N35) -> 0
N37: =N36*1.22 -> 0

Sheet Юг Полимер Новикова-Прибоя
A1: =N37 -> 0
A2: ="Отчет по хранению товара за " & TEXT(B5,"ММММ ГГГГ") -> Отчет по хранению товара за Июнь 2026 | I2: Новикова
A3: № | B3: дата | D3: Выгрузка кол-во | E3: Загрузка кол-во | F3: Хранение | G3: переконсолидация (тонн) | H3: Паллетирование | I3: стоимость выгрузки | J3: стоимость загрузки | K3: стоимость хранения | L3: стоимость переконс. | M3: Стоимость паллетирования | N3: итого | Q3: Цены
Q4: Выгрузка | R4: 120
A5: 1 | B5: 46174 | F5: 0 | G5: 0 | H5: 0 | I5: =SUM(D5*$R$4) -> 0 | J5: =SUM(E5*$R$5) -> 0 | K5: =SUM(F5*$R$6) -> 0 | L5: =SUM(G5*$R$7) -> 0 | M5: =SUM(H5*$R$8) -> 0 | N5: =SUM(I5:M5) -> 0 | Q5: Загрузка | R5: 120
A6: 2 | B6: 46175 | F6: =F5-E5+D6 -> 0 | G6: 0 | H6: 0 | I6: =SUM(D6*$R$4) -> 0 | J6: =SUM(E6*$R$5) -> 0 | K6: =SUM(F6*$R$6) -> 0 | L6: =SUM(G6*$R$7) -> 0 | M6: =SUM(H6*$R$8) -> 0 | N6: =SUM(I6:M6) -> 0 | Q6: Хранение | R6: 18
A7: 3 | B7: 46176 | F7: =F6-E6+D7 -> 0 | G7: 0 | H7: 0 | I7: =SUM(D7*$R$4) -> 0 | J7: =SUM(E7*$R$5) -> 0 | K7: =SUM(F7*$R$6) -> 0 | L7: =SUM(G7*$R$7) -> 0 | M7: =SUM(H7*$R$8) -> 0 | N7: =SUM(I7:M7) -> 0 | Q7: Переконсолидация | R7: 950
A8: 4 | B8: 46177 | F8: =F7-E7+D8 -> 0 | G8: 0 | H8: 0 | I8: =SUM(D8*$R$4) -> 0 | J8: =SUM(E8*$R$5) -> 0 | K8: =SUM(F8*$R$6) -> 0 | L8: =SUM(G8*$R$7) -> 0 | M8: =SUM(H8*$R$8) -> 0 | N8: =SUM(I8:M8) -> 0 | Q8: Паллетирование | R8: 120
A9: 5 | B9: 46178 | F9: =F8-E8+D9 -> 0 | G9: 0 | H9: 0 | I9: =SUM(D9*$R$4) -> 0 | J9: =SUM(E9*$R$5) -> 0 | K9: =SUM(F9*$R$6) -> 0 | L9: =SUM(G9*$R$7) -> 0 | M9: =SUM(H9*$R$8) -> 0 | N9: =SUM(I9:M9) -> 0
A10: 6 | B10: 46179 | F10: =F9-E9+D10 -> 0 | G10: 0 | H10: 0 | I10: =SUM(D10*$R$4) -> 0 | J10: =SUM(E10*$R$5) -> 0 | K10: =SUM(F10*$R$6) -> 0 | L10: =SUM(G10*$R$7) -> 0 | M10: =SUM(H10*$R$8) -> 0 | N10: =SUM(I10:M10) -> 0
A11: 7 | B11: 46180 | F11: =F10-E10+D11 -> 0 | G11: 0 | H11: 0 | I11: =SUM(D11*$R$4) -> 0 | J11: =SUM(E11*$R$5) -> 0 | K11: =SUM(F11*$R$6) -> 0 | L11: =SUM(G11*$R$7) -> 0 | M11: =SUM(H11*$R$8) -> 0 | N11: =SUM(I11:M11) -> 0
A12: 8 | B12: 46181 | F12: =F11-E11+D12 -> 0 | G12: 0 | H12: 0 | I12: =SUM(D12*$R$4) -> 0 | J12: =SUM(E12*$R$5) -> 0 | K12: =SUM(F12*$R$6) -> 0 | L12: =SUM(G12*$R$7) -> 0 | M12: =SUM(H12*$R$8) -> 0 | N12: =SUM(I12:M12) -> 0
A13: 9 | B13: 46182 | F13: =F12-E12+D13 -> 0 | G13: 0 | H13: 0 | I13: =SUM(D13*$R$4) -> 0 | J13: =SUM(E13*$R$5) -> 0 | K13: =SUM(F13*$R$6) -> 0 | L13: =SUM(G13*$R$7) -> 0 | M13: =SUM(H13*$R$8) -> 0 | N13: =SUM(I13:M13) -> 0
A14: 10 | B14: 46183 | F14: =F13-E13+D14 -> 0 | G14: 0 | H14: 0 | I14: =SUM(D14*$R$4) -> 0 | J14: =SUM(E14*$R$5) -> 0 | K14: =SUM(F14*$R$6) -> 0 | L14: =SUM(G14*$R$7) -> 0 | M14: =SUM(H14*$R$8) -> 0 | N14: =SUM(I14:M14) -> 0
A15: 11 | B15: 46184 | F15: =F14-E14+D15 -> 0 | G15: 0 | H15: 0 | I15: =SUM(D15*$R$4) -> 0 | J15: =SUM(E15*$R$5) -> 0 | K15: =SUM(F15*$R$6) -> 0 | L15: =SUM(G15*$R$7) -> 0 | M15: =SUM(H15*$R$8) -> 0 | N15: =SUM(I15:M15) -> 0
A16: 12 | B16: 46185 | F16: =F15-E15+D16 -> 0 | G16: 0 | H16: 0 | I16: =SUM(D16*$R$4) -> 0 | J16: =SUM(E16*$R$5) -> 0 | K16: =SUM(F16*$R$6) -> 0 | L16: =SUM(G16*$R$7) -> 0 | M16: =SUM(H16*$R$8) -> 0 | N16: =SUM(I16:M16) -> 0
A17: 13 | B17: 46186 | F17: =F16-E16+D17 -> 0 | G17: 0 | H17: 0 | I17: =SUM(D17*$R$4) -> 0 | J17: =SUM(E17*$R$5) -> 0 | K17: =SUM(F17*$R$6) -> 0 | L17: =SUM(G17*$R$7) -> 0 | M17: =SUM(H17*$R$8) -> 0 | N17: =SUM(I17:M17) -> 0
A18: 14 | B18: 46187 | F18: =F17-E17+D18 -> 0 | G18: 0 | H18: 0 | I18: =SUM(D18*$R$4) -> 0 | J18: =SUM(E18*$R$5) -> 0 | K18: =SUM(F18*$R$6) -> 0 | L18: =SUM(G18*$R$7) -> 0 | M18: =SUM(H18*$R$8) -> 0 | N18: =SUM(I18:M18) -> 0
A19: 15 | B19: 46188 | F19: =F18-E18+D19 -> 0 | G19: 0 | H19: 0 | I19: =SUM(D19*$R$4) -> 0 | J19: =SUM(E19*$R$5) -> 0 | K19: =SUM(F19*$R$6) -> 0 | L19: =SUM(G19*$R$7) -> 0 | M19: =SUM(H19*$R$8) -> 0 | N19: =SUM(I19:M19) -> 0
A20: 16 | B20: 46189 | F20: =F19-E19+D20 -> 0 | G20: 0 | H20: 0 | I20: =SUM(D20*$R$4) -> 0 | J20: =SUM(E20*$R$5) -> 0 | K20: =SUM(F20*$R$6) -> 0 | L20: =SUM(G20*$R$7) -> 0 | M20: =SUM(H20*$R$8) -> 0 | N20: =SUM(I20:M20) -> 0
... A34: 30 | B34: 46203 | F34: =F33-E33+D34 -> 0 | G34: 0 | H34: 0 | I34: =SUM(D34*$R$4) -> 0 | J34: =SUM(E34*$R$5) -> 0 | K34: =SUM(F34*$R$6) -> 0 | L34: =SUM(G34*$R$7) -> 0 | M34: =SUM(H34*$R$8) -> 0 | N34: =SUM(I34:M34) -> 0
G35: 0 | H35: 0 | I35: =SUM(D35*$R$4) -> 0 | J35: =SUM(E35*$R$5) -> 0 | K35: =SUM(F35*$R$6) -> 0 | L35: =SUM(G35*$R$7) -> 0 | M35: =SUM(H35*$R$8) -> 0 | N35: =SUM(I35:M35) -> 0
D36: =SUM(D5:D35) -> 0 | E36: =SUM(E5:E35) -> 0 | F36: =SUM(F5:F35) -> 0 | G36: =SUM(G5:G35) -> 0 | H36: =SUM(H5:H35) -> 0 | I36: =SUM(I5:I35) -> 0 | J36: =SUM(J5:J35) -> 0 | K36: =SUM(K5:K35) -> 0 | ... N36: =SUM(N5:N35) -> 0
N37: =N36*1.22 -> 0

Sheet Юг Полимер Баумана
A1: =N37 -> 12846.6
A2: ="Отчет по хранению товара за " & TEXT(B5,"ММММ ГГГГ") -> Отчет по хранению товара за Июнь 2026 | I2: Баумана
A3: № | B3: дата | D3: Выгрузка кол-во | E3: Загрузка кол-во | F3: Хранение | G3: переконсолидация (тонн) | H3: Паллетирование | I3: стоимость выгрузки | J3: стоимость загрузки | K3: стоимость хранения | L3: стоимость переконс. | M3: Стоимость паллетирования | N3: итого | Q3: Цены
Q4: Выгрузка | R4: 140
A5: 1 | B5: 46174 | D5: 0 | E5: 0 | F5: 0 | G5: 0 | H5: 0 | I5: =SUM(D5*$R$4) -> 0 | J5: =SUM(E5*$R$5) -> 0 | K5: =SUM(F5*$R$6) -> 0 | L5: =SUM(G5*$R$7) -> 0 | M5: =SUM(H5*$R$8) -> 0 | N5: =SUM(I5:M5) -> 0 | Q5: Загрузка | R5: 140
A6: 2 | B6: 46175 | D6: 0 | E6: 0 | F6: =F5-E5+D6 -> 0 | G6: 0 | H6: 0 | I6: =SUM(D6*$R$4) -> 0 | J6: =SUM(E6*$R$5) -> 0 | K6: =SUM(F6*$R$6) -> 0 | L6: =SUM(G6*$R$7) -> 0 | M6: =SUM(H6*$R$8) -> 0 | N6: =SUM(I6:M6) -> 0 | Q6: Хранение | R6: 26
A7: 3 | B7: 46176 | D7: 0 | E7: 0 | F7: =F6-E6+D7 -> 0 | G7: 0 | H7: 0 | I7: =SUM(D7*$R$4) -> 0 | J7: =SUM(E7*$R$5) -> 0 | K7: =SUM(F7*$R$6) -> 0 | L7: =SUM(G7*$R$7) -> 0 | M7: =SUM(H7*$R$8) -> 0 | N7: =SUM(I7:M7) -> 0 | Q7: Переконсолидация | R7: 950
A8: 4 | B8: 46177 | D8: 0 | E8: 0 | F8: =F7-E7+D8 -> 0 | G8: 0 | H8: 0 | I8: =SUM(D8*$R$4) -> 0 | J8: =SUM(E8*$R$5) -> 0 | K8: =SUM(F8*$R$6) -> 0 | L8: =SUM(G8*$R$7) -> 0 | M8: =SUM(H8*$R$8) -> 0 | N8: =SUM(I8:M8) -> 0 | Q8: Паллетирование | R8: 120
A9: 5 | B9: 46178 | D9: 0 | E9: 0 | F9: =F8-E8+D9 -> 0 | G9: 0 | H9: 0 | I9: =SUM(D9*$R$4) -> 0 | J9: =SUM(E9*$R$5) -> 0 | K9: =SUM(F9*$R$6) -> 0 | L9: =SUM(G9*$R$7) -> 0 | M9: =SUM(H9*$R$8) -> 0 | N9: =SUM(I9:M9) -> 0
A10: 6 | B10: 46179 | D10: 0 | E10: 0 | F10: =F9-E9+D10 -> 0 | G10: 0 | H10: 0 | I10: =SUM(D10*$R$4) -> 0 | J10: =SUM(E10*$R$5) -> 0 | K10: =SUM(F10*$R$6) -> 0 | L10: =SUM(G10*$R$7) -> 0 | M10: =SUM(H10*$R$8) -> 0 | N10: =SUM(I10:M10) -> 0
A11: 7 | B11: 46180 | D11: 0 | E11: 0 | F11: =F10-E10+D11 -> 0 | G11: 0 | H11: 0 | I11: =SUM(D11*$R$4) -> 0 | J11: =SUM(E11*$R$5) -> 0 | K11: =SUM(F11*$R$6) -> 0 | L11: =SUM(G11*$R$7) -> 0 | M11: =SUM(H11*$R$8) -> 0 | N11: =SUM(I11:M11) -> 0
A12: 8 | B12: 46181 | D12: 0 | E12: 0 | F12: =F11-E11+D12 -> 0 | G12: 0 | H12: 0 | I12: =SUM(D12*$R$4) -> 0 | J12: =SUM(E12*$R$5) -> 0 | K12: =SUM(F12*$R$6) -> 0 | L12: =SUM(G12*$R$7) -> 0 | M12: =SUM(H12*$R$8) -> 0 | N12: =SUM(I12:M12) -> 0
A13: 9 | B13: 46182 | D13: 0 | E13: 0 | F13: =F12-E12+D13 -> 0 | G13: 0 | H13: 0 | I13: =SUM(D13*$R$4) -> 0 | J13: =SUM(E13*$R$5) -> 0 | K13: =SUM(F13*$R$6) -> 0 | L13: =SUM(G13*$R$7) -> 0 | M13: =SUM(H13*$R$8) -> 0 | N13: =SUM(I13:M13) -> 0
A14: 10 | B14: 46183 | D14: 0 | E14: 0 | F14: =F13-E13+D14 -> 0 | G14: 0 | H14: 0 | I14: =SUM(D14*$R$4) -> 0 | J14: =SUM(E14*$R$5) -> 0 | K14: =SUM(F14*$R$6) -> 0 | L14: =SUM(G14*$R$7) -> 0 | M14: =SUM(H14*$R$8) -> 0 | N14: =SUM(I14:M14) -> 0
A15: 11 | B15: 46184 | D15: 0 | E15: 0 | F15: =F14-E14+D15 -> 0 | G15: 0 | H15: 0 | I15: =SUM(D15*$R$4) -> 0 | J15: =SUM(E15*$R$5) -> 0 | K15: =SUM(F15*$R$6) -> 0 | L15: =SUM(G15*$R$7) -> 0 | M15: =SUM(H15*$R$8) -> 0 | N15: =SUM(I15:M15) -> 0
A16: 12 | B16: 46185 | D16: 0 | E16: 0 | F16: =F15-E15+D16 -> 0 | G16: 0 | H16: 0 | I16: =SUM(D16*$R$4) -> 0 | J16: =SUM(E16*$R$5) -> 0 | K16: =SUM(F16*$R$6) -> 0 | L16: =SUM(G16*$R$7) -> 0 | M16: =SUM(H16*$R$8) -> 0 | N16: =SUM(I16:M16) -> 0
A17: 13 | B17: 46186 | D17: 0 | E17: 0 | F17: =F16-E16+D17 -> 0 | G17: 0 | H17: 0 | I17: =SUM(D17*$R$4) -> 0 | J17: =SUM(E17*$R$5) -> 0 | K17: =SUM(F17*$R$6) -> 0 | L17: =SUM(G17*$R$7) -> 0 | M17: =SUM(H17*$R$8) -> 0 | N17: =SUM(I17:M17) -> 0
A18: 14 | B18: 46187 | D18: 0 | E18: 0 | F18: =F17-E17+D18 -> 0 | G18: 0 | H18: 0 | I18: =SUM(D18*$R$4) -> 0 | J18: =SUM(E18*$R$5) -> 0 | K18: =SUM(F18*$R$6) -> 0 | L18: =SUM(G18*$R$7) -> 0 | M18: =SUM(H18*$R$8) -> 0 | N18: =SUM(I18:M18) -> 0
A19: 15 | B19: 46188 | D19: 0 | E19: 0 | F19: =F18-E18+D19 -> 0 | G19: 0 | H19: 0 | I19: =SUM(D19*$R$4) -> 0 | J19: =SUM(E19*$R$5) -> 0 | K19: =SUM(F19*$R$6) -> 0 | L19: =SUM(G19*$R$7) -> 0 | M19: =SUM(H19*$R$8) -> 0 | N19: =SUM(I19:M19) -> 0
A20: 16 | B20: 46189 | D20: 0 | E20: 0 | F20: =F19-E19+D20 -> 0 | G20: 0 | H20: 0 | I20: =SUM(D20*$R$4) -> 0 | J20: =SUM(E20*$R$5) -> 0 | K20: =SUM(F20*$R$6) -> 0 | L20: =SUM(G20*$R$7) -> 0 | M20: =SUM(H20*$R$8) -> 0 | N20: =SUM(I20:M20) -> 0
... A33: 29 | B33: 46202 | D33: 0 | E33: 0 | F33: =F32-E32+D33 -> 0 | G33: 0 | H33: 0 | I33: =SUM(D33*$R$4) -> 0 | J33: =SUM(E33*$R$5) -> 0 | K33: =SUM(F33*$R$6) -> 0 | L33: =SUM(G33*$R$7) -> 0 | M33: =SUM(H33*$R$8) -> 0 | N33: =SUM(I33:M33) -> 0
A34: 30 | B34: 46203 | D34: 0 | E34: 0 | F34: 405 | G34: 0 | H34: 0 | I34: =SUM(D34*$R$4) -> 0 | J34: =SUM(E34*$R$5) -> 0 | K34: =SUM(F34*$R$6) -> 10530 | L34: =SUM(G34*$R$7) -> 0 | M34: =SUM(H34*$R$8) -> 0 | N34: =SUM(I34:M34) -> 10530
G35: 0 | H35: 0 | I35: =SUM(D35*$R$4) -> 0 | J35: =SUM(E35*$R$5) -> 0 | K35: =SUM(F35*$R$6) -> 0 | L35: =SUM(G35*$R$7) -> 0 | M35: =SUM(H35*$R$8) -> 0 | N35: =SUM(I35:M35) -> 0
D36: =SUM(D5:D35) -> 0 | E36: =SUM(E5:E35) -> 0 | F36: =SUM(F5:F35) -> 405 | G36: =SUM(G5:G35) -> 0 | H36: =SUM(H5:H35) -> 0 | I36: =SUM(I5:I35) -> 0 | J36: =SUM(J5:J35) -> 0 | K36: =SUM(K5:K35) -> 10530 | ... N36: =SUM(N5:N35) -> 10530
N37: =N36*1.22 -> 12846.6

Sheet Приоритет Казань_Автосервисная
A1: =N37 -> 0
A2: ="Отчет по хранению товара за " & TEXT(B5,"ММММ ГГГГ") -> Отчет по хранению товара за Июнь 2026 | I2: Казань_Автосервисная
A3: № | B3: дата | D3: Выгрузка кол-во | E3: Загрузка кол-во | F3: Хранение | G3: переконсолидация (тонн) | H3: Паллетирование | I3: стоимость выгрузки | J3: стоимость загрузки | K3: стоимость хранения | L3: стоимость переконс. | M3: Стоимость паллетирования | N3: итого | Q3: Цены
Q4: Выгрузка | R4: 144
A5: 1 | B5: 46174 | F5: 0 | G5: 0 | H5: 0 | I5: =SUM(D5*$R$4) -> 0 | J5: =SUM(E5*$R$5) -> 0 | K5: =SUM(F5*$R$6) -> 0 | L5: =SUM(G5*$R$7) -> 0 | M5: =SUM(H5*$R$8) -> 0 | N5: =SUM(I5:M5) -> 0 | Q5: Загрузка | R5: 144
A6: 2 | B6: 46175 | F6: =F5+D6-E5 -> 0 | G6: 0 | H6: 0 | I6: =SUM(D6*$R$4) -> 0 | J6: =SUM(E6*$R$5) -> 0 | K6: =SUM(F6*$R$6) -> 0 | L6: =SUM(G6*$R$7) -> 0 | M6: =SUM(H6*$R$8) -> 0 | N6: =SUM(I6:M6) -> 0 | Q6: Хранение | R6: 42
A7: 3 | B7: 46176 | F7: =F6+D7-E6 -> 0 | G7: 0 | H7: 0 | I7: =SUM(D7*$R$4) -> 0 | J7: =SUM(E7*$R$5) -> 0 | K7: =SUM(F7*$R$6) -> 0 | L7: =SUM(G7*$R$7) -> 0 | M7: =SUM(H7*$R$8) -> 0 | N7: =SUM(I7:M7) -> 0 | Q7: Переконсолидация | R7: 1200
A8: 4 | B8: 46177 | F8: =F7+D8-E7 -> 0 | G8: 0 | H8: 0 | I8: =SUM(D8*$R$4) -> 0 | J8: =SUM(E8*$R$5) -> 0 | K8: =SUM(F8*$R$6) -> 0 | L8: =SUM(G8*$R$7) -> 0 | M8: =SUM(H8*$R$8) -> 0 | N8: =SUM(I8:M8) -> 0 | Q8: Паллетирование | R8: 240
A9: 5 | B9: 46178 | F9: =F8+D9-E8 -> 0 | G9: 0 | H9: 0 | I9: =SUM(D9*$R$4) -> 0 | J9: =SUM(E9*$R$5) -> 0 | K9: =SUM(F9*$R$6) -> 0 | L9: =SUM(G9*$R$7) -> 0 | M9: =SUM(H9*$R$8) -> 0 | N9: =SUM(I9:M9) -> 0
A10: 6 | B10: 46179 | F10: =F9+D10-E9 -> 0 | G10: 0 | H10: 0 | I10: =SUM(D10*$R$4) -> 0 | J10: =SUM(E10*$R$5) -> 0 | K10: =SUM(F10*$R$6) -> 0 | L10: =SUM(G10*$R$7) -> 0 | M10: =SUM(H10*$R$8) -> 0 | N10: =SUM(I10:M10) -> 0
A11: 7 | B11: 46180 | F11: =F10+D11-E10 -> 0 | G11: 0 | H11: 0 | I11: =SUM(D11*$R$4) -> 0 | J11: =SUM(E11*$R$5) -> 0 | K11: =SUM(F11*$R$6) -> 0 | L11: =SUM(G11*$R$7) -> 0 | M11: =SUM(H11*$R$8) -> 0 | N11: =SUM(I11:M11) -> 0
A12: 8 | B12: 46181 | F12: =F11+D12-E11 -> 0 | G12: 0 | H12: 0 | I12: =SUM(D12*$R$4) -> 0 | J12: =SUM(E12*$R$5) -> 0 | K12: =SUM(F12*$R$6) -> 0 | L12: =SUM(G12*$R$7) -> 0 | M12: =SUM(H12*$R$8) -> 0 | N12: =SUM(I12:M12) -> 0
A13: 9 | B13: 46182 | F13: =F12+D13-E12 -> 0 | G13: 0 | H13: 0 | I13: =SUM(D13*$R$4) -> 0 | J13: =SUM(E13*$R$5) -> 0 | K13: =SUM(F13*$R$6) -> 0 | L13: =SUM(G13*$R$7) -> 0 | M13: =SUM(H13*$R$8) -> 0 | N13: =SUM(I13:M13) -> 0
A14: 10 | B14: 46183 | F14: =F13+D14-E13 -> 0 | G14: 0 | H14: 0 | I14: =SUM(D14*$R$4) -> 0 | J14: =SUM(E14*$R$5) -> 0 | K14: =SUM(F14*$R$6) -> 0 | L14: =SUM(G14*$R$7) -> 0 | M14: =SUM(H14*$R$8) -> 0 | N14: =SUM(I14:M14) -> 0
A15: 11 | B15: 46184 | F15: =F14+D15-E14 -> 0 | G15: 0 | H15: 0 | I15: =SUM(D15*$R$4) -> 0 | J15: =SUM(E15*$R$5) -> 0 | K15: =SUM(F15*$R$6) -> 0 | L15: =SUM(G15*$R$7) -> 0 | M15: =SUM(H15*$R$8) -> 0 | N15: =SUM(I15:M15) -> 0
A16: 12 | B16: 46185 | F16: =F15+D16-E15 -> 0 | G16: 0 | H16: 0 | I16: =SUM(D16*$R$4) -> 0 | J16: =SUM(E16*$R$5) -> 0 | K16: =SUM(F16*$R$6) -> 0 | L16: =SUM(G16*$R$7) -> 0 | M16: =SUM(H16*$R$8) -> 0 | N16: =SUM(I16:M16) -> 0
A17: 13 | B17: 46186 | F17: =F16+D17-E16 -> 0 | G17: 0 | H17: 0 | I17: =SUM(D17*$R$4) -> 0 | J17: =SUM(E17*$R$5) -> 0 | K17: =SUM(F17*$R$6) -> 0 | L17: =SUM(G17*$R$7) -> 0 | M17: =SUM(H17*$R$8) -> 0 | N17: =SUM(I17:M17) -> 0
A18: 14 | B18: 46187 | F18: =F17+D18-E17 -> 0 | G18: 0 | H18: 0 | I18: =SUM(D18*$R$4) -> 0 | J18: =SUM(E18*$R$5) -> 0 | K18: =SUM(F18*$R$6) -> 0 | L18: =SUM(G18*$R$7) -> 0 | M18: =SUM(H18*$R$8) -> 0 | N18: =SUM(I18:M18) -> 0
A19: 15 | B19: 46188 | F19: =F18+D19-E18 -> 0 | G19: 0 | H19: 0 | I19: =SUM(D19*$R$4) -> 0 | J19: =SUM(E19*$R$5) -> 0 | K19: =SUM(F19*$R$6) -> 0 | L19: =SUM(G19*$R$7) -> 0 | M19: =SUM(H19*$R$8) -> 0 | N19: =SUM(I19:M19) -> 0
A20: 16 | B20: 46189 | F20: =F19+D20-E19 -> 0 | G20: 0 | H20: 0 | I20: =SUM(D20*$R$4) -> 0 | J20: =SUM(E20*$R$5) -> 0 | K20: =SUM(F20*$R$6) -> 0 | L20: =SUM(G20*$R$7) -> 0 | M20: =SUM(H20*$R$8) -> 0 | N20: =SUM(I20:M20) -> 0
... A34: 30 | B34: 46203 | F34: =F33+D34-E33 -> 0 | G34: 0 | H34: 0 | I34: =SUM(D34*$R$4) -> 0 | J34: =SUM(E34*$R$5) -> 0 | K34: =SUM(F34*$R$6) -> 0 | L34: =SUM(G34*$R$7) -> 0 | M34: =SUM(H34*$R$8) -> 0 | N34: =SUM(I34:M34) -> 0
A35: 31 | G35: 0 | H35: 0 | I35: =SUM(D35*$R$4) -> 0 | J35: =SUM(E35*$R$5) -> 0 | K35: =SUM(F35*$R$6) -> 0 | L35: =SUM(G35*$R$7) -> 0 | M35: =SUM(H35*$R$8) -> 0 | N35: =SUM(I35:M35) -> 0
D36: =SUM(D5:D35) -> 0 | E36: =SUM(E5:E35) -> 0 | F36: =SUM(F5:F35) -> 0 | G36: =SUM(G5:G35) -> 0 | H36: =SUM(H5:H35) -> 0 | I36: =SUM(I5:I35) -> 0 | J36: =SUM(J5:J35) -> 0 | K36: =SUM(K5:K35) -> 0 | ... N36: =SUM(N5:N35) -> 0
N37: =N36*1.22 -> 0

Sheet Приоритет Казань_Приволжская
A1: =N37 -> 0
A2: ="Отчет по хранению товара за " & TEXT(B5,"ММММ ГГГГ") -> Отчет по хранению товара за Июнь 2026 | I2: Казань_Приволжская
A3: № | B3: дата | D3: Выгрузка кол-во | E3: Загрузка кол-во | F3: Хранение | G3: переконсолидация (тонн) | H3: Паллетирование | I3: стоимость выгрузки | J3: стоимость загрузки | K3: стоимость хранения | L3: стоимость переконс. | M3: Стоимость паллетирования | N3: итого | Q3: Цены
Q4: Выгрузка | R4: 140
A5: 1 | B5: 46174 | F5: 0 | G5: 0 | H5: 0 | I5: =SUM(D5*$R$4) -> 0 | J5: =SUM(E5*$R$5) -> 0 | K5: =SUM(F5*$R$6) -> 0 | L5: =SUM(G5*$R$7) -> 0 | M5: =SUM(H5*$R$8) -> 0 | N5: =SUM(I5:M5) -> 0 | Q5: Загрузка | R5: 140
A6: 2 | B6: 46175 | F6: =F5+D6-E5 -> 0 | G6: 0 | H6: 0 | I6: =SUM(D6*$R$4) -> 0 | J6: =SUM(E6*$R$5) -> 0 | K6: =SUM(F6*$R$6) -> 0 | L6: =SUM(G6*$R$7) -> 0 | M6: =SUM(H6*$R$8) -> 0 | N6: =SUM(I6:M6) -> 0 | Q6: Хранение | R6: 34
A7: 3 | B7: 46176 | F7: =F6+D7-E6 -> 0 | G7: 0 | H7: 0 | I7: =SUM(D7*$R$4) -> 0 | J7: =SUM(E7*$R$5) -> 0 | K7: =SUM(F7*$R$6) -> 0 | L7: =SUM(G7*$R$7) -> 0 | M7: =SUM(H7*$R$8) -> 0 | N7: =SUM(I7:M7) -> 0 | Q7: Переконсолидация | R7: 1200
A8: 4 | B8: 46177 | F8: =F7+D8-E7 -> 0 | G8: 0 | H8: 0 | I8: =SUM(D8*$R$4) -> 0 | J8: =SUM(E8*$R$5) -> 0 | K8: =SUM(F8*$R$6) -> 0 | L8: =SUM(G8*$R$7) -> 0 | M8: =SUM(H8*$R$8) -> 0 | N8: =SUM(I8:M8) -> 0 | Q8: Паллетирование | R8: 240
A9: 5 | B9: 46178 | F9: =F8+D9-E8 -> 0 | G9: 0 | H9: 0 | I9: =SUM(D9*$R$4) -> 0 | J9: =SUM(E9*$R$5) -> 0 | K9: =SUM(F9*$R$6) -> 0 | L9: =SUM(G9*$R$7) -> 0 | M9: =SUM(H9*$R$8) -> 0 | N9: =SUM(I9:M9) -> 0
A10: 6 | B10: 46179 | F10: =F9+D10-E9 -> 0 | G10: 0 | H10: 0 | I10: =SUM(D10*$R$4) -> 0 | J10: =SUM(E10*$R$5) -> 0 | K10: =SUM(F10*$R$6) -> 0 | L10: =SUM(G10*$R$7) -> 0 | M10: =SUM(H10*$R$8) -> 0 | N10: =SUM(I10:M10) -> 0
A11: 7 | B11: 46180 | F11: =F10+D11-E10 -> 0 | G11: 0 | H11: 0 | I11: =SUM(D11*$R$4) -> 0 | J11: =SUM(E11*$R$5) -> 0 | K11: =SUM(F11*$R$6) -> 0 | L11: =SUM(G11*$R$7) -> 0 | M11: =SUM(H11*$R$8) -> 0 | N11: =SUM(I11:M11) -> 0
A12: 8 | B12: 46181 | F12: =F11+D12-E11 -> 0 | G12: 0 | H12: 0 | I12: =SUM(D12*$R$4) -> 0 | J12: =SUM(E12*$R$5) -> 0 | K12: =SUM(F12*$R$6) -> 0 | L12: =SUM(G12*$R$7) -> 0 | M12: =SUM(H12*$R$8) -> 0 | N12: =SUM(I12:M12) -> 0
A13: 9 | B13: 46182 | F13: =F12+D13-E12 -> 0 | G13: 0 | H13: 0 | I13: =SUM(D13*$R$4) -> 0 | J13: =SUM(E13*$R$5) -> 0 | K13: =SUM(F13*$R$6) -> 0 | L13: =SUM(G13*$R$7) -> 0 | M13: =SUM(H13*$R$8) -> 0 | N13: =SUM(I13:M13) -> 0
A14: 10 | B14: 46183 | F14: =F13+D14-E13 -> 0 | G14: 0 | H14: 0 | I14: =SUM(D14*$R$4) -> 0 | J14: =SUM(E14*$R$5) -> 0 | K14: =SUM(F14*$R$6) -> 0 | L14: =SUM(G14*$R$7) -> 0 | M14: =SUM(H14*$R$8) -> 0 | N14: =SUM(I14:M14) -> 0
A15: 11 | B15: 46184 | F15: =F14+D15-E14 -> 0 | G15: 0 | H15: 0 | I15: =SUM(D15*$R$4) -> 0 | J15: =SUM(E15*$R$5) -> 0 | K15: =SUM(F15*$R$6) -> 0 | L15: =SUM(G15*$R$7) -> 0 | M15: =SUM(H15*$R$8) -> 0 | N15: =SUM(I15:M15) -> 0
A16: 12 | B16: 46185 | F16: =F15+D16-E15 -> 0 | G16: 0 | H16: 0 | I16: =SUM(D16*$R$4) -> 0 | J16: =SUM(E16*$R$5) -> 0 | K16: =SUM(F16*$R$6) -> 0 | L16: =SUM(G16*$R$7) -> 0 | M16: =SUM(H16*$R$8) -> 0 | N16: =SUM(I16:M16) -> 0
A17: 13 | B17: 46186 | F17: =F16+D17-E16 -> 0 | G17: 0 | H17: 0 | I17: =SUM(D17*$R$4) -> 0 | J17: =SUM(E17*$R$5) -> 0 | K17: =SUM(F17*$R$6) -> 0 | L17: =SUM(G17*$R$7) -> 0 | M17: =SUM(H17*$R$8) -> 0 | N17: =SUM(I17:M17) -> 0
A18: 14 | B18: 46187 | F18: =F17+D18-E17 -> 0 | G18: 0 | H18: 0 | I18: =SUM(D18*$R$4) -> 0 | J18: =SUM(E18*$R$5) -> 0 | K18: =SUM(F18*$R$6) -> 0 | L18: =SUM(G18*$R$7) -> 0 | M18: =SUM(H18*$R$8) -> 0 | N18: =SUM(I18:M18) -> 0
A19: 15 | B19: 46188 | F19: =F18+D19-E18 -> 0 | G19: 0 | H19: 0 | I19: =SUM(D19*$R$4) -> 0 | J19: =SUM(E19*$R$5) -> 0 | K19: =SUM(F19*$R$6) -> 0 | L19: =SUM(G19*$R$7) -> 0 | M19: =SUM(H19*$R$8) -> 0 | N19: =SUM(I19:M19) -> 0
A20: 16 | B20: 46189 | F20: =F19+D20-E19 -> 0 | G20: 0 | H20: 0 | I20: =SUM(D20*$R$4) -> 0 | J20: =SUM(E20*$R$5) -> 0 | K20: =SUM(F20*$R$6) -> 0 | L20: =SUM(G20*$R$7) -> 0 | M20: =SUM(H20*$R$8) -> 0 | N20: =SUM(I20:M20) -> 0
... A34: 30 | B34: 46203 | F34: =F33+D34-E33 -> 0 | G34: 0 | H34: 0 | I34: =SUM(D34*$R$4) -> 0 | J34: =SUM(E34*$R$5) -> 0 | K34: =SUM(F34*$R$6) -> 0 | L34: =SUM(G34*$R$7) -> 0 | M34: =SUM(H34*$R$8) -> 0 | N34: =SUM(I34:M34) -> 0
A35: 31 | B35: 31.06.2026 | F35: =F34+D35-E34 -> 0 | G35: 0 | H35: 0 | I35: =SUM(D35*$R$4) -> 0 | J35: =SUM(E35*$R$5) -> 0 | K35: =SUM(F35*$R$6) -> 0 | L35: =SUM(G35*$R$7) -> 0 | M35: =SUM(H35*$R$8) -> 0 | N35: =SUM(I35:M35) -> 0
D36: =SUM(D5:D35) -> 0 | E36: =SUM(E5:E35) -> 0 | F36: =SUM(F5:F35) -> 0 | G36: =SUM(G5:G35) -> 0 | H36: =SUM(H5:H35) -> 0 | I36: =SUM(I5:I35) -> 0 | J36: =SUM(J5:J35) -> 0 | K36: =SUM(K5:K35) -> 0 | ... N36: =SUM(N5:N35) -> 0
N37: =N36*1.22 -> 0

Sheet Приоритет Зеленодольск
A1: =N37 -> 0
A2: ="Отчет по хранению товара за " & TEXT(B5,"ММММ ГГГГ") -> Отчет по хранению товара за Июнь 2026 | I2: Зеленодольск
A3: № | B3: дата | D3: Выгрузка кол-во | E3: Загрузка кол-во | F3: Хранение | G3: переконсолидация (тонн) | H3: Паллетирование | I3: стоимость выгрузки | J3: стоимость загрузки | K3: стоимость хранения | L3: стоимость переконс. | M3: Стоимость паллетирования | N3: итого | Q3: Цены
Q4: Выгрузка | R4: 120
A5: 1 | B5: 46174 | F5: 0 | G5: 0 | H5: 0 | I5: =SUM(D5*$R$4) -> 0 | J5: =SUM(E5*$R$5) -> 0 | K5: =SUM(F5*$R$6) -> 0 | L5: =SUM(G5*$R$7) -> 0 | M5: =SUM(H5*$R$8) -> 0 | N5: =SUM(I5:M5) -> 0 | Q5: Загрузка | R5: 120
A6: 2 | B6: 46175 | F6: =F5+D6-E5 -> 0 | G6: 0 | H6: 0 | I6: =SUM(D6*$R$4) -> 0 | J6: =SUM(E6*$R$5) -> 0 | K6: =SUM(F6*$R$6) -> 0 | L6: =SUM(G6*$R$7) -> 0 | M6: =SUM(H6*$R$8) -> 0 | N6: =SUM(I6:M6) -> 0 | Q6: Хранение | R6: 18
A7: 3 | B7: 46176 | F7: =F6+D7-E6 -> 0 | G7: 0 | H7: 0 | I7: =SUM(D7*$R$4) -> 0 | J7: =SUM(E7*$R$5) -> 0 | K7: =SUM(F7*$R$6) -> 0 | L7: =SUM(G7*$R$7) -> 0 | M7: =SUM(H7*$R$8) -> 0 | N7: =SUM(I7:M7) -> 0 | Q7: Переконсолидация | R7: 950
A8: 4 | B8: 46177 | F8: =F7+D8-E7 -> 0 | G8: 0 | H8: 0 | I8: =SUM(D8*$R$4) -> 0 | J8: =SUM(E8*$R$5) -> 0 | K8: =SUM(F8*$R$6) -> 0 | L8: =SUM(G8*$R$7) -> 0 | M8: =SUM(H8*$R$8) -> 0 | N8: =SUM(I8:M8) -> 0 | Q8: Паллетирование | R8: 120
A9: 5 | B9: 46178 | F9: =F8+D9-E8 -> 0 | G9: 0 | H9: 0 | I9: =SUM(D9*$R$4) -> 0 | J9: =SUM(E9*$R$5) -> 0 | K9: =SUM(F9*$R$6) -> 0 | L9: =SUM(G9*$R$7) -> 0 | M9: =SUM(H9*$R$8) -> 0 | N9: =SUM(I9:M9) -> 0
A10: 6 | B10: 46179 | F10: =F9+D10-E9 -> 0 | G10: 0 | H10: 0 | I10: =SUM(D10*$R$4) -> 0 | J10: =SUM(E10*$R$5) -> 0 | K10: =SUM(F10*$R$6) -> 0 | L10: =SUM(G10*$R$7) -> 0 | M10: =SUM(H10*$R$8) -> 0 | N10: =SUM(I10:M10) -> 0
A11: 7 | B11: 46180 | F11: =F10+D11-E10 -> 0 | G11: 0 | H11: 0 | I11: =SUM(D11*$R$4) -> 0 | J11: =SUM(E11*$R$5) -> 0 | K11: =SUM(F11*$R$6) -> 0 | L11: =SUM(G11*$R$7) -> 0 | M11: =SUM(H11*$R$8) -> 0 | N11: =SUM(I11:M11) -> 0
A12: 8 | B12: 46181 | F12: =F11+D12-E11 -> 0 | G12: 0 | H12: 0 | I12: =SUM(D12*$R$4) -> 0 | J12: =SUM(E12*$R$5) -> 0 | K12: =SUM(F12*$R$6) -> 0 | L12: =SUM(G12*$R$7) -> 0 | M12: =SUM(H12*$R$8) -> 0 | N12: =SUM(I12:M12) -> 0
A13: 9 | B13: 46182 | F13: =F12+D13-E12 -> 0 | G13: 0 | H13: 0 | I13: =SUM(D13*$R$4) -> 0 | J13: =SUM(E13*$R$5) -> 0 | K13: =SUM(F13*$R$6) -> 0 | L13: =SUM(G13*$R$7) -> 0 | M13: =SUM(H13*$R$8) -> 0 | N13: =SUM(I13:M13) -> 0
A14: 10 | B14: 46183 | F14: =F13+D14-E13 -> 0 | G14: 0 | H14: 0 | I14: =SUM(D14*$R$4) -> 0 | J14: =SUM(E14*$R$5) -> 0 | K14: =SUM(F14*$R$6) -> 0 | L14: =SUM(G14*$R$7) -> 0 | M14: =SUM(H14*$R$8) -> 0 | N14: =SUM(I14:M14) -> 0
A15: 11 | B15: 46184 | F15: =F14+D15-E14 -> 0 | G15: 0 | H15: 0 | I15: =SUM(D15*$R$4) -> 0 | J15: =SUM(E15*$R$5) -> 0 | K15: =SUM(F15*$R$6) -> 0 | L15: =SUM(G15*$R$7) -> 0 | M15: =SUM(H15*$R$8) -> 0 | N15: =SUM(I15:M15) -> 0
A16: 12 | B16: 46185 | F16: =F15+D16-E15 -> 0 | G16: 0 | H16: 0 | I16: =SUM(D16*$R$4) -> 0 | J16: =SUM(E16*$R$5) -> 0 | K16: =SUM(F16*$R$6) -> 0 | L16: =SUM(G16*$R$7) -> 0 | M16: =SUM(H16*$R$8) -> 0 | N16: =SUM(I16:M16) -> 0
A17: 13 | B17: 46186 | F17: =F16+D17-E16 -> 0 | G17: 0 | H17: 0 | I17: =SUM(D17*$R$4) -> 0 | J17: =SUM(E17*$R$5) -> 0 | K17: =SUM(F17*$R$6) -> 0 | L17: =SUM(G17*$R$7) -> 0 | M17: =SUM(H17*$R$8) -> 0 | N17: =SUM(I17:M17) -> 0
A18: 14 | B18: 46187 | F18: =F17+D18-E17 -> 0 | G18: 0 | H18: 0 | I18: =SUM(D18*$R$4) -> 0 | J18: =SUM(E18*$R$5) -> 0 | K18: =SUM(F18*$R$6) -> 0 | L18: =SUM(G18*$R$7) -> 0 | M18: =SUM(H18*$R$8) -> 0 | N18: =SUM(I18:M18) -> 0
A19: 15 | B19: 46188 | F19: =F18+D19-E18 -> 0 | G19: 0 | H19: 0 | I19: =SUM(D19*$R$4) -> 0 | J19: =SUM(E19*$R$5) -> 0 | K19: =SUM(F19*$R$6) -> 0 | L19: =SUM(G19*$R$7) -> 0 | M19: =SUM(H19*$R$8) -> 0 | N19: =SUM(I19:M19) -> 0
A20: 16 | B20: 46189 | F20: =F19+D20-E19 -> 0 | G20: 0 | H20: 0 | I20: =SUM(D20*$R$4) -> 0 | J20: =SUM(E20*$R$5) -> 0 | K20: =SUM(F20*$R$6) -> 0 | L20: =SUM(G20*$R$7) -> 0 | M20: =SUM(H20*$R$8) -> 0 | N20: =SUM(I20:M20) -> 0
... A34: 30 | B34: 46203 | F34: =F33+D34-E33 -> 0 | G34: 0 | H34: 0 | I34: =SUM(D34*$R$4) -> 0 | J34: =SUM(E34*$R$5) -> 0 | K34: =SUM(F34*$R$6) -> 0 | L34: =SUM(G34*$R$7) -> 0 | M34: =SUM(H34*$R$8) -> 0 | N34: =SUM(I34:M34) -> 0
A35: 31 | B35: 31.06.2026 | F35: =F34+D35-E34 -> 0 | G35: 0 | H35: 0 | I35: =SUM(D35*$R$4) -> 0 | J35: =SUM(E35*$R$5) -> 0 | K35: =SUM(F35*$R$6) -> 0 | L35: =SUM(G35*$R$7) -> 0 | M35: =SUM(H35*$R$8) -> 0 | N35: =SUM(I35:M35) -> 0
D36: =SUM(D5:D35) -> 0 | E36: =SUM(E5:E35) -> 0 | F36: =SUM(F5:F35) -> 0 | G36: =SUM(G5:G35) -> 0 | H36: =SUM(H5:H35) -> 0 | I36: =SUM(I5:I35) -> 0 | J36: =SUM(J5:J35) -> 0 | K36: =SUM(K5:K35) -> 0 | ... N36: =SUM(N5:N35) -> 0
N37: =N36*1.22 -> 0

Sheet Приоритет Екатеринбург
A1: =N37 -> 0
A2: ="Отчет по хранению товара за " & TEXT(B5,"ММММ ГГГГ") -> Отчет по хранению товара за Июнь 2026 | I2: Екатеринбург
A3: № | B3: дата | D3: Выгрузка кол-во | E3: Загрузка кол-во | F3: Хранение | G3: переконсолидация (тонн) | H3: Паллетирование | I3: стоимость выгрузки | J3: стоимость загрузки | K3: стоимость хранения | L3: стоимость переконс. | M3: Стоимость паллетирования | N3: итого | Q3: Цены
Q4: Выгрузка | R4: 140
A5: 1 | B5: 46174 | F5: 0 | G5: 0 | H5: 0 | I5: =SUM(D5*$R$4) -> 0 | J5: =SUM(E5*$R$5) -> 0 | K5: =SUM(F5*$R$6) -> 0 | L5: =SUM(G5*$R$7) -> 0 | M5: =SUM(H5*$R$8) -> 0 | N5: =SUM(I5:M5) -> 0 | Q5: Загрузка | R5: 140
A6: 2 | B6: 46175 | F6: =F5+D6-E5 -> 0 | G6: 0 | H6: 0 | I6: =SUM(D6*$R$4) -> 0 | J6: =SUM(E6*$R$5) -> 0 | K6: =SUM(F6*$R$6) -> 0 | L6: =SUM(G6*$R$7) -> 0 | M6: =SUM(H6*$R$8) -> 0 | N6: =SUM(I6:M6) -> 0 | Q6: Хранение | R6: 20
A7: 3 | B7: 46176 | F7: =F6+D7-E6 -> 0 | G7: 0 | H7: 0 | I7: =SUM(D7*$R$4) -> 0 | J7: =SUM(E7*$R$5) -> 0 | K7: =SUM(F7*$R$6) -> 0 | L7: =SUM(G7*$R$7) -> 0 | M7: =SUM(H7*$R$8) -> 0 | N7: =SUM(I7:M7) -> 0 | Q7: Переконсолидация | R7: 950
A8: 4 | B8: 46177 | F8: =F7+D8-E7 -> 0 | G8: 0 | H8: 0 | I8: =SUM(D8*$R$4) -> 0 | J8: =SUM(E8*$R$5) -> 0 | K8: =SUM(F8*$R$6) -> 0 | L8: =SUM(G8*$R$7) -> 0 | M8: =SUM(H8*$R$8) -> 0 | N8: =SUM(I8:M8) -> 0 | Q8: Паллетирование | R8: 120
A9: 5 | B9: 46178 | F9: =F8+D9-E8 -> 0 | G9: 0 | H9: 0 | I9: =SUM(D9*$R$4) -> 0 | J9: =SUM(E9*$R$5) -> 0 | K9: =SUM(F9*$R$6) -> 0 | L9: =SUM(G9*$R$7) -> 0 | M9: =SUM(H9*$R$8) -> 0 | N9: =SUM(I9:M9) -> 0
A10: 6 | B10: 46179 | F10: =F9+D10-E9 -> 0 | G10: 0 | H10: 0 | I10: =SUM(D10*$R$4) -> 0 | J10: =SUM(E10*$R$5) -> 0 | K10: =SUM(F10*$R$6) -> 0 | L10: =SUM(G10*$R$7) -> 0 | M10: =SUM(H10*$R$8) -> 0 | N10: =SUM(I10:M10) -> 0
A11: 7 | B11: 46180 | F11: =F10+D11-E10 -> 0 | G11: 0 | H11: 0 | I11: =SUM(D11*$R$4) -> 0 | J11: =SUM(E11*$R$5) -> 0 | K11: =SUM(F11*$R$6) -> 0 | L11: =SUM(G11*$R$7) -> 0 | M11: =SUM(H11*$R$8) -> 0 | N11: =SUM(I11:M11) -> 0
A12: 8 | B12: 46181 | F12: =F11+D12-E11 -> 0 | G12: 0 | H12: 0 | I12: =SUM(D12*$R$4) -> 0 | J12: =SUM(E12*$R$5) -> 0 | K12: =SUM(F12*$R$6) -> 0 | L12: =SUM(G12*$R$7) -> 0 | M12: =SUM(H12*$R$8) -> 0 | N12: =SUM(I12:M12) -> 0
A13: 9 | B13: 46182 | F13: =F12+D13-E12 -> 0 | G13: 0 | H13: 0 | I13: =SUM(D13*$R$4) -> 0 | J13: =SUM(E13*$R$5) -> 0 | K13: =SUM(F13*$R$6) -> 0 | L13: =SUM(G13*$R$7) -> 0 | M13: =SUM(H13*$R$8) -> 0 | N13: =SUM(I13:M13) -> 0
A14: 10 | B14: 46183 | F14: =F13+D14-E13 -> 0 | G14: 0 | H14: 0 | I14: =SUM(D14*$R$4) -> 0 | J14: =SUM(E14*$R$5) -> 0 | K14: =SUM(F14*$R$6) -> 0 | L14: =SUM(G14*$R$7) -> 0 | M14: =SUM(H14*$R$8) -> 0 | N14: =SUM(I14:M14) -> 0
A15: 11 | B15: 46184 | F15: =F14+D15-E14 -> 0 | G15: 0 | H15: 0 | I15: =SUM(D15*$R$4) -> 0 | J15: =SUM(E15*$R$5) -> 0 | K15: =SUM(F15*$R$6) -> 0 | L15: =SUM(G15*$R$7) -> 0 | M15: =SUM(H15*$R$8) -> 0 | N15: =SUM(I15:M15) -> 0
A16: 12 | B16: 46185 | F16: =F15+D16-E15 -> 0 | G16: 0 | H16: 0 | I16: =SUM(D16*$R$4) -> 0 | J16: =SUM(E16*$R$5) -> 0 | K16: =SUM(F16*$R$6) -> 0 | L16: =SUM(G16*$R$7) -> 0 | M16: =SUM(H16*$R$8) -> 0 | N16: =SUM(I16:M16) -> 0
A17: 13 | B17: 46186 | F17: =F16+D17-E16 -> 0 | G17: 0 | H17: 0 | I17: =SUM(D17*$R$4) -> 0 | J17: =SUM(E17*$R$5) -> 0 | K17: =SUM(F17*$R$6) -> 0 | L17: =SUM(G17*$R$7) -> 0 | M17: =SUM(H17*$R$8) -> 0 | N17: =SUM(I17:M17) -> 0
A18: 14 | B18: 46187 | F18: =F17+D18-E17 -> 0 | G18: 0 | H18: 0 | I18: =SUM(D18*$R$4) -> 0 | J18: =SUM(E18*$R$5) -> 0 | K18: =SUM(F18*$R$6) -> 0 | L18: =SUM(G18*$R$7) -> 0 | M18: =SUM(H18*$R$8) -> 0 | N18: =SUM(I18:M18) -> 0
A19: 15 | B19: 46188 | F19: =F18+D19-E18 -> 0 | G19: 0 | H19: 0 | I19: =SUM(D19*$R$4) -> 0 | J19: =SUM(E19*$R$5) -> 0 | K19: =SUM(F19*$R$6) -> 0 | L19: =SUM(G19*$R$7) -> 0 | M19: =SUM(H19*$R$8) -> 0 | N19: =SUM(I19:M19) -> 0
A20: 16 | B20: 46189 | F20: =F19+D20-E19 -> 0 | G20: 0 | H20: 0 | I20: =SUM(D20*$R$4) -> 0 | J20: =SUM(E20*$R$5) -> 0 | K20: =SUM(F20*$R$6) -> 0 | L20: =SUM(G20*$R$7) -> 0 | M20: =SUM(H20*$R$8) -> 0 | N20: =SUM(I20:M20) -> 0
... A34: 30 | B34: 46203 | F34: =F33+D34-E33 -> 0 | G34: 0 | H34: 0 | I34: =SUM(D34*$R$4) -> 0 | J34: =SUM(E34*$R$5) -> 0 | K34: =SUM(F34*$R$6) -> 0 | L34: =SUM(G34*$R$7) -> 0 | M34: =SUM(H34*$R$8) -> 0 | N34: =SUM(I34:M34) -> 0
A35: 31 | F35: =F34+D35-E34 -> 0 | G35: 0 | H35: 0 | I35: =SUM(D35*$R$4) -> 0 | J35: =SUM(E35*$R$5) -> 0 | K35: =SUM(F35*$R$6) -> 0 | L35: =SUM(G35*$R$7) -> 0 | M35: =SUM(H35*$R$8) -> 0 | N35: =SUM(I35:M35) -> 0
D36: =SUM(D5:D35) -> 0 | E36: =SUM(E5:E35) -> 0 | F36: =SUM(F5:F35) -> 0 | G36: =SUM(G5:G35) -> 0 | H36: =SUM(H5:H35) -> 0 | I36: =SUM(I5:I35) -> 0 | J36: =SUM(J5:J35) -> 0 | K36: =SUM(K5:K35) -> 0 | ... N36: =SUM(N5:N35) -> 0
N37: =N36*1.22 -> 0

Sheet Приоритет Новикова-Прибоя
A1: =N37 -> 2470.5
A2: ="Отчет по хранению товара за " & TEXT(B5,"ММММ ГГГГ") -> Отчет по хранению товара за Июнь 2026 | I2: Новикова
A3: № | B3: дата | D3: Выгрузка кол-во | E3: Загрузка кол-во | F3: Хранение | G3: переконсолидация (тонн) | H3: Паллетирование | I3: стоимость выгрузки | J3: стоимость загрузки | K3: стоимость хранения | L3: стоимость переконс. | M3: Стоимость паллетирования | N3: итого | Q3: Цены
Q4: Выгрузка | R4: 120
A5: 1 | B5: 46174 | F5: 0 | G5: 0 | H5: 0 | I5: =SUM(D5*$R$4) -> 0 | J5: =SUM(E5*$R$5) -> 0 | K5: =SUM(F5*$R$6) -> 0 | L5: =SUM(G5*$R$7) -> 0 | M5: =SUM(H5*$R$8) -> 0 | N5: =SUM(I5:M5) -> 0 | Q5: Загрузка | R5: 120
A6: 2 | B6: 46175 | F6: =F5+D6-E5 -> 0 | G6: 0 | H6: 0 | I6: =SUM(D6*$R$4) -> 0 | J6: =SUM(E6*$R$5) -> 0 | K6: =SUM(F6*$R$6) -> 0 | L6: =SUM(G6*$R$7) -> 0 | M6: =SUM(H6*$R$8) -> 0 | N6: =SUM(I6:M6) -> 0 | Q6: Хранение | R6: 18
A7: 3 | B7: 46176 | F7: =F6+D7-E6 -> 0 | G7: 0 | H7: 0 | I7: =SUM(D7*$R$4) -> 0 | J7: =SUM(E7*$R$5) -> 0 | K7: =SUM(F7*$R$6) -> 0 | L7: =SUM(G7*$R$7) -> 0 | M7: =SUM(H7*$R$8) -> 0 | N7: =SUM(I7:M7) -> 0 | Q7: Переконсолидация | R7: 950
A8: 4 | B8: 46177 | F8: =F7+D8-E7 -> 0 | G8: 0 | H8: 0 | I8: =SUM(D8*$R$4) -> 0 | J8: =SUM(E8*$R$5) -> 0 | K8: =SUM(F8*$R$6) -> 0 | L8: =SUM(G8*$R$7) -> 0 | M8: =SUM(H8*$R$8) -> 0 | N8: =SUM(I8:M8) -> 0 | Q8: Паллетирование | R8: 120
A9: 5 | B9: 46178 | F9: =F8+D9-E8 -> 0 | G9: 0 | H9: 0 | I9: =SUM(D9*$R$4) -> 0 | J9: =SUM(E9*$R$5) -> 0 | K9: =SUM(F9*$R$6) -> 0 | L9: =SUM(G9*$R$7) -> 0 | M9: =SUM(H9*$R$8) -> 0 | N9: =SUM(I9:M9) -> 0
A10: 6 | B10: 46179 | F10: =F9+D10-E9 -> 0 | G10: 0 | H10: 0 | I10: =SUM(D10*$R$4) -> 0 | J10: =SUM(E10*$R$5) -> 0 | K10: =SUM(F10*$R$6) -> 0 | L10: =SUM(G10*$R$7) -> 0 | M10: =SUM(H10*$R$8) -> 0 | N10: =SUM(I10:M10) -> 0
A11: 7 | B11: 46180 | F11: =F10+D11-E10 -> 0 | G11: 0 | H11: 0 | I11: =SUM(D11*$R$4) -> 0 | J11: =SUM(E11*$R$5) -> 0 | K11: =SUM(F11*$R$6) -> 0 | L11: =SUM(G11*$R$7) -> 0 | M11: =SUM(H11*$R$8) -> 0 | N11: =SUM(I11:M11) -> 0
A12: 8 | B12: 46181 | F12: =F11+D12-E11 -> 0 | G12: 0 | H12: 0 | I12: =SUM(D12*$R$4) -> 0 | J12: =SUM(E12*$R$5) -> 0 | K12: =SUM(F12*$R$6) -> 0 | L12: =SUM(G12*$R$7) -> 0 | M12: =SUM(H12*$R$8) -> 0 | N12: =SUM(I12:M12) -> 0
A13: 9 | B13: 46182 | F13: =F12+D13-E12 -> 0 | G13: 0 | H13: 0 | I13: =SUM(D13*$R$4) -> 0 | J13: =SUM(E13*$R$5) -> 0 | K13: =SUM(F13*$R$6) -> 0 | L13: =SUM(G13*$R$7) -> 0 | M13: =SUM(H13*$R$8) -> 0 | N13: =SUM(I13:M13) -> 0
A14: 10 | B14: 46183 | F14: =F13+D14-E13 -> 0 | G14: 0 | H14: 0 | I14: =SUM(D14*$R$4) -> 0 | J14: =SUM(E14*$R$5) -> 0 | K14: =SUM(F14*$R$6) -> 0 | L14: =SUM(G14*$R$7) -> 0 | M14: =SUM(H14*$R$8) -> 0 | N14: =SUM(I14:M14) -> 0
A15: 11 | B15: 46184 | F15: =F14+D15-E14 -> 0 | G15: 0 | H15: 0 | I15: =SUM(D15*$R$4) -> 0 | J15: =SUM(E15*$R$5) -> 0 | K15: =SUM(F15*$R$6) -> 0 | L15: =SUM(G15*$R$7) -> 0 | M15: =SUM(H15*$R$8) -> 0 | N15: =SUM(I15:M15) -> 0
A16: 12 | B16: 46185 | F16: =F15+D16-E15 -> 0 | G16: 0 | H16: 0 | I16: =SUM(D16*$R$4) -> 0 | J16: =SUM(E16*$R$5) -> 0 | K16: =SUM(F16*$R$6) -> 0 | L16: =SUM(G16*$R$7) -> 0 | M16: =SUM(H16*$R$8) -> 0 | N16: =SUM(I16:M16) -> 0
A17: 13 | B17: 46186 | F17: =F16+D17-E16 -> 0 | G17: 0 | H17: 0 | I17: =SUM(D17*$R$4) -> 0 | J17: =SUM(E17*$R$5) -> 0 | K17: =SUM(F17*$R$6) -> 0 | L17: =SUM(G17*$R$7) -> 0 | M17: =SUM(H17*$R$8) -> 0 | N17: =SUM(I17:M17) -> 0
A18: 14 | B18: 46187 | F18: =F17+D18-E17 -> 0 | G18: 0 | H18: 0 | I18: =SUM(D18*$R$4) -> 0 | J18: =SUM(E18*$R$5) -> 0 | K18: =SUM(F18*$R$6) -> 0 | L18: =SUM(G18*$R$7) -> 0 | M18: =SUM(H18*$R$8) -> 0 | N18: =SUM(I18:M18) -> 0
A19: 15 | B19: 46188 | F19: =F18+D19-E18 -> 0 | G19: 0 | H19: 0 | I19: =SUM(D19*$R$4) -> 0 | J19: =SUM(E19*$R$5) -> 0 | K19: =SUM(F19*$R$6) -> 0 | L19: =SUM(G19*$R$7) -> 0 | M19: =SUM(H19*$R$8) -> 0 | N19: =SUM(I19:M19) -> 0
A20: 16 | B20: 46189 | F20: =F19+D20-E19 -> 0 | G20: 0 | H20: 0 | I20: =SUM(D20*$R$4) -> 0 | J20: =SUM(E20*$R$5) -> 0 | K20: =SUM(F20*$R$6) -> 0 | L20: =SUM(G20*$R$7) -> 0 | M20: =SUM(H20*$R$8) -> 0 | N20: =SUM(I20:M20) -> 0
... A33: 29 | B33: 46202 | F33: =F32+D33-E32 -> 0 | G33: 0 | H33: 0 | I33: =SUM(D33*$R$4) -> 0 | J33: =SUM(E33*$R$5) -> 0 | K33: =SUM(F33*$R$6) -> 0 | L33: =SUM(G33*$R$7) -> 0 | M33: =SUM(H33*$R$8) -> 0 | N33: =SUM(I33:M33) -> 0
A34: 30 | B34: 46203 | F34: 112.5 | G34: 0 | H34: 0 | I34: =SUM(D34*$R$4) -> 0 | J34: =SUM(E34*$R$5) -> 0 | K34: =SUM(F34*$R$6) -> 2025 | L34: =SUM(G34*$R$7) -> 0 | M34: =SUM(H34*$R$8) -> 0 | N34: =SUM(I34:M34) -> 2025
A35: 31 | I35: =SUM(D35*$R$4) -> 0 | J35: =SUM(E35*$R$5) -> 0 | K35: =SUM(F35*$R$6) -> 0 | L35: =SUM(G35*$R$7) -> 0 | M35: =SUM(H35*$R$8) -> 0 | N35: =SUM(I35:M35) -> 0
D36: =SUM(D5:D35) -> 0 | E36: =SUM(E5:E35) -> 0 | F36: =SUM(F5:F35) -> 112.5 | G36: =SUM(G5:G35) -> 0 | H36: =SUM(H5:H35) -> 0 | I36: =SUM(I5:I35) -> 0 | J36: =SUM(J5:J35) -> 0 | K36: =SUM(K5:K35) -> 2025 | ... N36: =SUM(N5:N35) -> 2025
N37: =N36*1.22 -> 2470.5

Sheet Приоритет Баумана
A1: =N37 -> 4446.9
A2: ="Отчет по хранению товара за " & TEXT(B5,"ММММ ГГГГ") -> Отчет по хранению товара за Июнь 2026 | I2: Баумана
A3: № | B3: дата | D3: Выгрузка кол-во | E3: Загрузка кол-во | F3: Хранение | G3: переконсолидация (тонн) | H3: Паллетирование | I3: стоимость выгрузки | J3: стоимость загрузки | K3: стоимость хранения | L3: стоимость переконс. | M3: Стоимость паллетирования | N3: итого | Q3: Цены
Q4: Выгрузка | R4: 120
A5: 1 | B5: 46174 | D5: 0 | E5: 0 | F5: 0 | G5: 0 | H5: 0 | I5: =SUM(D5*$R$4) -> 0 | J5: =SUM(E5*$R$5) -> 0 | K5: =SUM(F5*$R$6) -> 0 | L5: =SUM(G5*$R$7) -> 0 | M5: =SUM(H5*$R$8) -> 0 | N5: =SUM(I5:M5) -> 0 | Q5: Загрузка | R5: 120
A6: 2 | B6: 46175 | D6: 0 | E6: 0 | F6: =F5+D6-E5 -> 0 | G6: 0 | H6: 0 | I6: =SUM(D6*$R$4) -> 0 | J6: =SUM(E6*$R$5) -> 0 | K6: =SUM(F6*$R$6) -> 0 | L6: =SUM(G6*$R$7) -> 0 | M6: =SUM(H6*$R$8) -> 0 | N6: =SUM(I6:M6) -> 0 | Q6: Хранение | R6: 18
A7: 3 | B7: 46176 | D7: 0 | E7: 0 | F7: =F6+D7-E6 -> 0 | G7: 0 | H7: 0 | I7: =SUM(D7*$R$4) -> 0 | J7: =SUM(E7*$R$5) -> 0 | K7: =SUM(F7*$R$6) -> 0 | L7: =SUM(G7*$R$7) -> 0 | M7: =SUM(H7*$R$8) -> 0 | N7: =SUM(I7:M7) -> 0 | Q7: Переконсолидация | R7: 950
A8: 4 | B8: 46177 | D8: 0 | E8: 0 | F8: =F7+D8-E7 -> 0 | G8: 0 | H8: 0 | I8: =SUM(D8*$R$4) -> 0 | J8: =SUM(E8*$R$5) -> 0 | K8: =SUM(F8*$R$6) -> 0 | L8: =SUM(G8*$R$7) -> 0 | M8: =SUM(H8*$R$8) -> 0 | N8: =SUM(I8:M8) -> 0 | Q8: Паллетирование | R8: 120
A9: 5 | B9: 46178 | D9: 0 | E9: 0 | F9: =F8+D9-E8 -> 0 | G9: 0 | H9: 0 | I9: =SUM(D9*$R$4) -> 0 | J9: =SUM(E9*$R$5) -> 0 | K9: =SUM(F9*$R$6) -> 0 | L9: =SUM(G9*$R$7) -> 0 | M9: =SUM(H9*$R$8) -> 0 | N9: =SUM(I9:M9) -> 0
A10: 6 | B10: 46179 | D10: 0 | E10: 0 | F10: =F9+D10-E9 -> 0 | G10: 0 | H10: 0 | I10: =SUM(D10*$R$4) -> 0 | J10: =SUM(E10*$R$5) -> 0 | K10: =SUM(F10*$R$6) -> 0 | L10: =SUM(G10*$R$7) -> 0 | M10: =SUM(H10*$R$8) -> 0 | N10: =SUM(I10:M10) -> 0
A11: 7 | B11: 46180 | D11: 0 | E11: 0 | F11: =F10+D11-E10 -> 0 | G11: 0 | H11: 0 | I11: =SUM(D11*$R$4) -> 0 | J11: =SUM(E11*$R$5) -> 0 | K11: =SUM(F11*$R$6) -> 0 | L11: =SUM(G11*$R$7) -> 0 | M11: =SUM(H11*$R$8) -> 0 | N11: =SUM(I11:M11) -> 0
A12: 8 | B12: 46181 | D12: 0 | E12: 0 | F12: =F11+D12-E11 -> 0 | G12: 0 | H12: 0 | I12: =SUM(D12*$R$4) -> 0 | J12: =SUM(E12*$R$5) -> 0 | K12: =SUM(F12*$R$6) -> 0 | L12: =SUM(G12*$R$7) -> 0 | M12: =SUM(H12*$R$8) -> 0 | N12: =SUM(I12:M12) -> 0
A13: 9 | B13: 46182 | D13: 0 | E13: 0 | F13: =F12+D13-E12 -> 0 | G13: 0 | H13: 0 | I13: =SUM(D13*$R$4) -> 0 | J13: =SUM(E13*$R$5) -> 0 | K13: =SUM(F13*$R$6) -> 0 | L13: =SUM(G13*$R$7) -> 0 | M13: =SUM(H13*$R$8) -> 0 | N13: =SUM(I13:M13) -> 0
A14: 10 | B14: 46183 | D14: 0 | E14: 0 | F14: =F13+D14-E13 -> 0 | G14: 0 | H14: 0 | I14: =SUM(D14*$R$4) -> 0 | J14: =SUM(E14*$R$5) -> 0 | K14: =SUM(F14*$R$6) -> 0 | L14: =SUM(G14*$R$7) -> 0 | M14: =SUM(H14*$R$8) -> 0 | N14: =SUM(I14:M14) -> 0
A15: 11 | B15: 46184 | D15: 0 | E15: 0 | F15: =F14+D15-E14 -> 0 | G15: 0 | H15: 0 | I15: =SUM(D15*$R$4) -> 0 | J15: =SUM(E15*$R$5) -> 0 | K15: =SUM(F15*$R$6) -> 0 | L15: =SUM(G15*$R$7) -> 0 | M15: =SUM(H15*$R$8) -> 0 | N15: =SUM(I15:M15) -> 0
A16: 12 | B16: 46185 | D16: 0 | E16: 0 | F16: =F15+D16-E15 -> 0 | G16: 0 | H16: 0 | I16: =SUM(D16*$R$4) -> 0 | J16: =SUM(E16*$R$5) -> 0 | K16: =SUM(F16*$R$6) -> 0 | L16: =SUM(G16*$R$7) -> 0 | M16: =SUM(H16*$R$8) -> 0 | N16: =SUM(I16:M16) -> 0
A17: 13 | B17: 46186 | D17: 0 | E17: 0 | F17: =F16+D17-E16 -> 0 | G17: 0 | H17: 0 | I17: =SUM(D17*$R$4) -> 0 | J17: =SUM(E17*$R$5) -> 0 | K17: =SUM(F17*$R$6) -> 0 | L17: =SUM(G17*$R$7) -> 0 | M17: =SUM(H17*$R$8) -> 0 | N17: =SUM(I17:M17) -> 0
A18: 14 | B18: 46187 | D18: 0 | E18: 0 | F18: =F17+D18-E17 -> 0 | G18: 0 | H18: 0 | I18: =SUM(D18*$R$4) -> 0 | J18: =SUM(E18*$R$5) -> 0 | K18: =SUM(F18*$R$6) -> 0 | L18: =SUM(G18*$R$7) -> 0 | M18: =SUM(H18*$R$8) -> 0 | N18: =SUM(I18:M18) -> 0
A19: 15 | B19: 46188 | D19: 0 | E19: 0 | F19: =F18+D19-E18 -> 0 | G19: 0 | H19: 0 | I19: =SUM(D19*$R$4) -> 0 | J19: =SUM(E19*$R$5) -> 0 | K19: =SUM(F19*$R$6) -> 0 | L19: =SUM(G19*$R$7) -> 0 | M19: =SUM(H19*$R$8) -> 0 | N19: =SUM(I19:M19) -> 0
A20: 16 | B20: 46189 | D20: 0 | E20: 0 | F20: =F19+D20-E19 -> 0 | G20: 0 | H20: 0 | I20: =SUM(D20*$R$4) -> 0 | J20: =SUM(E20*$R$5) -> 0 | K20: =SUM(F20*$R$6) -> 0 | L20: =SUM(G20*$R$7) -> 0 | M20: =SUM(H20*$R$8) -> 0 | N20: =SUM(I20:M20) -> 0
... A33: 29 | B33: 46202 | D33: 0 | E33: 0 | F33: =F32+D33-E32 -> 0 | G33: 0 | H33: 0 | I33: =SUM(D33*$R$4) -> 0 | J33: =SUM(E33*$R$5) -> 0 | K33: =SUM(F33*$R$6) -> 0 | L33: =SUM(G33*$R$7) -> 0 | M33: =SUM(H33*$R$8) -> 0 | N33: =SUM(I33:M33) -> 0
A34: 30 | B34: 46203 | D34: 0 | E34: 0 | F34: 202.5 | G34: 0 | H34: 0 | I34: =SUM(D34*$R$4) -> 0 | J34: =SUM(E34*$R$5) -> 0 | K34: =SUM(F34*$R$6) -> 3645 | L34: =SUM(G34*$R$7) -> 0 | M34: =SUM(H34*$R$8) -> 0 | N34: =SUM(I34:M34) -> 3645
A35: 31 | I35: =SUM(D35*$R$4) -> 0 | J35: =SUM(E35*$R$5) -> 0 | K35: =SUM(F35*$R$6) -> 0 | L35: =SUM(G35*$R$7) -> 0 | M35: =SUM(H35*$R$8) -> 0 | N35: =SUM(I35:M35) -> 0
D36: =SUM(D5:D35) -> 0 | E36: =SUM(E5:E35) -> 0 | F36: =SUM(F5:F35) -> 202.5 | G36: =SUM(G5:G35) -> 0 | H36: =SUM(H5:H35) -> 0 | I36: =SUM(I5:I35) -> 0 | J36: =SUM(J5:J35) -> 0 | K36: =SUM(K5:K35) -> 3645 | ... N36: =SUM(N5:N35) -> 3645
N37: =N36*1.22 -> 4446.9

Sheet Фармпласт Казань_Автосервисная
A1: =N37 -> 0
A2: ="Отчет по хранению товара за " & TEXT(B5,"ММММ ГГГГ") -> Отчет по хранению товара за Июнь 2026 | I2: Казань_Автосервисная
A3: № | B3: дата | D3: Выгрузка кол-во | E3: Загрузка кол-во | F3: Хранение | G3: переконсолидация (тонн) | H3: Паллетирование | I3: стоимость выгрузки | J3: стоимость загрузки | K3: стоимость хранения | L3: стоимость переконс. | M3: Стоимость паллетирования | N3: итого | Q3: Цены
Q4: Выгрузка | R4: 144
A5: 1 | B5: 46174 | F5: 0 | G5: 0 | H5: 0 | I5: =SUM(D5*$R$4) -> 0 | J5: =SUM(E5*$R$5) -> 0 | K5: =SUM(F5*$R$6) -> 0 | L5: =SUM(G5*$R$7) -> 0 | M5: =SUM(H5*$R$8) -> 0 | N5: =SUM(I5:M5) -> 0 | Q5: Загрузка | R5: 144
A6: 2 | B6: 46175 | F6: =F5+D6-E5 -> 0 | G6: 0 | H6: 0 | I6: =SUM(D6*$R$4) -> 0 | J6: =SUM(E6*$R$5) -> 0 | K6: =SUM(F6*$R$6) -> 0 | L6: =SUM(G6*$R$7) -> 0 | M6: =SUM(H6*$R$8) -> 0 | N6: =SUM(I6:M6) -> 0 | Q6: Хранение | R6: 42
A7: 3 | B7: 46176 | F7: =F6+D7-E6 -> 0 | G7: 0 | H7: 0 | I7: =SUM(D7*$R$4) -> 0 | J7: =SUM(E7*$R$5) -> 0 | K7: =SUM(F7*$R$6) -> 0 | L7: =SUM(G7*$R$7) -> 0 | M7: =SUM(H7*$R$8) -> 0 | N7: =SUM(I7:M7) -> 0 | Q7: Переконсолидация | R7: 1200
A8: 4 | B8: 46177 | F8: =F7+D8-E7 -> 0 | G8: 0 | H8: 0 | I8: =SUM(D8*$R$4) -> 0 | J8: =SUM(E8*$R$5) -> 0 | K8: =SUM(F8*$R$6) -> 0 | L8: =SUM(G8*$R$7) -> 0 | M8: =SUM(H8*$R$8) -> 0 | N8: =SUM(I8:M8) -> 0 | Q8: Паллетирование | R8: 240
A9: 5 | B9: 46178 | F9: =F8+D9-E8 -> 0 | G9: 0 | H9: 0 | I9: =SUM(D9*$R$4) -> 0 | J9: =SUM(E9*$R$5) -> 0 | K9: =SUM(F9*$R$6) -> 0 | L9: =SUM(G9*$R$7) -> 0 | M9: =SUM(H9*$R$8) -> 0 | N9: =SUM(I9:M9) -> 0
A10: 6 | B10: 46179 | F10: =F9+D10-E9 -> 0 | G10: 0 | H10: 0 | I10: =SUM(D10*$R$4) -> 0 | J10: =SUM(E10*$R$5) -> 0 | K10: =SUM(F10*$R$6) -> 0 | L10: =SUM(G10*$R$7) -> 0 | M10: =SUM(H10*$R$8) -> 0 | N10: =SUM(I10:M10) -> 0
A11: 7 | B11: 46180 | F11: =F10+D11-E10 -> 0 | G11: 0 | H11: 0 | I11: =SUM(D11*$R$4) -> 0 | J11: =SUM(E11*$R$5) -> 0 | K11: =SUM(F11*$R$6) -> 0 | L11: =SUM(G11*$R$7) -> 0 | M11: =SUM(H11*$R$8) -> 0 | N11: =SUM(I11:M11) -> 0
A12: 8 | B12: 46181 | F12: =F11+D12-E11 -> 0 | G12: 0 | H12: 0 | I12: =SUM(D12*$R$4) -> 0 | J12: =SUM(E12*$R$5) -> 0 | K12: =SUM(F12*$R$6) -> 0 | L12: =SUM(G12*$R$7) -> 0 | M12: =SUM(H12*$R$8) -> 0 | N12: =SUM(I12:M12) -> 0
A13: 9 | B13: 46182 | F13: =F12+D13-E12 -> 0 | G13: 0 | H13: 0 | I13: =SUM(D13*$R$4) -> 0 | J13: =SUM(E13*$R$5) -> 0 | K13: =SUM(F13*$R$6) -> 0 | L13: =SUM(G13*$R$7) -> 0 | M13: =SUM(H13*$R$8) -> 0 | N13: =SUM(I13:M13) -> 0
A14: 10 | B14: 46183 | F14: =F13+D14-E13 -> 0 | G14: 0 | H14: 0 | I14: =SUM(D14*$R$4) -> 0 | J14: =SUM(E14*$R$5) -> 0 | K14: =SUM(F14*$R$6) -> 0 | L14: =SUM(G14*$R$7) -> 0 | M14: =SUM(H14*$R$8) -> 0 | N14: =SUM(I14:M14) -> 0
A15: 11 | B15: 46184 | F15: =F14+D15-E14 -> 0 | G15: 0 | H15: 0 | I15: =SUM(D15*$R$4) -> 0 | J15: =SUM(E15*$R$5) -> 0 | K15: =SUM(F15*$R$6) -> 0 | L15: =SUM(G15*$R$7) -> 0 | M15: =SUM(H15*$R$8) -> 0 | N15: =SUM(I15:M15) -> 0
A16: 12 | B16: 46185 | F16: =F15+D16-E15 -> 0 | G16: 0 | H16: 0 | I16: =SUM(D16*$R$4) -> 0 | J16: =SUM(E16*$R$5) -> 0 | K16: =SUM(F16*$R$6) -> 0 | L16: =SUM(G16*$R$7) -> 0 | M16: =SUM(H16*$R$8) -> 0 | N16: =SUM(I16:M16) -> 0
A17: 13 | B17: 46186 | F17: =F16+D17-E16 -> 0 | G17: 0 | H17: 0 | I17: =SUM(D17*$R$4) -> 0 | J17: =SUM(E17*$R$5) -> 0 | K17: =SUM(F17*$R$6) -> 0 | L17: =SUM(G17*$R$7) -> 0 | M17: =SUM(H17*$R$8) -> 0 | N17: =SUM(I17:M17) -> 0
A18: 14 | B18: 46187 | F18: =F17+D18-E17 -> 0 | G18: 0 | H18: 0 | I18: =SUM(D18*$R$4) -> 0 | J18: =SUM(E18*$R$5) -> 0 | K18: =SUM(F18*$R$6) -> 0 | L18: =SUM(G18*$R$7) -> 0 | M18: =SUM(H18*$R$8) -> 0 | N18: =SUM(I18:M18) -> 0
A19: 15 | B19: 46188 | F19: =F18+D19-E18 -> 0 | G19: 0 | H19: 0 | I19: =SUM(D19*$R$4) -> 0 | J19: =SUM(E19*$R$5) -> 0 | K19: =SUM(F19*$R$6) -> 0 | L19: =SUM(G19*$R$7) -> 0 | M19: =SUM(H19*$R$8) -> 0 | N19: =SUM(I19:M19) -> 0
A20: 16 | B20: 46189 | F20: =F19+D20-E19 -> 0 | G20: 0 | H20: 0 | I20: =SUM(D20*$R$4) -> 0 | J20: =SUM(E20*$R$5) -> 0 | K20: =SUM(F20*$R$6) -> 0 | L20: =SUM(G20*$R$7) -> 0 | M20: =SUM(H20*$R$8) -> 0 | N20: =SUM(I20:M20) -> 0
... A34: 30 | B34: 46203 | F34: =F33+D34-E33 -> 0 | G34: 0 | H34: 0 | I34: =SUM(D34*$R$4) -> 0 | J34: =SUM(E34*$R$5) -> 0 | K34: =SUM(F34*$R$6) -> 0 | L34: =SUM(G34*$R$7) -> 0 | M34: =SUM(H34*$R$8) -> 0 | N34: =SUM(I34:M34) -> 0
A35: 31 | I35: =SUM(D35*$R$4) -> 0 | J35: =SUM(E35*$R$5) -> 0 | K35: =SUM(F35*$R$6) -> 0 | L35: =SUM(G35*$R$7) -> 0 | M35: =SUM(H35*$R$8) -> 0 | N35: =SUM(I35:M35) -> 0
D36: =SUM(D5:D35) -> 0 | E36: =SUM(E5:E35) -> 0 | F36: =SUM(F5:F35) -> 0 | G36: =SUM(G5:G35) -> 0 | H36: =SUM(H5:H35) -> 0 | I36: =SUM(I5:I35) -> 0 | J36: =SUM(J5:J35) -> 0 | K36: =SUM(K5:K35) -> 0 | ... N36: =SUM(N5:N35) -> 0
N37: =N36*1.22 -> 0

Sheet Фармпласт Новосибирск
A1: =N37 -> 0
A2: ="Отчет по хранению товара за " & TEXT(B5,"ММММ ГГГГ") -> Отчет по хранению товара за Июнь 2026 | I2: Новосибирск
A3: № | B3: дата | D3: Выгрузка кол-во | E3: Загрузка кол-во | F3: Хранение | G3: переконсолидация (тонн) | H3: Паллетирование | I3: стоимость выгрузки | J3: стоимость загрузки | K3: стоимость хранения | L3: стоимость переконс. | M3: Стоимость паллетирования | N3: итого | Q3: Цены
Q4: Выгрузка | R4: 140
A5: 1 | B5: 46174 | D5: 0 | E5: 0 | F5: 0 | G5: 0 | H5: 0 | I5: =SUM(D5*$R$4) -> 0 | J5: =SUM(E5*$R$5) -> 0 | K5: =SUM(F5*$R$6) -> 0 | L5: =SUM(G5*$R$7) -> 0 | M5: =SUM(H5*$R$8) -> 0 | N5: =SUM(I5:M5) -> 0 | Q5: Загрузка | R5: 140
A6: 2 | B6: 46175 | D6: 0 | E6: 0 | F6: =F5+D6-E5 -> 0 | G6: 0 | H6: 0 | I6: =SUM(D6*$R$4) -> 0 | J6: =SUM(E6*$R$5) -> 0 | K6: =SUM(F6*$R$6) -> 0 | L6: =SUM(G6*$R$7) -> 0 | M6: =SUM(H6*$R$8) -> 0 | N6: =SUM(I6:M6) -> 0 | Q6: Хранение | R6: 26
A7: 3 | B7: 46176 | D7: 0 | E7: 0 | F7: =F6+D7-E6 -> 0 | G7: 0 | H7: 0 | I7: =SUM(D7*$R$4) -> 0 | J7: =SUM(E7*$R$5) -> 0 | K7: =SUM(F7*$R$6) -> 0 | L7: =SUM(G7*$R$7) -> 0 | M7: =SUM(H7*$R$8) -> 0 | N7: =SUM(I7:M7) -> 0 | Q7: Переконсолидация | R7: 1200
A8: 4 | B8: 46177 | D8: 0 | E8: 0 | F8: =F7+D8-E7 -> 0 | G8: 0 | H8: 0 | I8: =SUM(D8*$R$4) -> 0 | J8: =SUM(E8*$R$5) -> 0 | K8: =SUM(F8*$R$6) -> 0 | L8: =SUM(G8*$R$7) -> 0 | M8: =SUM(H8*$R$8) -> 0 | N8: =SUM(I8:M8) -> 0 | Q8: Паллетирование | R8: 170
A9: 5 | B9: 46178 | D9: 0 | E9: 0 | F9: =F8+D9-E8 -> 0 | G9: 0 | H9: 0 | I9: =SUM(D9*$R$4) -> 0 | J9: =SUM(E9*$R$5) -> 0 | K9: =SUM(F9*$R$6) -> 0 | L9: =SUM(G9*$R$7) -> 0 | M9: =SUM(H9*$R$8) -> 0 | N9: =SUM(I9:M9) -> 0
A10: 6 | B10: 46179 | D10: 0 | E10: 0 | F10: =F9+D10-E9 -> 0 | G10: 0 | H10: 0 | I10: =SUM(D10*$R$4) -> 0 | J10: =SUM(E10*$R$5) -> 0 | K10: =SUM(F10*$R$6) -> 0 | L10: =SUM(G10*$R$7) -> 0 | M10: =SUM(H10*$R$8) -> 0 | N10: =SUM(I10:M10) -> 0
A11: 7 | B11: 46180 | D11: 0 | E11: 0 | F11: =F10+D11-E10 -> 0 | G11: 0 | H11: 0 | I11: =SUM(D11*$R$4) -> 0 | J11: =SUM(E11*$R$5) -> 0 | K11: =SUM(F11*$R$6) -> 0 | L11: =SUM(G11*$R$7) -> 0 | M11: =SUM(H11*$R$8) -> 0 | N11: =SUM(I11:M11) -> 0
A12: 8 | B12: 46181 | D12: 0 | E12: 0 | F12: =F11+D12-E11 -> 0 | G12: 0 | H12: 0 | I12: =SUM(D12*$R$4) -> 0 | J12: =SUM(E12*$R$5) -> 0 | K12: =SUM(F12*$R$6) -> 0 | L12: =SUM(G12*$R$7) -> 0 | M12: =SUM(H12*$R$8) -> 0 | N12: =SUM(I12:M12) -> 0
A13: 9 | B13: 46182 | D13: 0 | E13: 0 | F13: =F12+D13-E12 -> 0 | G13: 0 | H13: 0 | I13: =SUM(D13*$R$4) -> 0 | J13: =SUM(E13*$R$5) -> 0 | K13: =SUM(F13*$R$6) -> 0 | L13: =SUM(G13*$R$7) -> 0 | M13: =SUM(H13*$R$8) -> 0 | N13: =SUM(I13:M13) -> 0
A14: 10 | B14: 46183 | D14: 0 | E14: 0 | F14: =F13+D14-E13 -> 0 | G14: 0 | H14: 0 | I14: =SUM(D14*$R$4) -> 0 | J14: =SUM(E14*$R$5) -> 0 | K14: =SUM(F14*$R$6) -> 0 | L14: =SUM(G14*$R$7) -> 0 | M14: =SUM(H14*$R$8) -> 0 | N14: =SUM(I14:M14) -> 0
A15: 11 | B15: 46184 | D15: 0 | E15: 0 | F15: =F14+D15-E14 -> 0 | G15: 0 | H15: 0 | I15: =SUM(D15*$R$4) -> 0 | J15: =SUM(E15*$R$5) -> 0 | K15: =SUM(F15*$R$6) -> 0 | L15: =SUM(G15*$R$7) -> 0 | M15: =SUM(H15*$R$8) -> 0 | N15: =SUM(I15:M15) -> 0
A16: 12 | B16: 46185 | D16: 0 | E16: 0 | F16: =F15+D16-E15 -> 0 | G16: 0 | H16: 0 | I16: =SUM(D16*$R$4) -> 0 | J16: =SUM(E16*$R$5) -> 0 | K16: =SUM(F16*$R$6) -> 0 | L16: =SUM(G16*$R$7) -> 0 | M16: =SUM(H16*$R$8) -> 0 | N16: =SUM(I16:M16) -> 0
A17: 13 | B17: 46186 | D17: 0 | E17: 0 | F17: =F16+D17-E16 -> 0 | G17: 0 | H17: 0 | I17: =SUM(D17*$R$4) -> 0 | J17: =SUM(E17*$R$5) -> 0 | K17: =SUM(F17*$R$6) -> 0 | L17: =SUM(G17*$R$7) -> 0 | M17: =SUM(H17*$R$8) -> 0 | N17: =SUM(I17:M17) -> 0
A18: 14 | B18: 46187 | D18: 0 | E18: 0 | F18: =F17+D18-E17 -> 0 | G18: 0 | H18: 0 | I18: =SUM(D18*$R$4) -> 0 | J18: =SUM(E18*$R$5) -> 0 | K18: =SUM(F18*$R$6) -> 0 | L18: =SUM(G18*$R$7) -> 0 | M18: =SUM(H18*$R$8) -> 0 | N18: =SUM(I18:M18) -> 0
A19: 15 | B19: 46188 | D19: 0 | E19: 0 | F19: =F18+D19-E18 -> 0 | G19: 0 | H19: 0 | I19: =SUM(D19*$R$4) -> 0 | J19: =SUM(E19*$R$5) -> 0 | K19: =SUM(F19*$R$6) -> 0 | L19: =SUM(G19*$R$7) -> 0 | M19: =SUM(H19*$R$8) -> 0 | N19: =SUM(I19:M19) -> 0
A20: 16 | B20: 46189 | D20: 0 | E20: 0 | F20: =F19+D20-E19 -> 0 | G20: 0 | H20: 0 | I20: =SUM(D20*$R$4) -> 0 | J20: =SUM(E20*$R$5) -> 0 | K20: =SUM(F20*$R$6) -> 0 | L20: =SUM(G20*$R$7) -> 0 | M20: =SUM(H20*$R$8) -> 0 | N20: =SUM(I20:M20) -> 0
... A34: 30 | B34: 46203 | D34: 0 | E34: 0 | F34: =F33+D34-E33 -> 0 | G34: 0 | H34: 0 | I34: =SUM(D34*$R$4) -> 0 | J34: =SUM(E34*$R$5) -> 0 | K34: =SUM(F34*$R$6) -> 0 | L34: =SUM(G34*$R$7) -> 0 | M34: =SUM(H34*$R$8) -> 0 | N34: =SUM(I34:M34) -> 0
A35: 31 | I35: =SUM(D35*$R$4) -> 0 | J35: =SUM(E35*$R$5) -> 0 | K35: =SUM(F35*$R$6) -> 0 | L35: =SUM(G35*$R$7) -> 0 | M35: =SUM(H35*$R$8) -> 0 | N35: =SUM(I35:M35) -> 0
D36: =SUM(D5:D35) -> 0 | E36: =SUM(E5:E35) -> 0 | F36: =SUM(F5:F35) -> 0 | G36: =SUM(G5:G35) -> 0 | H36: =SUM(H5:H35) -> 0 | I36: =SUM(I5:I35) -> 0 | J36: =SUM(J5:J35) -> 0 | K36: =SUM(K5:K35) -> 0 | ... N36: =SUM(N5:N35) -> 0
N37: =N36*1.22 -> 0

Sheet Фармпласт Новикова-Прибоя
A1: =N37 -> 3952.8
A2: ="Отчет по хранению товара за " & TEXT(B5,"ММММ ГГГГ") -> Отчет по хранению товара за Июнь 2026 | I2: Новикова
A3: № | B3: дата | D3: Выгрузка кол-во | E3: Загрузка кол-во | F3: Хранение | G3: переконсолидация (тонн) | H3: Паллетирование | I3: стоимость выгрузки | J3: стоимость загрузки | K3: стоимость хранения | L3: стоимость переконс. | M3: Стоимость паллетирования | N3: итого | Q3: Цены
Q4: Выгрузка | R4: 120
A5: 1 | B5: 46174 | D5: 0 | E5: 0 | F5: 0 | G5: 0 | H5: 0 | I5: =SUM(D5*$R$4) -> 0 | J5: =SUM(E5*$R$5) -> 0 | K5: =SUM(F5*$R$6) -> 0 | L5: =SUM(G5*$R$7) -> 0 | M5: =SUM(H5*$R$8) -> 0 | N5: =SUM(I5:M5) -> 0 | Q5: Загрузка | R5: 120
A6: 2 | B6: 46175 | D6: 0 | E6: 0 | F6: =F5+D6-E5 -> 0 | G6: 0 | H6: 0 | I6: =SUM(D6*$R$4) -> 0 | J6: =SUM(E6*$R$5) -> 0 | K6: =SUM(F6*$R$6) -> 0 | L6: =SUM(G6*$R$7) -> 0 | M6: =SUM(H6*$R$8) -> 0 | N6: =SUM(I6:M6) -> 0 | Q6: Хранение | R6: 18
A7: 3 | B7: 46176 | D7: 0 | E7: 0 | F7: =F6+D7-E6 -> 0 | G7: 0 | H7: 0 | I7: =SUM(D7*$R$4) -> 0 | J7: =SUM(E7*$R$5) -> 0 | K7: =SUM(F7*$R$6) -> 0 | L7: =SUM(G7*$R$7) -> 0 | M7: =SUM(H7*$R$8) -> 0 | N7: =SUM(I7:M7) -> 0 | Q7: Переконсолидация | R7: 950
A8: 4 | B8: 46177 | D8: 0 | E8: 0 | F8: =F7+D8-E7 -> 0 | G8: 0 | H8: 0 | I8: =SUM(D8*$R$4) -> 0 | J8: =SUM(E8*$R$5) -> 0 | K8: =SUM(F8*$R$6) -> 0 | L8: =SUM(G8*$R$7) -> 0 | M8: =SUM(H8*$R$8) -> 0 | N8: =SUM(I8:M8) -> 0 | Q8: Паллетирование | R8: 120
A9: 5 | B9: 46178 | D9: 0 | E9: 0 | F9: =F8+D9-E8 -> 0 | G9: 0 | H9: 0 | I9: =SUM(D9*$R$4) -> 0 | J9: =SUM(E9*$R$5) -> 0 | K9: =SUM(F9*$R$6) -> 0 | L9: =SUM(G9*$R$7) -> 0 | M9: =SUM(H9*$R$8) -> 0 | N9: =SUM(I9:M9) -> 0
A10: 6 | B10: 46179 | D10: 0 | E10: 0 | F10: =F9+D10-E9 -> 0 | G10: 0 | H10: 0 | I10: =SUM(D10*$R$4) -> 0 | J10: =SUM(E10*$R$5) -> 0 | K10: =SUM(F10*$R$6) -> 0 | L10: =SUM(G10*$R$7) -> 0 | M10: =SUM(H10*$R$8) -> 0 | N10: =SUM(I10:M10) -> 0
A11: 7 | B11: 46180 | D11: 0 | E11: 0 | F11: =F10+D11-E10 -> 0 | G11: 0 | H11: 0 | I11: =SUM(D11*$R$4) -> 0 | J11: =SUM(E11*$R$5) -> 0 | K11: =SUM(F11*$R$6) -> 0 | L11: =SUM(G11*$R$7) -> 0 | M11: =SUM(H11*$R$8) -> 0 | N11: =SUM(I11:M11) -> 0
A12: 8 | B12: 46181 | D12: 0 | E12: 0 | F12: =F11+D12-E11 -> 0 | G12: 0 | H12: 0 | I12: =SUM(D12*$R$4) -> 0 | J12: =SUM(E12*$R$5) -> 0 | K12: =SUM(F12*$R$6) -> 0 | L12: =SUM(G12*$R$7) -> 0 | M12: =SUM(H12*$R$8) -> 0 | N12: =SUM(I12:M12) -> 0
A13: 9 | B13: 46182 | D13: 0 | E13: 0 | F13: =F12+D13-E12 -> 0 | G13: 0 | H13: 0 | I13: =SUM(D13*$R$4) -> 0 | J13: =SUM(E13*$R$5) -> 0 | K13: =SUM(F13*$R$6) -> 0 | L13: =SUM(G13*$R$7) -> 0 | M13: =SUM(H13*$R$8) -> 0 | N13: =SUM(I13:M13) -> 0
A14: 10 | B14: 46183 | D14: 0 | E14: 0 | F14: =F13+D14-E13 -> 0 | G14: 0 | H14: 0 | I14: =SUM(D14*$R$4) -> 0 | J14: =SUM(E14*$R$5) -> 0 | K14: =SUM(F14*$R$6) -> 0 | L14: =SUM(G14*$R$7) -> 0 | M14: =SUM(H14*$R$8) -> 0 | N14: =SUM(I14:M14) -> 0
A15: 11 | B15: 46184 | D15: 0 | E15: 0 | F15: =F14+D15-E14 -> 0 | G15: 0 | H15: 0 | I15: =SUM(D15*$R$4) -> 0 | J15: =SUM(E15*$R$5) -> 0 | K15: =SUM(F15*$R$6) -> 0 | L15: =SUM(G15*$R$7) -> 0 | M15: =SUM(H15*$R$8) -> 0 | N15: =SUM(I15:M15) -> 0
A16: 12 | B16: 46185 | D16: 0 | E16: 0 | F16: =F15+D16-E15 -> 0 | G16: 0 | H16: 0 | I16: =SUM(D16*$R$4) -> 0 | J16: =SUM(E16*$R$5) -> 0 | K16: =SUM(F16*$R$6) -> 0 | L16: =SUM(G16*$R$7) -> 0 | M16: =SUM(H16*$R$8) -> 0 | N16: =SUM(I16:M16) -> 0
A17: 13 | B17: 46186 | D17: 0 | E17: 0 | F17: =F16+D17-E16 -> 0 | G17: 0 | H17: 0 | I17: =SUM(D17*$R$4) -> 0 | J17: =SUM(E17*$R$5) -> 0 | K17: =SUM(F17*$R$6) -> 0 | L17: =SUM(G17*$R$7) -> 0 | M17: =SUM(H17*$R$8) -> 0 | N17: =SUM(I17:M17) -> 0
A18: 14 | B18: 46187 | D18: 0 | E18: 0 | F18: =F17+D18-E17 -> 0 | G18: 0 | H18: 0 | I18: =SUM(D18*$R$4) -> 0 | J18: =SUM(E18*$R$5) -> 0 | K18: =SUM(F18*$R$6) -> 0 | L18: =SUM(G18*$R$7) -> 0 | M18: =SUM(H18*$R$8) -> 0 | N18: =SUM(I18:M18) -> 0
A19: 15 | B19: 46188 | D19: 0 | E19: 0 | F19: =F18+D19-E18 -> 0 | G19: 0 | H19: 0 | I19: =SUM(D19*$R$4) -> 0 | J19: =SUM(E19*$R$5) -> 0 | K19: =SUM(F19*$R$6) -> 0 | L19: =SUM(G19*$R$7) -> 0 | M19: =SUM(H19*$R$8) -> 0 | N19: =SUM(I19:M19) -> 0
A20: 16 | B20: 46189 | D20: 0 | E20: 0 | F20: =F19+D20-E19 -> 0 | G20: 0 | H20: 0 | I20: =SUM(D20*$R$4) -> 0 | J20: =SUM(E20*$R$5) -> 0 | K20: =SUM(F20*$R$6) -> 0 | L20: =SUM(G20*$R$7) -> 0 | M20: =SUM(H20*$R$8) -> 0 | N20: =SUM(I20:M20) -> 0
... A33: 29 | B33: 46202 | D33: 0 | E33: 0 | F33: =F32+D33-E32 -> 0 | G33: 0 | H33: 0 | I33: =SUM(D33*$R$4) -> 0 | J33: =SUM(E33*$R$5) -> 0 | K33: =SUM(F33*$R$6) -> 0 | L33: =SUM(G33*$R$7) -> 0 | M33: =SUM(H33*$R$8) -> 0 | N33: =SUM(I33:M33) -> 0
A34: 30 | B34: 46203 | D34: 0 | E34: 0 | F34: 180 | G34: 0 | H34: 0 | I34: =SUM(D34*$R$4) -> 0 | J34: =SUM(E34*$R$5) -> 0 | K34: =SUM(F34*$R$6) -> 3240 | L34: =SUM(G34*$R$7) -> 0 | M34: =SUM(H34*$R$8) -> 0 | N34: =SUM(I34:M34) -> 3240
A35: 31 | I35: =SUM(D35*$R$4) -> 0 | J35: =SUM(E35*$R$5) -> 0 | K35: =SUM(F35*$R$6) -> 0 | L35: =SUM(G35*$R$7) -> 0 | M35: =SUM(H35*$R$8) -> 0 | N35: =SUM(I35:M35) -> 0
D36: =SUM(D5:D35) -> 0 | E36: =SUM(E5:E35) -> 0 | F36: =SUM(F5:F35) -> 180 | G36: =SUM(G5:G35) -> 0 | H36: =SUM(H5:H35) -> 0 | I36: =SUM(I5:I35) -> 0 | J36: =SUM(J5:J35) -> 0 | K36: =SUM(K5:K35) -> 3240 | ... N36: =SUM(N5:N35) -> 3240
N37: =N36*1.22 -> 3952.8

Sheet Фармпласт Баумана
A1: =N37 -> 15712.38
A2: ="Отчет по хранению товара за " & TEXT(B5,"ММММ ГГГГ") -> Отчет по хранению товара за Июнь 2026 | I2: Баумана
A3: № | B3: дата | D3: Выгрузка кол-во | E3: Загрузка кол-во | F3: Хранение | G3: переконсолидация (тонн) | H3: Паллетирование | I3: стоимость выгрузки | J3: стоимость загрузки | K3: стоимость хранения | L3: стоимость переконс. | M3: Стоимость паллетирования | N3: итого | Q3: Цены
Q4: Выгрузка | R4: 120
A5: 1 | B5: 46174 | D5: 0 | E5: 0 | F5: 0 | G5: 0 | H5: 0 | I5: =SUM(D5*$R$4) -> 0 | J5: =SUM(E5*$R$5) -> 0 | K5: =SUM(F5*$R$6) -> 0 | L5: =SUM(G5*$R$7) -> 0 | M5: =SUM(H5*$R$8) -> 0 | N5: =SUM(I5:M5) -> 0 | Q5: Загрузка | R5: 120
A6: 2 | B6: 46175 | D6: 0 | E6: 0 | F6: =F5+D6-E5 -> 0 | G6: 0 | H6: 0 | I6: =SUM(D6*$R$4) -> 0 | J6: =SUM(E6*$R$5) -> 0 | K6: =SUM(F6*$R$6) -> 0 | L6: =SUM(G6*$R$7) -> 0 | M6: =SUM(H6*$R$8) -> 0 | N6: =SUM(I6:M6) -> 0 | Q6: Хранение | R6: 18
A7: 3 | B7: 46176 | D7: 0 | E7: 0 | F7: =F6+D7-E6 -> 0 | G7: 0 | H7: 0 | I7: =SUM(D7*$R$4) -> 0 | J7: =SUM(E7*$R$5) -> 0 | K7: =SUM(F7*$R$6) -> 0 | L7: =SUM(G7*$R$7) -> 0 | M7: =SUM(H7*$R$8) -> 0 | N7: =SUM(I7:M7) -> 0 | Q7: Переконсолидация | R7: 950
A8: 4 | B8: 46177 | D8: 0 | E8: 0 | F8: =F7+D8-E7 -> 0 | G8: 0 | H8: 0 | I8: =SUM(D8*$R$4) -> 0 | J8: =SUM(E8*$R$5) -> 0 | K8: =SUM(F8*$R$6) -> 0 | L8: =SUM(G8*$R$7) -> 0 | M8: =SUM(H8*$R$8) -> 0 | N8: =SUM(I8:M8) -> 0 | Q8: Паллетирование | R8: 120
A9: 5 | B9: 46178 | D9: 0 | E9: 0 | F9: =F8+D9-E8 -> 0 | G9: 0 | H9: 0 | I9: =SUM(D9*$R$4) -> 0 | J9: =SUM(E9*$R$5) -> 0 | K9: =SUM(F9*$R$6) -> 0 | L9: =SUM(G9*$R$7) -> 0 | M9: =SUM(H9*$R$8) -> 0 | N9: =SUM(I9:M9) -> 0
A10: 6 | B10: 46179 | D10: 0 | E10: 0 | F10: =F9+D10-E9 -> 0 | G10: 0 | H10: 0 | I10: =SUM(D10*$R$4) -> 0 | J10: =SUM(E10*$R$5) -> 0 | K10: =SUM(F10*$R$6) -> 0 | L10: =SUM(G10*$R$7) -> 0 | M10: =SUM(H10*$R$8) -> 0 | N10: =SUM(I10:M10) -> 0
A11: 7 | B11: 46180 | D11: 0 | E11: 0 | F11: =F10+D11-E10 -> 0 | G11: 0 | H11: 0 | I11: =SUM(D11*$R$4) -> 0 | J11: =SUM(E11*$R$5) -> 0 | K11: =SUM(F11*$R$6) -> 0 | L11: =SUM(G11*$R$7) -> 0 | M11: =SUM(H11*$R$8) -> 0 | N11: =SUM(I11:M11) -> 0
A12: 8 | B12: 46181 | D12: 0 | E12: 0 | F12: =F11+D12-E11 -> 0 | G12: 0 | H12: 0 | I12: =SUM(D12*$R$4) -> 0 | J12: =SUM(E12*$R$5) -> 0 | K12: =SUM(F12*$R$6) -> 0 | L12: =SUM(G12*$R$7) -> 0 | M12: =SUM(H12*$R$8) -> 0 | N12: =SUM(I12:M12) -> 0
A13: 9 | B13: 46182 | D13: 0 | E13: 0 | F13: =F12+D13-E12 -> 0 | G13: 0 | H13: 0 | I13: =SUM(D13*$R$4) -> 0 | J13: =SUM(E13*$R$5) -> 0 | K13: =SUM(F13*$R$6) -> 0 | L13: =SUM(G13*$R$7) -> 0 | M13: =SUM(H13*$R$8) -> 0 | N13: =SUM(I13:M13) -> 0
A14: 10 | B14: 46183 | D14: 0 | E14: 0 | F14: =F13+D14-E13 -> 0 | G14: 0 | H14: 0 | I14: =SUM(D14*$R$4) -> 0 | J14: =SUM(E14*$R$5) -> 0 | K14: =SUM(F14*$R$6) -> 0 | L14: =SUM(G14*$R$7) -> 0 | M14: =SUM(H14*$R$8) -> 0 | N14: =SUM(I14:M14) -> 0
A15: 11 | B15: 46184 | D15: 0 | E15: 0 | F15: =F14+D15-E14 -> 0 | G15: 0 | H15: 0 | I15: =SUM(D15*$R$4) -> 0 | J15: =SUM(E15*$R$5) -> 0 | K15: =SUM(F15*$R$6) -> 0 | L15: =SUM(G15*$R$7) -> 0 | M15: =SUM(H15*$R$8) -> 0 | N15: =SUM(I15:M15) -> 0
A16: 12 | B16: 46185 | D16: 0 | E16: 0 | F16: =F15+D16-E15 -> 0 | G16: 0 | H16: 0 | I16: =SUM(D16*$R$4) -> 0 | J16: =SUM(E16*$R$5) -> 0 | K16: =SUM(F16*$R$6) -> 0 | L16: =SUM(G16*$R$7) -> 0 | M16: =SUM(H16*$R$8) -> 0 | N16: =SUM(I16:M16) -> 0
A17: 13 | B17: 46186 | D17: 0 | E17: 0 | F17: =F16+D17-E16 -> 0 | G17: 0 | H17: 0 | I17: =SUM(D17*$R$4) -> 0 | J17: =SUM(E17*$R$5) -> 0 | K17: =SUM(F17*$R$6) -> 0 | L17: =SUM(G17*$R$7) -> 0 | M17: =SUM(H17*$R$8) -> 0 | N17: =SUM(I17:M17) -> 0
A18: 14 | B18: 46187 | D18: 0 | E18: 0 | F18: =F17+D18-E17 -> 0 | G18: 0 | H18: 0 | I18: =SUM(D18*$R$4) -> 0 | J18: =SUM(E18*$R$5) -> 0 | K18: =SUM(F18*$R$6) -> 0 | L18: =SUM(G18*$R$7) -> 0 | M18: =SUM(H18*$R$8) -> 0 | N18: =SUM(I18:M18) -> 0
A19: 15 | B19: 46188 | D19: 0 | E19: 0 | F19: =F18+D19-E18 -> 0 | G19: 0 | H19: 0 | I19: =SUM(D19*$R$4) -> 0 | J19: =SUM(E19*$R$5) -> 0 | K19: =SUM(F19*$R$6) -> 0 | L19: =SUM(G19*$R$7) -> 0 | M19: =SUM(H19*$R$8) -> 0 | N19: =SUM(I19:M19) -> 0
A20: 16 | B20: 46189 | D20: 0 | E20: 0 | F20: =F19+D20-E19 -> 0 | G20: 0 | H20: 0 | I20: =SUM(D20*$R$4) -> 0 | J20: =SUM(E20*$R$5) -> 0 | K20: =SUM(F20*$R$6) -> 0 | L20: =SUM(G20*$R$7) -> 0 | M20: =SUM(H20*$R$8) -> 0 | N20: =SUM(I20:M20) -> 0
... A33: 29 | B33: 46202 | D33: 0 | E33: 0 | F33: =F32+D33-E32 -> 0 | G33: 0 | H33: 0 | I33: =SUM(D33*$R$4) -> 0 | J33: =SUM(E33*$R$5) -> 0 | K33: =SUM(F33*$R$6) -> 0 | L33: =SUM(G33*$R$7) -> 0 | M33: =SUM(H33*$R$8) -> 0 | N33: =SUM(I33:M33) -> 0
A34: 30 | B34: 46203 | D34: 0 | E34: 0 | F34: 715.5 | G34: 0 | H34: 0 | I34: =SUM(D34*$R$4) -> 0 | J34: =SUM(E34*$R$5) -> 0 | K34: =SUM(F34*$R$6) -> 12879 | L34: =SUM(G34*$R$7) -> 0 | M34: =SUM(H34*$R$8) -> 0 | N34: =SUM(I34:M34) -> 12879
A35: 31 | I35: =SUM(D35*$R$4) -> 0 | J35: =SUM(E35*$R$5) -> 0 | K35: =SUM(F35*$R$6) -> 0 | L35: =SUM(G35*$R$7) -> 0 | M35: =SUM(H35*$R$8) -> 0 | N35: =SUM(I35:M35) -> 0
D36: =SUM(D5:D35) -> 0 | E36: =SUM(E5:E35) -> 0 | F36: =SUM(F5:F35) -> 715.5 | G36: =SUM(G5:G35) -> 0 | H36: =SUM(H5:H35) -> 0 | I36: =SUM(I5:I35) -> 0 | J36: =SUM(J5:J35) -> 0 | K36: =SUM(K5:K35) -> 12879 | ... N36: =SUM(N5:N35) -> 12879
N37: =N36*1.22 -> 15712.38

Sheet Фармпласт Екатеринбург
A1: =N37 -> 0
A2: ="Отчет по хранению товара за " & TEXT(B5,"ММММ ГГГГ") -> Отчет по хранению товара за Июнь 2026 | I2: Екатеринбург
A3: № | B3: дата | D3: Выгрузка кол-во | E3: Загрузка кол-во | F3: Хранение | G3: переконсолидация (тонн) | H3: Паллетирование | I3: стоимость выгрузки | J3: стоимость загрузки | K3: стоимость хранения | L3: стоимость переконс. | M3: Стоимость паллетирования | N3: итого | Q3: Цены
Q4: Выгрузка | R4: 140
A5: 1 | B5: 46174 | F5: 0 | G5: 0 | H5: 0 | I5: =SUM(D5*$R$4) -> 0 | J5: =SUM(E5*$R$5) -> 0 | K5: =SUM(F5*$R$6) -> 0 | L5: =SUM(G5*$R$7) -> 0 | M5: =SUM(H5*$R$8) -> 0 | N5: =SUM(I5:M5) -> 0 | Q5: Загрузка | R5: 140
A6: 2 | B6: 46175 | F6: =F5+D6 -> 0 | G6: 0 | H6: 0 | I6: =SUM(D6*$R$4) -> 0 | J6: =SUM(E6*$R$5) -> 0 | K6: =SUM(F6*$R$6) -> 0 | L6: =SUM(G6*$R$7) -> 0 | M6: =SUM(H6*$R$8) -> 0 | N6: =SUM(I6:M6) -> 0 | Q6: Хранение | R6: 20
A7: 3 | B7: 46176 | F7: =F6+D7-E6 -> 0 | G7: 0 | H7: 0 | I7: =SUM(D7*$R$4) -> 0 | J7: =SUM(E7*$R$5) -> 0 | K7: =SUM(F7*$R$6) -> 0 | L7: =SUM(G7*$R$7) -> 0 | M7: =SUM(H7*$R$8) -> 0 | N7: =SUM(I7:M7) -> 0 | Q7: Переконсолидация | R7: 950
A8: 4 | B8: 46177 | F8: =F7+D8-E7 -> 0 | G8: 0 | H8: 0 | I8: =SUM(D8*$R$4) -> 0 | J8: =SUM(E8*$R$5) -> 0 | K8: =SUM(F8*$R$6) -> 0 | L8: =SUM(G8*$R$7) -> 0 | M8: =SUM(H8*$R$8) -> 0 | N8: =SUM(I8:M8) -> 0 | Q8: Паллетирование | R8: 120
A9: 5 | B9: 46178 | F9: =F8+D9-E8 -> 0 | G9: 0 | H9: 0 | I9: =SUM(D9*$R$4) -> 0 | J9: =SUM(E9*$R$5) -> 0 | K9: =SUM(F9*$R$6) -> 0 | L9: =SUM(G9*$R$7) -> 0 | M9: =SUM(H9*$R$8) -> 0 | N9: =SUM(I9:M9) -> 0
A10: 6 | B10: 46179 | F10: =F9+D10-E9 -> 0 | G10: 0 | H10: 0 | I10: =SUM(D10*$R$4) -> 0 | J10: =SUM(E10*$R$5) -> 0 | K10: =SUM(F10*$R$6) -> 0 | L10: =SUM(G10*$R$7) -> 0 | M10: =SUM(H10*$R$8) -> 0 | N10: =SUM(I10:M10) -> 0
A11: 7 | B11: 46180 | F11: =F10+D11-E10 -> 0 | G11: 0 | H11: 0 | I11: =SUM(D11*$R$4) -> 0 | J11: =SUM(E11*$R$5) -> 0 | K11: =SUM(F11*$R$6) -> 0 | L11: =SUM(G11*$R$7) -> 0 | M11: =SUM(H11*$R$8) -> 0 | N11: =SUM(I11:M11) -> 0
A12: 8 | B12: 46181 | F12: =F11+D12-E11 -> 0 | G12: 0 | H12: 0 | I12: =SUM(D12*$R$4) -> 0 | J12: =SUM(E12*$R$5) -> 0 | K12: =SUM(F12*$R$6) -> 0 | L12: =SUM(G12*$R$7) -> 0 | M12: =SUM(H12*$R$8) -> 0 | N12: =SUM(I12:M12) -> 0
A13: 9 | B13: 46182 | F13: =F12+D13-E12 -> 0 | G13: 0 | H13: 0 | I13: =SUM(D13*$R$4) -> 0 | J13: =SUM(E13*$R$5) -> 0 | K13: =SUM(F13*$R$6) -> 0 | L13: =SUM(G13*$R$7) -> 0 | M13: =SUM(H13*$R$8) -> 0 | N13: =SUM(I13:M13) -> 0
A14: 10 | B14: 46183 | F14: =F13+D14-E13 -> 0 | G14: 0 | H14: 0 | I14: =SUM(D14*$R$4) -> 0 | J14: =SUM(E14*$R$5) -> 0 | K14: =SUM(F14*$R$6) -> 0 | L14: =SUM(G14*$R$7) -> 0 | M14: =SUM(H14*$R$8) -> 0 | N14: =SUM(I14:M14) -> 0
A15: 11 | B15: 46184 | F15: =F14+D15-E14 -> 0 | G15: 0 | H15: 0 | I15: =SUM(D15*$R$4) -> 0 | J15: =SUM(E15*$R$5) -> 0 | K15: =SUM(F15*$R$6) -> 0 | L15: =SUM(G15*$R$7) -> 0 | M15: =SUM(H15*$R$8) -> 0 | N15: =SUM(I15:M15) -> 0
A16: 12 | B16: 46185 | F16: =F15+D16-E15 -> 0 | G16: 0 | H16: 0 | I16: =SUM(D16*$R$4) -> 0 | J16: =SUM(E16*$R$5) -> 0 | K16: =SUM(F16*$R$6) -> 0 | L16: =SUM(G16*$R$7) -> 0 | M16: =SUM(H16*$R$8) -> 0 | N16: =SUM(I16:M16) -> 0
A17: 13 | B17: 46186 | F17: =F16+D17-E16 -> 0 | G17: 0 | H17: 0 | I17: =SUM(D17*$R$4) -> 0 | J17: =SUM(E17*$R$5) -> 0 | K17: =SUM(F17*$R$6) -> 0 | L17: =SUM(G17*$R$7) -> 0 | M17: =SUM(H17*$R$8) -> 0 | N17: =SUM(I17:M17) -> 0
A18: 14 | B18: 46187 | F18: =F17+D18-E17 -> 0 | G18: 0 | H18: 0 | I18: =SUM(D18*$R$4) -> 0 | J18: =SUM(E18*$R$5) -> 0 | K18: =SUM(F18*$R$6) -> 0 | L18: =SUM(G18*$R$7) -> 0 | M18: =SUM(H18*$R$8) -> 0 | N18: =SUM(I18:M18) -> 0
A19: 15 | B19: 46188 | F19: =F18+D19-E18 -> 0 | G19: 0 | H19: 0 | I19: =SUM(D19*$R$4) -> 0 | J19: =SUM(E19*$R$5) -> 0 | K19: =SUM(F19*$R$6) -> 0 | L19: =SUM(G19*$R$7) -> 0 | M19: =SUM(H19*$R$8) -> 0 | N19: =SUM(I19:M19) -> 0
A20: 16 | B20: 46189 | F20: =F19+D20-E19 -> 0 | G20: 0 | H20: 0 | I20: =SUM(D20*$R$4) -> 0 | J20: =SUM(E20*$R$5) -> 0 | K20: =SUM(F20*$R$6) -> 0 | L20: =SUM(G20*$R$7) -> 0 | M20: =SUM(H20*$R$8) -> 0 | N20: =SUM(I20:M20) -> 0
... A30: 26 | B30: 46199 | F30: =F29+D30-E29 -> 0 | G30: 0 | H30: 0 | I30: =SUM(D30*$R$4) -> 0 | J30: =SUM(E30*$R$5) -> 0 | K30: =SUM(F30*$R$6) -> 0 | L30: =SUM(G30*$R$7) -> 0 | M30: =SUM(H30*$R$8) -> 0 | N30: =SUM(I30:M30) -> 0
A31: 27 | B31: 46200 | F31: 0 | G31: 0 | H31: 0 | I31: =SUM(D31*$R$4) -> 0 | J31: =SUM(E31*$R$5) -> 0 | K31: =SUM(F31*$R$6) -> 0 | L31: =SUM(G31*$R$7) -> 0 | M31: =SUM(H31*$R$8) -> 0 | N31: =SUM(I31:M31) -> 0
A32: 28 | B32: 46201 | F32: =F31+D32-E31 -> 0 | G32: 0 | H32: 0 | I32: =SUM(D32*$R$4) -> 0 | J32: =SUM(E32*$R$5) -> 0 | K32: =SUM(F32*$R$6) -> 0 | L32: =SUM(G32*$R$7) -> 0 | M32: =SUM(H32*$R$8) -> 0 | N32: =SUM(I32:M32) -> 0
A33: 29 | B33: 46202 | F33: =F32+D33-E32 -> 0 | G33: 0 | H33: 0 | I33: =SUM(D33*$R$4) -> 0 | J33: =SUM(E33*$R$5) -> 0 | K33: =SUM(F33*$R$6) -> 0 | L33: =SUM(G33*$R$7) -> 0 | M33: =SUM(H33*$R$8) -> 0 | N33: =SUM(I33:M33) -> 0
A34: 30 | B34: 46203 | F34: =F33+D34-E33 -> 0 | G34: 0 | H34: 0 | I34: =SUM(D34*$R$4) -> 0 | J34: =SUM(E34*$R$5) -> 0 | K34: =SUM(F34*$R$6) -> 0 | L34: =SUM(G34*$R$7) -> 0 | M34: =SUM(H34*$R$8) -> 0 | N34: =SUM(I34:M34) -> 0
A35: 31 | G35: 0 | H35: 0 | I35: =SUM(D35*$R$4) -> 0 | J35: =SUM(E35*$R$5) -> 0 | K35: =SUM(F35*$R$6) -> 0 | L35: =SUM(G35*$R$7) -> 0 | M35: =SUM(H35*$R$8) -> 0 | N35: =SUM(I35:M35) -> 0
D36: =SUM(D5:D35) -> 0 | E36: =SUM(E5:E35) -> 0 | F36: =SUM(F5:F35) -> 0 | G36: =SUM(G5:G35) -> 0 | H36: =SUM(H5:H35) -> 0 | I36: =SUM(I5:I35) -> 0 | J36: =SUM(J5:J35) -> 0 | K36: =SUM(K5:K35) -> 0 | ... N36: =SUM(N5:N35) -> 0
N37: =N36*1.22 -> 0

Sheet Литейные решения
A1: =R36 -> 85642
B2: Отчет по хранению товара за Июнь
A3: № | B3: дата | D3: Выгрузка кол-во паллет | E3: Загрузка кол-во паллет | F3: Ручная загрузка | G3: Ручная выгрузка | H3: Хранение | I3: предоставление паллеты | J3: Фильмаж (паллет) | K3: стоимость выгрузки | L3: стоимость загрузки | M3: Стоимость ручной загрузки | N3: Стоимость ручной выгрузки | O3: стоимость хранения | P3: Стоимость предоставления паллета | Q3: стоимость услуги фильмаж | R3: итого
H4: (кол-во паллет)
A5: 1 | B5: 46174 | H5: 36 | K5: =SUM(D5*171) -> 0 | L5: =SUM(E5*171) -> 0 | M5: =F5*1018 -> 0 | N5: =G5*1018 -> 0 | O5: =SUM(H5*22) -> 792 | P5: =I5*509 -> 0 | Q5: =SUM(J5)*610 -> 0 | R5: =SUM(K5:Q5) -> 792
A6: 2 | B6: 46175 | E6: 1 | H6: =H5+D6-E5 -> 36 | K6: =SUM(D6*171) -> 0 | L6: =SUM(E6*171) -> 171 | M6: =F6*1018 -> 0 | N6: =G6*1018 -> 0 | O6: =SUM(H6*22) -> 792 | P6: =I6*509 -> 0 | Q6: =SUM(J6)*610 -> 0 | R6: =SUM(K6:Q6) -> 963
A7: 3 | B7: 46176 | E7: 4 | H7: =H6+D7-E6 -> 35 | K7: =SUM(D7*171) -> 0 | L7: =SUM(E7*171) -> 684 | M7: =F7*1018 -> 0 | N7: =G7*1018 -> 0 | O7: =SUM(H7*22) -> 770 | P7: =I7*509 -> 0 | Q7: =SUM(J7)*610 -> 0 | R7: =SUM(K7:Q7) -> 1454
A8: 4 | B8: 46177 | H8: =H7+D8-E7 -> 31 | K8: =SUM(D8*171) -> 0 | L8: =SUM(E8*171) -> 0 | M8: =F8*1018 -> 0 | N8: =G8*1018 -> 0 | O8: =SUM(H8*22) -> 682 | P8: =I8*509 -> 0 | Q8: =SUM(J8)*610 -> 0 | R8: =SUM(K8:Q8) -> 682
A9: 5 | B9: 46178 | H9: =H8+D9-E8 -> 31 | K9: =SUM(D9*171) -> 0 | L9: =SUM(E9*171) -> 0 | M9: =F9*1018 -> 0 | N9: =G9*1018 -> 0 | O9: =SUM(H9*22) -> 682 | P9: =I9*509 -> 0 | Q9: =SUM(J9)*610 -> 0 | R9: =SUM(K9:Q9) -> 682
A10: 6 | B10: 46179 | H10: =H9+D10-E9 -> 31 | K10: =SUM(D10*171) -> 0 | L10: =SUM(E10*171) -> 0 | M10: =F10*1018 -> 0 | N10: =G10*1018 -> 0 | O10: =SUM(H10*22) -> 682 | P10: =I10*509 -> 0 | Q10: =SUM(J10)*610 -> 0 | R10: =SUM(K10:Q10) -> 682
A11: 7 | B11: 46180 | H11: =H10+D11-E10 -> 31 | K11: =SUM(D11*171) -> 0 | L11: =SUM(E11*171) -> 0 | M11: =F11*1018 -> 0 | N11: =G11*1018 -> 0 | O11: =SUM(H11*22) -> 682 | P11: =I11*509 -> 0 | Q11: =SUM(J11)*610 -> 0 | R11: =SUM(K11:Q11) -> 682
A12: 8 | B12: 46181 | D12: 20 | H12: =H11+D12-E11 -> 51 | K12: =SUM(D12*171) -> 3420 | L12: =SUM(E12*171) -> 0 | M12: =F12*1018 -> 0 | N12: =G12*1018 -> 0 | O12: =SUM(H12*22) -> 1122 | P12: =I12*509 -> 0 | Q12: =SUM(J12)*610 -> 0 | R12: =SUM(K12:Q12) -> 4542
A13: 9 | B13: 46182 | H13: =H12+D13-E12 -> 51 | K13: =SUM(D13*171) -> 0 | L13: =SUM(E13*171) -> 0 | M13: =F13*1018 -> 0 | N13: =G13*1018 -> 0 | O13: =SUM(H13*22) -> 1122 | P13: =I13*509 -> 0 | Q13: =SUM(J13)*610 -> 0 | R13: =SUM(K13:Q13) -> 1122
A14: 10 | B14: 46183 | H14: =H13+D14-E13 -> 51 | K14: =SUM(D14*171) -> 0 | L14: =SUM(E14*171) -> 0 | M14: =F14*1018 -> 0 | N14: =G14*1018 -> 0 | O14: =SUM(H14*22) -> 1122 | P14: =I14*509 -> 0 | Q14: =SUM(J14)*610 -> 0 | R14: =SUM(K14:Q14) -> 1122
A15: 11 | B15: 46184 | H15: =H14+D15-E14 -> 51 | K15: =SUM(D15*171) -> 0 | L15: =SUM(E15*171) -> 0 | M15: =F15*1018 -> 0 | N15: =G15*1018 -> 0 | O15: =SUM(H15*22) -> 1122 | P15: =I15*509 -> 0 | Q15: =SUM(J15)*610 -> 0 | R15: =SUM(K15:Q15) -> 1122
A16: 12 | B16: 46185 | H16: =H15+D16-E15 -> 51 | K16: =SUM(D16*171) -> 0 | L16: =SUM(E16*171) -> 0 | M16: =F16*1018 -> 0 | N16: =G16*1018 -> 0 | O16: =SUM(H16*22) -> 1122 | P16: =I16*509 -> 0 | Q16: =SUM(J16)*610 -> 0 | R16: =SUM(K16:Q16) -> 1122
A17: 13 | B17: 46186 | H17: =H16+D17-E16 -> 51 | K17: =SUM(D17*171) -> 0 | L17: =SUM(E17*171) -> 0 | M17: =F17*1018 -> 0 | N17: =G17*1018 -> 0 | O17: =SUM(H17*22) -> 1122 | P17: =I17*509 -> 0 | Q17: =SUM(J17)*610 -> 0 | R17: =SUM(K17:Q17) -> 1122
A18: 14 | B18: 46187 | D18: 52 | H18: =H17+D18-E17 -> 103 | K18: =SUM(D18*171) -> 8892 | L18: =SUM(E18*171) -> 0 | M18: =F18*1018 -> 0 | N18: =G18*1018 -> 0 | O18: =SUM(H18*22) -> 2266 | P18: =I18*509 -> 0 | Q18: =SUM(J18)*610 -> 0 | R18: =SUM(K18:Q18) -> 11158
A19: 15 | B19: 46188 | D19: 26 | H19: =H18+D19-E18 -> 129 | K19: =SUM(D19*171) -> 4446 | L19: =SUM(E19*171) -> 0 | M19: =F19*1018 -> 0 | N19: =G19*1018 -> 0 | O19: =SUM(H19*22) -> 2838 | P19: =I19*509 -> 0 | Q19: =SUM(J19)*610 -> 0 | R19: =SUM(K19:Q19) -> 7284
A20: 16 | B20: 46189 | E20: 6 | H20: =H19+D20-E19 -> 129 | K20: =SUM(D20*171) -> 0 | L20: =SUM(E20*171) -> 1026 | M20: =F20*1018 -> 0 | N20: =G20*1018 -> 0 | O20: =SUM(H20*22) -> 2838 | P20: =I20*509 -> 0 | Q20: =SUM(J20)*610 -> 0 | R20: =SUM(K20:Q20) -> 3864
A21: 17 | B21: 46190 | E21: 15 | H21: =H20+D21-E20 -> 123 | K21: =SUM(D21*171) -> 0 | L21: =SUM(E21*171) -> 2565 | M21: =F21*1018 -> 0 | N21: =G21*1018 -> 0 | O21: =SUM(H21*22) -> 2706 | P21: =I21*509 -> 0 | Q21: =SUM(J21)*610 -> 0 | R21: =SUM(K21:Q21) -> 5271
A22: 18 | B22: 46191 | E22: 2 | H22: =H21+D22-E21 -> 108 | K22: =SUM(D22*171) -> 0 | L22: =SUM(E22*171) -> 342 | M22: =F22*1018 -> 0 | N22: =G22*1018 -> 0 | O22: =SUM(H22*22) -> 2376 | P22: =I22*509 -> 0 | Q22: =SUM(J22)*610 -> 0 | R22: =SUM(K22:Q22) -> 2718
A23: 19 | B23: 46192 | H23: =H22+D23-E22 -> 106 | K23: =SUM(D23*171) -> 0 | L23: =SUM(E23*171) -> 0 | M23: =F23*1018 -> 0 | N23: =G23*1018 -> 0 | O23: =SUM(H23*22) -> 2332 | P23: =I23*509 -> 0 | Q23: =SUM(J23)*610 -> 0 | R23: =SUM(K23:Q23) -> 2332
A24: 20 | B24: 46193 | H24: =H23+D24-E23 -> 106 | K24: =SUM(D24*171) -> 0 | L24: =SUM(E24*171) -> 0 | M24: =F24*1018 -> 0 | N24: =G24*1018 -> 0 | O24: =SUM(H24*22) -> 2332 | P24: =I24*509 -> 0 | Q24: =SUM(J24)*610 -> 0 | R24: =SUM(K24:Q24) -> 2332
A25: 21 | B25: 46194 | H25: =H24+D25-E24 -> 106 | K25: =SUM(D25*171) -> 0 | L25: =SUM(E25*171) -> 0 | M25: =F25*1018 -> 0 | N25: =G25*1018 -> 0 | O25: =SUM(H25*22) -> 2332 | P25: =I25*509 -> 0 | Q25: =SUM(J25)*610 -> 0 | R25: =SUM(K25:Q25) -> 2332
A26: 22 | B26: 46195 | E26: 2 | H26: =H25+D26-E25 -> 106 | K26: =SUM(D26*171) -> 0 | L26: =SUM(E26*171) -> 342 | M26: =F26*1018 -> 0 | N26: =G26*1018 -> 0 | O26: =SUM(H26*22) -> 2332 | P26: =I26*509 -> 0 | Q26: =SUM(J26)*610 -> 0 | R26: =SUM(K26:Q26) -> 2674
A27: 23 | B27: 46196 | E27: 10 | H27: =H26+D27-E26 -> 104 | K27: =SUM(D27*171) -> 0 | L27: =SUM(E27*171) -> 1710 | M27: =F27*1018 -> 0 | N27: =G27*1018 -> 0 | O27: =SUM(H27*22) -> 2288 | P27: =I27*509 -> 0 | Q27: =SUM(J27)*610 -> 0 | R27: =SUM(K27:Q27) -> 3998
A28: 24 | B28: 46197 | E28: 3 | H28: =H27+D28-E27 -> 94 | K28: =SUM(D28*171) -> 0 | L28: =SUM(E28*171) -> 513 | M28: =F28*1018 -> 0 | N28: =G28*1018 -> 0 | O28: =SUM(H28*22) -> 2068 | P28: =I28*509 -> 0 | Q28: =SUM(J28)*610 -> 0 | R28: =SUM(K28:Q28) -> 2581
A29: 25 | B29: 46198 | H29: =H28+D29-E28 -> 91 | K29: =SUM(D29*171) -> 0 | L29: =SUM(E29*171) -> 0 | M29: =F29*1018 -> 0 | N29: =G29*1018 -> 0 | O29: =SUM(H29*22) -> 2002 | P29: =I29*509 -> 0 | Q29: =SUM(J29)*610 -> 0 | R29: =SUM(K29:Q29) -> 2002
A30: 26 | B30: 46199 | H30: =H29+D30-E29 -> 91 | K30: =SUM(D30*171) -> 0 | L30: =SUM(E30*171) -> 0 | M30: =F30*1018 -> 0 | N30: =G30*1018 -> 0 | O30: =SUM(H30*22) -> 2002 | P30: =I30*509 -> 0 | Q30: =SUM(J30)*610 -> 0 | R30: =SUM(K30:Q30) -> 2002
A31: 27 | B31: 46200 | E31: 4 | H31: =H30+D31-E30 -> 91 | K31: =SUM(D31*171) -> 0 | L31: =SUM(E31*171) -> 684 | M31: =F31*1018 -> 0 | N31: =G31*1018 -> 0 | O31: =SUM(H31*22) -> 2002 | P31: =I31*509 -> 0 | Q31: =SUM(J31)*610 -> 0 | R31: =SUM(K31:Q31) -> 2686
A32: 28 | B32: 46201 | D32: 44 | H32: =H31+D32-E31 -> 131 | K32: =SUM(D32*171) -> 7524 | L32: =SUM(E32*171) -> 0 | M32: =F32*1018 -> 0 | N32: =G32*1018 -> 0 | O32: =SUM(H32*22) -> 2882 | P32: =I32*509 -> 0 | Q32: =SUM(J32)*610 -> 0 | R32: =SUM(K32:Q32) -> 10406
A33: 29 | B33: 46202 | H33: =H32+D33-E32 -> 131 | K33: =SUM(D33*171) -> 0 | L33: =SUM(E33*171) -> 0 | M33: =F33*1018 -> 0 | N33: =G33*1018 -> 0 | O33: =SUM(H33*22) -> 2882 | P33: =I33*509 -> 0 | Q33: =SUM(J33)*610 -> 0 | R33: =SUM(K33:Q33) -> 2882
A34: 30 | B34: 46203 | E34: 1 | H34: 130 | K34: =SUM(D34*171) -> 0 | L34: =SUM(E34*171) -> 171 | M34: =F34*1018 -> 0 | N34: =G34*1018 -> 0 | O34: =SUM(H34*22) -> 2860 | P34: =I34*509 -> 0 | Q34: =SUM(J34)*610 -> 0 | R34: =SUM(K34:Q34) -> 3031
A35: 31 | K35: =SUM(D35*171) -> 0 | L35: =SUM(E35*171) -> 0 | M35: =F35*1018 -> 0 | N35: =G35*1018 -> 0 | O35: =SUM(H35*22) -> 0 | P35: =I35*509 -> 0 | Q35: =SUM(J35)*610 -> 0 | R35: =SUM(K35:Q35) -> 0
D36: =SUM(D5:D35) -> 142 | E36: =SUM(E5:E35) -> 48 | F36: =SUM(F5:F35) -> 0 | H36: =SUM(H5:H35) -> 2416 | K36: =SUM(K5:K35) -> 24282 | L36: =SUM(L5:L35) -> 8208 | M36: =SUM(M5:M35) -> 0 | N36: =SUM(N5:N35) -> 0 | O36: =SUM(O5:O35) -> 53152 | P36: =SUM(P5:P35) -> 0 | Q36: =SUM(Q5:Q35) -> 0 | R36: =SUM(R5:R35) -> 85642

Sheet ЛС-Техномет
A1: =R36 -> 3511.2
B2: Отчет по хранению товара за Июнь
A3: № | B3: дата | D3: Выгрузка кол-во паллет | E3: Загрузка кол-во паллет | F3: Ручная загрузка | G3: Ручная выгрузка | H3: Хранение | I3: предоставление паллеты | J3: Фильмаж (паллет) | K3: стоимость выгрузки | L3: стоимость загрузки | M3: Стоимость ручной загрузки | N3: Стоимость ручной выгрузки | O3: стоимость хранения | P3: Стоимость предоставления паллета | Q3: стоимость услуги фильмаж | R3: итого
H4: (кол-во паллет)
A5: 1 | B5: 46174 | H5: 6 | K5: =SUM(D5*168) -> 0 | L5: =SUM(E5*168) -> 0 | M5: =F5*1000 -> 0 | N5: =G5*1000 -> 0 | O5: =SUM(H5*21.6) -> 129.6 | P5: =I5*500 -> 0 | Q5: =SUM(J5)*600 -> 0 | R5: =SUM(K5:Q5) -> 129.6
A6: 2 | B6: 46175 | H6: 6 | K6: =SUM(D6*168) -> 0 | L6: =SUM(E6*168) -> 0 | M6: =F6*1000 -> 0 | N6: =G6*1000 -> 0 | O6: =SUM(H6*21.6) -> 129.6 | P6: =I6*500 -> 0 | Q6: =SUM(J6)*600 -> 0 | R6: =SUM(K6:Q6) -> 129.6
A7: 3 | B7: 46176 | E7: 1 | H7: 6 | K7: =SUM(D7*168) -> 0 | L7: =SUM(E7*168) -> 168 | M7: =F7*1000 -> 0 | N7: =G7*1000 -> 0 | O7: =SUM(H7*21.6) -> 129.6 | P7: =I7*500 -> 0 | Q7: =SUM(J7)*600 -> 0 | R7: =SUM(K7:Q7) -> 297.6
A8: 4 | B8: 46177 | H8: 5 | K8: =SUM(D8*168) -> 0 | L8: =SUM(E8*168) -> 0 | M8: =F8*1000 -> 0 | N8: =G8*1000 -> 0 | O8: =SUM(H8*21.6) -> 108 | P8: =I8*500 -> 0 | Q8: =SUM(J8)*600 -> 0 | R8: =SUM(K8:Q8) -> 108
A9: 5 | B9: 46178 | H9: 5 | K9: =SUM(D9*168) -> 0 | L9: =SUM(E9*168) -> 0 | M9: =F9*1000 -> 0 | N9: =G9*1000 -> 0 | O9: =SUM(H9*21.6) -> 108 | P9: =I9*500 -> 0 | Q9: =SUM(J9)*600 -> 0 | R9: =SUM(K9:Q9) -> 108
A10: 6 | B10: 46179 | H10: 5 | K10: =SUM(D10*168) -> 0 | L10: =SUM(E10*168) -> 0 | M10: =F10*1000 -> 0 | N10: =G10*1000 -> 0 | O10: =SUM(H10*21.6) -> 108 | P10: =I10*500 -> 0 | Q10: =SUM(J10)*600 -> 0 | R10: =SUM(K10:Q10) -> 108
A11: 7 | B11: 46180 | H11: 5 | K11: =SUM(D11*168) -> 0 | L11: =SUM(E11*168) -> 0 | M11: =F11*1000 -> 0 | N11: =G11*1000 -> 0 | O11: =SUM(H11*21.6) -> 108 | P11: =I11*500 -> 0 | Q11: =SUM(J11)*600 -> 0 | R11: =SUM(K11:Q11) -> 108
A12: 8 | B12: 46181 | H12: 5 | K12: =SUM(D12*168) -> 0 | L12: =SUM(E12*168) -> 0 | M12: =F12*1000 -> 0 | N12: =G12*1000 -> 0 | O12: =SUM(H12*21.6) -> 108 | P12: =I12*500 -> 0 | Q12: =SUM(J12)*600 -> 0 | R12: =SUM(K12:Q12) -> 108
A13: 9 | B13: 46182 | H13: 5 | K13: =SUM(D13*168) -> 0 | L13: =SUM(E13*168) -> 0 | M13: =F13*1000 -> 0 | N13: =G13*1000 -> 0 | O13: =SUM(H13*21.6) -> 108 | P13: =I13*500 -> 0 | Q13: =SUM(J13)*600 -> 0 | R13: =SUM(K13:Q13) -> 108
A14: 10 | B14: 46183 | H14: 5 | K14: =SUM(D14*168) -> 0 | L14: =SUM(E14*168) -> 0 | M14: =F14*1000 -> 0 | N14: =G14*1000 -> 0 | O14: =SUM(H14*21.6) -> 108 | P14: =I14*500 -> 0 | Q14: =SUM(J14)*600 -> 0 | R14: =SUM(K14:Q14) -> 108
A15: 11 | B15: 46184 | H15: 5 | K15: =SUM(D15*168) -> 0 | L15: =SUM(E15*168) -> 0 | M15: =F15*1000 -> 0 | N15: =G15*1000 -> 0 | O15: =SUM(H15*21.6) -> 108 | P15: =I15*500 -> 0 | Q15: =SUM(J15)*600 -> 0 | R15: =SUM(K15:Q15) -> 108
A16: 12 | B16: 46185 | H16: 5 | K16: =SUM(D16*168) -> 0 | L16: =SUM(E16*168) -> 0 | M16: =F16*1000 -> 0 | N16: =G16*1000 -> 0 | O16: =SUM(H16*21.6) -> 108 | P16: =I16*500 -> 0 | Q16: =SUM(J16)*600 -> 0 | R16: =SUM(K16:Q16) -> 108
A17: 13 | B17: 46186 | H17: 5 | K17: =SUM(D17*168) -> 0 | L17: =SUM(E17*168) -> 0 | M17: =F17*1000 -> 0 | N17: =G17*1000 -> 0 | O17: =SUM(H17*21.6) -> 108 | P17: =I17*500 -> 0 | Q17: =SUM(J17)*600 -> 0 | R17: =SUM(K17:Q17) -> 108
A18: 14 | B18: 46187 | H18: 5 | K18: =SUM(D18*168) -> 0 | L18: =SUM(E18*168) -> 0 | M18: =F18*1000 -> 0 | N18: =G18*1000 -> 0 | O18: =SUM(H18*21.6) -> 108 | P18: =I18*500 -> 0 | Q18: =SUM(J18)*600 -> 0 | R18: =SUM(K18:Q18) -> 108
A19: 15 | B19: 46188 | H19: 5 | K19: =SUM(D19*168) -> 0 | L19: =SUM(E19*168) -> 0 | M19: =F19*1000 -> 0 | N19: =G19*1000 -> 0 | O19: =SUM(H19*21.6) -> 108 | P19: =I19*500 -> 0 | Q19: =SUM(J19)*600 -> 0 | R19: =SUM(K19:Q19) -> 108
... A27: 23 | B27: 46196 | H27: 5 | K27: =SUM(D27*168) -> 0 | L27: =SUM(E27*168) -> 0 | M27: =F27*1000 -> 0 | N27: =G27*1000 -> 0 | O27: =SUM(H27*21.6) -> 108 | P27: =I27*500 -> 0 | Q27: =SUM(J27)*600 -> 0 | R27: =SUM(K27:Q27) -> 108
A28: 24 | B28: 46197 | E28: 1 | H28: 5 | K28: =SUM(D28*168) -> 0 | L28: =SUM(E28*168) -> 168 | M28: =F28*1000 -> 0 | N28: =G28*1000 -> 0 | O28: =SUM(H28*21.6) -> 108 | P28: =I28*500 -> 0 | Q28: =SUM(J28)*600 -> 0 | R28: =SUM(K28:Q28) -> 276
A29: 25 | B29: 46198 | H29: 4 | K29: =SUM(D29*168) -> 0 | L29: =SUM(E29*168) -> 0 | M29: =F29*1000 -> 0 | N29: =G29*1000 -> 0 | O29: =SUM(H29*21.6) -> 86.4 | P29: =I29*500 -> 0 | Q29: =SUM(J29)*600 -> 0 | R29: =SUM(K29:Q29) -> 86.4
A30: 26 | B30: 46199 | H30: 4 | K30: =SUM(D30*168) -> 0 | L30: =SUM(E30*168) -> 0 | M30: =F30*1000 -> 0 | N30: =G30*1000 -> 0 | O30: =SUM(H30*21.6) -> 86.4 | P30: =I30*500 -> 0 | Q30: =SUM(J30)*600 -> 0 | R30: =SUM(K30:Q30) -> 86.4
A31: 27 | B31: 46200 | H31: 4 | K31: =SUM(D31*168) -> 0 | L31: =SUM(E31*168) -> 0 | M31: =F31*1000 -> 0 | N31: =G31*1000 -> 0 | O31: =SUM(H31*21.6) -> 86.4 | P31: =I31*500 -> 0 | Q31: =SUM(J31)*600 -> 0 | R31: =SUM(K31:Q31) -> 86.4
A32: 28 | B32: 46201 | H32: 4 | K32: =SUM(D32*168) -> 0 | L32: =SUM(E32*168) -> 0 | M32: =F32*1000 -> 0 | N32: =G32*1000 -> 0 | O32: =SUM(H32*21.6) -> 86.4 | P32: =I32*500 -> 0 | Q32: =SUM(J32)*600 -> 0 | R32: =SUM(K32:Q32) -> 86.4
A33: 29 | B33: 46202 | H33: 4 | K33: =SUM(D33*168) -> 0 | L33: =SUM(E33*168) -> 0 | M33: =F33*1000 -> 0 | N33: =G33*1000 -> 0 | O33: =SUM(H33*21.6) -> 86.4 | P33: =I33*500 -> 0 | Q33: =SUM(J33)*600 -> 0 | R33: =SUM(K33:Q33) -> 86.4
A34: 30 | B34: 46203 | H34: 4 | K34: =SUM(D34*168) -> 0 | L34: =SUM(E34*168) -> 0 | M34: =F34*1000 -> 0 | N34: =G34*1000 -> 0 | O34: =SUM(H34*21.6) -> 86.4 | P34: =I34*500 -> 0 | Q34: =SUM(J34)*600 -> 0 | R34: =SUM(K34:Q34) -> 86.4
K35: =SUM(D35*168) -> 0 | L35: =SUM(E35*168) -> 0 | M35: =F35*1000 -> 0 | N35: =G35*1000 -> 0 | O35: =SUM(H35*21.6) -> 0 | P35: =I35*500 -> 0 | Q35: =SUM(J35)*600 -> 0 | R35: =SUM(K35:Q35) -> 0
D36: =SUM(D5:D35) -> 0 | E36: =SUM(E5:E35) -> 2 | F36: =SUM(F5:F35) -> 0 | H36: =SUM(H5:H35) -> 147 | K36: =SUM(K5:K35) -> 0 | L36: =SUM(L5:L35) -> 336 | M36: =SUM(M5:M35) -> 0 | N36: =SUM(N5:N35) -> 0 | O36: =SUM(O5:O35) -> 3175.2 | P36: =SUM(P5:P35) -> 0 | Q36: =SUM(Q5:Q35) -> 0 | R36: =SUM(R5:R35) -> 3511.2

Sheet Сандекс
A1: =S39 -> 18700.8
A4: Отчет "Сандекс" Июнь 2025 | L4: Стоимость
A5: дата | C5: Выгрузка паллет | D5: Выгрузка короб | E5: Загрузка паллет | F5: Загрузка короб | G5: Наборка короб | J5: Палетирование | K5: Хранение | L5: Выгрузка палллет | M5: Выгрузка короб | N5: Загрузка паллет | O5: Загрузка короб | P5: Наборка | Q5: Паллетирование | R5: Хранение | S5: итого
K6: 32
A7: 46174 | E7: 4 | J7: 0 | K7: 32 | L7: =C7*168 -> 0 | M7: =D7*4 -> 0 | N7: =E7*168 -> 672 | O7: =F7*4 -> 0 | P7: =G7*4 -> 0 | Q7: =J7*600 -> 0 | R7: =K7*21.6 -> 691.2 | S7: =SUM(L7:R7) -> 1363.2
A8: 46175 | J8: 0 | K8: 28 | L8: =C8*168 -> 0 | M8: =D8*4 -> 0 | N8: =E8*168 -> 0 | O8: =F8*4 -> 0 | P8: =G8*4 -> 0 | Q8: =J8*600 -> 0 | R8: =K8*21.6 -> 604.8 | S8: =SUM(L8:R8) -> 604.8
A9: 46176 | J9: 0 | K9: 28 | L9: =C9*168 -> 0 | M9: =D9*4 -> 0 | N9: =E9*168 -> 0 | O9: =F9*4 -> 0 | P9: =G9*4 -> 0 | Q9: =J9*600 -> 0 | R9: =K9*21.6 -> 604.8 | S9: =SUM(L9:R9) -> 604.8
A10: 46177 | J10: 0 | K10: 28 | L10: =C10*168 -> 0 | M10: =D10*4 -> 0 | N10: =E10*168 -> 0 | O10: =F10*4 -> 0 | P10: =G10*4 -> 0 | Q10: =J10*600 -> 0 | R10: =K10*21.6 -> 604.8 | S10: =SUM(L10:R10) -> 604.8
A11: 46178 | J11: 0 | K11: 28 | L11: =C11*168 -> 0 | M11: =D11*4 -> 0 | N11: =E11*168 -> 0 | O11: =F11*4 -> 0 | P11: =G11*4 -> 0 | Q11: =J11*600 -> 0 | R11: =K11*21.6 -> 604.8 | S11: =SUM(L11:R11) -> 604.8
A12: 46179 | J12: 0 | K12: 28 | L12: =C12*168 -> 0 | M12: =D12*4 -> 0 | N12: =E12*168 -> 0 | O12: =F12*4 -> 0 | P12: =G12*4 -> 0 | Q12: =J12*600 -> 0 | R12: =K12*21.6 -> 604.8 | S12: =SUM(L12:R12) -> 604.8
A13: 46180 | J13: 0 | K13: 28 | L13: =C13*168 -> 0 | M13: =D13*4 -> 0 | N13: =E13*168 -> 0 | O13: =F13*4 -> 0 | P13: =G13*4 -> 0 | Q13: =J13*600 -> 0 | R13: =K13*21.6 -> 604.8 | S13: =SUM(L13:R13) -> 604.8
A14: 46181 | J14: 0 | K14: 28 | L14: =C14*168 -> 0 | M14: =D14*4 -> 0 | N14: =E14*168 -> 0 | O14: =F14*4 -> 0 | P14: =G14*4 -> 0 | Q14: =J14*600 -> 0 | R14: =K14*21.6 -> 604.8 | S14: =SUM(L14:R14) -> 604.8
A15: 46182 | E15: 4 | J15: 0 | K15: 28 | L15: =C15*168 -> 0 | M15: =D15*4 -> 0 | N15: =E15*168 -> 672 | O15: =F15*4 -> 0 | P15: =G15*4 -> 0 | Q15: =J15*600 -> 0 | R15: =K15*21.6 -> 604.8 | S15: =SUM(L15:R15) -> 1276.8
A16: 46183 | J16: 0 | K16: 24 | L16: =C16*168 -> 0 | M16: =D16*4 -> 0 | N16: =E16*168 -> 0 | O16: =F16*4 -> 0 | P16: =G16*4 -> 0 | Q16: =J16*600 -> 0 | R16: =K16*21.6 -> 518.4 | S16: =SUM(L16:R16) -> 518.4
A17: 46184 | J17: 0 | K17: 24 | L17: =C17*168 -> 0 | M17: =D17*4 -> 0 | N17: =E17*168 -> 0 | O17: =F17*4 -> 0 | P17: =G17*4 -> 0 | Q17: =J17*600 -> 0 | R17: =K17*21.6 -> 518.4 | S17: =SUM(L17:R17) -> 518.4
A18: 46185 | J18: 0 | K18: 24 | L18: =C18*168 -> 0 | M18: =D18*4 -> 0 | N18: =E18*168 -> 0 | O18: =F18*4 -> 0 | P18: =G18*4 -> 0 | Q18: =J18*600 -> 0 | R18: =K18*21.6 -> 518.4 | S18: =SUM(L18:R18) -> 518.4
A19: 46186 | J19: 0 | K19: 24 | L19: =C19*168 -> 0 | M19: =D19*4 -> 0 | N19: =E19*168 -> 0 | O19: =F19*4 -> 0 | P19: =G19*4 -> 0 | Q19: =J19*600 -> 0 | R19: =K19*21.6 -> 518.4 | S19: =SUM(L19:R19) -> 518.4
A20: 46187 | J20: 0 | K20: 24 | L20: =C20*168 -> 0 | M20: =D20*4 -> 0 | N20: =E20*168 -> 0 | O20: =F20*4 -> 0 | P20: =G20*4 -> 0 | Q20: =J20*600 -> 0 | R20: =K20*21.6 -> 518.4 | S20: =SUM(L20:R20) -> 518.4
A21: 46188 | J21: 0 | K21: 24 | L21: =C21*168 -> 0 | M21: =D21*4 -> 0 | N21: =E21*168 -> 0 | O21: =F21*4 -> 0 | P21: =G21*4 -> 0 | Q21: =J21*600 -> 0 | R21: =K21*21.6 -> 518.4 | S21: =SUM(L21:R21) -> 518.4
A22: 46189 | J22: 0 | K22: 24 | L22: =C22*168 -> 0 | M22: =D22*4 -> 0 | N22: =E22*168 -> 0 | O22: =F22*4 -> 0 | P22: =G22*4 -> 0 | Q22: =J22*600 -> 0 | R22: =K22*21.6 -> 518.4 | S22: =SUM(L22:R22) -> 518.4
A23: 46190 | C23: 2 | J23: 0 | K23: 26 | L23: =C23*168 -> 336 | M23: =D23*4 -> 0 | N23: =E23*168 -> 0 | O23: =F23*4 -> 0 | P23: =G23*4 -> 0 | Q23: =J23*600 -> 0 | R23: =K23*21.6 -> 561.6 | S23: =SUM(L23:R23) -> 897.6
A24: 46191 | J24: 0 | K24: 26 | L24: =C24*168 -> 0 | M24: =D24*4 -> 0 | N24: =E24*168 -> 0 | O24: =F24*4 -> 0 | P24: =G24*4 -> 0 | Q24: =J24*600 -> 0 | R24: =K24*21.6 -> 561.6 | S24: =SUM(L24:R24) -> 561.6
A25: 46192 | J25: 0 | K25: 26 | L25: =C25*168 -> 0 | M25: =D25*4 -> 0 | N25: =E25*168 -> 0 | O25: =F25*4 -> 0 | P25: =G25*4 -> 0 | Q25: =J25*600 -> 0 | R25: =K25*21.6 -> 561.6 | S25: =SUM(L25:R25) -> 561.6
A26: 46193 | J26: 0 | K26: 26 | L26: =C26*168 -> 0 | M26: =D26*4 -> 0 | N26: =E26*168 -> 0 | O26: =F26*4 -> 0 | P26: =G26*4 -> 0 | Q26: =J26*600 -> 0 | R26: =K26*21.6 -> 561.6 | S26: =SUM(L26:R26) -> 561.6
A27: 46194 | J27: 0 | K27: 26 | L27: =C27*168 -> 0 | M27: =D27*4 -> 0 | N27: =E27*168 -> 0 | O27: =F27*4 -> 0 | P27: =G27*4 -> 0 | Q27: =J27*600 -> 0 | R27: =K27*21.6 -> 561.6 | S27: =SUM(L27:R27) -> 561.6
A28: 46195 | J28: 0 | K28: 26 | L28: =C28*168 -> 0 | M28: =D28*4 -> 0 | N28: =E28*168 -> 0 | O28: =F28*4 -> 0 | P28: =G28*4 -> 0 | Q28: =J28*600 -> 0 | R28: =K28*21.6 -> 561.6 | S28: =SUM(L28:R28) -> 561.6
A29: 46196 | J29: 0 | K29: 26 | L29: =C29*168 -> 0 | M29: =D29*4 -> 0 | N29: =E29*168 -> 0 | O29: =F29*4 -> 0 | P29: =G29*4 -> 0 | Q29: =J29*600 -> 0 | R29: =K29*21.6 -> 561.6 | S29: =SUM(L29:R29) -> 561.6
A30: 46197 | J30: 0 | K30: 26 | L30: =C30*168 -> 0 | M30: =D30*4 -> 0 | N30: =E30*168 -> 0 | O30: =F30*4 -> 0 | P30: =G30*4 -> 0 | Q30: =J30*600 -> 0 | R30: =K30*21.6 -> 561.6 | S30: =SUM(L30:R30) -> 561.6
A31: 46198 | J31: 0 | K31: 26 | L31: =C31*168 -> 0 | M31: =D31*4 -> 0 | N31: =E31*168 -> 0 | O31: =F31*4 -> 0 | P31: =G31*4 -> 0 | Q31: =J31*600 -> 0 | R31: =K31*21.6 -> 561.6 | S31: =SUM(L31:R31) -> 561.6
A32: 46199 | J32: 0 | K32: 26 | L32: =C32*168 -> 0 | M32: =D32*4 -> 0 | N32: =E32*168 -> 0 | O32: =F32*4 -> 0 | P32: =G32*4 -> 0 | Q32: =J32*600 -> 0 | R32: =K32*21.6 -> 561.6 | S32: =SUM(L32:R32) -> 561.6
A33: 46200 | J33: 0 | K33: 26 | L33: =C33*168 -> 0 | M33: =D33*4 -> 0 | N33: =E33*168 -> 0 | O33: =F33*4 -> 0 | P33: =G33*4 -> 0 | Q33: =J33*600 -> 0 | R33: =K33*21.6 -> 561.6 | S33: =SUM(L33:R33) -> 561.6
A34: 46201 | J34: 0 | K34: 26 | L34: =C34*168 -> 0 | M34: =D34*4 -> 0 | N34: =E34*168 -> 0 | O34: =F34*4 -> 0 | P34: =G34*4 -> 0 | Q34: =J34*600 -> 0 | R34: =K34*21.6 -> 561.6 | S34: =SUM(L34:R34) -> 561.6
A35: 46202 | K35: 26 | L35: =C35*168 -> 0 | M35: =D35*4 -> 0 | N35: =E35*168 -> 0 | O35: =F35*4 -> 0 | P35: =G35*4 -> 0 | Q35: =J35*600 -> 0 | R35: =K35*21.6 -> 561.6 | S35: =SUM(L35:R35) -> 561.6
A36: 46203 | K36: 26 | L36: =C36*168 -> 0 | M36: =D36*4 -> 0 | N36: =E36*168 -> 0 | O36: =F36*4 -> 0 | P36: =G36*4 -> 0 | Q36: =J36*600 -> 0 | R36: =K36*21.6 -> 561.6 | S36: =SUM(L36:R36) -> 561.6
L37: =C37*168 -> 0 | M37: =D37*4 -> 0 | N37: =E37*168 -> 0 | O37: =F37*4 -> 0 | P37: =G37*4 -> 0 | Q37: =J37*600 -> 0 | R37: =K37*21.6 -> 0 | S37: =SUM(L37:R37) -> 0
A38: Итого | C38: =SUM(C7:C37) -> 2 | D38: =SUM(D7:D37) -> 0 | E38: =SUM(E7:E37) -> 8 | F38: =SUM(F7:F37) -> 0 | G38: =SUM(G7:G37) -> 0 | H38: =SUM(H7:H37) -> 0 | I38: =SUM(I7:I37) -> 0 | J38: =SUM(J7:J37) -> 0 | ... S38: =SUM(S7:S37) -> 18700.8
R39: Итого | S39: =S38 -> 18700.8

Sheet СтройТех
A1: =K36 -> 42893
A2: Отчет по хранению товара СтройТех за Июнь
A3: № | B3: дата | D3: Выгрузка кол-во паллет | E3: ручная загрузка | G3: Хранение | H3: стоимость выгрузки | I3: стоимость загр.. Работ | J3: стоимость хранения | K3: итого
E4: мультипак | F4: шт,. | G4: (кол-во паллет)
A5: 1 | B5: 46174 | G5: 64 | H5: =SUM(D5*60) -> 0 | I5: =SUM(E5*25+F5*7) -> 0 | J5: =SUM(G5*15) -> 960 | K5: =SUM(H5:J5) -> 960
A6: 2 | B6: 46175 | D6: 20 | E6: 36 | G6: 84 | H6: =SUM(D6*60) -> 1200 | I6: =SUM(E6*25+F6*7) -> 900 | J6: =SUM(G6*15) -> 1260 | K6: =SUM(H6:J6) -> 3360
A7: 3 | B7: 46176 | E7: 32 | G7: 75 | H7: =SUM(D7*60) -> 0 | I7: =SUM(E7*25+F7*7) -> 800 | J7: =SUM(G7*15) -> 1125 | K7: =SUM(H7:J7) -> 1925
A8: 4 | B8: 46177 | E8: 53 | F8: 14 | G8: 67 | H8: =SUM(D8*60) -> 0 | I8: =SUM(E8*25+F8*7) -> 1423 | J8: =SUM(G8*15) -> 1005 | K8: =SUM(H8:J8) -> 2428
A9: 5 | B9: 46178 | G9: 55 | H9: =SUM(D9*60) -> 0 | I9: =SUM(E9*25+F9*7) -> 0 | J9: =SUM(G9*15) -> 825 | K9: =SUM(H9:J9) -> 825
A10: 6 | B10: 46179 | G10: 55 | H10: =SUM(D10*60) -> 0 | I10: =SUM(E10*25+F10*7) -> 0 | J10: =SUM(G10*15) -> 825 | K10: =SUM(H10:J10) -> 825
A11: 7 | B11: 46180 | G11: 55 | H11: =SUM(D11*60) -> 0 | I11: =SUM(E11*25+F11*7) -> 0 | J11: =SUM(G11*15) -> 825 | K11: =SUM(H11:J11) -> 825
A12: 8 | B12: 46181 | G12: 55 | H12: =SUM(D12*60) -> 0 | I12: =SUM(E12*25+F12*7) -> 0 | J12: =SUM(G12*15) -> 825 | K12: =SUM(H12:J12) -> 825
A13: 9 | B13: 46182 | D13: 20 | G13: 75 | H13: =SUM(D13*60) -> 1200 | I13: =SUM(E13*25+F13*7) -> 0 | J13: =SUM(G13*15) -> 1125 | K13: =SUM(H13:J13) -> 2325
A14: 10 | B14: 46183 | G14: 75 | H14: =SUM(D14*60) -> 0 | I14: =SUM(E14*25+F14*7) -> 0 | J14: =SUM(G14*15) -> 1125 | K14: =SUM(H14:J14) -> 1125
A15: 11 | B15: 46184 | E15: 70 | F15: 2 | G15: 75 | H15: =SUM(D15*60) -> 0 | I15: =SUM(E15*25+F15*7) -> 1764 | J15: =SUM(G15*15) -> 1125 | K15: =SUM(H15:J15) -> 2889
A16: 12 | B16: 46185 | G16: 58 | H16: =SUM(D16*60) -> 0 | I16: =SUM(E16*25+F16*7) -> 0 | J16: =SUM(G16*15) -> 870 | K16: =SUM(H16:J16) -> 870
A17: 13 | B17: 46186 | G17: 58 | H17: =SUM(D17*60) -> 0 | I17: =SUM(E17*25+F17*7) -> 0 | J17: =SUM(G17*15) -> 870 | K17: =SUM(H17:J17) -> 870
A18: 14 | B18: 46187 | G18: 58 | H18: =SUM(D18*60) -> 0 | I18: =SUM(E18*25+F18*7) -> 0 | J18: =SUM(G18*15) -> 870 | K18: =SUM(H18:J18) -> 870
A19: 15 | B19: 46188 | G19: 58 | H19: =SUM(D19*60) -> 0 | I19: =SUM(E19*25+F19*7) -> 0 | J19: =SUM(G19*15) -> 870 | K19: =SUM(H19:J19) -> 870
A20: 16 | B20: 46189 | G20: 58 | H20: =SUM(D20*60) -> 0 | I20: =SUM(E20*25+F20*7) -> 0 | J20: =SUM(G20*15) -> 870 | K20: =SUM(H20:J20) -> 870
A21: 17 | B21: 46190 | D21: 20 | G21: 78 | H21: =SUM(D21*60) -> 1200 | I21: =SUM(E21*25+F21*7) -> 0 | J21: =SUM(G21*15) -> 1170 | K21: =SUM(H21:J21) -> 2370
A22: 18 | B22: 46191 | G22: 78 | H22: =SUM(D22*60) -> 0 | I22: =SUM(E22*25+F22*7) -> 0 | J22: =SUM(G22*15) -> 1170 | K22: =SUM(H22:J22) -> 1170
A23: 19 | B23: 46192 | G23: 78 | H23: =SUM(D23*60) -> 0 | I23: =SUM(E23*25+F23*7) -> 0 | J23: =SUM(G23*15) -> 1170 | K23: =SUM(H23:J23) -> 1170
A24: 20 | B24: 46193 | G24: 78 | H24: =SUM(D24*60) -> 0 | I24: =SUM(E24*25+F24*7) -> 0 | J24: =SUM(G24*15) -> 1170 | K24: =SUM(H24:J24) -> 1170
A25: 21 | B25: 46194 | G25: 78 | H25: =SUM(D25*60) -> 0 | I25: =SUM(E25*25+F25*7) -> 0 | J25: =SUM(G25*15) -> 1170 | K25: =SUM(H25:J25) -> 1170
A26: 22 | B26: 46195 | E26: 9 | F26: 3 | G26: 78 | H26: =SUM(D26*60) -> 0 | I26: =SUM(E26*25+F26*7) -> 246 | J26: =SUM(G26*15) -> 1170 | K26: =SUM(H26:J26) -> 1416
A27: 23 | B27: 46196 | E27: 33 | F27: 20 | G27: 76 | H27: =SUM(D27*60) -> 0 | I27: =SUM(E27*25+F27*7) -> 965 | J27: =SUM(G27*15) -> 1140 | K27: =SUM(H27:J27) -> 2105
A28: 24 | B28: 46197 | E28: 37 | G28: 69 | H28: =SUM(D28*60) -> 0 | I28: =SUM(E28*25+F28*7) -> 925 | J28: =SUM(G28*15) -> 1035 | K28: =SUM(H28:J28) -> 1960
A29: 25 | B29: 46198 | G29: 61 | H29: =SUM(D29*60) -> 0 | I29: =SUM(E29*25+F29*7) -> 0 | J29: =SUM(G29*15) -> 915 | K29: =SUM(H29:J29) -> 915
A30: 26 | B30: 46199 | G30: 61 | H30: =SUM(D30*60) -> 0 | I30: =SUM(E30*25+F30*7) -> 0 | J30: =SUM(G30*15) -> 915 | K30: =SUM(H30:J30) -> 915
A31: 27 | B31: 46200 | G31: 61 | H31: =SUM(D31*60) -> 0 | I31: =SUM(E31*25+F31*7) -> 0 | J31: =SUM(G31*15) -> 915 | K31: =SUM(H31:J31) -> 915
A32: 28 | B32: 46201 | G32: 61 | H32: =SUM(D32*60) -> 0 | I32: =SUM(E32*25+F32*7) -> 0 | J32: =SUM(G32*15) -> 915 | K32: =SUM(H32:J32) -> 915
A33: 29 | B33: 46202 | E33: 58 | F33: 10 | G33: 61 | H33: =SUM(D33*60) -> 0 | I33: =SUM(E33*25+F33*7) -> 1520 | J33: =SUM(G33*15) -> 915 | K33: =SUM(H33:J33) -> 2435
A34: 30 | B34: 46203 | E34: 36 | G34: 47 | H34: =SUM(D34*60) -> 0 | I34: =SUM(E34*25+F34*7) -> 900 | J34: =SUM(G34*15) -> 705 | K34: =SUM(H34:J34) -> 1605
H35: =SUM(D35*60) -> 0 | I35: =SUM(E35*25+F35*7) -> 0 | J35: =SUM(G35*15) -> 0 | K35: =SUM(H35:J35) -> 0
G36: =SUM(G5:G35) -> 1990 | H36: =SUM(H5:H35) -> 3600 | I36: =SUM(I5:I35) -> 9443 | J36: =SUM(J5:J35) -> 29850 | K36: =SUM(K5:K35) -> 42893

Sheet Ергарда
A1: =J35 -> 8640 | B1: Отчет по хранению товара Ергарда за Июнь
A2: № | B2: дата | D2: Выгрузка кол-во паллет | E2: Загрузка кол-во паллет | F2: Хранение | G2: стоимость выгрузки | H2: стоимость загрузки | I2: стоимость хранения | J2: итого
F3: (кол-во паллет)
A4: 1 | B4: 46174 | F4: 24 | G4: =SUM(D4*120) -> 0 | H4: =SUM(E4*120) -> 0 | I4: =SUM(F4*12) -> 288 | J4: =SUM(G4:I4) -> 288
A5: 2 | B5: 46175 | F5: 24 | G5: =SUM(D5*120) -> 0 | H5: =SUM(E5*120) -> 0 | I5: =SUM(F5*12) -> 288 | J5: =SUM(G5:I5) -> 288
A6: 3 | B6: 46176 | F6: 24 | G6: =SUM(D6*120) -> 0 | H6: =SUM(E6*120) -> 0 | I6: =SUM(F6*12) -> 288 | J6: =SUM(G6:I6) -> 288
A7: 4 | B7: 46177 | F7: 24 | G7: =SUM(D7*120) -> 0 | H7: =SUM(E7*120) -> 0 | I7: =SUM(F7*12) -> 288 | J7: =SUM(G7:I7) -> 288
A8: 5 | B8: 46178 | F8: 24 | G8: =SUM(D8*120) -> 0 | H8: =SUM(E8*120) -> 0 | I8: =SUM(F8*12) -> 288 | J8: =SUM(G8:I8) -> 288
A9: 6 | B9: 46179 | F9: 24 | G9: =SUM(D9*120) -> 0 | H9: =SUM(E9*120) -> 0 | I9: =SUM(F9*12) -> 288 | J9: =SUM(G9:I9) -> 288
A10: 7 | B10: 46180 | F10: 24 | G10: =SUM(D10*120) -> 0 | H10: =SUM(E10*120) -> 0 | I10: =SUM(F10*12) -> 288 | J10: =SUM(G10:I10) -> 288
A11: 8 | B11: 46181 | F11: 24 | G11: =SUM(D11*120) -> 0 | H11: =SUM(E11*120) -> 0 | I11: =SUM(F11*12) -> 288 | J11: =SUM(G11:I11) -> 288
A12: 9 | B12: 46182 | F12: 24 | G12: =SUM(D12*120) -> 0 | H12: =SUM(E12*120) -> 0 | I12: =SUM(F12*12) -> 288 | J12: =SUM(G12:I12) -> 288
A13: 10 | B13: 46183 | F13: 24 | G13: =SUM(D13*120) -> 0 | H13: =SUM(E13*120) -> 0 | I13: =SUM(F13*12) -> 288 | J13: =SUM(G13:I13) -> 288
A14: 11 | B14: 46184 | F14: 24 | G14: =SUM(D14*120) -> 0 | H14: =SUM(E14*120) -> 0 | I14: =SUM(F14*12) -> 288 | J14: =SUM(G14:I14) -> 288
A15: 12 | B15: 46185 | F15: 24 | G15: =SUM(D15*120) -> 0 | H15: =SUM(E15*120) -> 0 | I15: =SUM(F15*12) -> 288 | J15: =SUM(G15:I15) -> 288
... A33: 30 | B33: 46203 | F33: 24 | G33: =SUM(D33*120) -> 0 | H33: =SUM(E33*120) -> 0 | I33: =SUM(F33*12) -> 288 | J33: =SUM(G33:I33) -> 288
A34: 31 | G34: =SUM(D34*120) -> 0 | H34: =SUM(E34*120) -> 0 | I34: =SUM(F34*12) -> 0 | J34: =SUM(G34:I34) -> 0
G35: =SUM(G4:G34) -> 0 | H35: =SUM(H4:H34) -> 0 | I35: =SUM(I4:I34) -> 8640 | J35: =SUM(J4:J34) -> 8640

Sheet Казань_Приволжская экспорт
A3: =IF(DAY(TODAY())>27,"Акт № от " & TEXT(TODAY(),"ДД ММММ ГГГГ"),"Акт № от " & TEXT(TODAY()-DAY(TODAY()),"ДД ММММ ГГГГ")) & "г. Казань_Приволжская" -> Акт № от 30 Июнь 2026г. Казань_Приволжская
A4: =IF(DAY(TODAY()) > 27, "выполненных работ (оказанных услуг) за " & TEXT(TODAY(),"ММММ ГГГГ"),"выполненных работ (оказанных услуг) за " & TEXT(TODAY()-DAY(TODAY()),"ММММ ГГГГ")) -> выполненных работ (оказанных услуг) за Июнь 2026
A5: по Договору хранения № СХ.47103 от «10» апреля 2025 г.
A7: =IF(DAY(TODAY()) > 27,"Во исполнение Договора в период с " & TEXT(TODAY()-DAY(TODAY()-DAY(TODAY())),"ДД ММММ ГГГГ") & " г. По " & TEXT(TODAY(),"ДД ММММ ГГГГ") & " г. ХРАНИТЕЛЬ оказал ПОКЛАЖЕДАТЕЛЮ следующие услуги (работы):"," Во исполнение Договора в период с " & TEXT(TODAY()-DAY(TODAY())-DAY(TODAY()-DAY(TODAY()))+1,"ДД ММММ ГГГГ") & " г. По " & TEXT(TODAY()-DAY(TODAY()),"ДД ММММ ГГГГ") & " г. ХРАНИТЕЛЬ оказал ПОКЛАЖЕДАТЕЛЮ следующие услуги (работы):") -> Во исполнение Договора в период с 01 Июнь 2026 г. По 30 Июнь 2026 г. ХРАНИТЕЛЬ оказал ПОКЛАЖЕДАТЕЛЮ следующие услуги (работы):
A9: № | B9: Наименование услуг (работ) | C9: Ед. изм. | D9: Количество | E9: Цена | F9: Сумма без НДС | G9: Сумма с НДС
A10: 1 | B10: оформление документов | C10: шт. | D10: 25 | E10: 2000 | F10: =SUM(D10*E10) -> 50000 | G10: =F10*1.22 -> 61000
A11: 2 | B11: Оформление сертификата | C11: шт. | F11: =SUM(D11*E11) -> 0 | G11: =F11*1.2 -> 0
F12: =SUM(F10:F11) -> 50000 | G12: =SUM(G10:G11) -> 61000
A13: Итого: | B13: пятьдесят тысяч рублей ноль копеек
A14: Без налога (НДС): | B14: =B13 -> пятьдесят тысяч рублей ноль копеек
A15: Всего (с учетом НДС) | B15: шестьдесят одна тысяча рублей ноль копеек
A16: Вышеперечисленные услуги (работы) выполнены полностью.
A17: ПОКЛАЖЕДАТЕЛЬ претензий по объему, качеству и срокам оказания услуг претензий не имеет.
A20: ООО "ДТМ" | D20: ПАО "СИБУР Холдинг"
A22: ____________________Расстегаев Д.О. | D22: ____________________

Sheet Казань_Автосервисная экспорт
A3: =IF(DAY(TODAY())>27,"Акт № от " & TEXT(TODAY(),"ДД ММММ ГГГГ"),"Акт № от " & TEXT(TODAY()-DAY(TODAY()),"ДД ММММ ГГГГ")) & " г. Казань_Автосервисная" -> Акт № от 30 Июнь 2026 г. Казань_Автосервисная
A4: =IF(DAY(TODAY()) > 27, "выполненных работ (оказанных услуг) за " & TEXT(TODAY(),"ММММ ГГГГ"),"выполненных работ (оказанных услуг) за " & TEXT(TODAY()-DAY(TODAY()),"ММММ ГГГГ")) -> выполненных работ (оказанных услуг) за Июнь 2026
A5: по Договору хранения № СХ.47103 от «10» апреля 2025 г.
A7: =IF(DAY(TODAY()) > 27,"Во исполнение Договора в период с " & TEXT(TODAY()-DAY(TODAY()-DAY(TODAY())),"ДД ММММ ГГГГ") & " г. По " & TEXT(TODAY(),"ДД ММММ ГГГГ") & " г. ХРАНИТЕЛЬ оказал ПОКЛАЖЕДАТЕЛЮ следующие услуги (работы):"," Во исполнение Договора в период с " & TEXT(TODAY()-DAY(TODAY())-DAY(TODAY()-DAY(TODAY()))+1,"ДД ММММ ГГГГ") & " г. По " & TEXT(TODAY()-DAY(TODAY()),"ДД ММММ ГГГГ") & " г. ХРАНИТЕЛЬ оказал ПОКЛАЖЕДАТЕЛЮ следующие услуги (работы):") -> Во исполнение Договора в период с 01 Июнь 2026 г. По 30 Июнь 2026 г. ХРАНИТЕЛЬ оказал ПОКЛАЖЕДАТЕЛЮ следующие услуги (работы):
A9: № | B9: Наименование услуг (работ) | C9: Ед. изм. | D9: Количество | E9: Цена | F9: Сумма без НДС | G9: Сумма с НДС
A10: 1 | B10: оформление документов | C10: шт. | D10: 34 | E10: 2000 | F10: =SUM(D10*E10) -> 68000 | G10: =F10*1.22 -> 82960
A11: 2 | B11: Оформление сертификата | C11: шт. | F11: =SUM(D11*E11) -> 0 | G11: =F11*1.2 -> 0
F12: =SUM(F10:F11) -> 68000 | G12: =SUM(G10:G11) -> 82960
A13: Итого: | B13: шестьдесят восемь тысяч рублей ноль копеек
A14: Без налога (НДС): | B14: =B13 -> шестьдесят восемь тысяч рублей ноль копеек
A15: Всего (с учетом НДС) | B15: восемьдесят две тысячи девятьсот шестьдесят рублей ноль копеек
A16: Вышеперечисленные услуги (работы) выполнены полностью.
A17: ПОКЛАЖЕДАТЕЛЬ претензий по объему, качеству и срокам оказания услуг претензий не имеет.
A20: ООО "ДТМ" | D20: ПАО "СИБУР Холдинг"
A22: ____________________Расстегаев Д.О. | D22: ____________________

Sheet Казань_Автосервисная Доп услуги
A2: =IF(DAY(TODAY())>27,"Акт № от " & TEXT(TODAY(),"ДД ММММ ГГГГ"),"Акт № от " & TEXT(TODAY()-DAY(TODAY()),"ДД ММММ ГГГГ")) -> Акт № от 30 Июнь 2026
A3: =IF(DAY(TODAY()) > 27, "выполненных работ (оказанных услуг) за " & TEXT(TODAY(),"ММММ ГГГГ"),"выполненных работ (оказанных услуг) за " & TEXT(TODAY()-DAY(TODAY()),"ММММ ГГГГ")) -> выполненных работ (оказанных услуг) за Июнь 2026
A4: по Договору хранения № СХ.45411 от «01» января 2025 г.
A6: =IF(DAY(TODAY()) > 27," Во исполнение Договора в период с " & TEXT(TODAY()-DAY(TODAY()-DAY(TODAY())),"ДД ММММ ГГГГ") & " г. По " & TEXT(TODAY(),"ДД ММММ ГГГГ") & " г. ХРАНИТЕЛЬ оказал ПОКЛАЖЕДАТЕЛЮ следующие услуги (работы):"," Во исполнение Договора в период с " & TEXT(TODAY()-DAY(TODAY())-DAY(TODAY()-DAY(TODAY()))+1,"ДД ММММ ГГГГ") & " г. По " & TEXT(TODAY()-DAY(TODAY()),"ДД ММММ ГГГГ") & " г. ХРАНИТЕЛЬ оказал ПОКЛАЖЕДАТЕЛЮ следующие услуги (работы):") -> Во исполнение Договора в период с 01 Июнь 2026 г. По 30 Июнь 2026 г. ХРАНИТЕЛЬ оказал ПОКЛАЖЕДАТЕЛЮ следующие услуги (работы):
A8: № | B8: Наименование услуг (работ) | C8: Ед. изм. | D8: Количество | E8: Цена | F8: Сумма
A9: 1 | B9: Переконсолидация Товара | C9: тонна | D9: 23.375 | E9: 1000 | F9: =SUM(D9*E9) -> 23375
A10: 2 | B10: Паллетирование | C10: тонна | D10: =D9 -> 23.375 | E10: 200 | F10: =SUM(D10*E10) -> 4675
A11: 3 | B11: Предоставление фито поддона | C11: штука | D11: 17 | E11: 830 | F11: =SUM(D11*E11) -> 14110
A12: Итого: | F12: =SUM(F9:F11) -> 42160
A13: Без налога (НДС) | F13: =SUM(F12) -> 42160
A14: Всего (с учетом НДС) | F14: =SUM(F13)*1.22 -> 51435.2
A15: Вышеперечисленные услуги (работы) выполнены полностью.
A16: ПОКЛАЖЕДАТЕЛЬ претензий по объему, качеству и срокам оказания услуг претензий не имеет.
A19: ООО "ДТМ" | D19: ПАО "СИБУР Холдинг"
A21: ____________________Расстегаев Д.О. | D21: ____________________

Sheet Екатеринбург экспорт
A3: =IF(DAY(TODAY())>27,"Акт № от " & TEXT(TODAY(),"ДД ММММ ГГГГ"),"Акт № от " & TEXT(TODAY()-DAY(TODAY()),"ДД ММММ ГГГГ")) & " г. Екатеринбург" -> Акт № от 30 Июнь 2026 г. Екатеринбург
A4: =IF(DAY(TODAY()) > 27, "выполненных работ (оказанных услуг) за " & TEXT(TODAY(),"ММММ ГГГГ"),"выполненных работ (оказанных услуг) за " & TEXT(TODAY()-DAY(TODAY()),"ММММ ГГГГ")) -> выполненных работ (оказанных услуг) за Июнь 2026
A5: по Договору хранения № СХ.47103 от «10» апреля 2025 г.
A7: =IF(DAY(TODAY()) > 27,"Во исполнение Договора в период с " & TEXT(TODAY()-DAY(TODAY()-DAY(TODAY())),"ДД ММММ ГГГГ") & " г. По " & TEXT(TODAY(),"ДД ММММ ГГГГ") & " г. ХРАНИТЕЛЬ оказал ПОКЛАЖЕДАТЕЛЮ следующие услуги (работы):"," Во исполнение Договора в период с " & TEXT(TODAY()-DAY(TODAY())-DAY(TODAY()-DAY(TODAY()))+1,"ДД ММММ ГГГГ") & " г. По " & TEXT(TODAY()-DAY(TODAY()),"ДД ММММ ГГГГ") & " г. ХРАНИТЕЛЬ оказал ПОКЛАЖЕДАТЕЛЮ следующие услуги (работы):") -> Во исполнение Договора в период с 01 Июнь 2026 г. По 30 Июнь 2026 г. ХРАНИТЕЛЬ оказал ПОКЛАЖЕДАТЕЛЮ следующие услуги (работы):
A9: № | B9: Наименование услуг (работ) | C9: Ед. изм. | D9: Количество | E9: Цена | F9: Сумма без НДС | G9: Сумма с НДС
A10: 1 | B10: оформление документов | C10: шт. | D10: 18 | E10: 2000 | F10: =SUM(D10*E10) -> 36000 | G10: =F10*1.22 -> 43920
A11: 2 | B11: Оформление сертификата | C11: шт. | F11: =SUM(D11*E11) -> 0 | G11: =F11*1.2 -> 0
F12: =SUM(F10:F11) -> 36000 | G12: =SUM(G10:G11) -> 43920
A13: Итого: | B13: тридцать шесть рублей ноль копеек
A14: Без налога (НДС): | B14: =B13 -> тридцать шесть рублей ноль копеек
A15: Всего (с учетом НДС) | B15: сорок три тысячи девятьсот двадцать рублей ноль копеек
A16: Вышеперечисленные услуги (работы) выполнены полностью.
A17: ПОКЛАЖЕДАТЕЛЬ претензий по объему, качеству и срокам оказания услуг претензий не имеет.
A20: ООО "ДТМ" | D20: ПАО "СИБУР Холдинг"
A22: ____________________Расстегаев Д.О. | D22: ____________________

Sheet Баумана KPI
A2: Отчет по хранению товара за Июнь 2026 Баумана KPI
A3: № | B3: дата | D3: Выгрузка кол-во | E3: Загрузка кол-во | F3: Хранение | G3: Резервирование 0 | H3: Мин. Суточный резерв 0 | I3: переконсолидация (тонн) | J3: Паллетирование | K3: Взвешивание | L3: стоимость взвешивания | M3: стоимость выгрузки за 1 месяц | N3: стоимость загрузки за 1 месяц | O3: стоимость хранения за 1 месяц | P3: Доплата за хранение за 1 месяц | Q3: Доплата за ПРР за 1 месяц | R3: стоимость переконс. | S3: Стоимость паллетирования | T3: итого
A5: 1 | B5: 01.06.2026 | D5: 0 | E5: 0 | F5: 4.1 | G5: 0 | H5: 0 | I5: 0 | J5: 0 | K5: 0 | L5: 0 | M5: 0 | N5: 0 | O5: 0 | P5: 0 | Q5: 0 | R5: 0 | S5: 0 | T5: 0
A6: 2 | B6: 02.06.2026 | D6: 0 | E6: 0 | F6: 4.1 | G6: 0 | H6: 0 | I6: 0 | J6: 0 | K6: 0 | L6: 0 | M6: 0 | N6: 0 | O6: 0 | P6: 0 | Q6: 0 | R6: 0 | S6: 0 | T6: 0
A7: 3 | B7: 03.06.2026 | D7: 0 | E7: 0 | F7: 4.1 | G7: 0 | H7: 0 | I7: 0 | J7: 0 | K7: 0 | L7: 0 | M7: 0 | N7: 0 | O7: 0 | P7: 0 | Q7: 0 | R7: 0 | S7: 0 | T7: 0
A8: 4 | B8: 04.06.2026 | D8: 0 | E8: 0 | F8: 4.1 | G8: 0 | H8: 0 | I8: 0 | J8: 0 | K8: 0 | L8: 0 | M8: 0 | N8: 0 | O8: 0 | P8: 0 | Q8: 0 | R8: 0 | S8: 0 | T8: 0
A9: 5 | B9: 05.06.2026 | D9: 0 | E9: 0 | F9: 4.1 | G9: 0 | H9: 0 | I9: 0 | J9: 0 | K9: 0 | L9: 0 | M9: 0 | N9: 0 | O9: 0 | P9: 0 | Q9: 0 | R9: 0 | S9: 0 | T9: 0
A10: 6 | B10: 06.06.2026 | D10: 0 | E10: 0 | F10: 4.1 | G10: 0 | H10: 0 | I10: 0 | J10: 0 | K10: 0 | L10: 0 | M10: 0 | N10: 0 | O10: 0 | P10: 0 | Q10: 0 | R10: 0 | S10: 0 | T10: 0
A11: 7 | B11: 07.06.2026 | D11: 0 | E11: 0 | F11: 4.1 | G11: 0 | H11: 0 | I11: 0 | J11: 0 | K11: 0 | L11: 0 | M11: 0 | N11: 0 | O11: 0 | P11: 0 | Q11: 0 | R11: 0 | S11: 0 | T11: 0
A12: 8 | B12: 08.06.2026 | D12: 0 | E12: 0 | F12: 4.1 | G12: 0 | H12: 0 | I12: 0 | J12: 0 | K12: 0 | L12: 0 | M12: 0 | N12: 0 | O12: 0 | P12: 0 | Q12: 0 | R12: 0 | S12: 0 | T12: 0
A13: 9 | B13: 09.06.2026 | D13: 0 | E13: 0 | F13: 4.1 | G13: 0 | H13: 0 | I13: 0 | J13: 0 | K13: 0 | L13: 0 | M13: 0 | N13: 0 | O13: 0 | P13: 0 | Q13: 0 | R13: 0 | S13: 0 | T13: 0
A14: 10 | B14: 10.06.2026 | D14: 0 | E14: 0 | F14: 4.1 | G14: 0 | H14: 0 | I14: 0 | J14: 0 | K14: 0 | L14: 0 | M14: 0 | N14: 0 | O14: 0 | P14: 0 | Q14: 0 | R14: 0 | S14: 0 | T14: 0
A15: 11 | B15: 11.06.2026 | D15: 0 | E15: 0 | F15: 4.1 | G15: 0 | H15: 0 | I15: 0 | J15: 0 | K15: 0 | L15: 0 | M15: 0 | N15: 0 | O15: 0 | P15: 0 | Q15: 0 | R15: 0 | S15: 0 | T15: 0
A16: 12 | B16: 12.06.2026 | D16: 0 | E16: 0 | F16: 4.1 | G16: 0 | H16: 0 | I16: 0 | J16: 0 | K16: 0 | L16: 0 | M16: 0 | N16: 0 | O16: 0 | P16: 0 | Q16: 0 | R16: 0 | S16: 0 | T16: 0
... A34: 30 | B34: 30.06.2026 | D34: 0 | E34: 0 | F34: 4.1 | G34: 0 | H34: 0 | I34: 0 | J34: 0 | K34: 0 | L34: 0 | M34: 0 | N34: 0 | O34: 0 | P34: 0 | Q34: 0 | R34: 0 | S34: 0 | T34: 0
A35: 31 | D35: 0 | E35: 0 | F35: 0 | G35: 0 | H35: 0 | I35: 0 | J35: 0 | K35: 0 | L35: 0 | M35: 0 | N35: 0 | O35: 0 | P35: 0 | Q35: 0 | R35: 0 | S35: 0 | T35: 0
D36: 0 | E36: 0 | F36: 123 | G36: 0 | H36: 0 | I36: 0 | J36: 0 | K36: 0 | L36: 0 | M36: 0 | N36: 0 | O36: 965.61 | P36: 0 | Q36: 0 | R36: 0 | S36: 0 | T36: 965.61
T37: 1178.04

Sheet Баумана Полимеры
A2: Отчет по хранению товара за Июнь 2026 Баумана Полимеры
A3: № | B3: дата | D3: Выгрузка кол-во | E3: Загрузка кол-во | F3: Хранение | G3: Резервирование 0 | H3: Мин. Суточный резерв 0 | I3: переконсолидация (тонн) | J3: Паллетирование | K3: Взвешивание | L3: стоимость взвешивания | M3: стоимость выгрузки за 1 месяц | N3: стоимость загрузки за 1 месяц | O3: стоимость хранения за 1 месяц | P3: Доплата за хранение за 1 месяц | Q3: Доплата за ПРР за 1 месяц | R3: стоимость переконс. | S3: Стоимость паллетирования | T3: итого
A5: 1 | B5: 01.06.2026 | D5: 133 | E5: 116.5 | F5: 12136.928 | G5: 0 | H5: 0 | I5: 0 | J5: 0 | K5: 0 | L5: 0 | M5: 0 | N5: 0 | O5: 0 | P5: 0 | Q5: 0 | R5: 0 | S5: 0 | T5: 0
A6: 2 | B6: 02.06.2026 | D6: 220 | E6: 202 | F6: 12154.928 | G6: 0 | H6: 0 | I6: 0 | J6: 0 | K6: 0 | L6: 0 | M6: 0 | N6: 0 | O6: 0 | P6: 0 | Q6: 0 | R6: 0 | S6: 0 | T6: 0
A7: 3 | B7: 03.06.2026 | D7: 265.5 | E7: 422.5 | F7: 11997.928 | G7: 0 | H7: 0 | I7: 0 | J7: 0 | K7: 0 | L7: 0 | M7: 0 | N7: 0 | O7: 0 | P7: 0 | Q7: 0 | R7: 0 | S7: 0 | T7: 0
A8: 4 | B8: 04.06.2026 | D8: 265.5 | E8: 180 | F8: 12083.428 | G8: 0 | H8: 0 | I8: 0 | J8: 0 | K8: 0 | L8: 0 | M8: 0 | N8: 0 | O8: 0 | P8: 0 | Q8: 0 | R8: 0 | S8: 0 | T8: 0
A9: 5 | B9: 05.06.2026 | D9: 222 | E9: 142.625 | F9: 12162.803 | G9: 0 | H9: 0 | I9: 0 | J9: 0 | K9: 0 | L9: 0 | M9: 0 | N9: 0 | O9: 0 | P9: 0 | Q9: 0 | R9: 0 | S9: 0 | T9: 0
A10: 6 | B10: 06.06.2026 | D10: 286 | E10: 66.75 | F10: 12382.053 | G10: 0 | H10: 0 | I10: 0 | J10: 0 | K10: 0 | L10: 0 | M10: 0 | N10: 0 | O10: 0 | P10: 0 | Q10: 0 | R10: 0 | S10: 0 | T10: 0
A11: 7 | B11: 07.06.2026 | D11: 220 | E11: 177.5 | F11: 12424.553 | G11: 0 | H11: 0 | I11: 0 | J11: 0 | K11: 0 | L11: 0 | M11: 0 | N11: 0 | O11: 0 | P11: 0 | Q11: 0 | R11: 0 | S11: 0 | T11: 0
A12: 8 | B12: 08.06.2026 | D12: 287.5 | E12: 143.371 | F12: 12568.682 | G12: 0 | H12: 0 | I12: 0 | J12: 0 | K12: 0 | L12: 0 | M12: 0 | N12: 0 | O12: 0 | P12: 0 | Q12: 0 | R12: 0 | S12: 0 | T12: 0
A13: 9 | B13: 09.06.2026 | D13: 222 | E13: 111.467 | F13: 12679.215 | G13: 0 | H13: 0 | I13: 0 | J13: 0 | K13: 0 | L13: 0 | M13: 0 | N13: 0 | O13: 0 | P13: 0 | Q13: 0 | R13: 0 | S13: 0 | T13: 0
A14: 10 | B14: 10.06.2026 | D14: 133 | E14: 199.5 | F14: 12612.715 | G14: 0 | H14: 0 | I14: 0 | J14: 0 | K14: 0 | L14: 0 | M14: 0 | N14: 0 | O14: 0 | P14: 0 | Q14: 0 | R14: 0 | S14: 0 | T14: 0
A15: 11 | B15: 11.06.2026 | D15: 200.5 | E15: 176.5 | F15: 12636.715 | G15: 0 | H15: 0 | I15: 6 | J15: 6 | K15: 0 | L15: 0 | M15: 0 | N15: 0 | O15: 0 | P15: 0 | Q15: 0 | R15: 1500 | S15: 840 | T15: 2340
A16: 12 | B16: 12.06.2026 | D16: 442 | E16: 244 | F16: 12834.715 | G16: 0 | H16: 0 | I16: 1.5 | J16: 1.5 | K16: 0 | L16: 0 | M16: 0 | N16: 0 | O16: 0 | P16: 0 | Q16: 0 | R16: 375 | S16: 210 | T16: 585
... A34: 30 | B34: 30.06.2026 | D34: 22.5 | E34: 2320.375 | F34: 9650.429 | G34: 0 | H34: 0 | I34: 0 | J34: 0 | K34: 0 | L34: 0 | M34: 0 | N34: 0 | O34: 0 | P34: 0 | Q34: 0 | R34: 0 | S34: 0 | T34: 0
A35: 31 | D35: 0 | E35: 0 | F35: 0 | G35: 0 | H35: 0 | I35: 0 | J35: 0 | K35: 0 | L35: 0 | M35: 0 | N35: 0 | O35: 0 | P35: 0 | Q35: 0 | R35: 0 | S35: 0 | T35: 0
D36: 6659.6 | E36: 9129.599 | F36: 387307.76 | G36: 0 | H36: 0 | I36: 14.975 | J36: 14.975 | K36: 0 | L36: 0 | M36: 1003200 | N36: 928258.88 | O36: 2952672.1 | P36: 2576226.1 | Q36: 0 | R36: 3743.75 | S36: 2096.5 | T36: 7466197.3
T37: 9108760.8

Sheet Баумана Полиом
A2: Отчет по хранению товара за Июнь 2026 Баумана Полиом
A3: № | B3: дата | D3: Выгрузка кол-во | E3: Загрузка кол-во | F3: Хранение | G3: Резервирование 0 | H3: Мин. Суточный резерв 0 | I3: переконсолидация (тонн) | J3: Паллетирование | K3: Взвешивание | L3: стоимость взвешивания | M3: стоимость выгрузки за 1 месяц | N3: стоимость загрузки за 1 месяц | O3: стоимость хранения за 1 месяц | P3: Доплата за хранение за 1 месяц | Q3: Доплата за ПРР за 1 месяц | R3: стоимость переконс. | S3: Стоимость паллетирования | T3: итого
A5: 1 | B5: 01.06.2026 | D5: 0 | E5: 0 | F5: 771.35 | G5: 0 | H5: 0 | I5: 0 | J5: 0 | K5: 0 | L5: 0 | M5: 0 | N5: 0 | O5: 0 | P5: 0 | Q5: 0 | R5: 0 | S5: 0 | T5: 0
A6: 2 | B6: 02.06.2026 | D6: 0 | E6: 0 | F6: 771.35 | G6: 0 | H6: 0 | I6: 0 | J6: 0 | K6: 0 | L6: 0 | M6: 0 | N6: 0 | O6: 0 | P6: 0 | Q6: 0 | R6: 0 | S6: 0 | T6: 0
A7: 3 | B7: 03.06.2026 | D7: 0 | E7: 44 | F7: 727.35 | G7: 0 | H7: 0 | I7: 0 | J7: 0 | K7: 0 | L7: 0 | M7: 0 | N7: 0 | O7: 0 | P7: 0 | Q7: 0 | R7: 0 | S7: 0 | T7: 0
A8: 4 | B8: 04.06.2026 | D8: 0 | E8: 44 | F8: 683.35 | G8: 0 | H8: 0 | I8: 0 | J8: 0 | K8: 0 | L8: 0 | M8: 0 | N8: 0 | O8: 0 | P8: 0 | Q8: 0 | R8: 0 | S8: 0 | T8: 0
A9: 5 | B9: 05.06.2026 | D9: 0 | E9: 44 | F9: 639.35 | G9: 0 | H9: 0 | I9: 0 | J9: 0 | K9: 0 | L9: 0 | M9: 0 | N9: 0 | O9: 0 | P9: 0 | Q9: 0 | R9: 0 | S9: 0 | T9: 0
A10: 6 | B10: 06.06.2026 | D10: 0 | E10: 0 | F10: 639.35 | G10: 0 | H10: 0 | I10: 0 | J10: 0 | K10: 0 | L10: 0 | M10: 0 | N10: 0 | O10: 0 | P10: 0 | Q10: 0 | R10: 0 | S10: 0 | T10: 0
A11: 7 | B11: 07.06.2026 | D11: 0 | E11: 22 | F11: 617.35 | G11: 0 | H11: 0 | I11: 0 | J11: 0 | K11: 0 | L11: 0 | M11: 0 | N11: 0 | O11: 0 | P11: 0 | Q11: 0 | R11: 0 | S11: 0 | T11: 0
A12: 8 | B12: 08.06.2026 | D12: 0 | E12: 44 | F12: 573.35 | G12: 0 | H12: 0 | I12: 0 | J12: 0 | K12: 0 | L12: 0 | M12: 0 | N12: 0 | O12: 0 | P12: 0 | Q12: 0 | R12: 0 | S12: 0 | T12: 0
A13: 9 | B13: 09.06.2026 | D13: 0 | E13: 44 | F13: 529.35 | G13: 0 | H13: 0 | I13: 0 | J13: 0 | K13: 0 | L13: 0 | M13: 0 | N13: 0 | O13: 0 | P13: 0 | Q13: 0 | R13: 0 | S13: 0 | T13: 0
A14: 10 | B14: 10.06.2026 | D14: 0 | E14: 88 | F14: 441.35 | G14: 0 | H14: 0 | I14: 0 | J14: 0 | K14: 0 | L14: 0 | M14: 0 | N14: 0 | O14: 0 | P14: 0 | Q14: 0 | R14: 0 | S14: 0 | T14: 0
A15: 11 | B15: 11.06.2026 | D15: 0 | E15: 88 | F15: 353.35 | G15: 0 | H15: 0 | I15: 0 | J15: 0 | K15: 0 | L15: 0 | M15: 0 | N15: 0 | O15: 0 | P15: 0 | Q15: 0 | R15: 0 | S15: 0 | T15: 0
A16: 12 | B16: 12.06.2026 | D16: 0 | E16: 44 | F16: 309.35 | G16: 0 | H16: 0 | I16: 0 | J16: 0 | K16: 0 | L16: 0 | M16: 0 | N16: 0 | O16: 0 | P16: 0 | Q16: 0 | R16: 0 | S16: 0 | T16: 0
... A34: 30 | B34: 30.06.2026 | D34: 0 | E34: 0 | F34: 89.35 | G34: 0 | H34: 0 | I34: 0 | J34: 0 | K34: 0 | L34: 0 | M34: 0 | N34: 0 | O34: 0 | P34: 0 | Q34: 0 | R34: 0 | S34: 0 | T34: 0
A35: 31 | D35: 0 | E35: 0 | F35: 0 | G35: 0 | H35: 0 | I35: 0 | J35: 0 | K35: 0 | L35: 0 | M35: 0 | N35: 0 | O35: 0 | P35: 0 | Q35: 0 | R35: 0 | S35: 0 | T35: 0
D36: 0 | E36: 682 | F36: 11194.5 | G36: 0 | H36: 0 | I36: 0 | J36: 0 | K36: 0 | L36: 0 | M36: 0 | N36: 74941.12 | O36: 87882.27 | P36: 0 | Q36: 0 | R36: 0 | S36: 0 | T36: 162823.39
T37: 198644.54

Sheet Екатеринбург KPI
A2: Отчет по хранению товара за Июнь 2026 Екатеринбург KPI
A3: № | B3: дата | D3: Выгрузка кол-во | E3: Загрузка кол-во | F3: Хранение | G3: Резервирование 0 | H3: Мин. Суточный резерв 0 | I3: переконсолидация (тонн) | J3: Паллетирование | K3: Взвешивание | L3: стоимость взвешивания | M3: стоимость выгрузки за 1 месяц | N3: стоимость загрузки за 1 месяц | O3: стоимость хранения за 1 месяц | P3: Доплата за хранение за 1 месяц | Q3: Доплата за ПРР за 1 месяц | R3: стоимость переконс. | S3: Стоимость паллетирования | T3: итого
A5: 1 | B5: 01.06.2026 | D5: 0 | E5: 0 | F5: 23.052 | G5: 0 | H5: 0 | I5: 0 | J5: 0 | K5: 0 | L5: 0 | M5: 0 | N5: 0 | O5: 0 | P5: 0 | Q5: 0 | R5: 0 | S5: 0 | T5: 0
A6: 2 | B6: 02.06.2026 | D6: 0 | E6: 0 | F6: 23.052 | G6: 0 | H6: 0 | I6: 0 | J6: 0 | K6: 0 | L6: 0 | M6: 0 | N6: 0 | O6: 0 | P6: 0 | Q6: 0 | R6: 0 | S6: 0 | T6: 0
A7: 3 | B7: 03.06.2026 | D7: 0 | E7: 0 | F7: 23.052 | G7: 0 | H7: 0 | I7: 0 | J7: 0 | K7: 0 | L7: 0 | M7: 0 | N7: 0 | O7: 0 | P7: 0 | Q7: 0 | R7: 0 | S7: 0 | T7: 0
A8: 4 | B8: 04.06.2026 | D8: 0 | E8: 0 | F8: 23.052 | G8: 0 | H8: 0 | I8: 0 | J8: 0 | K8: 0 | L8: 0 | M8: 0 | N8: 0 | O8: 0 | P8: 0 | Q8: 0 | R8: 0 | S8: 0 | T8: 0
A9: 5 | B9: 05.06.2026 | D9: 0 | E9: 0 | F9: 23.052 | G9: 0 | H9: 0 | I9: 0 | J9: 0 | K9: 0 | L9: 0 | M9: 0 | N9: 0 | O9: 0 | P9: 0 | Q9: 0 | R9: 0 | S9: 0 | T9: 0
A10: 6 | B10: 06.06.2026 | D10: 0 | E10: 0 | F10: 23.052 | G10: 0 | H10: 0 | I10: 0 | J10: 0 | K10: 0 | L10: 0 | M10: 0 | N10: 0 | O10: 0 | P10: 0 | Q10: 0 | R10: 0 | S10: 0 | T10: 0
A11: 7 | B11: 07.06.2026 | D11: 0 | E11: 0 | F11: 23.052 | G11: 0 | H11: 0 | I11: 0 | J11: 0 | K11: 0 | L11: 0 | M11: 0 | N11: 0 | O11: 0 | P11: 0 | Q11: 0 | R11: 0 | S11: 0 | T11: 0
A12: 8 | B12: 08.06.2026 | D12: 0 | E12: 0 | F12: 23.052 | G12: 0 | H12: 0 | I12: 0 | J12: 0 | K12: 0 | L12: 0 | M12: 0 | N12: 0 | O12: 0 | P12: 0 | Q12: 0 | R12: 0 | S12: 0 | T12: 0
A13: 9 | B13: 09.06.2026 | D13: 22 | E13: 0 | F13: 45.052 | G13: 0 | H13: 0 | I13: 0 | J13: 0 | K13: 0 | L13: 0 | M13: 0 | N13: 0 | O13: 0 | P13: 0 | Q13: 0 | R13: 0 | S13: 0 | T13: 0
A14: 10 | B14: 10.06.2026 | D14: 0 | E14: 0 | F14: 45.052 | G14: 0 | H14: 0 | I14: 0 | J14: 0 | K14: 0 | L14: 0 | M14: 0 | N14: 0 | O14: 0 | P14: 0 | Q14: 0 | R14: 0 | S14: 0 | T14: 0
A15: 11 | B15: 11.06.2026 | D15: 44 | E15: 0 | F15: 89.052 | G15: 0 | H15: 0 | I15: 0 | J15: 0 | K15: 0 | L15: 0 | M15: 0 | N15: 0 | O15: 0 | P15: 0 | Q15: 0 | R15: 0 | S15: 0 | T15: 0
A16: 12 | B16: 12.06.2026 | D16: 110 | E16: 0 | F16: 199.052 | G16: 0 | H16: 0 | I16: 0 | J16: 0 | K16: 0 | L16: 0 | M16: 0 | N16: 0 | O16: 0 | P16: 0 | Q16: 0 | R16: 0 | S16: 0 | T16: 0
... A34: 30 | B34: 30.06.2026 | D34: 0 | E34: 44 | F34: 221.549 | G34: 0 | H34: 0 | I34: 0 | J34: 0 | K34: 0 | L34: 0 | M34: 0 | N34: 0 | O34: 0 | P34: 0 | Q34: 0 | R34: 0 | S34: 0 | T34: 0
A35: 31 | D35: 0 | E35: 0 | F35: 0 | G35: 0 | H35: 0 | I35: 0 | J35: 0 | K35: 0 | L35: 0 | M35: 0 | N35: 0 | O35: 0 | P35: 0 | Q35: 0 | R35: 0 | S35: 0 | T35: 0
D36: 286.497 | E36: 88 | F36: 5342.019 | G36: 0 | H36: 0 | I36: 0 | J36: 0 | K36: 0 | L36: 0 | M36: 45095.78 | N36: 14358.48 | O36: 111104.69 | P36: 0 | Q36: 0 | R36: 0 | S36: 0 | T36: 170558.95
T37: 208081.92

Sheet Екатеринбург НПЭГ
A2: Отчет по хранению товара за Июнь 2026 Екатеринбург НПЭГ
A3: № | B3: дата | D3: Выгрузка кол-во | E3: Загрузка кол-во | F3: Хранение | G3: Резервирование 0 | H3: Мин. Суточный резерв 0 | I3: переконсолидация (тонн) | J3: Паллетирование | K3: Взвешивание | L3: стоимость взвешивания | M3: стоимость выгрузки за 1 месяц | N3: стоимость загрузки за 1 месяц | O3: стоимость хранения за 1 месяц | P3: Доплата за хранение за 1 месяц | Q3: Доплата за ПРР за 1 месяц | R3: стоимость переконс. | S3: Стоимость паллетирования | T3: итого
A5: 1 | B5: 01.06.2026 | D5: 0 | E5: 0 | F5: 84.594 | G5: 0 | H5: 0 | I5: 0 | J5: 0 | K5: 0 | L5: 0 | M5: 0 | N5: 0 | O5: 0 | P5: 0 | Q5: 0 | R5: 0 | S5: 0 | T5: 0
A6: 2 | B6: 02.06.2026 | D6: 0 | E6: 0 | F6: 84.594 | G6: 0 | H6: 0 | I6: 0 | J6: 0 | K6: 0 | L6: 0 | M6: 0 | N6: 0 | O6: 0 | P6: 0 | Q6: 0 | R6: 0 | S6: 0 | T6: 0
A7: 3 | B7: 03.06.2026 | D7: 0 | E7: 0 | F7: 84.594 | G7: 0 | H7: 0 | I7: 0 | J7: 0 | K7: 0 | L7: 0 | M7: 0 | N7: 0 | O7: 0 | P7: 0 | Q7: 0 | R7: 0 | S7: 0 | T7: 0
A8: 4 | B8: 04.06.2026 | D8: 0 | E8: 0 | F8: 84.594 | G8: 0 | H8: 0 | I8: 0 | J8: 0 | K8: 0 | L8: 0 | M8: 0 | N8: 0 | O8: 0 | P8: 0 | Q8: 0 | R8: 0 | S8: 0 | T8: 0
A9: 5 | B9: 05.06.2026 | D9: 0 | E9: 0 | F9: 84.594 | G9: 0 | H9: 0 | I9: 0 | J9: 0 | K9: 0 | L9: 0 | M9: 0 | N9: 0 | O9: 0 | P9: 0 | Q9: 0 | R9: 0 | S9: 0 | T9: 0
A10: 6 | B10: 06.06.2026 | D10: 0 | E10: 0 | F10: 84.594 | G10: 0 | H10: 0 | I10: 0 | J10: 0 | K10: 0 | L10: 0 | M10: 0 | N10: 0 | O10: 0 | P10: 0 | Q10: 0 | R10: 0 | S10: 0 | T10: 0
A11: 7 | B11: 07.06.2026 | D11: 0 | E11: 0 | F11: 84.594 | G11: 0 | H11: 0 | I11: 0 | J11: 0 | K11: 0 | L11: 0 | M11: 0 | N11: 0 | O11: 0 | P11: 0 | Q11: 0 | R11: 0 | S11: 0 | T11: 0
A12: 8 | B12: 08.06.2026 | D12: 0 | E12: 0 | F12: 84.594 | G12: 0 | H12: 0 | I12: 0 | J12: 0 | K12: 0 | L12: 0 | M12: 0 | N12: 0 | O12: 0 | P12: 0 | Q12: 0 | R12: 0 | S12: 0 | T12: 0
A13: 9 | B13: 09.06.2026 | D13: 0 | E13: 0 | F13: 84.594 | G13: 0 | H13: 0 | I13: 0 | J13: 0 | K13: 0 | L13: 0 | M13: 0 | N13: 0 | O13: 0 | P13: 0 | Q13: 0 | R13: 0 | S13: 0 | T13: 0
A14: 10 | B14: 10.06.2026 | D14: 0 | E14: 0 | F14: 84.594 | G14: 0 | H14: 0 | I14: 0 | J14: 0 | K14: 0 | L14: 0 | M14: 0 | N14: 0 | O14: 0 | P14: 0 | Q14: 0 | R14: 0 | S14: 0 | T14: 0
A15: 11 | B15: 11.06.2026 | D15: 0 | E15: 0 | F15: 84.594 | G15: 0 | H15: 0 | I15: 0 | J15: 0 | K15: 0 | L15: 0 | M15: 0 | N15: 0 | O15: 0 | P15: 0 | Q15: 0 | R15: 0 | S15: 0 | T15: 0
A16: 12 | B16: 12.06.2026 | D16: 0 | E16: 0 | F16: 84.594 | G16: 0 | H16: 0 | I16: 0 | J16: 0 | K16: 0 | L16: 0 | M16: 0 | N16: 0 | O16: 0 | P16: 0 | Q16: 0 | R16: 0 | S16: 0 | T16: 0
... A34: 30 | B34: 30.06.2026 | D34: 0 | E34: 0 | F34: 84.594 | G34: 0 | H34: 0 | I34: 0 | J34: 0 | K34: 0 | L34: 0 | M34: 0 | N34: 0 | O34: 0 | P34: 0 | Q34: 0 | R34: 0 | S34: 0 | T34: 0
A35: 31 | D35: 0 | E35: 0 | F35: 0 | G35: 0 | H35: 0 | I35: 0 | J35: 0 | K35: 0 | L35: 0 | M35: 0 | N35: 0 | O35: 0 | P35: 0 | Q35: 0 | R35: 0 | S35: 0 | T35: 0
D36: 0 | E36: 0 | F36: 2537.82 | G36: 0 | H36: 0 | I36: 0 | J36: 0 | K36: 0 | L36: 0 | M36: 0 | N36: 0 | O36: 52782.24 | P36: 0 | Q36: 0 | R36: 0 | S36: 0 | T36: 52782.24
T37: 64394.33

Sheet Екатеринбург Полимеры
A2: Отчет по хранению товара за Июнь 2026 Екатеринбург Полимеры
A3: № | B3: дата | D3: Выгрузка кол-во | E3: Загрузка кол-во | F3: Хранение | G3: Резервирование 0 | H3: Мин. Суточный резерв 0 | I3: переконсолидация (тонн) | J3: Паллетирование | K3: Взвешивание | L3: стоимость взвешивания | M3: стоимость выгрузки за 1 месяц | N3: стоимость загрузки за 1 месяц | O3: стоимость хранения за 1 месяц | P3: Доплата за хранение за 1 месяц | Q3: Доплата за ПРР за 1 месяц | R3: стоимость переконс. | S3: Стоимость паллетирования | T3: итого
A5: 1 | B5: 01.06.2026 | D5: 45 | E5: 67.5 | F5: 8502.57 | G5: 0 | H5: 0 | I5: 0 | J5: 0 | K5: 0 | L5: 0 | M5: 0 | N5: 0 | O5: 0 | P5: 0 | Q5: 0 | R5: 0 | S5: 0 | T5: 0
A6: 2 | B6: 02.06.2026 | D6: 248.741 | E6: 292 | F6: 8459.311 | G6: 0 | H6: 0 | I6: 99.226 | J6: 171.851 | K6: 74.076 | L6: 11111.4 | M6: 0 | N6: 0 | O6: 0 | P6: 0 | Q6: 0 | R6: 99226 | S6: 34370.2 | T6: 144707.6
A7: 3 | B7: 03.06.2026 | D7: 506.152 | E7: 21 | F7: 8944.463 | G7: 0 | H7: 0 | I7: 21.445 | J7: 25.37 | K7: 19.97 | L7: 2995.5 | M7: 0 | N7: 0 | O7: 0 | P7: 0 | Q7: 0 | R7: 21445 | S7: 5074 | T7: 29514.5
A8: 4 | B8: 04.06.2026 | D8: 405 | E8: 114 | F8: 9235.463 | G8: 0 | H8: 0 | I8: 3 | J8: 3 | K8: 0 | L8: 0 | M8: 0 | N8: 0 | O8: 0 | P8: 0 | Q8: 0 | R8: 3000 | S8: 600 | T8: 3600
A9: 5 | B9: 05.06.2026 | D9: 769.449 | E9: 90 | F9: 9914.912 | G9: 0 | H9: 0 | I9: 1.5 | J9: 1.5 | K9: 0.025 | L9: 3.75 | M9: 0 | N9: 0 | O9: 0 | P9: 0 | Q9: 0 | R9: 1500 | S9: 300 | T9: 1803.75
A10: 6 | B10: 06.06.2026 | D10: 372.617 | E10: 89.5 | F10: 10198.029 | G10: 0 | H10: 0 | I10: 47.82 | J10: 47.82 | K10: 46.345 | L10: 6951.75 | M10: 0 | N10: 0 | O10: 0 | P10: 0 | Q10: 0 | R10: 47820 | S10: 9564 | T10: 64335.75
A11: 7 | B11: 07.06.2026 | D11: 478.686 | E11: 44.5 | F11: 10632.215 | G11: 0 | H11: 0 | I11: 43.494 | J11: 42.284 | K11: 38.099 | L11: 5714.85 | M11: 0 | N11: 0 | O11: 0 | P11: 0 | Q11: 0 | R11: 43494 | S11: 8456.8 | T11: 57665.65
A12: 8 | B12: 08.06.2026 | D12: 488.785 | E12: 22.5 | F12: 11098.5 | G12: 0 | H12: 0 | I12: 15.517 | J12: 14.969 | K12: 14.421 | L12: 2163.15 | M12: 0 | N12: 0 | O12: 0 | P12: 0 | Q12: 0 | R12: 15517 | S12: 2993.8 | T12: 20673.95
A13: 9 | B13: 09.06.2026 | D13: 495 | E13: 118.7 | F13: 11474.8 | G13: 0 | H13: 0 | I13: 46.398 | J13: 47.498 | K13: 46.398 | L13: 6959.7 | M13: 0 | N13: 0 | O13: 0 | P13: 0 | Q13: 0 | R13: 46398 | S13: 9499.6 | T13: 62857.3
A14: 10 | B14: 10.06.2026 | D14: 739.183 | E14: 94.5 | F14: 12119.483 | G14: 0 | H14: 0 | I14: 7.836 | J14: 7.836 | K14: 8.704 | L14: 1305.6 | M14: 0 | N14: 0 | O14: 0 | P14: 0 | Q14: 0 | R14: 7836 | S14: 1567.2 | T14: 10708.8
A15: 11 | B15: 11.06.2026 | D15: 427.5 | E15: 24.019 | F15: 12522.964 | G15: 0 | H15: 0 | I15: 19.195 | J15: 20.495 | K15: 14.845 | L15: 2226.75 | M15: 0 | N15: 0 | O15: 0 | P15: 0 | Q15: 0 | R15: 19195 | S15: 4099 | T15: 25520.75
A16: 12 | B16: 12.06.2026 | D16: 22.5 | E16: 0 | F16: 12545.464 | G16: 0 | H16: 0 | I16: 118.803 | J16: 128.103 | K16: 54.148 | L16: 8122.2 | M16: 0 | N16: 0 | O16: 0 | P16: 0 | Q16: 0 | R16: 118803 | S16: 25620.6 | T16: 152545.8
... A34: 30 | B34: 30.06.2026 | D34: 22.5 | E34: 584.675 | F34: 9335.097 | G34: 0 | H34: 0 | I34: 0 | J34: 0 | K34: 0 | L34: 0 | M34: 0 | N34: 0 | O34: 0 | P34: 0 | Q34: 0 | R34: 0 | S34: 0 | T34: 0
A35: 31 | D35: 0 | E35: 0 | F35: 0 | G35: 0 | H35: 0 | I35: 0 | J35: 0 | K35: 0 | L35: 0 | M35: 0 | N35: 0 | O35: 0 | P35: 0 | Q35: 0 | R35: 0 | S35: 0 | T35: 0
D36: 5553.371 | E36: 4743.344 | F36: 340924 | G36: 0 | H36: 0 | I36: 572.768 | J36: 668.085 | K36: 383.559 | L36: 57533.85 | M36: 874122.94 | N36: 773945.58 | O36: 7090625.5 | P36: 0 | Q36: 0 | R36: 572768 | S36: 133617 | T36: 9502612.9
T37: 11593188

Sheet Екатеринбург Полиом
A2: Отчет по хранению товара за Июнь 2026 Екатеринбург Полиом
A3: № | B3: дата | D3: Выгрузка кол-во | E3: Загрузка кол-во | F3: Хранение | G3: Резервирование 0 | H3: Мин. Суточный резерв 0 | I3: переконсолидация (тонн) | J3: Паллетирование | K3: Взвешивание | L3: стоимость взвешивания | M3: стоимость выгрузки за 1 месяц | N3: стоимость загрузки за 1 месяц | O3: стоимость хранения за 1 месяц | P3: Доплата за хранение за 1 месяц | Q3: Доплата за ПРР за 1 месяц | R3: стоимость переконс. | S3: Стоимость паллетирования | T3: итого
A5: 1 | B5: 01.06.2026 | D5: 0 | E5: 0 | F5: 1085.588 | G5: 0 | H5: 0 | I5: 0 | J5: 0 | K5: 0 | L5: 0 | M5: 0 | N5: 0 | O5: 0 | P5: 0 | Q5: 0 | R5: 0 | S5: 0 | T5: 0
A6: 2 | B6: 02.06.2026 | D6: 0 | E6: 22 | F6: 1063.588 | G6: 0 | H6: 0 | I6: 0 | J6: 0 | K6: 0 | L6: 0 | M6: 0 | N6: 0 | O6: 0 | P6: 0 | Q6: 0 | R6: 0 | S6: 0 | T6: 0
A7: 3 | B7: 03.06.2026 | D7: 1.3 | E7: 0 | F7: 1064.888 | G7: 0 | H7: 0 | I7: 0 | J7: 0 | K7: 0 | L7: 0 | M7: 0 | N7: 0 | O7: 0 | P7: 0 | Q7: 0 | R7: 0 | S7: 0 | T7: 0
A8: 4 | B8: 04.06.2026 | D8: 0 | E8: 0 | F8: 1064.888 | G8: 0 | H8: 0 | I8: 0 | J8: 0 | K8: 0 | L8: 0 | M8: 0 | N8: 0 | O8: 0 | P8: 0 | Q8: 0 | R8: 0 | S8: 0 | T8: 0
A9: 5 | B9: 05.06.2026 | D9: 0 | E9: 0 | F9: 1064.888 | G9: 0 | H9: 0 | I9: 0 | J9: 0 | K9: 0 | L9: 0 | M9: 0 | N9: 0 | O9: 0 | P9: 0 | Q9: 0 | R9: 0 | S9: 0 | T9: 0
A10: 6 | B10: 06.06.2026 | D10: 3.741 | E10: 22 | F10: 1046.629 | G10: 0 | H10: 0 | I10: 0 | J10: 0 | K10: 0 | L10: 0 | M10: 0 | N10: 0 | O10: 0 | P10: 0 | Q10: 0 | R10: 0 | S10: 0 | T10: 0
A11: 7 | B11: 07.06.2026 | D11: 1.275 | E11: 0 | F11: 1047.904 | G11: 0 | H11: 0 | I11: 0 | J11: 0 | K11: 0 | L11: 0 | M11: 0 | N11: 0 | O11: 0 | P11: 0 | Q11: 0 | R11: 0 | S11: 0 | T11: 0
A12: 8 | B12: 08.06.2026 | D12: 0 | E12: 0 | F12: 1047.904 | G12: 0 | H12: 0 | I12: 0 | J12: 0 | K12: 0 | L12: 0 | M12: 0 | N12: 0 | O12: 0 | P12: 0 | Q12: 0 | R12: 0 | S12: 0 | T12: 0
A13: 9 | B13: 09.06.2026 | D13: 0 | E13: 0 | F13: 1047.904 | G13: 0 | H13: 0 | I13: 0 | J13: 0 | K13: 0 | L13: 0 | M13: 0 | N13: 0 | O13: 0 | P13: 0 | Q13: 0 | R13: 0 | S13: 0 | T13: 0
A14: 10 | B14: 10.06.2026 | D14: 1.515 | E14: 44 | F14: 1005.419 | G14: 0 | H14: 0 | I14: 0 | J14: 0 | K14: 0 | L14: 0 | M14: 0 | N14: 0 | O14: 0 | P14: 0 | Q14: 0 | R14: 0 | S14: 0 | T14: 0
A15: 11 | B15: 11.06.2026 | D15: 0 | E15: 22 | F15: 983.419 | G15: 0 | H15: 0 | I15: 0 | J15: 0 | K15: 0 | L15: 0 | M15: 0 | N15: 0 | O15: 0 | P15: 0 | Q15: 0 | R15: 0 | S15: 0 | T15: 0
A16: 12 | B16: 12.06.2026 | D16: 0 | E16: 0 | F16: 983.419 | G16: 0 | H16: 0 | I16: 0 | J16: 0 | K16: 0 | L16: 0 | M16: 0 | N16: 0 | O16: 0 | P16: 0 | Q16: 0 | R16: 0 | S16: 0 | T16: 0
... A34: 30 | B34: 30.06.2026 | D34: 0 | E34: 44 | F34: 283.667 | G34: 0 | H34: 0 | I34: 0 | J34: 0 | K34: 0 | L34: 0 | M34: 0 | N34: 0 | O34: 0 | P34: 0 | Q34: 0 | R34: 0 | S34: 0 | T34: 0
A35: 31 | D35: 0 | E35: 0 | F35: 0 | G35: 0 | H35: 0 | I35: 0 | J35: 0 | K35: 0 | L35: 0 | M35: 0 | N35: 0 | O35: 0 | P35: 0 | Q35: 0 | R35: 0 | S35: 0 | T35: 0
D36: 12.079 | E36: 814 | F36: 23261.926 | G36: 0 | H36: 0 | I36: 0 | J36: 0 | K36: 0 | L36: 0 | M36: 1901.28 | N36: 132815.94 | O36: 483807.55 | P36: 0 | Q36: 0 | R36: 0 | S36: 0 | T36: 618524.77
T37: 754600.22

Sheet ЕкатеринбургЧкаловский KPI
A2: Отчет по хранению товара за Июнь 2026 ЕкатеринбургЧкаловский KPI
A3: № | B3: дата | D3: Выгрузка кол-во | E3: Загрузка кол-во | F3: Хранение | G3: Резервирование 0 | H3: Мин. Суточный резерв 0 | I3: переконсолидация (тонн) | J3: Паллетирование | K3: Взвешивание | L3: стоимость взвешивания | M3: стоимость выгрузки за 1 месяц | N3: стоимость загрузки за 1 месяц | O3: стоимость хранения за 1 месяц | P3: Доплата за хранение за 1 месяц | Q3: Доплата за ПРР за 1 месяц | R3: стоимость переконс. | S3: Стоимость паллетирования | T3: итого
A5: 1 | B5: 01.06.2026 | D5: 0 | E5: 0 | F5: 0 | G5: 0 | H5: 0 | I5: 0 | J5: 0 | K5: 0 | L5: 0 | M5: 0 | N5: 0 | O5: 0 | P5: 0 | Q5: 0 | R5: 0 | S5: 0 | T5: 0
A6: 2 | B6: 02.06.2026 | D6: 0 | E6: 0 | F6: 0 | G6: 0 | H6: 0 | I6: 0 | J6: 0 | K6: 0 | L6: 0 | M6: 0 | N6: 0 | O6: 0 | P6: 0 | Q6: 0 | R6: 0 | S6: 0 | T6: 0
A7: 3 | B7: 03.06.2026 | D7: 0 | E7: 0 | F7: 0 | G7: 0 | H7: 0 | I7: 0 | J7: 0 | K7: 0 | L7: 0 | M7: 0 | N7: 0 | O7: 0 | P7: 0 | Q7: 0 | R7: 0 | S7: 0 | T7: 0
A8: 4 | B8: 04.06.2026 | D8: 0 | E8: 0 | F8: 0 | G8: 0 | H8: 0 | I8: 0 | J8: 0 | K8: 0 | L8: 0 | M8: 0 | N8: 0 | O8: 0 | P8: 0 | Q8: 0 | R8: 0 | S8: 0 | T8: 0
A9: 5 | B9: 05.06.2026 | D9: 0 | E9: 0 | F9: 0 | G9: 0 | H9: 0 | I9: 0 | J9: 0 | K9: 0 | L9: 0 | M9: 0 | N9: 0 | O9: 0 | P9: 0 | Q9: 0 | R9: 0 | S9: 0 | T9: 0
A10: 6 | B10: 06.06.2026 | D10: 0 | E10: 0 | F10: 0 | G10: 0 | H10: 0 | I10: 0 | J10: 0 | K10: 0 | L10: 0 | M10: 0 | N10: 0 | O10: 0 | P10: 0 | Q10: 0 | R10: 0 | S10: 0 | T10: 0
A11: 7 | B11: 07.06.2026 | D11: 0 | E11: 0 | F11: 0 | G11: 0 | H11: 0 | I11: 0 | J11: 0 | K11: 0 | L11: 0 | M11: 0 | N11: 0 | O11: 0 | P11: 0 | Q11: 0 | R11: 0 | S11: 0 | T11: 0
A12: 8 | B12: 08.06.2026 | D12: 0 | E12: 0 | F12: 0 | G12: 0 | H12: 0 | I12: 0 | J12: 0 | K12: 0 | L12: 0 | M12: 0 | N12: 0 | O12: 0 | P12: 0 | Q12: 0 | R12: 0 | S12: 0 | T12: 0
A13: 9 | B13: 09.06.2026 | D13: 0 | E13: 0 | F13: 0 | G13: 0 | H13: 0 | I13: 0 | J13: 0 | K13: 0 | L13: 0 | M13: 0 | N13: 0 | O13: 0 | P13: 0 | Q13: 0 | R13: 0 | S13: 0 | T13: 0
A14: 10 | B14: 10.06.2026 | D14: 0 | E14: 0 | F14: 0 | G14: 0 | H14: 0 | I14: 0 | J14: 0 | K14: 0 | L14: 0 | M14: 0 | N14: 0 | O14: 0 | P14: 0 | Q14: 0 | R14: 0 | S14: 0 | T14: 0
A15: 11 | B15: 11.06.2026 | D15: 0 | E15: 0 | F15: 0 | G15: 0 | H15: 0 | I15: 0 | J15: 0 | K15: 0 | L15: 0 | M15: 0 | N15: 0 | O15: 0 | P15: 0 | Q15: 0 | R15: 0 | S15: 0 | T15: 0
A16: 12 | B16: 12.06.2026 | D16: 0 | E16: 0 | F16: 0 | G16: 0 | H16: 0 | I16: 0 | J16: 0 | K16: 0 | L16: 0 | M16: 0 | N16: 0 | O16: 0 | P16: 0 | Q16: 0 | R16: 0 | S16: 0 | T16: 0
... A34: 30 | B34: 30.06.2026 | D34: 0 | E34: 0 | F34: 154 | G34: 0 | H34: 0 | I34: 0 | J34: 0 | K34: 0 | L34: 0 | M34: 0 | N34: 0 | O34: 0 | P34: 0 | Q34: 0 | R34: 0 | S34: 0 | T34: 0
A35: 31 | D35: 0 | E35: 0 | F35: 0 | G35: 0 | H35: 0 | I35: 0 | J35: 0 | K35: 0 | L35: 0 | M35: 0 | N35: 0 | O35: 0 | P35: 0 | Q35: 0 | R35: 0 | S35: 0 | T35: 0
D36: 154 | E36: 0 | F36: 1936 | G36: 0 | H36: 0 | I36: 0 | J36: 0 | K36: 0 | L36: 0 | M36: 11401.54 | N36: 0 | O36: 83302.26 | P36: 0 | Q36: 0 | R36: 0 | S36: 0 | T36: 94703.8
T37: 115538.64

Sheet ЕкатеринбургЧкаловский Полимеры
A2: Отчет по хранению товара за Июнь 2026 ЕкатеринбургЧкаловский Полимеры
A3: № | B3: дата | D3: Выгрузка кол-во | E3: Загрузка кол-во | F3: Хранение | G3: Резервирование 0 | H3: Мин. Суточный резерв 0 | I3: переконсолидация (тонн) | J3: Паллетирование | K3: Взвешивание | L3: стоимость взвешивания | M3: стоимость выгрузки за 1 месяц | N3: стоимость загрузки за 1 месяц | O3: стоимость хранения за 1 месяц | P3: Доплата за хранение за 1 месяц | Q3: Доплата за ПРР за 1 месяц | R3: стоимость переконс. | S3: Стоимость паллетирования | T3: итого
A5: 1 | B5: 01.06.2026 | D5: 0 | E5: 0 | F5: 0 | G5: 0 | H5: 0 | I5: 0 | J5: 0 | K5: 0 | L5: 0 | M5: 0 | N5: 0 | O5: 0 | P5: 0 | Q5: 0 | R5: 0 | S5: 0 | T5: 0
A6: 2 | B6: 02.06.2026 | D6: 0 | E6: 0 | F6: 0 | G6: 0 | H6: 0 | I6: 0 | J6: 0 | K6: 0 | L6: 0 | M6: 0 | N6: 0 | O6: 0 | P6: 0 | Q6: 0 | R6: 0 | S6: 0 | T6: 0
A7: 3 | B7: 03.06.2026 | D7: 0 | E7: 0 | F7: 0 | G7: 0 | H7: 0 | I7: 0 | J7: 0 | K7: 0 | L7: 0 | M7: 0 | N7: 0 | O7: 0 | P7: 0 | Q7: 0 | R7: 0 | S7: 0 | T7: 0
A8: 4 | B8: 04.06.2026 | D8: 0 | E8: 0 | F8: 0 | G8: 0 | H8: 0 | I8: 0 | J8: 0 | K8: 0 | L8: 0 | M8: 0 | N8: 0 | O8: 0 | P8: 0 | Q8: 0 | R8: 0 | S8: 0 | T8: 0
A9: 5 | B9: 05.06.2026 | D9: 0 | E9: 0 | F9: 0 | G9: 0 | H9: 0 | I9: 0 | J9: 0 | K9: 0 | L9: 0 | M9: 0 | N9: 0 | O9: 0 | P9: 0 | Q9: 0 | R9: 0 | S9: 0 | T9: 0
A10: 6 | B10: 06.06.2026 | D10: 0 | E10: 0 | F10: 0 | G10: 0 | H10: 0 | I10: 0 | J10: 0 | K10: 0 | L10: 0 | M10: 0 | N10: 0 | O10: 0 | P10: 0 | Q10: 0 | R10: 0 | S10: 0 | T10: 0
A11: 7 | B11: 07.06.2026 | D11: 0 | E11: 0 | F11: 0 | G11: 0 | H11: 0 | I11: 0 | J11: 0 | K11: 0 | L11: 0 | M11: 0 | N11: 0 | O11: 0 | P11: 0 | Q11: 0 | R11: 0 | S11: 0 | T11: 0
A12: 8 | B12: 08.06.2026 | D12: 0 | E12: 0 | F12: 0 | G12: 0 | H12: 0 | I12: 0 | J12: 0 | K12: 0 | L12: 0 | M12: 0 | N12: 0 | O12: 0 | P12: 0 | Q12: 0 | R12: 0 | S12: 0 | T12: 0
A13: 9 | B13: 09.06.2026 | D13: 0 | E13: 0 | F13: 0 | G13: 0 | H13: 0 | I13: 0 | J13: 0 | K13: 0 | L13: 0 | M13: 0 | N13: 0 | O13: 0 | P13: 0 | Q13: 0 | R13: 0 | S13: 0 | T13: 0
A14: 10 | B14: 10.06.2026 | D14: 0 | E14: 0 | F14: 0 | G14: 0 | H14: 0 | I14: 0 | J14: 0 | K14: 0 | L14: 0 | M14: 0 | N14: 0 | O14: 0 | P14: 0 | Q14: 0 | R14: 0 | S14: 0 | T14: 0
A15: 11 | B15: 11.06.2026 | D15: 0 | E15: 0 | F15: 0 | G15: 0 | H15: 0 | I15: 0 | J15: 0 | K15: 0 | L15: 0 | M15: 0 | N15: 0 | O15: 0 | P15: 0 | Q15: 0 | R15: 0 | S15: 0 | T15: 0
A16: 12 | B16: 12.06.2026 | D16: 270 | E16: 0 | F16: 270 | G16: 0 | H16: 0 | I16: 0 | J16: 0 | K16: 0 | L16: 0 | M16: 0 | N16: 0 | O16: 0 | P16: 0 | Q16: 0 | R16: 0 | S16: 0 | T16: 0
... A34: 30 | B34: 30.06.2026 | D34: 22.5 | E34: 514.5 | F34: 8174.572 | G34: 0 | H34: 0 | I34: 5.5 | J34: 5.5 | K34: 0 | L34: 0 | M34: 0 | N34: 0 | O34: 0 | P34: 0 | Q34: 0 | R34: 5500 | S34: 1100 | T34: 6600
A35: 31 | D35: 0 | E35: 0 | F35: 0 | G35: 0 | H35: 0 | I35: 0 | J35: 0 | K35: 0 | L35: 0 | M35: 0 | N35: 0 | O35: 0 | P35: 0 | Q35: 0 | R35: 0 | S35: 0 | T35: 0
D36: 8909.572 | E36: 735 | F36: 96874.932 | G36: 0 | H36: 0 | I36: 33.447 | J36: 33.447 | K36: 0.172 | L36: 25.8 | M36: 659629.07 | N36: 715008 | O36: 4168337.4 | P36: 0 | Q36: 0 | R36: 33447 | S36: 6689.4 | T36: 5583136.6
T37: 6811426.7

Sheet ЕкатеринбургЧкаловский Полиом
A2: Отчет по хранению товара за Июнь 2026 ЕкатеринбургЧкаловский Полиом
A3: № | B3: дата | D3: Выгрузка кол-во | E3: Загрузка кол-во | F3: Хранение | G3: Резервирование 0 | H3: Мин. Суточный резерв 0 | I3: переконсолидация (тонн) | J3: Паллетирование | K3: Взвешивание | L3: стоимость взвешивания | M3: стоимость выгрузки за 1 месяц | N3: стоимость загрузки за 1 месяц | O3: стоимость хранения за 1 месяц | P3: Доплата за хранение за 1 месяц | Q3: Доплата за ПРР за 1 месяц | R3: стоимость переконс. | S3: Стоимость паллетирования | T3: итого
A5: 1 | B5: 01.06.2026 | D5: 0 | E5: 0 | F5: 0 | G5: 0 | H5: 0 | I5: 0 | J5: 0 | K5: 0 | L5: 0 | M5: 0 | N5: 0 | O5: 0 | P5: 0 | Q5: 0 | R5: 0 | S5: 0 | T5: 0
A6: 2 | B6: 02.06.2026 | D6: 0 | E6: 0 | F6: 0 | G6: 0 | H6: 0 | I6: 0 | J6: 0 | K6: 0 | L6: 0 | M6: 0 | N6: 0 | O6: 0 | P6: 0 | Q6: 0 | R6: 0 | S6: 0 | T6: 0
A7: 3 | B7: 03.06.2026 | D7: 0 | E7: 0 | F7: 0 | G7: 0 | H7: 0 | I7: 0 | J7: 0 | K7: 0 | L7: 0 | M7: 0 | N7: 0 | O7: 0 | P7: 0 | Q7: 0 | R7: 0 | S7: 0 | T7: 0
A8: 4 | B8: 04.06.2026 | D8: 0 | E8: 0 | F8: 0 | G8: 0 | H8: 0 | I8: 0 | J8: 0 | K8: 0 | L8: 0 | M8: 0 | N8: 0 | O8: 0 | P8: 0 | Q8: 0 | R8: 0 | S8: 0 | T8: 0
A9: 5 | B9: 05.06.2026 | D9: 0 | E9: 0 | F9: 0 | G9: 0 | H9: 0 | I9: 0 | J9: 0 | K9: 0 | L9: 0 | M9: 0 | N9: 0 | O9: 0 | P9: 0 | Q9: 0 | R9: 0 | S9: 0 | T9: 0
A10: 6 | B10: 06.06.2026 | D10: 0 | E10: 0 | F10: 0 | G10: 0 | H10: 0 | I10: 0 | J10: 0 | K10: 0 | L10: 0 | M10: 0 | N10: 0 | O10: 0 | P10: 0 | Q10: 0 | R10: 0 | S10: 0 | T10: 0
A11: 7 | B11: 07.06.2026 | D11: 0 | E11: 0 | F11: 0 | G11: 0 | H11: 0 | I11: 0 | J11: 0 | K11: 0 | L11: 0 | M11: 0 | N11: 0 | O11: 0 | P11: 0 | Q11: 0 | R11: 0 | S11: 0 | T11: 0
A12: 8 | B12: 08.06.2026 | D12: 0 | E12: 0 | F12: 0 | G12: 0 | H12: 0 | I12: 0 | J12: 0 | K12: 0 | L12: 0 | M12: 0 | N12: 0 | O12: 0 | P12: 0 | Q12: 0 | R12: 0 | S12: 0 | T12: 0
A13: 9 | B13: 09.06.2026 | D13: 0 | E13: 0 | F13: 0 | G13: 0 | H13: 0 | I13: 0 | J13: 0 | K13: 0 | L13: 0 | M13: 0 | N13: 0 | O13: 0 | P13: 0 | Q13: 0 | R13: 0 | S13: 0 | T13: 0
A14: 10 | B14: 10.06.2026 | D14: 0 | E14: 0 | F14: 0 | G14: 0 | H14: 0 | I14: 0 | J14: 0 | K14: 0 | L14: 0 | M14: 0 | N14: 0 | O14: 0 | P14: 0 | Q14: 0 | R14: 0 | S14: 0 | T14: 0
A15: 11 | B15: 11.06.2026 | D15: 0 | E15: 0 | F15: 0 | G15: 0 | H15: 0 | I15: 0 | J15: 0 | K15: 0 | L15: 0 | M15: 0 | N15: 0 | O15: 0 | P15: 0 | Q15: 0 | R15: 0 | S15: 0 | T15: 0
A16: 12 | B16: 12.06.2026 | D16: 0 | E16: 0 | F16: 0 | G16: 0 | H16: 0 | I16: 0 | J16: 0 | K16: 0 | L16: 0 | M16: 0 | N16: 0 | O16: 0 | P16: 0 | Q16: 0 | R16: 0 | S16: 0 | T16: 0
... A34: 30 | B34: 30.06.2026 | D34: 110 | E34: 0 | F34: 594 | G34: 0 | H34: 0 | I34: 0 | J34: 0 | K34: 0 | L34: 0 | M34: 0 | N34: 0 | O34: 0 | P34: 0 | Q34: 0 | R34: 0 | S34: 0 | T34: 0
A35: 31 | D35: 0 | E35: 0 | F35: 0 | G35: 0 | H35: 0 | I35: 0 | J35: 0 | K35: 0 | L35: 0 | M35: 0 | N35: 0 | O35: 0 | P35: 0 | Q35: 0 | R35: 0 | S35: 0 | T35: 0
D36: 594 | E36: 0 | F36: 1298 | G36: 0 | H36: 0 | I36: 0 | J36: 0 | K36: 0 | L36: 0 | M36: 43977.38 | N36: 0 | O36: 55850.38 | P36: 0 | Q36: 0 | R36: 0 | S36: 0 | T36: 99827.76
T37: 121789.87

Sheet Зеленодольск Данафлекс
A2: Отчет по хранению товара за Июнь 2026 Зеленодольск Данафлекс
A3: № | B3: дата | D3: Выгрузка кол-во | E3: Загрузка кол-во | F3: Хранение | G3: Резервирование 0 | H3: Мин. Суточный резерв 0 | I3: переконсолидация (тонн) | J3: Паллетирование | K3: Взвешивание | L3: стоимость взвешивания | M3: стоимость выгрузки за 1 месяц | N3: стоимость загрузки за 1 месяц | O3: стоимость хранения за 1 месяц | P3: Доплата за хранение за 1 месяц | Q3: Доплата за ПРР за 1 месяц | R3: стоимость переконс. | S3: Стоимость паллетирования | T3: итого
A5: 1 | B5: 01.06.2026 | D5: 44 | E5: 111 | F5: 661 | G5: 0 | H5: 0 | I5: 0 | J5: 0 | K5: 0 | L5: 0 | M5: 0 | N5: 0 | O5: 0 | P5: 0 | Q5: 0 | R5: 0 | S5: 0 | T5: 0
A6: 2 | B6: 02.06.2026 | D6: 0 | E6: 109.25 | F6: 551.75 | G6: 0 | H6: 0 | I6: 0 | J6: 0 | K6: 0 | L6: 0 | M6: 0 | N6: 0 | O6: 0 | P6: 0 | Q6: 0 | R6: 0 | S6: 0 | T6: 0
A7: 3 | B7: 03.06.2026 | D7: 0 | E7: 66 | F7: 485.75 | G7: 0 | H7: 0 | I7: 0 | J7: 0 | K7: 0 | L7: 0 | M7: 0 | N7: 0 | O7: 0 | P7: 0 | Q7: 0 | R7: 0 | S7: 0 | T7: 0
A8: 4 | B8: 04.06.2026 | D8: 308 | E8: 0 | F8: 793.75 | G8: 0 | H8: 0 | I8: 0 | J8: 0 | K8: 0 | L8: 0 | M8: 0 | N8: 0 | O8: 0 | P8: 0 | Q8: 0 | R8: 0 | S8: 0 | T8: 0
A9: 5 | B9: 05.06.2026 | D9: 0 | E9: 44.5 | F9: 749.25 | G9: 0 | H9: 0 | I9: 0 | J9: 0 | K9: 0 | L9: 0 | M9: 0 | N9: 0 | O9: 0 | P9: 0 | Q9: 0 | R9: 0 | S9: 0 | T9: 0
A10: 6 | B10: 06.06.2026 | D10: 88 | E10: 22.5 | F10: 814.75 | G10: 0 | H10: 0 | I10: 0 | J10: 0 | K10: 0 | L10: 0 | M10: 0 | N10: 0 | O10: 0 | P10: 0 | Q10: 0 | R10: 0 | S10: 0 | T10: 0
A11: 7 | B11: 07.06.2026 | D11: 0 | E11: 44 | F11: 770.75 | G11: 0 | H11: 0 | I11: 0 | J11: 0 | K11: 0 | L11: 0 | M11: 0 | N11: 0 | O11: 0 | P11: 0 | Q11: 0 | R11: 0 | S11: 0 | T11: 0
A12: 8 | B12: 08.06.2026 | D12: 0 | E12: 65.25 | F12: 705.5 | G12: 0 | H12: 0 | I12: 0 | J12: 0 | K12: 0 | L12: 0 | M12: 0 | N12: 0 | O12: 0 | P12: 0 | Q12: 0 | R12: 0 | S12: 0 | T12: 0
A13: 9 | B13: 09.06.2026 | D13: 44 | E13: 44.5 | F13: 705 | G13: 0 | H13: 0 | I13: 0 | J13: 0 | K13: 0 | L13: 0 | M13: 0 | N13: 0 | O13: 0 | P13: 0 | Q13: 0 | R13: 0 | S13: 0 | T13: 0
A14: 10 | B14: 10.06.2026 | D14: 88 | E14: 0 | F14: 793 | G14: 0 | H14: 0 | I14: 0 | J14: 0 | K14: 0 | L14: 0 | M14: 0 | N14: 0 | O14: 0 | P14: 0 | Q14: 0 | R14: 0 | S14: 0 | T14: 0
A15: 11 | B15: 11.06.2026 | D15: 88 | E15: 22 | F15: 859 | G15: 0 | H15: 0 | I15: 0 | J15: 0 | K15: 0 | L15: 0 | M15: 0 | N15: 0 | O15: 0 | P15: 0 | Q15: 0 | R15: 0 | S15: 0 | T15: 0
A16: 12 | B16: 12.06.2026 | D16: 88 | E16: 66 | F16: 881 | G16: 0 | H16: 0 | I16: 0 | J16: 0 | K16: 0 | L16: 0 | M16: 0 | N16: 0 | O16: 0 | P16: 0 | Q16: 0 | R16: 0 | S16: 0 | T16: 0
... A34: 30 | B34: 30.06.2026 | D34: 0 | E34: 88 | F34: 616.025 | G34: 0 | H34: 0 | I34: 0 | J34: 0 | K34: 0 | L34: 0 | M34: 0 | N34: 0 | O34: 0 | P34: 0 | Q34: 0 | R34: 0 | S34: 0 | T34: 0
A35: 31 | D35: 0 | E35: 0 | F35: 0 | G35: 0 | H35: 0 | I35: 0 | J35: 0 | K35: 0 | L35: 0 | M35: 0 | N35: 0 | O35: 0 | P35: 0 | Q35: 0 | R35: 0 | S35: 0 | T35: 0
D36: 1012 | E36: 1123.975 | F36: 24328.275 | G36: 0 | H36: 0 | I36: 0 | J36: 0 | K36: 0 | L36: 0 | M36: 137306.51 | N36: 125678.19 | O36: 193429.88 | P36: 0 | Q36: 0 | R36: 0 | S36: 0 | T36: 456414.58
T37: 556825.79

Sheet Зеленодольск Полимеры
A2: Отчет по хранению товара за Июнь 2026 Зеленодольск Полимеры
A3: № | B3: дата | D3: Выгрузка кол-во | E3: Загрузка кол-во | F3: Хранение | G3: Резервирование 0 | H3: Мин. Суточный резерв 0 | I3: переконсолидация (тонн) | J3: Паллетирование | K3: Взвешивание | L3: стоимость взвешивания | M3: стоимость выгрузки за 1 месяц | N3: стоимость загрузки за 1 месяц | O3: стоимость хранения за 1 месяц | P3: Доплата за хранение за 1 месяц | Q3: Доплата за ПРР за 1 месяц | R3: стоимость переконс. | S3: Стоимость паллетирования | T3: итого
A5: 1 | B5: 01.06.2026 | D5: 132 | E5: 91.7 | F5: 12405.458 | G5: 0 | H5: 0 | I5: 0 | J5: 0 | K5: 0 | L5: 0 | M5: 0 | N5: 0 | O5: 0 | P5: 0 | Q5: 0 | R5: 0 | S5: 0 | T5: 0
A6: 2 | B6: 02.06.2026 | D6: 155 | E6: 137.235 | F6: 12423.223 | G6: 0 | H6: 0 | I6: 0 | J6: 0 | K6: 0 | L6: 0 | M6: 0 | N6: 0 | O6: 0 | P6: 0 | Q6: 0 | R6: 0 | S6: 0 | T6: 0
A7: 3 | B7: 03.06.2026 | D7: 399.5 | E7: 246.5 | F7: 12576.223 | G7: 0 | H7: 0 | I7: 0 | J7: 0 | K7: 0 | L7: 0 | M7: 0 | N7: 0 | O7: 0 | P7: 0 | Q7: 0 | R7: 0 | S7: 0 | T7: 0
A8: 4 | B8: 04.06.2026 | D8: 242 | E8: 397 | F8: 12421.223 | G8: 0 | H8: 0 | I8: 0 | J8: 0 | K8: 0 | L8: 0 | M8: 0 | N8: 0 | O8: 0 | P8: 0 | Q8: 0 | R8: 0 | S8: 0 | T8: 0
